"frame_id","page","frame_name","route","purpose","viewport","persona","state","source_requirements","interaction_notes","accessibility_notes","responsive_notes","backend_dependencies"
"QF-0001","01 — Cover and product principles","01 — Cover and product principles · Foundation","design-system","Editable foundation for Cover and product principles.","desktop-1440","All personas","governed-foundation","Canonical record; provider/source; observation and ingestion time; freshness; quality; confidence; fallback reason.","Keyboard, pointer, touch, command search, and progressive disclosure.","Landmarks, visible focus, non-color state encoding, accessible names, text alternative, 200% zoom.","Preserve source and confidence; prioritise content rather than shrinking desktop.","None for design foundation."
"QF-0002","02 — Brand foundation","02 — Brand foundation · Foundation","design-system","Editable foundation for Brand foundation.","desktop-1440","All personas","governed-foundation","Canonical record; provider/source; observation and ingestion time; freshness; quality; confidence; fallback reason.","Keyboard, pointer, touch, command search, and progressive disclosure.","Landmarks, visible focus, non-color state encoding, accessible names, text alternative, 200% zoom.","Preserve source and confidence; prioritise content rather than shrinking desktop.","None for design foundation."
"QF-0003","03 — Color tokens","03 — Color tokens · Foundation","design-system","Editable foundation for Color tokens.","desktop-1440","All personas","governed-foundation","Canonical record; provider/source; observation and ingestion time; freshness; quality; confidence; fallback reason.","Keyboard, pointer, touch, command search, and progressive disclosure.","Landmarks, visible focus, non-color state encoding, accessible names, text alternative, 200% zoom.","Preserve source and confidence; prioritise content rather than shrinking desktop.","None for design foundation."
"QF-0004","04 — Typography","04 — Typography · Foundation","design-system","Editable foundation for Typography.","desktop-1440","All personas","governed-foundation","Canonical record; provider/source; observation and ingestion time; freshness; quality; confidence; fallback reason.","Keyboard, pointer, touch, command search, and progressive disclosure.","Landmarks, visible focus, non-color state encoding, accessible names, text alternative, 200% zoom.","Preserve source and confidence; prioritise content rather than shrinking desktop.","None for design foundation."
"QF-0005","05 — Spacing and grids","05 — Spacing and grids · Foundation","design-system","Editable foundation for Spacing and grids.","desktop-1440","All personas","governed-foundation","Canonical record; provider/source; observation and ingestion time; freshness; quality; confidence; fallback reason.","Keyboard, pointer, touch, command search, and progressive disclosure.","Landmarks, visible focus, non-color state encoding, accessible names, text alternative, 200% zoom.","Preserve source and confidence; prioritise content rather than shrinking desktop.","None for design foundation."
"QF-0006","06 — Iconography","06 — Iconography · Foundation","design-system","Editable foundation for Iconography.","desktop-1440","All personas","governed-foundation","Canonical record; provider/source; observation and ingestion time; freshness; quality; confidence; fallback reason.","Keyboard, pointer, touch, command search, and progressive disclosure.","Landmarks, visible focus, non-color state encoding, accessible names, text alternative, 200% zoom.","Preserve source and confidence; prioritise content rather than shrinking desktop.","None for design foundation."
"QF-0007","07 — Motion system","07 — Motion system · Foundation","design-system","Editable foundation for Motion system.","desktop-1440","All personas","governed-foundation","Canonical record; provider/source; observation and ingestion time; freshness; quality; confidence; fallback reason.","Keyboard, pointer, touch, command search, and progressive disclosure.","Landmarks, visible focus, non-color state encoding, accessible names, text alternative, 200% zoom.","Preserve source and confidence; prioritise content rather than shrinking desktop.","None for design foundation."
"QF-0008","08 — Accessibility","08 — Accessibility · Foundation","design-system","Editable foundation for Accessibility.","desktop-1440","All personas","governed-foundation","Canonical record; provider/source; observation and ingestion time; freshness; quality; confidence; fallback reason.","Keyboard, pointer, touch, command search, and progressive disclosure.","Landmarks, visible focus, non-color state encoding, accessible names, text alternative, 200% zoom.","Preserve source and confidence; prioritise content rather than shrinking desktop.","None for design foundation."
"QF-0009","09 — Navigation architecture","09 — Navigation architecture · Foundation","design-system","Editable foundation for Navigation architecture.","desktop-1440","All personas","governed-foundation","Canonical record; provider/source; observation and ingestion time; freshness; quality; confidence; fallback reason.","Keyboard, pointer, touch, command search, and progressive disclosure.","Landmarks, visible focus, non-color state encoding, accessible names, text alternative, 200% zoom.","Preserve source and confidence; prioritise content rather than shrinking desktop.","None for design foundation."
"QF-0010","10 — Components","10 — Components · Foundation","design-system","Editable foundation for Components.","desktop-1440","All personas","governed-foundation","Canonical record; provider/source; observation and ingestion time; freshness; quality; confidence; fallback reason.","Keyboard, pointer, touch, command search, and progressive disclosure.","Landmarks, visible focus, non-color state encoding, accessible names, text alternative, 200% zoom.","Preserve source and confidence; prioritise content rather than shrinking desktop.","None for design foundation."
"QF-0011","11 — Data tables","11 — Data tables · Foundation","design-system","Editable foundation for Data tables.","desktop-1440","All personas","governed-foundation","Canonical record; provider/source; observation and ingestion time; freshness; quality; confidence; fallback reason.","Keyboard, pointer, touch, command search, and progressive disclosure.","Landmarks, visible focus, non-color state encoding, accessible names, text alternative, 200% zoom.","Preserve source and confidence; prioritise content rather than shrinking desktop.","None for design foundation."
"QF-0012","12 — Charts and heatmaps","12 — Charts and heatmaps · Foundation","design-system","Editable foundation for Charts and heatmaps.","desktop-1440","All personas","governed-foundation","Canonical record; provider/source; observation and ingestion time; freshness; quality; confidence; fallback reason.","Keyboard, pointer, touch, command search, and progressive disclosure.","Landmarks, visible focus, non-color state encoding, accessible names, text alternative, 200% zoom.","Preserve source and confidence; prioritise content rather than shrinking desktop.","None for design foundation."
"QF-0013","13 — Provenance components","13 — Provenance components · Foundation","design-system","Editable foundation for Provenance components.","desktop-1440","All personas","governed-foundation","Canonical record; provider/source; observation and ingestion time; freshness; quality; confidence; fallback reason.","Keyboard, pointer, touch, command search, and progressive disclosure.","Landmarks, visible focus, non-color state encoding, accessible names, text alternative, 200% zoom.","Preserve source and confidence; prioritise content rather than shrinking desktop.","None for design foundation."
"QF-0014","14 — Persona system","14 — Persona system · Foundation","design-system","Editable foundation for Persona system.","desktop-1440","All personas","governed-foundation","Canonical record; provider/source; observation and ingestion time; freshness; quality; confidence; fallback reason.","Keyboard, pointer, touch, command search, and progressive disclosure.","Landmarks, visible focus, non-color state encoding, accessible names, text alternative, 200% zoom.","Preserve source and confidence; prioritise content rather than shrinking desktop.","None for design foundation."
"QF-0015","15 — Responsive behavior","15 — Responsive behavior · Foundation","design-system","Editable foundation for Responsive behavior.","desktop-1440","All personas","governed-foundation","Canonical record; provider/source; observation and ingestion time; freshness; quality; confidence; fallback reason.","Keyboard, pointer, touch, command search, and progressive disclosure.","Landmarks, visible focus, non-color state encoding, accessible names, text alternative, 200% zoom.","Preserve source and confidence; prioritise content rather than shrinking desktop.","None for design foundation."
"QF-0016","16 — Public storytelling","16 — Public storytelling · Foundation","design-system","Editable foundation for Public storytelling.","desktop-1440","All personas","governed-foundation","Canonical record; provider/source; observation and ingestion time; freshness; quality; confidence; fallback reason.","Keyboard, pointer, touch, command search, and progressive disclosure.","Landmarks, visible focus, non-color state encoding, accessible names, text alternative, 200% zoom.","Preserve source and confidence; prioritise content rather than shrinking desktop.","None for design foundation."
"QF-0017","17 — Market discovery","17 — Market discovery · Foundation","design-system","Editable foundation for Market discovery.","desktop-1440","All personas","governed-foundation","Canonical record; provider/source; observation and ingestion time; freshness; quality; confidence; fallback reason.","Keyboard, pointer, touch, command search, and progressive disclosure.","Landmarks, visible focus, non-color state encoding, accessible names, text alternative, 200% zoom.","Preserve source and confidence; prioritise content rather than shrinking desktop.","None for design foundation."
"QF-0018","18 — Asset intelligence","18 — Asset intelligence · Foundation","design-system","Editable foundation for Asset intelligence.","desktop-1440","All personas","governed-foundation","Canonical record; provider/source; observation and ingestion time; freshness; quality; confidence; fallback reason.","Keyboard, pointer, touch, command search, and progressive disclosure.","Landmarks, visible focus, non-color state encoding, accessible names, text alternative, 200% zoom.","Preserve source and confidence; prioritise content rather than shrinking desktop.","None for design foundation."
"QF-0019","19 — Derivatives","19 — Derivatives · Foundation","design-system","Editable foundation for Derivatives.","desktop-1440","All personas","governed-foundation","Canonical record; provider/source; observation and ingestion time; freshness; quality; confidence; fallback reason.","Keyboard, pointer, touch, command search, and progressive disclosure.","Landmarks, visible focus, non-color state encoding, accessible names, text alternative, 200% zoom.","Preserve source and confidence; prioritise content rather than shrinking desktop.","None for design foundation."
"QF-0020","20 — Research","20 — Research · Foundation","design-system","Editable foundation for Research.","desktop-1440","All personas","governed-foundation","Canonical record; provider/source; observation and ingestion time; freshness; quality; confidence; fallback reason.","Keyboard, pointer, touch, command search, and progressive disclosure.","Landmarks, visible focus, non-color state encoding, accessible names, text alternative, 200% zoom.","Preserve source and confidence; prioritise content rather than shrinking desktop.","None for design foundation."
"QF-0021","21 — Portfolio","21 — Portfolio · Foundation","design-system","Editable foundation for Portfolio.","desktop-1440","All personas","governed-foundation","Canonical record; provider/source; observation and ingestion time; freshness; quality; confidence; fallback reason.","Keyboard, pointer, touch, command search, and progressive disclosure.","Landmarks, visible focus, non-color state encoding, accessible names, text alternative, 200% zoom.","Preserve source and confidence; prioritise content rather than shrinking desktop.","None for design foundation."
"QF-0022","22 — Operations","22 — Operations · Foundation","design-system","Editable foundation for Operations.","desktop-1440","All personas","governed-foundation","Canonical record; provider/source; observation and ingestion time; freshness; quality; confidence; fallback reason.","Keyboard, pointer, touch, command search, and progressive disclosure.","Landmarks, visible focus, non-color state encoding, accessible names, text alternative, 200% zoom.","Preserve source and confidence; prioritise content rather than shrinking desktop.","None for design foundation."
"QF-0023","23 — Trust and company","23 — Trust and company · Foundation","design-system","Editable foundation for Trust and company.","desktop-1440","All personas","governed-foundation","Canonical record; provider/source; observation and ingestion time; freshness; quality; confidence; fallback reason.","Keyboard, pointer, touch, command search, and progressive disclosure.","Landmarks, visible focus, non-color state encoding, accessible names, text alternative, 200% zoom.","Preserve source and confidence; prioritise content rather than shrinking desktop.","None for design foundation."
"QF-0024","24 — States and edge cases","24 — States and edge cases · Foundation","design-system","Editable foundation for States and edge cases.","desktop-1440","All personas","governed-foundation","Canonical record; provider/source; observation and ingestion time; freshness; quality; confidence; fallback reason.","Keyboard, pointer, touch, command search, and progressive disclosure.","Landmarks, visible focus, non-color state encoding, accessible names, text alternative, 200% zoom.","Preserve source and confidence; prioritise content rather than shrinking desktop.","None for design foundation."
"QF-0025","25 — Developer handoff","25 — Developer handoff · Foundation","design-system","Editable foundation for Developer handoff.","desktop-1440","All personas","governed-foundation","Canonical record; provider/source; observation and ingestion time; freshness; quality; confidence; fallback reason.","Keyboard, pointer, touch, command search, and progressive disclosure.","Landmarks, visible focus, non-color state encoding, accessible names, text alternative, 200% zoom.","Preserve source and confidence; prioritise content rather than shrinking desktop.","None for design foundation."
"QF-0026","01 — Cover and product principles","Secure Login · desktop-1440","#/auth-login","Secure Login access experience with explicit evidence and failure boundaries.","desktop-1440","Default / inherited","default","Canonical record; provider/source; observation and ingestion time; freshness; quality; confidence; fallback reason.","Keyboard, pointer, touch, command search, and progressive disclosure.","Landmarks, visible focus, non-color state encoding, accessible names, text alternative, 200% zoom.","Stable dense workspace with sticky context and bounded panels.","Identity and session services."
"QF-0027","01 — Cover and product principles","Secure Login · mobile-390","#/auth-login","Secure Login access experience with explicit evidence and failure boundaries.","mobile-390","Default / inherited","default","Canonical record; provider/source; observation and ingestion time; freshness; quality; confidence; fallback reason.","Keyboard, pointer, touch, command search, and progressive disclosure.","Landmarks, visible focus, non-color state encoding, accessible names, text alternative, 200% zoom.","Prioritised stack, filter sheet, touch-safe controls, persistent truth metadata.","Identity and session services."
"QF-0028","01 — Cover and product principles","Create Organization · desktop-1440","#/auth-register","Create Organization access experience with explicit evidence and failure boundaries.","desktop-1440","Default / inherited","default","Canonical record; provider/source; observation and ingestion time; freshness; quality; confidence; fallback reason.","Keyboard, pointer, touch, command search, and progressive disclosure.","Landmarks, visible focus, non-color state encoding, accessible names, text alternative, 200% zoom.","Stable dense workspace with sticky context and bounded panels.","Identity and session services."
"QF-0029","01 — Cover and product principles","Create Organization · mobile-390","#/auth-register","Create Organization access experience with explicit evidence and failure boundaries.","mobile-390","Default / inherited","default","Canonical record; provider/source; observation and ingestion time; freshness; quality; confidence; fallback reason.","Keyboard, pointer, touch, command search, and progressive disclosure.","Landmarks, visible focus, non-color state encoding, accessible names, text alternative, 200% zoom.","Prioritised stack, filter sheet, touch-safe controls, persistent truth metadata.","Identity and session services."
"QF-0030","24 — States and edge cases","Recover Account · desktop-1440","#/auth-recovery","Recover Account access experience with explicit evidence and failure boundaries.","desktop-1440","Default / inherited","default","Canonical record; provider/source; observation and ingestion time; freshness; quality; confidence; fallback reason.","Keyboard, pointer, touch, command search, and progressive disclosure.","Landmarks, visible focus, non-color state encoding, accessible names, text alternative, 200% zoom.","Stable dense workspace with sticky context and bounded panels.","Identity and session services."
"QF-0031","24 — States and edge cases","Recover Account · mobile-390","#/auth-recovery","Recover Account access experience with explicit evidence and failure boundaries.","mobile-390","Default / inherited","default","Canonical record; provider/source; observation and ingestion time; freshness; quality; confidence; fallback reason.","Keyboard, pointer, touch, command search, and progressive disclosure.","Landmarks, visible focus, non-color state encoding, accessible names, text alternative, 200% zoom.","Prioritised stack, filter sheet, touch-safe controls, persistent truth metadata.","Identity and session services."
"QF-0032","22 — Operations","Session Center · desktop-1440","#/account-session","Session Center access experience with explicit evidence and failure boundaries.","desktop-1440","Default / inherited","default","Canonical record; provider/source; observation and ingestion time; freshness; quality; confidence; fallback reason.","Keyboard, pointer, touch, command search, and progressive disclosure.","Landmarks, visible focus, non-color state encoding, accessible names, text alternative, 200% zoom.","Stable dense workspace with sticky context and bounded panels.","Identity and session services."
"QF-0033","22 — Operations","Session Center · mobile-390","#/account-session","Session Center access experience with explicit evidence and failure boundaries.","mobile-390","Default / inherited","default","Canonical record; provider/source; observation and ingestion time; freshness; quality; confidence; fallback reason.","Keyboard, pointer, touch, command search, and progressive disclosure.","Landmarks, visible focus, non-color state encoding, accessible names, text alternative, 200% zoom.","Prioritised stack, filter sheet, touch-safe controls, persistent truth metadata.","Identity and session services."
"QF-0034","22 — Operations","MFA Setup · desktop-1440","#/security-setup","MFA Setup access experience with explicit evidence and failure boundaries.","desktop-1440","Default / inherited","default","Canonical record; provider/source; observation and ingestion time; freshness; quality; confidence; fallback reason.","Keyboard, pointer, touch, command search, and progressive disclosure.","Landmarks, visible focus, non-color state encoding, accessible names, text alternative, 200% zoom.","Stable dense workspace with sticky context and bounded panels.","Identity and session services."
"QF-0035","22 — Operations","MFA Setup · mobile-390","#/security-setup","MFA Setup access experience with explicit evidence and failure boundaries.","mobile-390","Default / inherited","default","Canonical record; provider/source; observation and ingestion time; freshness; quality; confidence; fallback reason.","Keyboard, pointer, touch, command search, and progressive disclosure.","Landmarks, visible focus, non-color state encoding, accessible names, text alternative, 200% zoom.","Prioritised stack, filter sheet, touch-safe controls, persistent truth metadata.","Identity and session services."
"QF-0036","22 — Operations","Passkey Center · desktop-1440","#/passkey-center","Passkey Center access experience with explicit evidence and failure boundaries.","desktop-1440","Default / inherited","default","Canonical record; provider/source; observation and ingestion time; freshness; quality; confidence; fallback reason.","Keyboard, pointer, touch, command search, and progressive disclosure.","Landmarks, visible focus, non-color state encoding, accessible names, text alternative, 200% zoom.","Stable dense workspace with sticky context and bounded panels.","Identity and session services."
"QF-0037","22 — Operations","Passkey Center · mobile-390","#/passkey-center","Passkey Center access experience with explicit evidence and failure boundaries.","mobile-390","Default / inherited","default","Canonical record; provider/source; observation and ingestion time; freshness; quality; confidence; fallback reason.","Keyboard, pointer, touch, command search, and progressive disclosure.","Landmarks, visible focus, non-color state encoding, accessible names, text alternative, 200% zoom.","Prioritised stack, filter sheet, touch-safe controls, persistent truth metadata.","Identity and session services."
"QF-0038","22 — Operations","Recovery Controls · desktop-1440","#/account-recovery","Recovery Controls access experience with explicit evidence and failure boundaries.","desktop-1440","Default / inherited","default","Canonical record; provider/source; observation and ingestion time; freshness; quality; confidence; fallback reason.","Keyboard, pointer, touch, command search, and progressive disclosure.","Landmarks, visible focus, non-color state encoding, accessible names, text alternative, 200% zoom.","Stable dense workspace with sticky context and bounded panels.","Identity and session services."
"QF-0039","22 — Operations","Recovery Controls · mobile-390","#/account-recovery","Recovery Controls access experience with explicit evidence and failure boundaries.","mobile-390","Default / inherited","default","Canonical record; provider/source; observation and ingestion time; freshness; quality; confidence; fallback reason.","Keyboard, pointer, touch, command search, and progressive disclosure.","Landmarks, visible focus, non-color state encoding, accessible names, text alternative, 200% zoom.","Prioritised stack, filter sheet, touch-safe controls, persistent truth metadata.","Identity and session services."
"QF-0040","22 — Operations","Secure Import Vault · desktop-1440","#/secure-import-vault","Secure Import Vault operational experience with explicit evidence and failure boundaries.","desktop-1440","Default / inherited","default","Canonical record; provider/source; observation and ingestion time; freshness; quality; confidence; fallback reason.","Keyboard, pointer, touch, command search, and progressive disclosure.","Landmarks, visible focus, non-color state encoding, accessible names, text alternative, 200% zoom.","Stable dense workspace with sticky context and bounded panels.","Identity, storage, scanner, worker, observability, delivery, or readiness services."
"QF-0041","22 — Operations","Secure Import Vault · mobile-390","#/secure-import-vault","Secure Import Vault operational experience with explicit evidence and failure boundaries.","mobile-390","Default / inherited","default","Canonical record; provider/source; observation and ingestion time; freshness; quality; confidence; fallback reason.","Keyboard, pointer, touch, command search, and progressive disclosure.","Landmarks, visible focus, non-color state encoding, accessible names, text alternative, 200% zoom.","Prioritised stack, filter sheet, touch-safe controls, persistent truth metadata.","Identity, storage, scanner, worker, observability, delivery, or readiness services."
"QF-0042","22 — Operations","Delivery Operations · desktop-1440","#/delivery-operations","Delivery Operations operational experience with explicit evidence and failure boundaries.","desktop-1440","Default / inherited","default","Canonical record; provider/source; observation and ingestion time; freshness; quality; confidence; fallback reason.","Keyboard, pointer, touch, command search, and progressive disclosure.","Landmarks, visible focus, non-color state encoding, accessible names, text alternative, 200% zoom.","Stable dense workspace with sticky context and bounded panels.","Identity, storage, scanner, worker, observability, delivery, or readiness services."
"QF-0043","22 — Operations","Delivery Operations · mobile-390","#/delivery-operations","Delivery Operations operational experience with explicit evidence and failure boundaries.","mobile-390","Default / inherited","default","Canonical record; provider/source; observation and ingestion time; freshness; quality; confidence; fallback reason.","Keyboard, pointer, touch, command search, and progressive disclosure.","Landmarks, visible focus, non-color state encoding, accessible names, text alternative, 200% zoom.","Prioritised stack, filter sheet, touch-safe controls, persistent truth metadata.","Identity, storage, scanner, worker, observability, delivery, or readiness services."
"QF-0044","22 — Operations","Platform Readiness · desktop-1440","#/platform-readiness","Platform Readiness operational experience with explicit evidence and failure boundaries.","desktop-1440","Default / inherited","default","Canonical record; provider/source; observation and ingestion time; freshness; quality; confidence; fallback reason.","Keyboard, pointer, touch, command search, and progressive disclosure.","Landmarks, visible focus, non-color state encoding, accessible names, text alternative, 200% zoom.","Stable dense workspace with sticky context and bounded panels.","Identity, storage, scanner, worker, observability, delivery, or readiness services."
"QF-0045","22 — Operations","Platform Readiness · mobile-390","#/platform-readiness","Platform Readiness operational experience with explicit evidence and failure boundaries.","mobile-390","Default / inherited","default","Canonical record; provider/source; observation and ingestion time; freshness; quality; confidence; fallback reason.","Keyboard, pointer, touch, command search, and progressive disclosure.","Landmarks, visible focus, non-color state encoding, accessible names, text alternative, 200% zoom.","Prioritised stack, filter sheet, touch-safe controls, persistent truth metadata.","Identity, storage, scanner, worker, observability, delivery, or readiness services."
"QF-0046","22 — Operations","Secret Rotation · desktop-1440","#/secret-rotation","Secret Rotation operational experience with explicit evidence and failure boundaries.","desktop-1440","Default / inherited","default","Canonical record; provider/source; observation and ingestion time; freshness; quality; confidence; fallback reason.","Keyboard, pointer, touch, command search, and progressive disclosure.","Landmarks, visible focus, non-color state encoding, accessible names, text alternative, 200% zoom.","Stable dense workspace with sticky context and bounded panels.","Identity, storage, scanner, worker, observability, delivery, or readiness services."
"QF-0047","22 — Operations","Secret Rotation · mobile-390","#/secret-rotation","Secret Rotation operational experience with explicit evidence and failure boundaries.","mobile-390","Default / inherited","default","Canonical record; provider/source; observation and ingestion time; freshness; quality; confidence; fallback reason.","Keyboard, pointer, touch, command search, and progressive disclosure.","Landmarks, visible focus, non-color state encoding, accessible names, text alternative, 200% zoom.","Prioritised stack, filter sheet, touch-safe controls, persistent truth metadata.","Identity, storage, scanner, worker, observability, delivery, or readiness services."
"QF-0048","22 — Operations","Quarantine Review · desktop-1440","#/quarantine-review","Quarantine Review operational experience with explicit evidence and failure boundaries.","desktop-1440","Default / inherited","default","Canonical record; provider/source; observation and ingestion time; freshness; quality; confidence; fallback reason.","Keyboard, pointer, touch, command search, and progressive disclosure.","Landmarks, visible focus, non-color state encoding, accessible names, text alternative, 200% zoom.","Stable dense workspace with sticky context and bounded panels.","Identity, storage, scanner, worker, observability, delivery, or readiness services."
"QF-0049","22 — Operations","Quarantine Review · mobile-390","#/quarantine-review","Quarantine Review operational experience with explicit evidence and failure boundaries.","mobile-390","Default / inherited","default","Canonical record; provider/source; observation and ingestion time; freshness; quality; confidence; fallback reason.","Keyboard, pointer, touch, command search, and progressive disclosure.","Landmarks, visible focus, non-color state encoding, accessible names, text alternative, 200% zoom.","Prioritised stack, filter sheet, touch-safe controls, persistent truth metadata.","Identity, storage, scanner, worker, observability, delivery, or readiness services."
"QF-0050","22 — Operations","Staging Assurance · desktop-1440","#/staging-assurance","Staging Assurance operational experience with explicit evidence and failure boundaries.","desktop-1440","Default / inherited","default","Canonical record; provider/source; observation and ingestion time; freshness; quality; confidence; fallback reason.","Keyboard, pointer, touch, command search, and progressive disclosure.","Landmarks, visible focus, non-color state encoding, accessible names, text alternative, 200% zoom.","Stable dense workspace with sticky context and bounded panels.","Identity, storage, scanner, worker, observability, delivery, or readiness services."
"QF-0051","22 — Operations","Staging Assurance · mobile-390","#/staging-assurance","Staging Assurance operational experience with explicit evidence and failure boundaries.","mobile-390","Default / inherited","default","Canonical record; provider/source; observation and ingestion time; freshness; quality; confidence; fallback reason.","Keyboard, pointer, touch, command search, and progressive disclosure.","Landmarks, visible focus, non-color state encoding, accessible names, text alternative, 200% zoom.","Prioritised stack, filter sheet, touch-safe controls, persistent truth metadata.","Identity, storage, scanner, worker, observability, delivery, or readiness services."
"QF-0052","22 — Operations","Live Market Command · desktop-1440","#/live-markets","Live Market Command analytical experience with explicit evidence and failure boundaries.","desktop-1440","Default / inherited","default","Canonical record; provider/source; observation and ingestion time; freshness; quality; confidence; fallback reason.","Keyboard, pointer, touch, command search, and progressive disclosure.","Landmarks, visible focus, non-color state encoding, accessible names, text alternative, 200% zoom.","Stable dense workspace with sticky context and bounded panels.","Market, discovery, instrument, timeseries, or provider service as declared by the route contract."
"QF-0053","22 — Operations","Live Market Command · mobile-390","#/live-markets","Live Market Command analytical experience with explicit evidence and failure boundaries.","mobile-390","Default / inherited","default","Canonical record; provider/source; observation and ingestion time; freshness; quality; confidence; fallback reason.","Keyboard, pointer, touch, command search, and progressive disclosure.","Landmarks, visible focus, non-color state encoding, accessible names, text alternative, 200% zoom.","Prioritised stack, filter sheet, touch-safe controls, persistent truth metadata.","Market, discovery, instrument, timeseries, or provider service as declared by the route contract."
"QF-0054","22 — Operations","Quant Calculator Center · desktop-1440","#/calculator-center","Quant Calculator Center analytical experience with explicit evidence and failure boundaries.","desktop-1440","Default / inherited","default","Canonical record; provider/source; observation and ingestion time; freshness; quality; confidence; fallback reason.","Keyboard, pointer, touch, command search, and progressive disclosure.","Landmarks, visible focus, non-color state encoding, accessible names, text alternative, 200% zoom.","Stable dense workspace with sticky context and bounded panels.","Deterministic local calculation, indicator, evidence, and optional authenticated persistence services."
"QF-0055","22 — Operations","Quant Calculator Center · mobile-390","#/calculator-center","Quant Calculator Center analytical experience with explicit evidence and failure boundaries.","mobile-390","Default / inherited","default","Canonical record; provider/source; observation and ingestion time; freshness; quality; confidence; fallback reason.","Keyboard, pointer, touch, command search, and progressive disclosure.","Landmarks, visible focus, non-color state encoding, accessible names, text alternative, 200% zoom.","Prioritised stack, filter sheet, touch-safe controls, persistent truth metadata.","Deterministic local calculation, indicator, evidence, and optional authenticated persistence services."
"QF-0056","22 — Operations","India Finance & SIP · desktop-1440","#/india-finance","India Finance & SIP analytical experience with explicit evidence and failure boundaries.","desktop-1440","Default / inherited","default","Canonical record; provider/source; observation and ingestion time; freshness; quality; confidence; fallback reason.","Keyboard, pointer, touch, command search, and progressive disclosure.","Landmarks, visible focus, non-color state encoding, accessible names, text alternative, 200% zoom.","Stable dense workspace with sticky context and bounded panels.","Deterministic local calculation, indicator, evidence, and optional authenticated persistence services."
"QF-0057","22 — Operations","India Finance & SIP · mobile-390","#/india-finance","India Finance & SIP analytical experience with explicit evidence and failure boundaries.","mobile-390","Default / inherited","default","Canonical record; provider/source; observation and ingestion time; freshness; quality; confidence; fallback reason.","Keyboard, pointer, touch, command search, and progressive disclosure.","Landmarks, visible focus, non-color state encoding, accessible names, text alternative, 200% zoom.","Prioritised stack, filter sheet, touch-safe controls, persistent truth metadata.","Deterministic local calculation, indicator, evidence, and optional authenticated persistence services."
"QF-0058","22 — Operations","Indicator Library · desktop-1440","#/indicator-library","Indicator Library analytical experience with explicit evidence and failure boundaries.","desktop-1440","Default / inherited","default","Canonical record; provider/source; observation and ingestion time; freshness; quality; confidence; fallback reason.","Keyboard, pointer, touch, command search, and progressive disclosure.","Landmarks, visible focus, non-color state encoding, accessible names, text alternative, 200% zoom.","Stable dense workspace with sticky context and bounded panels.","Deterministic local calculation, indicator, evidence, and optional authenticated persistence services."
"QF-0059","22 — Operations","Indicator Library · mobile-390","#/indicator-library","Indicator Library analytical experience with explicit evidence and failure boundaries.","mobile-390","Default / inherited","default","Canonical record; provider/source; observation and ingestion time; freshness; quality; confidence; fallback reason.","Keyboard, pointer, touch, command search, and progressive disclosure.","Landmarks, visible focus, non-color state encoding, accessible names, text alternative, 200% zoom.","Prioritised stack, filter sheet, touch-safe controls, persistent truth metadata.","Deterministic local calculation, indicator, evidence, and optional authenticated persistence services."
"QF-0060","22 — Operations","Formula Library · desktop-1440","#/formula-library","Formula Library analytical experience with explicit evidence and failure boundaries.","desktop-1440","Default / inherited","default","Canonical record; provider/source; observation and ingestion time; freshness; quality; confidence; fallback reason.","Keyboard, pointer, touch, command search, and progressive disclosure.","Landmarks, visible focus, non-color state encoding, accessible names, text alternative, 200% zoom.","Stable dense workspace with sticky context and bounded panels.","Deterministic local calculation, indicator, evidence, and optional authenticated persistence services."
"QF-0061","22 — Operations","Formula Library · mobile-390","#/formula-library","Formula Library analytical experience with explicit evidence and failure boundaries.","mobile-390","Default / inherited","default","Canonical record; provider/source; observation and ingestion time; freshness; quality; confidence; fallback reason.","Keyboard, pointer, touch, command search, and progressive disclosure.","Landmarks, visible focus, non-color state encoding, accessible names, text alternative, 200% zoom.","Prioritised stack, filter sheet, touch-safe controls, persistent truth metadata.","Deterministic local calculation, indicator, evidence, and optional authenticated persistence services."
"QF-0062","22 — Operations","Saved Calculations · desktop-1440","#/saved-calculations","Saved Calculations analytical experience with explicit evidence and failure boundaries.","desktop-1440","Default / inherited","default","Canonical record; provider/source; observation and ingestion time; freshness; quality; confidence; fallback reason.","Keyboard, pointer, touch, command search, and progressive disclosure.","Landmarks, visible focus, non-color state encoding, accessible names, text alternative, 200% zoom.","Stable dense workspace with sticky context and bounded panels.","Deterministic local calculation, indicator, evidence, and optional authenticated persistence services."
"QF-0063","22 — Operations","Saved Calculations · mobile-390","#/saved-calculations","Saved Calculations analytical experience with explicit evidence and failure boundaries.","mobile-390","Default / inherited","default","Canonical record; provider/source; observation and ingestion time; freshness; quality; confidence; fallback reason.","Keyboard, pointer, touch, command search, and progressive disclosure.","Landmarks, visible focus, non-color state encoding, accessible names, text alternative, 200% zoom.","Prioritised stack, filter sheet, touch-safe controls, persistent truth metadata.","Deterministic local calculation, indicator, evidence, and optional authenticated persistence services."
"QF-0064","22 — Operations","Formula Detail · desktop-1440","#/formula-detail","Formula Detail analytical experience with explicit evidence and failure boundaries.","desktop-1440","Default / inherited","default","Canonical record; provider/source; observation and ingestion time; freshness; quality; confidence; fallback reason.","Keyboard, pointer, touch, command search, and progressive disclosure.","Landmarks, visible focus, non-color state encoding, accessible names, text alternative, 200% zoom.","Stable dense workspace with sticky context and bounded panels.","Deterministic local calculation, indicator, evidence, and optional authenticated persistence services."
"QF-0065","22 — Operations","Formula Detail · mobile-390","#/formula-detail","Formula Detail analytical experience with explicit evidence and failure boundaries.","mobile-390","Default / inherited","default","Canonical record; provider/source; observation and ingestion time; freshness; quality; confidence; fallback reason.","Keyboard, pointer, touch, command search, and progressive disclosure.","Landmarks, visible focus, non-color state encoding, accessible names, text alternative, 200% zoom.","Prioritised stack, filter sheet, touch-safe controls, persistent truth metadata.","Deterministic local calculation, indicator, evidence, and optional authenticated persistence services."
"QF-0066","22 — Operations","Indicator Detail · desktop-1440","#/indicator-detail","Indicator Detail analytical experience with explicit evidence and failure boundaries.","desktop-1440","Default / inherited","default","Canonical record; provider/source; observation and ingestion time; freshness; quality; confidence; fallback reason.","Keyboard, pointer, touch, command search, and progressive disclosure.","Landmarks, visible focus, non-color state encoding, accessible names, text alternative, 200% zoom.","Stable dense workspace with sticky context and bounded panels.","Deterministic local calculation, indicator, evidence, and optional authenticated persistence services."
"QF-0067","22 — Operations","Indicator Detail · mobile-390","#/indicator-detail","Indicator Detail analytical experience with explicit evidence and failure boundaries.","mobile-390","Default / inherited","default","Canonical record; provider/source; observation and ingestion time; freshness; quality; confidence; fallback reason.","Keyboard, pointer, touch, command search, and progressive disclosure.","Landmarks, visible focus, non-color state encoding, accessible names, text alternative, 200% zoom.","Prioritised stack, filter sheet, touch-safe controls, persistent truth metadata.","Deterministic local calculation, indicator, evidence, and optional authenticated persistence services."
"QF-0068","22 — Operations","Calculator Detail · desktop-1440","#/calculator-detail","Calculator Detail analytical experience with explicit evidence and failure boundaries.","desktop-1440","Default / inherited","default","Canonical record; provider/source; observation and ingestion time; freshness; quality; confidence; fallback reason.","Keyboard, pointer, touch, command search, and progressive disclosure.","Landmarks, visible focus, non-color state encoding, accessible names, text alternative, 200% zoom.","Stable dense workspace with sticky context and bounded panels.","Deterministic local calculation, indicator, evidence, and optional authenticated persistence services."
"QF-0069","22 — Operations","Calculator Detail · mobile-390","#/calculator-detail","Calculator Detail analytical experience with explicit evidence and failure boundaries.","mobile-390","Default / inherited","default","Canonical record; provider/source; observation and ingestion time; freshness; quality; confidence; fallback reason.","Keyboard, pointer, touch, command search, and progressive disclosure.","Landmarks, visible focus, non-color state encoding, accessible names, text alternative, 200% zoom.","Prioritised stack, filter sheet, touch-safe controls, persistent truth metadata.","Deterministic local calculation, indicator, evidence, and optional authenticated persistence services."
"QF-0070","22 — Operations","Saved Calculation Detail · desktop-1440","#/saved-calculation-detail","Saved Calculation Detail analytical experience with explicit evidence and failure boundaries.","desktop-1440","Default / inherited","default","Canonical record; provider/source; observation and ingestion time; freshness; quality; confidence; fallback reason.","Keyboard, pointer, touch, command search, and progressive disclosure.","Landmarks, visible focus, non-color state encoding, accessible names, text alternative, 200% zoom.","Stable dense workspace with sticky context and bounded panels.","Deterministic local calculation, indicator, evidence, and optional authenticated persistence services."
"QF-0071","22 — Operations","Saved Calculation Detail · mobile-390","#/saved-calculation-detail","Saved Calculation Detail analytical experience with explicit evidence and failure boundaries.","mobile-390","Default / inherited","default","Canonical record; provider/source; observation and ingestion time; freshness; quality; confidence; fallback reason.","Keyboard, pointer, touch, command search, and progressive disclosure.","Landmarks, visible focus, non-color state encoding, accessible names, text alternative, 200% zoom.","Prioritised stack, filter sheet, touch-safe controls, persistent truth metadata.","Deterministic local calculation, indicator, evidence, and optional authenticated persistence services."
"QF-0072","14 — Persona system","Theme Personas · desktop-1440","#/theme-personas","Theme Personas public-story experience with explicit evidence and failure boundaries.","desktop-1440","Default / inherited","default","Canonical record; provider/source; observation and ingestion time; freshness; quality; confidence; fallback reason.","Keyboard, pointer, touch, command search, and progressive disclosure.","Landmarks, visible focus, non-color state encoding, accessible names, text alternative, 200% zoom.","Stable dense workspace with sticky context and bounded panels.","Layout preference service; visual fallback remains local."
"QF-0073","14 — Persona system","Theme Personas · mobile-390","#/theme-personas","Theme Personas public-story experience with explicit evidence and failure boundaries.","mobile-390","Default / inherited","default","Canonical record; provider/source; observation and ingestion time; freshness; quality; confidence; fallback reason.","Keyboard, pointer, touch, command search, and progressive disclosure.","Landmarks, visible focus, non-color state encoding, accessible names, text alternative, 200% zoom.","Prioritised stack, filter sheet, touch-safe controls, persistent truth metadata.","Layout preference service; visual fallback remains local."
"QF-0074","16 — Public storytelling","Feature Universe · desktop-1440","#/feature-universe","Feature Universe public-story experience with explicit evidence and failure boundaries.","desktop-1440","Default / inherited","default","Canonical record; provider/source; observation and ingestion time; freshness; quality; confidence; fallback reason.","Keyboard, pointer, touch, command search, and progressive disclosure.","Landmarks, visible focus, non-color state encoding, accessible names, text alternative, 200% zoom.","Stable dense workspace with sticky context and bounded panels.","Public content; optional read-only market service."
"QF-0075","16 — Public storytelling","Feature Universe · mobile-390","#/feature-universe","Feature Universe public-story experience with explicit evidence and failure boundaries.","mobile-390","Default / inherited","default","Canonical record; provider/source; observation and ingestion time; freshness; quality; confidence; fallback reason.","Keyboard, pointer, touch, command search, and progressive disclosure.","Landmarks, visible focus, non-color state encoding, accessible names, text alternative, 200% zoom.","Prioritised stack, filter sheet, touch-safe controls, persistent truth metadata.","Public content; optional read-only market service."
"QF-0076","23 — Trust and company","About Qelly · desktop-1440","#/about-qelly","About Qelly public-story experience with explicit evidence and failure boundaries.","desktop-1440","Default / inherited","default","Canonical record; provider/source; observation and ingestion time; freshness; quality; confidence; fallback reason.","Keyboard, pointer, touch, command search, and progressive disclosure.","Landmarks, visible focus, non-color state encoding, accessible names, text alternative, 200% zoom.","Stable dense workspace with sticky context and bounded panels.","Public content; optional read-only market service."
"QF-0077","23 — Trust and company","About Qelly · mobile-390","#/about-qelly","About Qelly public-story experience with explicit evidence and failure boundaries.","mobile-390","Default / inherited","default","Canonical record; provider/source; observation and ingestion time; freshness; quality; confidence; fallback reason.","Keyboard, pointer, touch, command search, and progressive disclosure.","Landmarks, visible focus, non-color state encoding, accessible names, text alternative, 200% zoom.","Prioritised stack, filter sheet, touch-safe controls, persistent truth metadata.","Public content; optional read-only market service."
"QF-0078","17 — Market discovery","Discovery Overview · desktop-1440","#/discovery-hub","Discovery Overview analytical experience with explicit evidence and failure boundaries.","desktop-1440","Default / inherited","default","Canonical record; provider/source; observation and ingestion time; freshness; quality; confidence; fallback reason.","Keyboard, pointer, touch, command search, and progressive disclosure.","Landmarks, visible focus, non-color state encoding, accessible names, text alternative, 200% zoom.","Stable dense workspace with sticky context and bounded panels.","Market, discovery, instrument, timeseries, or provider service as declared by the route contract."
"QF-0079","17 — Market discovery","Discovery Overview · mobile-390","#/discovery-hub","Discovery Overview analytical experience with explicit evidence and failure boundaries.","mobile-390","Default / inherited","default","Canonical record; provider/source; observation and ingestion time; freshness; quality; confidence; fallback reason.","Keyboard, pointer, touch, command search, and progressive disclosure.","Landmarks, visible focus, non-color state encoding, accessible names, text alternative, 200% zoom.","Prioritised stack, filter sheet, touch-safe controls, persistent truth metadata.","Market, discovery, instrument, timeseries, or provider service as declared by the route contract."
"QF-0080","17 — Market discovery","Asset Rankings · desktop-1440","#/asset-rankings","Asset Rankings analytical experience with explicit evidence and failure boundaries.","desktop-1440","Default / inherited","default","Canonical record; provider/source; observation and ingestion time; freshness; quality; confidence; fallback reason.","Keyboard, pointer, touch, command search, and progressive disclosure.","Landmarks, visible focus, non-color state encoding, accessible names, text alternative, 200% zoom.","Stable dense workspace with sticky context and bounded panels.","Market, discovery, instrument, timeseries, or provider service as declared by the route contract."
"QF-0081","17 — Market discovery","Asset Rankings · mobile-390","#/asset-rankings","Asset Rankings analytical experience with explicit evidence and failure boundaries.","mobile-390","Default / inherited","default","Canonical record; provider/source; observation and ingestion time; freshness; quality; confidence; fallback reason.","Keyboard, pointer, touch, command search, and progressive disclosure.","Landmarks, visible focus, non-color state encoding, accessible names, text alternative, 200% zoom.","Prioritised stack, filter sheet, touch-safe controls, persistent truth metadata.","Market, discovery, instrument, timeseries, or provider service as declared by the route contract."
"QF-0082","17 — Market discovery","Universal Search · desktop-1440","#/search","Universal Search analytical experience with explicit evidence and failure boundaries.","desktop-1440","Default / inherited","default","Canonical record; provider/source; observation and ingestion time; freshness; quality; confidence; fallback reason.","Keyboard, pointer, touch, command search, and progressive disclosure.","Landmarks, visible focus, non-color state encoding, accessible names, text alternative, 200% zoom.","Stable dense workspace with sticky context and bounded panels.","Market, discovery, instrument, timeseries, or provider service as declared by the route contract."
"QF-0083","17 — Market discovery","Universal Search · mobile-390","#/search","Universal Search analytical experience with explicit evidence and failure boundaries.","mobile-390","Default / inherited","default","Canonical record; provider/source; observation and ingestion time; freshness; quality; confidence; fallback reason.","Keyboard, pointer, touch, command search, and progressive disclosure.","Landmarks, visible focus, non-color state encoding, accessible names, text alternative, 200% zoom.","Prioritised stack, filter sheet, touch-safe controls, persistent truth metadata.","Market, discovery, instrument, timeseries, or provider service as declared by the route contract."
"QF-0084","17 — Market discovery","Categories · desktop-1440","#/categories","Categories analytical experience with explicit evidence and failure boundaries.","desktop-1440","Default / inherited","default","Canonical record; provider/source; observation and ingestion time; freshness; quality; confidence; fallback reason.","Keyboard, pointer, touch, command search, and progressive disclosure.","Landmarks, visible focus, non-color state encoding, accessible names, text alternative, 200% zoom.","Stable dense workspace with sticky context and bounded panels.","Market, discovery, instrument, timeseries, or provider service as declared by the route contract."
"QF-0085","17 — Market discovery","Categories · mobile-390","#/categories","Categories analytical experience with explicit evidence and failure boundaries.","mobile-390","Default / inherited","default","Canonical record; provider/source; observation and ingestion time; freshness; quality; confidence; fallback reason.","Keyboard, pointer, touch, command search, and progressive disclosure.","Landmarks, visible focus, non-color state encoding, accessible names, text alternative, 200% zoom.","Prioritised stack, filter sheet, touch-safe controls, persistent truth metadata.","Market, discovery, instrument, timeseries, or provider service as declared by the route contract."
"QF-0086","17 — Market discovery","Venues · desktop-1440","#/venues","Venues analytical experience with explicit evidence and failure boundaries.","desktop-1440","Default / inherited","default","Canonical record; provider/source; observation and ingestion time; freshness; quality; confidence; fallback reason.","Keyboard, pointer, touch, command search, and progressive disclosure.","Landmarks, visible focus, non-color state encoding, accessible names, text alternative, 200% zoom.","Stable dense workspace with sticky context and bounded panels.","Market, discovery, instrument, timeseries, or provider service as declared by the route contract."
"QF-0087","17 — Market discovery","Venues · mobile-390","#/venues","Venues analytical experience with explicit evidence and failure boundaries.","mobile-390","Default / inherited","default","Canonical record; provider/source; observation and ingestion time; freshness; quality; confidence; fallback reason.","Keyboard, pointer, touch, command search, and progressive disclosure.","Landmarks, visible focus, non-color state encoding, accessible names, text alternative, 200% zoom.","Prioritised stack, filter sheet, touch-safe controls, persistent truth metadata.","Market, discovery, instrument, timeseries, or provider service as declared by the route contract."
"QF-0088","17 — Market discovery","DEX Discovery · desktop-1440","#/dex-discovery","DEX Discovery analytical experience with explicit evidence and failure boundaries.","desktop-1440","Default / inherited","default","Canonical record; provider/source; observation and ingestion time; freshness; quality; confidence; fallback reason.","Keyboard, pointer, touch, command search, and progressive disclosure.","Landmarks, visible focus, non-color state encoding, accessible names, text alternative, 200% zoom.","Stable dense workspace with sticky context and bounded panels.","Market, discovery, instrument, timeseries, or provider service as declared by the route contract."
"QF-0089","17 — Market discovery","DEX Discovery · mobile-390","#/dex-discovery","DEX Discovery analytical experience with explicit evidence and failure boundaries.","mobile-390","Default / inherited","default","Canonical record; provider/source; observation and ingestion time; freshness; quality; confidence; fallback reason.","Keyboard, pointer, touch, command search, and progressive disclosure.","Landmarks, visible focus, non-color state encoding, accessible names, text alternative, 200% zoom.","Prioritised stack, filter sheet, touch-safe controls, persistent truth metadata.","Market, discovery, instrument, timeseries, or provider service as declared by the route contract."
"QF-0090","12 — Charts and heatmaps","Global Charts · desktop-1440","#/global-charts","Global Charts analytical experience with explicit evidence and failure boundaries.","desktop-1440","Default / inherited","default","Canonical record; provider/source; observation and ingestion time; freshness; quality; confidence; fallback reason.","Keyboard, pointer, touch, command search, and progressive disclosure.","Landmarks, visible focus, non-color state encoding, accessible names, text alternative, 200% zoom.","Stable dense workspace with sticky context and bounded panels.","Market, discovery, instrument, timeseries, or provider service as declared by the route contract."
"QF-0091","12 — Charts and heatmaps","Global Charts · mobile-390","#/global-charts","Global Charts analytical experience with explicit evidence and failure boundaries.","mobile-390","Default / inherited","default","Canonical record; provider/source; observation and ingestion time; freshness; quality; confidence; fallback reason.","Keyboard, pointer, touch, command search, and progressive disclosure.","Landmarks, visible focus, non-color state encoding, accessible names, text alternative, 200% zoom.","Prioritised stack, filter sheet, touch-safe controls, persistent truth metadata.","Market, discovery, instrument, timeseries, or provider service as declared by the route contract."
"QF-0092","17 — Market discovery","Converter · desktop-1440","#/converter","Converter analytical experience with explicit evidence and failure boundaries.","desktop-1440","Default / inherited","default","Canonical record; provider/source; observation and ingestion time; freshness; quality; confidence; fallback reason.","Keyboard, pointer, touch, command search, and progressive disclosure.","Landmarks, visible focus, non-color state encoding, accessible names, text alternative, 200% zoom.","Stable dense workspace with sticky context and bounded panels.","Market, discovery, instrument, timeseries, or provider service as declared by the route contract."
"QF-0093","17 — Market discovery","Converter · mobile-390","#/converter","Converter analytical experience with explicit evidence and failure boundaries.","mobile-390","Default / inherited","default","Canonical record; provider/source; observation and ingestion time; freshness; quality; confidence; fallback reason.","Keyboard, pointer, touch, command search, and progressive disclosure.","Landmarks, visible focus, non-color state encoding, accessible names, text alternative, 200% zoom.","Prioritised stack, filter sheet, touch-safe controls, persistent truth metadata.","Market, discovery, instrument, timeseries, or provider service as declared by the route contract."
"QF-0094","20 — Research","News & Research · desktop-1440","#/news-research","News & Research research experience with explicit evidence and failure boundaries.","desktop-1440","Default / inherited","default","Canonical record; provider/source; observation and ingestion time; freshness; quality; confidence; fallback reason.","Keyboard, pointer, touch, command search, and progressive disclosure.","Landmarks, visible focus, non-color state encoding, accessible names, text alternative, 200% zoom.","Stable dense workspace with sticky context and bounded panels.","Research, evidence, event, or asset-intelligence service as declared by the route contract."
"QF-0095","20 — Research","News & Research · mobile-390","#/news-research","News & Research research experience with explicit evidence and failure boundaries.","mobile-390","Default / inherited","default","Canonical record; provider/source; observation and ingestion time; freshness; quality; confidence; fallback reason.","Keyboard, pointer, touch, command search, and progressive disclosure.","Landmarks, visible focus, non-color state encoding, accessible names, text alternative, 200% zoom.","Prioritised stack, filter sheet, touch-safe controls, persistent truth metadata.","Research, evidence, event, or asset-intelligence service as declared by the route contract."
"QF-0096","23 — Trust and company","Trust Center · desktop-1440","#/trust-center","Trust Center research experience with explicit evidence and failure boundaries.","desktop-1440","Default / inherited","default","Canonical record; provider/source; observation and ingestion time; freshness; quality; confidence; fallback reason.","Keyboard, pointer, touch, command search, and progressive disclosure.","Landmarks, visible focus, non-color state encoding, accessible names, text alternative, 200% zoom.","Stable dense workspace with sticky context and bounded panels.","Evidence, audit, methodology, and provider-status services."
"QF-0097","23 — Trust and company","Trust Center · mobile-390","#/trust-center","Trust Center research experience with explicit evidence and failure boundaries.","mobile-390","Default / inherited","default","Canonical record; provider/source; observation and ingestion time; freshness; quality; confidence; fallback reason.","Keyboard, pointer, touch, command search, and progressive disclosure.","Landmarks, visible focus, non-color state encoding, accessible names, text alternative, 200% zoom.","Prioritised stack, filter sheet, touch-safe controls, persistent truth metadata.","Evidence, audit, methodology, and provider-status services."
"QF-0098","18 — Asset intelligence","Asset Intelligence · desktop-1440","#/asset-intelligence","Asset Intelligence analytical experience with explicit evidence and failure boundaries.","desktop-1440","Default / inherited","default","Canonical record; provider/source; observation and ingestion time; freshness; quality; confidence; fallback reason.","Keyboard, pointer, touch, command search, and progressive disclosure.","Landmarks, visible focus, non-color state encoding, accessible names, text alternative, 200% zoom.","Stable dense workspace with sticky context and bounded panels.","Market, discovery, instrument, timeseries, or provider service as declared by the route contract."
"QF-0099","18 — Asset intelligence","Asset Intelligence · mobile-390","#/asset-intelligence","Asset Intelligence analytical experience with explicit evidence and failure boundaries.","mobile-390","Default / inherited","default","Canonical record; provider/source; observation and ingestion time; freshness; quality; confidence; fallback reason.","Keyboard, pointer, touch, command search, and progressive disclosure.","Landmarks, visible focus, non-color state encoding, accessible names, text alternative, 200% zoom.","Prioritised stack, filter sheet, touch-safe controls, persistent truth metadata.","Market, discovery, instrument, timeseries, or provider service as declared by the route contract."
"QF-0100","12 — Charts and heatmaps","Advanced Chart Studio · desktop-1440","#/advanced-chart","Advanced Chart Studio analytical experience with explicit evidence and failure boundaries.","desktop-1440","Default / inherited","default","Canonical record; provider/source; observation and ingestion time; freshness; quality; confidence; fallback reason.","Keyboard, pointer, touch, command search, and progressive disclosure.","Landmarks, visible focus, non-color state encoding, accessible names, text alternative, 200% zoom.","Stable dense workspace with sticky context and bounded panels.","Market, discovery, instrument, timeseries, or provider service as declared by the route contract."
"QF-0101","12 — Charts and heatmaps","Advanced Chart Studio · mobile-390","#/advanced-chart","Advanced Chart Studio analytical experience with explicit evidence and failure boundaries.","mobile-390","Default / inherited","default","Canonical record; provider/source; observation and ingestion time; freshness; quality; confidence; fallback reason.","Keyboard, pointer, touch, command search, and progressive disclosure.","Landmarks, visible focus, non-color state encoding, accessible names, text alternative, 200% zoom.","Prioritised stack, filter sheet, touch-safe controls, persistent truth metadata.","Market, discovery, instrument, timeseries, or provider service as declared by the route contract."
"QF-0102","18 — Asset intelligence","Fundamentals & Estimates · desktop-1440","#/fundamentals-estimates","Fundamentals & Estimates research experience with explicit evidence and failure boundaries.","desktop-1440","Default / inherited","default","Canonical record; provider/source; observation and ingestion time; freshness; quality; confidence; fallback reason.","Keyboard, pointer, touch, command search, and progressive disclosure.","Landmarks, visible focus, non-color state encoding, accessible names, text alternative, 200% zoom.","Stable dense workspace with sticky context and bounded panels.","Research, evidence, event, or asset-intelligence service as declared by the route contract."
"QF-0103","18 — Asset intelligence","Fundamentals & Estimates · mobile-390","#/fundamentals-estimates","Fundamentals & Estimates research experience with explicit evidence and failure boundaries.","mobile-390","Default / inherited","default","Canonical record; provider/source; observation and ingestion time; freshness; quality; confidence; fallback reason.","Keyboard, pointer, touch, command search, and progressive disclosure.","Landmarks, visible focus, non-color state encoding, accessible names, text alternative, 200% zoom.","Prioritised stack, filter sheet, touch-safe controls, persistent truth metadata.","Research, evidence, event, or asset-intelligence service as declared by the route contract."
"QF-0104","20 — Research","Filing Workspace · desktop-1440","#/filing-workspace","Filing Workspace research experience with explicit evidence and failure boundaries.","desktop-1440","Default / inherited","default","Canonical record; provider/source; observation and ingestion time; freshness; quality; confidence; fallback reason.","Keyboard, pointer, touch, command search, and progressive disclosure.","Landmarks, visible focus, non-color state encoding, accessible names, text alternative, 200% zoom.","Stable dense workspace with sticky context and bounded panels.","Research, evidence, event, or asset-intelligence service as declared by the route contract."
"QF-0105","20 — Research","Filing Workspace · mobile-390","#/filing-workspace","Filing Workspace research experience with explicit evidence and failure boundaries.","mobile-390","Default / inherited","default","Canonical record; provider/source; observation and ingestion time; freshness; quality; confidence; fallback reason.","Keyboard, pointer, touch, command search, and progressive disclosure.","Landmarks, visible focus, non-color state encoding, accessible names, text alternative, 200% zoom.","Prioritised stack, filter sheet, touch-safe controls, persistent truth metadata.","Research, evidence, event, or asset-intelligence service as declared by the route contract."
"QF-0106","20 — Research","Event Calendar · desktop-1440","#/event-calendar","Event Calendar research experience with explicit evidence and failure boundaries.","desktop-1440","Default / inherited","default","Canonical record; provider/source; observation and ingestion time; freshness; quality; confidence; fallback reason.","Keyboard, pointer, touch, command search, and progressive disclosure.","Landmarks, visible focus, non-color state encoding, accessible names, text alternative, 200% zoom.","Stable dense workspace with sticky context and bounded panels.","Research, evidence, event, or asset-intelligence service as declared by the route contract."
"QF-0107","20 — Research","Event Calendar · mobile-390","#/event-calendar","Event Calendar research experience with explicit evidence and failure boundaries.","mobile-390","Default / inherited","default","Canonical record; provider/source; observation and ingestion time; freshness; quality; confidence; fallback reason.","Keyboard, pointer, touch, command search, and progressive disclosure.","Landmarks, visible focus, non-color state encoding, accessible names, text alternative, 200% zoom.","Prioritised stack, filter sheet, touch-safe controls, persistent truth metadata.","Research, evidence, event, or asset-intelligence service as declared by the route contract."
"QF-0108","18 — Asset intelligence","Comparison Lab · desktop-1440","#/comparison-lab","Comparison Lab analytical experience with explicit evidence and failure boundaries.","desktop-1440","Default / inherited","default","Canonical record; provider/source; observation and ingestion time; freshness; quality; confidence; fallback reason.","Keyboard, pointer, touch, command search, and progressive disclosure.","Landmarks, visible focus, non-color state encoding, accessible names, text alternative, 200% zoom.","Stable dense workspace with sticky context and bounded panels.","Research, evidence, event, or asset-intelligence service as declared by the route contract."
"QF-0109","18 — Asset intelligence","Comparison Lab · mobile-390","#/comparison-lab","Comparison Lab analytical experience with explicit evidence and failure boundaries.","mobile-390","Default / inherited","default","Canonical record; provider/source; observation and ingestion time; freshness; quality; confidence; fallback reason.","Keyboard, pointer, touch, command search, and progressive disclosure.","Landmarks, visible focus, non-color state encoding, accessible names, text alternative, 200% zoom.","Prioritised stack, filter sheet, touch-safe controls, persistent truth metadata.","Research, evidence, event, or asset-intelligence service as declared by the route contract."
"QF-0110","17 — Market discovery","Market Overview · desktop-1440","#/market","Market Overview analytical experience with explicit evidence and failure boundaries.","desktop-1440","Default / inherited","default","Canonical record; provider/source; observation and ingestion time; freshness; quality; confidence; fallback reason.","Keyboard, pointer, touch, command search, and progressive disclosure.","Landmarks, visible focus, non-color state encoding, accessible names, text alternative, 200% zoom.","Stable dense workspace with sticky context and bounded panels.","Market, discovery, instrument, timeseries, or provider service as declared by the route contract."
"QF-0111","17 — Market discovery","Market Overview · mobile-390","#/market","Market Overview analytical experience with explicit evidence and failure boundaries.","mobile-390","Default / inherited","default","Canonical record; provider/source; observation and ingestion time; freshness; quality; confidence; fallback reason.","Keyboard, pointer, touch, command search, and progressive disclosure.","Landmarks, visible focus, non-color state encoding, accessible names, text alternative, 200% zoom.","Prioritised stack, filter sheet, touch-safe controls, persistent truth metadata.","Market, discovery, instrument, timeseries, or provider service as declared by the route contract."
"QF-0112","17 — Market discovery","Legacy Rankings · desktop-1440","#/rankings","Legacy Rankings analytical experience with explicit evidence and failure boundaries.","desktop-1440","Default / inherited","default","Canonical record; provider/source; observation and ingestion time; freshness; quality; confidence; fallback reason.","Keyboard, pointer, touch, command search, and progressive disclosure.","Landmarks, visible focus, non-color state encoding, accessible names, text alternative, 200% zoom.","Stable dense workspace with sticky context and bounded panels.","Market, discovery, instrument, timeseries, or provider service as declared by the route contract."
"QF-0113","17 — Market discovery","Legacy Rankings · mobile-390","#/rankings","Legacy Rankings analytical experience with explicit evidence and failure boundaries.","mobile-390","Default / inherited","default","Canonical record; provider/source; observation and ingestion time; freshness; quality; confidence; fallback reason.","Keyboard, pointer, touch, command search, and progressive disclosure.","Landmarks, visible focus, non-color state encoding, accessible names, text alternative, 200% zoom.","Prioritised stack, filter sheet, touch-safe controls, persistent truth metadata.","Market, discovery, instrument, timeseries, or provider service as declared by the route contract."
"QF-0114","18 — Asset intelligence","Asset Dossier · desktop-1440","#/asset","Asset Dossier analytical experience with explicit evidence and failure boundaries.","desktop-1440","Default / inherited","default","Canonical record; provider/source; observation and ingestion time; freshness; quality; confidence; fallback reason.","Keyboard, pointer, touch, command search, and progressive disclosure.","Landmarks, visible focus, non-color state encoding, accessible names, text alternative, 200% zoom.","Stable dense workspace with sticky context and bounded panels.","Market, discovery, instrument, timeseries, or provider service as declared by the route contract."
"QF-0115","18 — Asset intelligence","Asset Dossier · mobile-390","#/asset","Asset Dossier analytical experience with explicit evidence and failure boundaries.","mobile-390","Default / inherited","default","Canonical record; provider/source; observation and ingestion time; freshness; quality; confidence; fallback reason.","Keyboard, pointer, touch, command search, and progressive disclosure.","Landmarks, visible focus, non-color state encoding, accessible names, text alternative, 200% zoom.","Prioritised stack, filter sheet, touch-safe controls, persistent truth metadata.","Market, discovery, instrument, timeseries, or provider service as declared by the route contract."
"QF-0116","21 — Portfolio","Watchlists · desktop-1440","#/watchlist","Watchlists analytical experience with explicit evidence and failure boundaries.","desktop-1440","Default / inherited","default","Canonical record; provider/source; observation and ingestion time; freshness; quality; confidence; fallback reason.","Keyboard, pointer, touch, command search, and progressive disclosure.","Landmarks, visible focus, non-color state encoding, accessible names, text alternative, 200% zoom.","Stable dense workspace with sticky context and bounded panels.","Workspace, portfolio, screener, alert, notification, import, or research service."
"QF-0117","21 — Portfolio","Watchlists · mobile-390","#/watchlist","Watchlists analytical experience with explicit evidence and failure boundaries.","mobile-390","Default / inherited","default","Canonical record; provider/source; observation and ingestion time; freshness; quality; confidence; fallback reason.","Keyboard, pointer, touch, command search, and progressive disclosure.","Landmarks, visible focus, non-color state encoding, accessible names, text alternative, 200% zoom.","Prioritised stack, filter sheet, touch-safe controls, persistent truth metadata.","Workspace, portfolio, screener, alert, notification, import, or research service."
"QF-0118","21 — Portfolio","Alert Rules · desktop-1440","#/alert-center","Alert Rules analytical experience with explicit evidence and failure boundaries.","desktop-1440","Default / inherited","default","Canonical record; provider/source; observation and ingestion time; freshness; quality; confidence; fallback reason.","Keyboard, pointer, touch, command search, and progressive disclosure.","Landmarks, visible focus, non-color state encoding, accessible names, text alternative, 200% zoom.","Stable dense workspace with sticky context and bounded panels.","Workspace, portfolio, screener, alert, notification, import, or research service."
"QF-0119","21 — Portfolio","Alert Rules · mobile-390","#/alert-center","Alert Rules analytical experience with explicit evidence and failure boundaries.","mobile-390","Default / inherited","default","Canonical record; provider/source; observation and ingestion time; freshness; quality; confidence; fallback reason.","Keyboard, pointer, touch, command search, and progressive disclosure.","Landmarks, visible focus, non-color state encoding, accessible names, text alternative, 200% zoom.","Prioritised stack, filter sheet, touch-safe controls, persistent truth metadata.","Workspace, portfolio, screener, alert, notification, import, or research service."
"QF-0120","21 — Portfolio","Notifications · desktop-1440","#/notification-center","Notifications analytical experience with explicit evidence and failure boundaries.","desktop-1440","Default / inherited","default","Canonical record; provider/source; observation and ingestion time; freshness; quality; confidence; fallback reason.","Keyboard, pointer, touch, command search, and progressive disclosure.","Landmarks, visible focus, non-color state encoding, accessible names, text alternative, 200% zoom.","Stable dense workspace with sticky context and bounded panels.","Workspace, portfolio, screener, alert, notification, import, or research service."
"QF-0121","21 — Portfolio","Notifications · mobile-390","#/notification-center","Notifications analytical experience with explicit evidence and failure boundaries.","mobile-390","Default / inherited","default","Canonical record; provider/source; observation and ingestion time; freshness; quality; confidence; fallback reason.","Keyboard, pointer, touch, command search, and progressive disclosure.","Landmarks, visible focus, non-color state encoding, accessible names, text alternative, 200% zoom.","Prioritised stack, filter sheet, touch-safe controls, persistent truth metadata.","Workspace, portfolio, screener, alert, notification, import, or research service."
"QF-0122","17 — Market discovery","Screener Lab · desktop-1440","#/screener-lab","Screener Lab analytical experience with explicit evidence and failure boundaries.","desktop-1440","Default / inherited","default","Canonical record; provider/source; observation and ingestion time; freshness; quality; confidence; fallback reason.","Keyboard, pointer, touch, command search, and progressive disclosure.","Landmarks, visible focus, non-color state encoding, accessible names, text alternative, 200% zoom.","Stable dense workspace with sticky context and bounded panels.","Workspace, portfolio, screener, alert, notification, import, or research service."
"QF-0123","17 — Market discovery","Screener Lab · mobile-390","#/screener-lab","Screener Lab analytical experience with explicit evidence and failure boundaries.","mobile-390","Default / inherited","default","Canonical record; provider/source; observation and ingestion time; freshness; quality; confidence; fallback reason.","Keyboard, pointer, touch, command search, and progressive disclosure.","Landmarks, visible focus, non-color state encoding, accessible names, text alternative, 200% zoom.","Prioritised stack, filter sheet, touch-safe controls, persistent truth metadata.","Workspace, portfolio, screener, alert, notification, import, or research service."
"QF-0124","21 — Portfolio","Portfolio Analytics · desktop-1440","#/portfolio-analytics","Portfolio Analytics analytical experience with explicit evidence and failure boundaries.","desktop-1440","Default / inherited","default","Canonical record; provider/source; observation and ingestion time; freshness; quality; confidence; fallback reason.","Keyboard, pointer, touch, command search, and progressive disclosure.","Landmarks, visible focus, non-color state encoding, accessible names, text alternative, 200% zoom.","Stable dense workspace with sticky context and bounded panels.","Workspace, portfolio, screener, alert, notification, import, or research service."
"QF-0125","21 — Portfolio","Portfolio Analytics · mobile-390","#/portfolio-analytics","Portfolio Analytics analytical experience with explicit evidence and failure boundaries.","mobile-390","Default / inherited","default","Canonical record; provider/source; observation and ingestion time; freshness; quality; confidence; fallback reason.","Keyboard, pointer, touch, command search, and progressive disclosure.","Landmarks, visible focus, non-color state encoding, accessible names, text alternative, 200% zoom.","Prioritised stack, filter sheet, touch-safe controls, persistent truth metadata.","Workspace, portfolio, screener, alert, notification, import, or research service."
"QF-0126","20 — Research","Research Workspace · desktop-1440","#/research-workspace","Research Workspace research experience with explicit evidence and failure boundaries.","desktop-1440","Default / inherited","default","Canonical record; provider/source; observation and ingestion time; freshness; quality; confidence; fallback reason.","Keyboard, pointer, touch, command search, and progressive disclosure.","Landmarks, visible focus, non-color state encoding, accessible names, text alternative, 200% zoom.","Stable dense workspace with sticky context and bounded panels.","Research, evidence, event, or asset-intelligence service as declared by the route contract."
"QF-0127","20 — Research","Research Workspace · mobile-390","#/research-workspace","Research Workspace research experience with explicit evidence and failure boundaries.","mobile-390","Default / inherited","default","Canonical record; provider/source; observation and ingestion time; freshness; quality; confidence; fallback reason.","Keyboard, pointer, touch, command search, and progressive disclosure.","Landmarks, visible focus, non-color state encoding, accessible names, text alternative, 200% zoom.","Prioritised stack, filter sheet, touch-safe controls, persistent truth metadata.","Research, evidence, event, or asset-intelligence service as declared by the route contract."
"QF-0128","22 — Operations","Guided Onboarding · desktop-1440","#/onboarding","Guided Onboarding analytical experience with explicit evidence and failure boundaries.","desktop-1440","Default / inherited","default","Canonical record; provider/source; observation and ingestion time; freshness; quality; confidence; fallback reason.","Keyboard, pointer, touch, command search, and progressive disclosure.","Landmarks, visible focus, non-color state encoding, accessible names, text alternative, 200% zoom.","Stable dense workspace with sticky context and bounded panels.","Workspace, portfolio, screener, alert, notification, import, or research service."
"QF-0129","22 — Operations","Guided Onboarding · mobile-390","#/onboarding","Guided Onboarding analytical experience with explicit evidence and failure boundaries.","mobile-390","Default / inherited","default","Canonical record; provider/source; observation and ingestion time; freshness; quality; confidence; fallback reason.","Keyboard, pointer, touch, command search, and progressive disclosure.","Landmarks, visible focus, non-color state encoding, accessible names, text alternative, 200% zoom.","Prioritised stack, filter sheet, touch-safe controls, persistent truth metadata.","Workspace, portfolio, screener, alert, notification, import, or research service."
"QF-0130","22 — Operations","Notification Schedules · desktop-1440","#/notification-schedules","Notification Schedules analytical experience with explicit evidence and failure boundaries.","desktop-1440","Default / inherited","default","Canonical record; provider/source; observation and ingestion time; freshness; quality; confidence; fallback reason.","Keyboard, pointer, touch, command search, and progressive disclosure.","Landmarks, visible focus, non-color state encoding, accessible names, text alternative, 200% zoom.","Stable dense workspace with sticky context and bounded panels.","Workspace, portfolio, screener, alert, notification, import, or research service."
"QF-0131","22 — Operations","Notification Schedules · mobile-390","#/notification-schedules","Notification Schedules analytical experience with explicit evidence and failure boundaries.","mobile-390","Default / inherited","default","Canonical record; provider/source; observation and ingestion time; freshness; quality; confidence; fallback reason.","Keyboard, pointer, touch, command search, and progressive disclosure.","Landmarks, visible focus, non-color state encoding, accessible names, text alternative, 200% zoom.","Prioritised stack, filter sheet, touch-safe controls, persistent truth metadata.","Workspace, portfolio, screener, alert, notification, import, or research service."
"QF-0132","17 — Market discovery","Formula Screener · desktop-1440","#/formula-screener","Formula Screener analytical experience with explicit evidence and failure boundaries.","desktop-1440","Default / inherited","default","Canonical record; provider/source; observation and ingestion time; freshness; quality; confidence; fallback reason.","Keyboard, pointer, touch, command search, and progressive disclosure.","Landmarks, visible focus, non-color state encoding, accessible names, text alternative, 200% zoom.","Stable dense workspace with sticky context and bounded panels.","Workspace, portfolio, screener, alert, notification, import, or research service."
"QF-0133","17 — Market discovery","Formula Screener · mobile-390","#/formula-screener","Formula Screener analytical experience with explicit evidence and failure boundaries.","mobile-390","Default / inherited","default","Canonical record; provider/source; observation and ingestion time; freshness; quality; confidence; fallback reason.","Keyboard, pointer, touch, command search, and progressive disclosure.","Landmarks, visible focus, non-color state encoding, accessible names, text alternative, 200% zoom.","Prioritised stack, filter sheet, touch-safe controls, persistent truth metadata.","Workspace, portfolio, screener, alert, notification, import, or research service."
"QF-0134","21 — Portfolio","Portfolio Attribution · desktop-1440","#/portfolio-attribution","Portfolio Attribution analytical experience with explicit evidence and failure boundaries.","desktop-1440","Default / inherited","default","Canonical record; provider/source; observation and ingestion time; freshness; quality; confidence; fallback reason.","Keyboard, pointer, touch, command search, and progressive disclosure.","Landmarks, visible focus, non-color state encoding, accessible names, text alternative, 200% zoom.","Stable dense workspace with sticky context and bounded panels.","Workspace, portfolio, screener, alert, notification, import, or research service."
"QF-0135","21 — Portfolio","Portfolio Attribution · mobile-390","#/portfolio-attribution","Portfolio Attribution analytical experience with explicit evidence and failure boundaries.","mobile-390","Default / inherited","default","Canonical record; provider/source; observation and ingestion time; freshness; quality; confidence; fallback reason.","Keyboard, pointer, touch, command search, and progressive disclosure.","Landmarks, visible focus, non-color state encoding, accessible names, text alternative, 200% zoom.","Prioritised stack, filter sheet, touch-safe controls, persistent truth metadata.","Workspace, portfolio, screener, alert, notification, import, or research service."
"QF-0136","22 — Operations","Import Center · desktop-1440","#/import-center","Import Center analytical experience with explicit evidence and failure boundaries.","desktop-1440","Default / inherited","default","Canonical record; provider/source; observation and ingestion time; freshness; quality; confidence; fallback reason.","Keyboard, pointer, touch, command search, and progressive disclosure.","Landmarks, visible focus, non-color state encoding, accessible names, text alternative, 200% zoom.","Stable dense workspace with sticky context and bounded panels.","Workspace, portfolio, screener, alert, notification, import, or research service."
"QF-0137","22 — Operations","Import Center · mobile-390","#/import-center","Import Center analytical experience with explicit evidence and failure boundaries.","mobile-390","Default / inherited","default","Canonical record; provider/source; observation and ingestion time; freshness; quality; confidence; fallback reason.","Keyboard, pointer, touch, command search, and progressive disclosure.","Landmarks, visible focus, non-color state encoding, accessible names, text alternative, 200% zoom.","Prioritised stack, filter sheet, touch-safe controls, persistent truth metadata.","Workspace, portfolio, screener, alert, notification, import, or research service."
"QF-0138","20 — Research","Research History · desktop-1440","#/research-history","Research History research experience with explicit evidence and failure boundaries.","desktop-1440","Default / inherited","default","Canonical record; provider/source; observation and ingestion time; freshness; quality; confidence; fallback reason.","Keyboard, pointer, touch, command search, and progressive disclosure.","Landmarks, visible focus, non-color state encoding, accessible names, text alternative, 200% zoom.","Stable dense workspace with sticky context and bounded panels.","Research, evidence, event, or asset-intelligence service as declared by the route contract."
"QF-0139","20 — Research","Research History · mobile-390","#/research-history","Research History research experience with explicit evidence and failure boundaries.","mobile-390","Default / inherited","default","Canonical record; provider/source; observation and ingestion time; freshness; quality; confidence; fallback reason.","Keyboard, pointer, touch, command search, and progressive disclosure.","Landmarks, visible focus, non-color state encoding, accessible names, text alternative, 200% zoom.","Prioritised stack, filter sheet, touch-safe controls, persistent truth metadata.","Research, evidence, event, or asset-intelligence service as declared by the route contract."
"QF-0140","22 — Operations","Migration Center · desktop-1440","#/migration-center","Migration Center operational experience with explicit evidence and failure boundaries.","desktop-1440","Default / inherited","default","Canonical record; provider/source; observation and ingestion time; freshness; quality; confidence; fallback reason.","Keyboard, pointer, touch, command search, and progressive disclosure.","Landmarks, visible focus, non-color state encoding, accessible names, text alternative, 200% zoom.","Stable dense workspace with sticky context and bounded panels.","Identity, storage, scanner, worker, observability, delivery, or readiness services."
"QF-0141","22 — Operations","Migration Center · mobile-390","#/migration-center","Migration Center operational experience with explicit evidence and failure boundaries.","mobile-390","Default / inherited","default","Canonical record; provider/source; observation and ingestion time; freshness; quality; confidence; fallback reason.","Keyboard, pointer, touch, command search, and progressive disclosure.","Landmarks, visible focus, non-color state encoding, accessible names, text alternative, 200% zoom.","Prioritised stack, filter sheet, touch-safe controls, persistent truth metadata.","Identity, storage, scanner, worker, observability, delivery, or readiness services."
"QF-0142","14 — Persona system","Theme Laboratory · desktop-1440","#/theme-lab","Theme Laboratory operational experience with explicit evidence and failure boundaries.","desktop-1440","Default / inherited","default","Canonical record; provider/source; observation and ingestion time; freshness; quality; confidence; fallback reason.","Keyboard, pointer, touch, command search, and progressive disclosure.","Landmarks, visible focus, non-color state encoding, accessible names, text alternative, 200% zoom.","Stable dense workspace with sticky context and bounded panels.","Layout preference service; visual fallback remains local."
"QF-0143","14 — Persona system","Theme Laboratory · mobile-390","#/theme-lab","Theme Laboratory operational experience with explicit evidence and failure boundaries.","mobile-390","Default / inherited","default","Canonical record; provider/source; observation and ingestion time; freshness; quality; confidence; fallback reason.","Keyboard, pointer, touch, command search, and progressive disclosure.","Landmarks, visible focus, non-color state encoding, accessible names, text alternative, 200% zoom.","Prioritised stack, filter sheet, touch-safe controls, persistent truth metadata.","Layout preference service; visual fallback remains local."
"QF-0144","22 — Operations","Identity & Access · desktop-1440","#/identity-access","Identity & Access operational experience with explicit evidence and failure boundaries.","desktop-1440","Default / inherited","default","Canonical record; provider/source; observation and ingestion time; freshness; quality; confidence; fallback reason.","Keyboard, pointer, touch, command search, and progressive disclosure.","Landmarks, visible focus, non-color state encoding, accessible names, text alternative, 200% zoom.","Stable dense workspace with sticky context and bounded panels.","Identity, storage, scanner, worker, observability, delivery, or readiness services."
"QF-0145","22 — Operations","Identity & Access · mobile-390","#/identity-access","Identity & Access operational experience with explicit evidence and failure boundaries.","mobile-390","Default / inherited","default","Canonical record; provider/source; observation and ingestion time; freshness; quality; confidence; fallback reason.","Keyboard, pointer, touch, command search, and progressive disclosure.","Landmarks, visible focus, non-color state encoding, accessible names, text alternative, 200% zoom.","Prioritised stack, filter sheet, touch-safe controls, persistent truth metadata.","Identity, storage, scanner, worker, observability, delivery, or readiness services."
"QF-0146","22 — Operations","Provider Runtime · desktop-1440","#/data-mesh","Provider Runtime operational experience with explicit evidence and failure boundaries.","desktop-1440","Default / inherited","default","Canonical record; provider/source; observation and ingestion time; freshness; quality; confidence; fallback reason.","Keyboard, pointer, touch, command search, and progressive disclosure.","Landmarks, visible focus, non-color state encoding, accessible names, text alternative, 200% zoom.","Stable dense workspace with sticky context and bounded panels.","Provider runtime, instrument, timeseries, stream, and entitlement services."
"QF-0147","22 — Operations","Provider Runtime · mobile-390","#/data-mesh","Provider Runtime operational experience with explicit evidence and failure boundaries.","mobile-390","Default / inherited","default","Canonical record; provider/source; observation and ingestion time; freshness; quality; confidence; fallback reason.","Keyboard, pointer, touch, command search, and progressive disclosure.","Landmarks, visible focus, non-color state encoding, accessible names, text alternative, 200% zoom.","Prioritised stack, filter sheet, touch-safe controls, persistent truth metadata.","Provider runtime, instrument, timeseries, stream, and entitlement services."
"QF-0148","22 — Operations","Instrument Master · desktop-1440","#/instrument-master","Instrument Master operational experience with explicit evidence and failure boundaries.","desktop-1440","Default / inherited","default","Canonical record; provider/source; observation and ingestion time; freshness; quality; confidence; fallback reason.","Keyboard, pointer, touch, command search, and progressive disclosure.","Landmarks, visible focus, non-color state encoding, accessible names, text alternative, 200% zoom.","Stable dense workspace with sticky context and bounded panels.","Provider runtime, instrument, timeseries, stream, and entitlement services."
"QF-0149","22 — Operations","Instrument Master · mobile-390","#/instrument-master","Instrument Master operational experience with explicit evidence and failure boundaries.","mobile-390","Default / inherited","default","Canonical record; provider/source; observation and ingestion time; freshness; quality; confidence; fallback reason.","Keyboard, pointer, touch, command search, and progressive disclosure.","Landmarks, visible focus, non-color state encoding, accessible names, text alternative, 200% zoom.","Prioritised stack, filter sheet, touch-safe controls, persistent truth metadata.","Provider runtime, instrument, timeseries, stream, and entitlement services."
"QF-0150","12 — Charts and heatmaps","Time Series Lab · desktop-1440","#/timeseries-lab","Time Series Lab operational experience with explicit evidence and failure boundaries.","desktop-1440","Default / inherited","default","Canonical record; provider/source; observation and ingestion time; freshness; quality; confidence; fallback reason.","Keyboard, pointer, touch, command search, and progressive disclosure.","Landmarks, visible focus, non-color state encoding, accessible names, text alternative, 200% zoom.","Stable dense workspace with sticky context and bounded panels.","Provider runtime, instrument, timeseries, stream, and entitlement services."
"QF-0151","12 — Charts and heatmaps","Time Series Lab · mobile-390","#/timeseries-lab","Time Series Lab operational experience with explicit evidence and failure boundaries.","mobile-390","Default / inherited","default","Canonical record; provider/source; observation and ingestion time; freshness; quality; confidence; fallback reason.","Keyboard, pointer, touch, command search, and progressive disclosure.","Landmarks, visible focus, non-color state encoding, accessible names, text alternative, 200% zoom.","Prioritised stack, filter sheet, touch-safe controls, persistent truth metadata.","Provider runtime, instrument, timeseries, stream, and entitlement services."
"QF-0152","22 — Operations","Stream Operations · desktop-1440","#/stream-operations","Stream Operations operational experience with explicit evidence and failure boundaries.","desktop-1440","Default / inherited","default","Canonical record; provider/source; observation and ingestion time; freshness; quality; confidence; fallback reason.","Keyboard, pointer, touch, command search, and progressive disclosure.","Landmarks, visible focus, non-color state encoding, accessible names, text alternative, 200% zoom.","Stable dense workspace with sticky context and bounded panels.","Provider runtime, instrument, timeseries, stream, and entitlement services."
"QF-0153","22 — Operations","Stream Operations · mobile-390","#/stream-operations","Stream Operations operational experience with explicit evidence and failure boundaries.","mobile-390","Default / inherited","default","Canonical record; provider/source; observation and ingestion time; freshness; quality; confidence; fallback reason.","Keyboard, pointer, touch, command search, and progressive disclosure.","Landmarks, visible focus, non-color state encoding, accessible names, text alternative, 200% zoom.","Prioritised stack, filter sheet, touch-safe controls, persistent truth metadata.","Provider runtime, instrument, timeseries, stream, and entitlement services."
"QF-0154","22 — Operations","Observability Center · desktop-1440","#/observability","Observability Center operational experience with explicit evidence and failure boundaries.","desktop-1440","Default / inherited","default","Canonical record; provider/source; observation and ingestion time; freshness; quality; confidence; fallback reason.","Keyboard, pointer, touch, command search, and progressive disclosure.","Landmarks, visible focus, non-color state encoding, accessible names, text alternative, 200% zoom.","Stable dense workspace with sticky context and bounded panels.","Identity, storage, scanner, worker, observability, delivery, or readiness services."
"QF-0155","22 — Operations","Observability Center · mobile-390","#/observability","Observability Center operational experience with explicit evidence and failure boundaries.","mobile-390","Default / inherited","default","Canonical record; provider/source; observation and ingestion time; freshness; quality; confidence; fallback reason.","Keyboard, pointer, touch, command search, and progressive disclosure.","Landmarks, visible focus, non-color state encoding, accessible names, text alternative, 200% zoom.","Prioritised stack, filter sheet, touch-safe controls, persistent truth metadata.","Identity, storage, scanner, worker, observability, delivery, or readiness services."
"QF-0156","13 — Provenance components","Decision Provenance · desktop-1440","#/decision-provenance","Decision Provenance research experience with explicit evidence and failure boundaries.","desktop-1440","Default / inherited","default","Canonical record; provider/source; observation and ingestion time; freshness; quality; confidence; fallback reason.","Keyboard, pointer, touch, command search, and progressive disclosure.","Landmarks, visible focus, non-color state encoding, accessible names, text alternative, 200% zoom.","Stable dense workspace with sticky context and bounded panels.","Evidence, audit, methodology, and provider-status services."
"QF-0157","13 — Provenance components","Decision Provenance · mobile-390","#/decision-provenance","Decision Provenance research experience with explicit evidence and failure boundaries.","mobile-390","Default / inherited","default","Canonical record; provider/source; observation and ingestion time; freshness; quality; confidence; fallback reason.","Keyboard, pointer, touch, command search, and progressive disclosure.","Landmarks, visible focus, non-color state encoding, accessible names, text alternative, 200% zoom.","Prioritised stack, filter sheet, touch-safe controls, persistent truth metadata.","Evidence, audit, methodology, and provider-status services."
"QF-0158","23 — Trust and company","Security Evidence · desktop-1440","#/security-evidence","Security Evidence operational experience with explicit evidence and failure boundaries.","desktop-1440","Default / inherited","default","Canonical record; provider/source; observation and ingestion time; freshness; quality; confidence; fallback reason.","Keyboard, pointer, touch, command search, and progressive disclosure.","Landmarks, visible focus, non-color state encoding, accessible names, text alternative, 200% zoom.","Stable dense workspace with sticky context and bounded panels.","Evidence, audit, methodology, and provider-status services."
"QF-0159","23 — Trust and company","Security Evidence · mobile-390","#/security-evidence","Security Evidence operational experience with explicit evidence and failure boundaries.","mobile-390","Default / inherited","default","Canonical record; provider/source; observation and ingestion time; freshness; quality; confidence; fallback reason.","Keyboard, pointer, touch, command search, and progressive disclosure.","Landmarks, visible focus, non-color state encoding, accessible names, text alternative, 200% zoom.","Prioritised stack, filter sheet, touch-safe controls, persistent truth metadata.","Evidence, audit, methodology, and provider-status services."
"QF-0160","17 — Market discovery","Category Detail · desktop-1440","#/category-detail","Category Detail analytical experience with explicit evidence and failure boundaries.","desktop-1440","Default / inherited","default","Canonical record; provider/source; observation and ingestion time; freshness; quality; confidence; fallback reason.","Keyboard, pointer, touch, command search, and progressive disclosure.","Landmarks, visible focus, non-color state encoding, accessible names, text alternative, 200% zoom.","Stable dense workspace with sticky context and bounded panels.","Market, discovery, instrument, timeseries, or provider service as declared by the route contract."
"QF-0161","17 — Market discovery","Category Detail · mobile-390","#/category-detail","Category Detail analytical experience with explicit evidence and failure boundaries.","mobile-390","Default / inherited","default","Canonical record; provider/source; observation and ingestion time; freshness; quality; confidence; fallback reason.","Keyboard, pointer, touch, command search, and progressive disclosure.","Landmarks, visible focus, non-color state encoding, accessible names, text alternative, 200% zoom.","Prioritised stack, filter sheet, touch-safe controls, persistent truth metadata.","Market, discovery, instrument, timeseries, or provider service as declared by the route contract."
"QF-0162","17 — Market discovery","Venue Detail · desktop-1440","#/venue-detail","Venue Detail analytical experience with explicit evidence and failure boundaries.","desktop-1440","Default / inherited","default","Canonical record; provider/source; observation and ingestion time; freshness; quality; confidence; fallback reason.","Keyboard, pointer, touch, command search, and progressive disclosure.","Landmarks, visible focus, non-color state encoding, accessible names, text alternative, 200% zoom.","Stable dense workspace with sticky context and bounded panels.","Market, discovery, instrument, timeseries, or provider service as declared by the route contract."
"QF-0163","17 — Market discovery","Venue Detail · mobile-390","#/venue-detail","Venue Detail analytical experience with explicit evidence and failure boundaries.","mobile-390","Default / inherited","default","Canonical record; provider/source; observation and ingestion time; freshness; quality; confidence; fallback reason.","Keyboard, pointer, touch, command search, and progressive disclosure.","Landmarks, visible focus, non-color state encoding, accessible names, text alternative, 200% zoom.","Prioritised stack, filter sheet, touch-safe controls, persistent truth metadata.","Market, discovery, instrument, timeseries, or provider service as declared by the route contract."
"QF-0164","20 — Research","Research Article · desktop-1440","#/research-article","Research Article research experience with explicit evidence and failure boundaries.","desktop-1440","Default / inherited","default","Canonical record; provider/source; observation and ingestion time; freshness; quality; confidence; fallback reason.","Keyboard, pointer, touch, command search, and progressive disclosure.","Landmarks, visible focus, non-color state encoding, accessible names, text alternative, 200% zoom.","Stable dense workspace with sticky context and bounded panels.","Research, evidence, event, or asset-intelligence service as declared by the route contract."
"QF-0165","20 — Research","Research Article · mobile-390","#/research-article","Research Article research experience with explicit evidence and failure boundaries.","mobile-390","Default / inherited","default","Canonical record; provider/source; observation and ingestion time; freshness; quality; confidence; fallback reason.","Keyboard, pointer, touch, command search, and progressive disclosure.","Landmarks, visible focus, non-color state encoding, accessible names, text alternative, 200% zoom.","Prioritised stack, filter sheet, touch-safe controls, persistent truth metadata.","Research, evidence, event, or asset-intelligence service as declared by the route contract."
"QF-0166","14 — Persona system","Market Overview · Scalper Velocity · desktop-1440","#/market","Scalper Velocity priority composition for Market Overview; risk and provenance remain mandatory.","desktop-1440","Scalper Velocity","persona-priority","Canonical record; provider/source; observation and ingestion time; freshness; quality; confidence; fallback reason.","Keyboard, pointer, touch, command search, and progressive disclosure.","Landmarks, visible focus, non-color state encoding, accessible names, text alternative, 200% zoom.","Persona priorities alter order, density, horizon, and emphasis.","Market, discovery, instrument, timeseries, or provider service as declared by the route contract."
"QF-0167","14 — Persona system","Market Overview · Scalper Velocity · mobile-390","#/market","Scalper Velocity priority composition for Market Overview; risk and provenance remain mandatory.","mobile-390","Scalper Velocity","persona-priority","Canonical record; provider/source; observation and ingestion time; freshness; quality; confidence; fallback reason.","Keyboard, pointer, touch, command search, and progressive disclosure.","Landmarks, visible focus, non-color state encoding, accessible names, text alternative, 200% zoom.","Persona priorities collapse to an essential ordered stack.","Market, discovery, instrument, timeseries, or provider service as declared by the route contract."
"QF-0168","14 — Persona system","Asset Rankings · Scalper Velocity · desktop-1440","#/asset-rankings","Scalper Velocity priority composition for Asset Rankings; risk and provenance remain mandatory.","desktop-1440","Scalper Velocity","persona-priority","Canonical record; provider/source; observation and ingestion time; freshness; quality; confidence; fallback reason.","Keyboard, pointer, touch, command search, and progressive disclosure.","Landmarks, visible focus, non-color state encoding, accessible names, text alternative, 200% zoom.","Persona priorities alter order, density, horizon, and emphasis.","Market, discovery, instrument, timeseries, or provider service as declared by the route contract."
"QF-0169","14 — Persona system","Asset Rankings · Scalper Velocity · mobile-390","#/asset-rankings","Scalper Velocity priority composition for Asset Rankings; risk and provenance remain mandatory.","mobile-390","Scalper Velocity","persona-priority","Canonical record; provider/source; observation and ingestion time; freshness; quality; confidence; fallback reason.","Keyboard, pointer, touch, command search, and progressive disclosure.","Landmarks, visible focus, non-color state encoding, accessible names, text alternative, 200% zoom.","Persona priorities collapse to an essential ordered stack.","Market, discovery, instrument, timeseries, or provider service as declared by the route contract."
"QF-0170","14 — Persona system","Asset Dossier · Scalper Velocity · desktop-1440","#/asset","Scalper Velocity priority composition for Asset Dossier; risk and provenance remain mandatory.","desktop-1440","Scalper Velocity","persona-priority","Canonical record; provider/source; observation and ingestion time; freshness; quality; confidence; fallback reason.","Keyboard, pointer, touch, command search, and progressive disclosure.","Landmarks, visible focus, non-color state encoding, accessible names, text alternative, 200% zoom.","Persona priorities alter order, density, horizon, and emphasis.","Market, discovery, instrument, timeseries, or provider service as declared by the route contract."
"QF-0171","14 — Persona system","Asset Dossier · Scalper Velocity · mobile-390","#/asset","Scalper Velocity priority composition for Asset Dossier; risk and provenance remain mandatory.","mobile-390","Scalper Velocity","persona-priority","Canonical record; provider/source; observation and ingestion time; freshness; quality; confidence; fallback reason.","Keyboard, pointer, touch, command search, and progressive disclosure.","Landmarks, visible focus, non-color state encoding, accessible names, text alternative, 200% zoom.","Persona priorities collapse to an essential ordered stack.","Market, discovery, instrument, timeseries, or provider service as declared by the route contract."
"QF-0172","14 — Persona system","Advanced Chart Studio · Scalper Velocity · desktop-1440","#/advanced-chart","Scalper Velocity priority composition for Advanced Chart Studio; risk and provenance remain mandatory.","desktop-1440","Scalper Velocity","persona-priority","Canonical record; provider/source; observation and ingestion time; freshness; quality; confidence; fallback reason.","Keyboard, pointer, touch, command search, and progressive disclosure.","Landmarks, visible focus, non-color state encoding, accessible names, text alternative, 200% zoom.","Persona priorities alter order, density, horizon, and emphasis.","Market, discovery, instrument, timeseries, or provider service as declared by the route contract."
"QF-0173","14 — Persona system","Advanced Chart Studio · Scalper Velocity · mobile-390","#/advanced-chart","Scalper Velocity priority composition for Advanced Chart Studio; risk and provenance remain mandatory.","mobile-390","Scalper Velocity","persona-priority","Canonical record; provider/source; observation and ingestion time; freshness; quality; confidence; fallback reason.","Keyboard, pointer, touch, command search, and progressive disclosure.","Landmarks, visible focus, non-color state encoding, accessible names, text alternative, 200% zoom.","Persona priorities collapse to an essential ordered stack.","Market, discovery, instrument, timeseries, or provider service as declared by the route contract."
"QF-0174","14 — Persona system","Decision Provenance · Scalper Velocity · desktop-1440","#/decision-provenance","Scalper Velocity priority composition for Decision Provenance; risk and provenance remain mandatory.","desktop-1440","Scalper Velocity","persona-priority","Canonical record; provider/source; observation and ingestion time; freshness; quality; confidence; fallback reason.","Keyboard, pointer, touch, command search, and progressive disclosure.","Landmarks, visible focus, non-color state encoding, accessible names, text alternative, 200% zoom.","Persona priorities alter order, density, horizon, and emphasis.","Evidence, audit, methodology, and provider-status services."
"QF-0175","14 — Persona system","Decision Provenance · Scalper Velocity · mobile-390","#/decision-provenance","Scalper Velocity priority composition for Decision Provenance; risk and provenance remain mandatory.","mobile-390","Scalper Velocity","persona-priority","Canonical record; provider/source; observation and ingestion time; freshness; quality; confidence; fallback reason.","Keyboard, pointer, touch, command search, and progressive disclosure.","Landmarks, visible focus, non-color state encoding, accessible names, text alternative, 200% zoom.","Persona priorities collapse to an essential ordered stack.","Evidence, audit, methodology, and provider-status services."
"QF-0176","14 — Persona system","News & Research · Scalper Velocity · desktop-1440","#/news-research","Scalper Velocity priority composition for News & Research; risk and provenance remain mandatory.","desktop-1440","Scalper Velocity","persona-priority","Canonical record; provider/source; observation and ingestion time; freshness; quality; confidence; fallback reason.","Keyboard, pointer, touch, command search, and progressive disclosure.","Landmarks, visible focus, non-color state encoding, accessible names, text alternative, 200% zoom.","Persona priorities alter order, density, horizon, and emphasis.","Research, evidence, event, or asset-intelligence service as declared by the route contract."
"QF-0177","14 — Persona system","News & Research · Scalper Velocity · mobile-390","#/news-research","Scalper Velocity priority composition for News & Research; risk and provenance remain mandatory.","mobile-390","Scalper Velocity","persona-priority","Canonical record; provider/source; observation and ingestion time; freshness; quality; confidence; fallback reason.","Keyboard, pointer, touch, command search, and progressive disclosure.","Landmarks, visible focus, non-color state encoding, accessible names, text alternative, 200% zoom.","Persona priorities collapse to an essential ordered stack.","Research, evidence, event, or asset-intelligence service as declared by the route contract."
"QF-0178","14 — Persona system","Portfolio Analytics · Scalper Velocity · desktop-1440","#/portfolio-analytics","Scalper Velocity priority composition for Portfolio Analytics; risk and provenance remain mandatory.","desktop-1440","Scalper Velocity","persona-priority","Canonical record; provider/source; observation and ingestion time; freshness; quality; confidence; fallback reason.","Keyboard, pointer, touch, command search, and progressive disclosure.","Landmarks, visible focus, non-color state encoding, accessible names, text alternative, 200% zoom.","Persona priorities alter order, density, horizon, and emphasis.","Workspace, portfolio, screener, alert, notification, import, or research service."
"QF-0179","14 — Persona system","Portfolio Analytics · Scalper Velocity · mobile-390","#/portfolio-analytics","Scalper Velocity priority composition for Portfolio Analytics; risk and provenance remain mandatory.","mobile-390","Scalper Velocity","persona-priority","Canonical record; provider/source; observation and ingestion time; freshness; quality; confidence; fallback reason.","Keyboard, pointer, touch, command search, and progressive disclosure.","Landmarks, visible focus, non-color state encoding, accessible names, text alternative, 200% zoom.","Persona priorities collapse to an essential ordered stack.","Workspace, portfolio, screener, alert, notification, import, or research service."
"QF-0180","14 — Persona system","Watchlists · Scalper Velocity · desktop-1440","#/watchlist","Scalper Velocity priority composition for Watchlists; risk and provenance remain mandatory.","desktop-1440","Scalper Velocity","persona-priority","Canonical record; provider/source; observation and ingestion time; freshness; quality; confidence; fallback reason.","Keyboard, pointer, touch, command search, and progressive disclosure.","Landmarks, visible focus, non-color state encoding, accessible names, text alternative, 200% zoom.","Persona priorities alter order, density, horizon, and emphasis.","Workspace, portfolio, screener, alert, notification, import, or research service."
"QF-0181","14 — Persona system","Watchlists · Scalper Velocity · mobile-390","#/watchlist","Scalper Velocity priority composition for Watchlists; risk and provenance remain mandatory.","mobile-390","Scalper Velocity","persona-priority","Canonical record; provider/source; observation and ingestion time; freshness; quality; confidence; fallback reason.","Keyboard, pointer, touch, command search, and progressive disclosure.","Landmarks, visible focus, non-color state encoding, accessible names, text alternative, 200% zoom.","Persona priorities collapse to an essential ordered stack.","Workspace, portfolio, screener, alert, notification, import, or research service."
"QF-0182","14 — Persona system","Screener Lab · Scalper Velocity · desktop-1440","#/screener-lab","Scalper Velocity priority composition for Screener Lab; risk and provenance remain mandatory.","desktop-1440","Scalper Velocity","persona-priority","Canonical record; provider/source; observation and ingestion time; freshness; quality; confidence; fallback reason.","Keyboard, pointer, touch, command search, and progressive disclosure.","Landmarks, visible focus, non-color state encoding, accessible names, text alternative, 200% zoom.","Persona priorities alter order, density, horizon, and emphasis.","Workspace, portfolio, screener, alert, notification, import, or research service."
"QF-0183","14 — Persona system","Screener Lab · Scalper Velocity · mobile-390","#/screener-lab","Scalper Velocity priority composition for Screener Lab; risk and provenance remain mandatory.","mobile-390","Scalper Velocity","persona-priority","Canonical record; provider/source; observation and ingestion time; freshness; quality; confidence; fallback reason.","Keyboard, pointer, touch, command search, and progressive disclosure.","Landmarks, visible focus, non-color state encoding, accessible names, text alternative, 200% zoom.","Persona priorities collapse to an essential ordered stack.","Workspace, portfolio, screener, alert, notification, import, or research service."
"QF-0184","14 — Persona system","Live Market Command · Scalper Velocity · desktop-1440","#/live-markets","Scalper Velocity priority composition for Live Market Command; risk and provenance remain mandatory.","desktop-1440","Scalper Velocity","persona-priority","Canonical record; provider/source; observation and ingestion time; freshness; quality; confidence; fallback reason.","Keyboard, pointer, touch, command search, and progressive disclosure.","Landmarks, visible focus, non-color state encoding, accessible names, text alternative, 200% zoom.","Persona priorities alter order, density, horizon, and emphasis.","Market, discovery, instrument, timeseries, or provider service as declared by the route contract."
"QF-0185","14 — Persona system","Live Market Command · Scalper Velocity · mobile-390","#/live-markets","Scalper Velocity priority composition for Live Market Command; risk and provenance remain mandatory.","mobile-390","Scalper Velocity","persona-priority","Canonical record; provider/source; observation and ingestion time; freshness; quality; confidence; fallback reason.","Keyboard, pointer, touch, command search, and progressive disclosure.","Landmarks, visible focus, non-color state encoding, accessible names, text alternative, 200% zoom.","Persona priorities collapse to an essential ordered stack.","Market, discovery, instrument, timeseries, or provider service as declared by the route contract."
"QF-0186","14 — Persona system","Trust Center · Scalper Velocity · desktop-1440","#/trust-center","Scalper Velocity priority composition for Trust Center; risk and provenance remain mandatory.","desktop-1440","Scalper Velocity","persona-priority","Canonical record; provider/source; observation and ingestion time; freshness; quality; confidence; fallback reason.","Keyboard, pointer, touch, command search, and progressive disclosure.","Landmarks, visible focus, non-color state encoding, accessible names, text alternative, 200% zoom.","Persona priorities alter order, density, horizon, and emphasis.","Evidence, audit, methodology, and provider-status services."
"QF-0187","14 — Persona system","Trust Center · Scalper Velocity · mobile-390","#/trust-center","Scalper Velocity priority composition for Trust Center; risk and provenance remain mandatory.","mobile-390","Scalper Velocity","persona-priority","Canonical record; provider/source; observation and ingestion time; freshness; quality; confidence; fallback reason.","Keyboard, pointer, touch, command search, and progressive disclosure.","Landmarks, visible focus, non-color state encoding, accessible names, text alternative, 200% zoom.","Persona priorities collapse to an essential ordered stack.","Evidence, audit, methodology, and provider-status services."
"QF-0188","14 — Persona system","Theme Personas · Scalper Velocity · desktop-1440","#/theme-personas","Scalper Velocity priority composition for Theme Personas; risk and provenance remain mandatory.","desktop-1440","Scalper Velocity","persona-priority","Canonical record; provider/source; observation and ingestion time; freshness; quality; confidence; fallback reason.","Keyboard, pointer, touch, command search, and progressive disclosure.","Landmarks, visible focus, non-color state encoding, accessible names, text alternative, 200% zoom.","Persona priorities alter order, density, horizon, and emphasis.","Layout preference service; visual fallback remains local."
"QF-0189","14 — Persona system","Theme Personas · Scalper Velocity · mobile-390","#/theme-personas","Scalper Velocity priority composition for Theme Personas; risk and provenance remain mandatory.","mobile-390","Scalper Velocity","persona-priority","Canonical record; provider/source; observation and ingestion time; freshness; quality; confidence; fallback reason.","Keyboard, pointer, touch, command search, and progressive disclosure.","Landmarks, visible focus, non-color state encoding, accessible names, text alternative, 200% zoom.","Persona priorities collapse to an essential ordered stack.","Layout preference service; visual fallback remains local."
"QF-0190","14 — Persona system","Market Overview · Investor Compound · desktop-1440","#/market","Investor Compound priority composition for Market Overview; risk and provenance remain mandatory.","desktop-1440","Investor Compound","persona-priority","Canonical record; provider/source; observation and ingestion time; freshness; quality; confidence; fallback reason.","Keyboard, pointer, touch, command search, and progressive disclosure.","Landmarks, visible focus, non-color state encoding, accessible names, text alternative, 200% zoom.","Persona priorities alter order, density, horizon, and emphasis.","Market, discovery, instrument, timeseries, or provider service as declared by the route contract."
"QF-0191","14 — Persona system","Market Overview · Investor Compound · mobile-390","#/market","Investor Compound priority composition for Market Overview; risk and provenance remain mandatory.","mobile-390","Investor Compound","persona-priority","Canonical record; provider/source; observation and ingestion time; freshness; quality; confidence; fallback reason.","Keyboard, pointer, touch, command search, and progressive disclosure.","Landmarks, visible focus, non-color state encoding, accessible names, text alternative, 200% zoom.","Persona priorities collapse to an essential ordered stack.","Market, discovery, instrument, timeseries, or provider service as declared by the route contract."
"QF-0192","14 — Persona system","Asset Rankings · Investor Compound · desktop-1440","#/asset-rankings","Investor Compound priority composition for Asset Rankings; risk and provenance remain mandatory.","desktop-1440","Investor Compound","persona-priority","Canonical record; provider/source; observation and ingestion time; freshness; quality; confidence; fallback reason.","Keyboard, pointer, touch, command search, and progressive disclosure.","Landmarks, visible focus, non-color state encoding, accessible names, text alternative, 200% zoom.","Persona priorities alter order, density, horizon, and emphasis.","Market, discovery, instrument, timeseries, or provider service as declared by the route contract."
"QF-0193","14 — Persona system","Asset Rankings · Investor Compound · mobile-390","#/asset-rankings","Investor Compound priority composition for Asset Rankings; risk and provenance remain mandatory.","mobile-390","Investor Compound","persona-priority","Canonical record; provider/source; observation and ingestion time; freshness; quality; confidence; fallback reason.","Keyboard, pointer, touch, command search, and progressive disclosure.","Landmarks, visible focus, non-color state encoding, accessible names, text alternative, 200% zoom.","Persona priorities collapse to an essential ordered stack.","Market, discovery, instrument, timeseries, or provider service as declared by the route contract."
"QF-0194","14 — Persona system","Asset Dossier · Investor Compound · desktop-1440","#/asset","Investor Compound priority composition for Asset Dossier; risk and provenance remain mandatory.","desktop-1440","Investor Compound","persona-priority","Canonical record; provider/source; observation and ingestion time; freshness; quality; confidence; fallback reason.","Keyboard, pointer, touch, command search, and progressive disclosure.","Landmarks, visible focus, non-color state encoding, accessible names, text alternative, 200% zoom.","Persona priorities alter order, density, horizon, and emphasis.","Market, discovery, instrument, timeseries, or provider service as declared by the route contract."
"QF-0195","14 — Persona system","Asset Dossier · Investor Compound · mobile-390","#/asset","Investor Compound priority composition for Asset Dossier; risk and provenance remain mandatory.","mobile-390","Investor Compound","persona-priority","Canonical record; provider/source; observation and ingestion time; freshness; quality; confidence; fallback reason.","Keyboard, pointer, touch, command search, and progressive disclosure.","Landmarks, visible focus, non-color state encoding, accessible names, text alternative, 200% zoom.","Persona priorities collapse to an essential ordered stack.","Market, discovery, instrument, timeseries, or provider service as declared by the route contract."
"QF-0196","14 — Persona system","Advanced Chart Studio · Investor Compound · desktop-1440","#/advanced-chart","Investor Compound priority composition for Advanced Chart Studio; risk and provenance remain mandatory.","desktop-1440","Investor Compound","persona-priority","Canonical record; provider/source; observation and ingestion time; freshness; quality; confidence; fallback reason.","Keyboard, pointer, touch, command search, and progressive disclosure.","Landmarks, visible focus, non-color state encoding, accessible names, text alternative, 200% zoom.","Persona priorities alter order, density, horizon, and emphasis.","Market, discovery, instrument, timeseries, or provider service as declared by the route contract."
"QF-0197","14 — Persona system","Advanced Chart Studio · Investor Compound · mobile-390","#/advanced-chart","Investor Compound priority composition for Advanced Chart Studio; risk and provenance remain mandatory.","mobile-390","Investor Compound","persona-priority","Canonical record; provider/source; observation and ingestion time; freshness; quality; confidence; fallback reason.","Keyboard, pointer, touch, command search, and progressive disclosure.","Landmarks, visible focus, non-color state encoding, accessible names, text alternative, 200% zoom.","Persona priorities collapse to an essential ordered stack.","Market, discovery, instrument, timeseries, or provider service as declared by the route contract."
"QF-0198","14 — Persona system","Decision Provenance · Investor Compound · desktop-1440","#/decision-provenance","Investor Compound priority composition for Decision Provenance; risk and provenance remain mandatory.","desktop-1440","Investor Compound","persona-priority","Canonical record; provider/source; observation and ingestion time; freshness; quality; confidence; fallback reason.","Keyboard, pointer, touch, command search, and progressive disclosure.","Landmarks, visible focus, non-color state encoding, accessible names, text alternative, 200% zoom.","Persona priorities alter order, density, horizon, and emphasis.","Evidence, audit, methodology, and provider-status services."
"QF-0199","14 — Persona system","Decision Provenance · Investor Compound · mobile-390","#/decision-provenance","Investor Compound priority composition for Decision Provenance; risk and provenance remain mandatory.","mobile-390","Investor Compound","persona-priority","Canonical record; provider/source; observation and ingestion time; freshness; quality; confidence; fallback reason.","Keyboard, pointer, touch, command search, and progressive disclosure.","Landmarks, visible focus, non-color state encoding, accessible names, text alternative, 200% zoom.","Persona priorities collapse to an essential ordered stack.","Evidence, audit, methodology, and provider-status services."
"QF-0200","14 — Persona system","News & Research · Investor Compound · desktop-1440","#/news-research","Investor Compound priority composition for News & Research; risk and provenance remain mandatory.","desktop-1440","Investor Compound","persona-priority","Canonical record; provider/source; observation and ingestion time; freshness; quality; confidence; fallback reason.","Keyboard, pointer, touch, command search, and progressive disclosure.","Landmarks, visible focus, non-color state encoding, accessible names, text alternative, 200% zoom.","Persona priorities alter order, density, horizon, and emphasis.","Research, evidence, event, or asset-intelligence service as declared by the route contract."
"QF-0201","14 — Persona system","News & Research · Investor Compound · mobile-390","#/news-research","Investor Compound priority composition for News & Research; risk and provenance remain mandatory.","mobile-390","Investor Compound","persona-priority","Canonical record; provider/source; observation and ingestion time; freshness; quality; confidence; fallback reason.","Keyboard, pointer, touch, command search, and progressive disclosure.","Landmarks, visible focus, non-color state encoding, accessible names, text alternative, 200% zoom.","Persona priorities collapse to an essential ordered stack.","Research, evidence, event, or asset-intelligence service as declared by the route contract."
"QF-0202","14 — Persona system","Portfolio Analytics · Investor Compound · desktop-1440","#/portfolio-analytics","Investor Compound priority composition for Portfolio Analytics; risk and provenance remain mandatory.","desktop-1440","Investor Compound","persona-priority","Canonical record; provider/source; observation and ingestion time; freshness; quality; confidence; fallback reason.","Keyboard, pointer, touch, command search, and progressive disclosure.","Landmarks, visible focus, non-color state encoding, accessible names, text alternative, 200% zoom.","Persona priorities alter order, density, horizon, and emphasis.","Workspace, portfolio, screener, alert, notification, import, or research service."
"QF-0203","14 — Persona system","Portfolio Analytics · Investor Compound · mobile-390","#/portfolio-analytics","Investor Compound priority composition for Portfolio Analytics; risk and provenance remain mandatory.","mobile-390","Investor Compound","persona-priority","Canonical record; provider/source; observation and ingestion time; freshness; quality; confidence; fallback reason.","Keyboard, pointer, touch, command search, and progressive disclosure.","Landmarks, visible focus, non-color state encoding, accessible names, text alternative, 200% zoom.","Persona priorities collapse to an essential ordered stack.","Workspace, portfolio, screener, alert, notification, import, or research service."
"QF-0204","14 — Persona system","Watchlists · Investor Compound · desktop-1440","#/watchlist","Investor Compound priority composition for Watchlists; risk and provenance remain mandatory.","desktop-1440","Investor Compound","persona-priority","Canonical record; provider/source; observation and ingestion time; freshness; quality; confidence; fallback reason.","Keyboard, pointer, touch, command search, and progressive disclosure.","Landmarks, visible focus, non-color state encoding, accessible names, text alternative, 200% zoom.","Persona priorities alter order, density, horizon, and emphasis.","Workspace, portfolio, screener, alert, notification, import, or research service."
"QF-0205","14 — Persona system","Watchlists · Investor Compound · mobile-390","#/watchlist","Investor Compound priority composition for Watchlists; risk and provenance remain mandatory.","mobile-390","Investor Compound","persona-priority","Canonical record; provider/source; observation and ingestion time; freshness; quality; confidence; fallback reason.","Keyboard, pointer, touch, command search, and progressive disclosure.","Landmarks, visible focus, non-color state encoding, accessible names, text alternative, 200% zoom.","Persona priorities collapse to an essential ordered stack.","Workspace, portfolio, screener, alert, notification, import, or research service."
"QF-0206","14 — Persona system","Screener Lab · Investor Compound · desktop-1440","#/screener-lab","Investor Compound priority composition for Screener Lab; risk and provenance remain mandatory.","desktop-1440","Investor Compound","persona-priority","Canonical record; provider/source; observation and ingestion time; freshness; quality; confidence; fallback reason.","Keyboard, pointer, touch, command search, and progressive disclosure.","Landmarks, visible focus, non-color state encoding, accessible names, text alternative, 200% zoom.","Persona priorities alter order, density, horizon, and emphasis.","Workspace, portfolio, screener, alert, notification, import, or research service."
"QF-0207","14 — Persona system","Screener Lab · Investor Compound · mobile-390","#/screener-lab","Investor Compound priority composition for Screener Lab; risk and provenance remain mandatory.","mobile-390","Investor Compound","persona-priority","Canonical record; provider/source; observation and ingestion time; freshness; quality; confidence; fallback reason.","Keyboard, pointer, touch, command search, and progressive disclosure.","Landmarks, visible focus, non-color state encoding, accessible names, text alternative, 200% zoom.","Persona priorities collapse to an essential ordered stack.","Workspace, portfolio, screener, alert, notification, import, or research service."
"QF-0208","14 — Persona system","Live Market Command · Investor Compound · desktop-1440","#/live-markets","Investor Compound priority composition for Live Market Command; risk and provenance remain mandatory.","desktop-1440","Investor Compound","persona-priority","Canonical record; provider/source; observation and ingestion time; freshness; quality; confidence; fallback reason.","Keyboard, pointer, touch, command search, and progressive disclosure.","Landmarks, visible focus, non-color state encoding, accessible names, text alternative, 200% zoom.","Persona priorities alter order, density, horizon, and emphasis.","Market, discovery, instrument, timeseries, or provider service as declared by the route contract."
"QF-0209","14 — Persona system","Live Market Command · Investor Compound · mobile-390","#/live-markets","Investor Compound priority composition for Live Market Command; risk and provenance remain mandatory.","mobile-390","Investor Compound","persona-priority","Canonical record; provider/source; observation and ingestion time; freshness; quality; confidence; fallback reason.","Keyboard, pointer, touch, command search, and progressive disclosure.","Landmarks, visible focus, non-color state encoding, accessible names, text alternative, 200% zoom.","Persona priorities collapse to an essential ordered stack.","Market, discovery, instrument, timeseries, or provider service as declared by the route contract."
"QF-0210","14 — Persona system","Trust Center · Investor Compound · desktop-1440","#/trust-center","Investor Compound priority composition for Trust Center; risk and provenance remain mandatory.","desktop-1440","Investor Compound","persona-priority","Canonical record; provider/source; observation and ingestion time; freshness; quality; confidence; fallback reason.","Keyboard, pointer, touch, command search, and progressive disclosure.","Landmarks, visible focus, non-color state encoding, accessible names, text alternative, 200% zoom.","Persona priorities alter order, density, horizon, and emphasis.","Evidence, audit, methodology, and provider-status services."
"QF-0211","14 — Persona system","Trust Center · Investor Compound · mobile-390","#/trust-center","Investor Compound priority composition for Trust Center; risk and provenance remain mandatory.","mobile-390","Investor Compound","persona-priority","Canonical record; provider/source; observation and ingestion time; freshness; quality; confidence; fallback reason.","Keyboard, pointer, touch, command search, and progressive disclosure.","Landmarks, visible focus, non-color state encoding, accessible names, text alternative, 200% zoom.","Persona priorities collapse to an essential ordered stack.","Evidence, audit, methodology, and provider-status services."
"QF-0212","14 — Persona system","Theme Personas · Investor Compound · desktop-1440","#/theme-personas","Investor Compound priority composition for Theme Personas; risk and provenance remain mandatory.","desktop-1440","Investor Compound","persona-priority","Canonical record; provider/source; observation and ingestion time; freshness; quality; confidence; fallback reason.","Keyboard, pointer, touch, command search, and progressive disclosure.","Landmarks, visible focus, non-color state encoding, accessible names, text alternative, 200% zoom.","Persona priorities alter order, density, horizon, and emphasis.","Layout preference service; visual fallback remains local."
"QF-0213","14 — Persona system","Theme Personas · Investor Compound · mobile-390","#/theme-personas","Investor Compound priority composition for Theme Personas; risk and provenance remain mandatory.","mobile-390","Investor Compound","persona-priority","Canonical record; provider/source; observation and ingestion time; freshness; quality; confidence; fallback reason.","Keyboard, pointer, touch, command search, and progressive disclosure.","Landmarks, visible focus, non-color state encoding, accessible names, text alternative, 200% zoom.","Persona priorities collapse to an essential ordered stack.","Layout preference service; visual fallback remains local."
"QF-0214","14 — Persona system","Market Overview · Aggressive Alpha · desktop-1440","#/market","Aggressive Alpha priority composition for Market Overview; risk and provenance remain mandatory.","desktop-1440","Aggressive Alpha","persona-priority","Canonical record; provider/source; observation and ingestion time; freshness; quality; confidence; fallback reason.","Keyboard, pointer, touch, command search, and progressive disclosure.","Landmarks, visible focus, non-color state encoding, accessible names, text alternative, 200% zoom.","Persona priorities alter order, density, horizon, and emphasis.","Market, discovery, instrument, timeseries, or provider service as declared by the route contract."
"QF-0215","14 — Persona system","Market Overview · Aggressive Alpha · mobile-390","#/market","Aggressive Alpha priority composition for Market Overview; risk and provenance remain mandatory.","mobile-390","Aggressive Alpha","persona-priority","Canonical record; provider/source; observation and ingestion time; freshness; quality; confidence; fallback reason.","Keyboard, pointer, touch, command search, and progressive disclosure.","Landmarks, visible focus, non-color state encoding, accessible names, text alternative, 200% zoom.","Persona priorities collapse to an essential ordered stack.","Market, discovery, instrument, timeseries, or provider service as declared by the route contract."
"QF-0216","14 — Persona system","Asset Rankings · Aggressive Alpha · desktop-1440","#/asset-rankings","Aggressive Alpha priority composition for Asset Rankings; risk and provenance remain mandatory.","desktop-1440","Aggressive Alpha","persona-priority","Canonical record; provider/source; observation and ingestion time; freshness; quality; confidence; fallback reason.","Keyboard, pointer, touch, command search, and progressive disclosure.","Landmarks, visible focus, non-color state encoding, accessible names, text alternative, 200% zoom.","Persona priorities alter order, density, horizon, and emphasis.","Market, discovery, instrument, timeseries, or provider service as declared by the route contract."
"QF-0217","14 — Persona system","Asset Rankings · Aggressive Alpha · mobile-390","#/asset-rankings","Aggressive Alpha priority composition for Asset Rankings; risk and provenance remain mandatory.","mobile-390","Aggressive Alpha","persona-priority","Canonical record; provider/source; observation and ingestion time; freshness; quality; confidence; fallback reason.","Keyboard, pointer, touch, command search, and progressive disclosure.","Landmarks, visible focus, non-color state encoding, accessible names, text alternative, 200% zoom.","Persona priorities collapse to an essential ordered stack.","Market, discovery, instrument, timeseries, or provider service as declared by the route contract."
"QF-0218","14 — Persona system","Asset Dossier · Aggressive Alpha · desktop-1440","#/asset","Aggressive Alpha priority composition for Asset Dossier; risk and provenance remain mandatory.","desktop-1440","Aggressive Alpha","persona-priority","Canonical record; provider/source; observation and ingestion time; freshness; quality; confidence; fallback reason.","Keyboard, pointer, touch, command search, and progressive disclosure.","Landmarks, visible focus, non-color state encoding, accessible names, text alternative, 200% zoom.","Persona priorities alter order, density, horizon, and emphasis.","Market, discovery, instrument, timeseries, or provider service as declared by the route contract."
"QF-0219","14 — Persona system","Asset Dossier · Aggressive Alpha · mobile-390","#/asset","Aggressive Alpha priority composition for Asset Dossier; risk and provenance remain mandatory.","mobile-390","Aggressive Alpha","persona-priority","Canonical record; provider/source; observation and ingestion time; freshness; quality; confidence; fallback reason.","Keyboard, pointer, touch, command search, and progressive disclosure.","Landmarks, visible focus, non-color state encoding, accessible names, text alternative, 200% zoom.","Persona priorities collapse to an essential ordered stack.","Market, discovery, instrument, timeseries, or provider service as declared by the route contract."
"QF-0220","14 — Persona system","Advanced Chart Studio · Aggressive Alpha · desktop-1440","#/advanced-chart","Aggressive Alpha priority composition for Advanced Chart Studio; risk and provenance remain mandatory.","desktop-1440","Aggressive Alpha","persona-priority","Canonical record; provider/source; observation and ingestion time; freshness; quality; confidence; fallback reason.","Keyboard, pointer, touch, command search, and progressive disclosure.","Landmarks, visible focus, non-color state encoding, accessible names, text alternative, 200% zoom.","Persona priorities alter order, density, horizon, and emphasis.","Market, discovery, instrument, timeseries, or provider service as declared by the route contract."
"QF-0221","14 — Persona system","Advanced Chart Studio · Aggressive Alpha · mobile-390","#/advanced-chart","Aggressive Alpha priority composition for Advanced Chart Studio; risk and provenance remain mandatory.","mobile-390","Aggressive Alpha","persona-priority","Canonical record; provider/source; observation and ingestion time; freshness; quality; confidence; fallback reason.","Keyboard, pointer, touch, command search, and progressive disclosure.","Landmarks, visible focus, non-color state encoding, accessible names, text alternative, 200% zoom.","Persona priorities collapse to an essential ordered stack.","Market, discovery, instrument, timeseries, or provider service as declared by the route contract."
"QF-0222","14 — Persona system","Decision Provenance · Aggressive Alpha · desktop-1440","#/decision-provenance","Aggressive Alpha priority composition for Decision Provenance; risk and provenance remain mandatory.","desktop-1440","Aggressive Alpha","persona-priority","Canonical record; provider/source; observation and ingestion time; freshness; quality; confidence; fallback reason.","Keyboard, pointer, touch, command search, and progressive disclosure.","Landmarks, visible focus, non-color state encoding, accessible names, text alternative, 200% zoom.","Persona priorities alter order, density, horizon, and emphasis.","Evidence, audit, methodology, and provider-status services."
"QF-0223","14 — Persona system","Decision Provenance · Aggressive Alpha · mobile-390","#/decision-provenance","Aggressive Alpha priority composition for Decision Provenance; risk and provenance remain mandatory.","mobile-390","Aggressive Alpha","persona-priority","Canonical record; provider/source; observation and ingestion time; freshness; quality; confidence; fallback reason.","Keyboard, pointer, touch, command search, and progressive disclosure.","Landmarks, visible focus, non-color state encoding, accessible names, text alternative, 200% zoom.","Persona priorities collapse to an essential ordered stack.","Evidence, audit, methodology, and provider-status services."
"QF-0224","14 — Persona system","News & Research · Aggressive Alpha · desktop-1440","#/news-research","Aggressive Alpha priority composition for News & Research; risk and provenance remain mandatory.","desktop-1440","Aggressive Alpha","persona-priority","Canonical record; provider/source; observation and ingestion time; freshness; quality; confidence; fallback reason.","Keyboard, pointer, touch, command search, and progressive disclosure.","Landmarks, visible focus, non-color state encoding, accessible names, text alternative, 200% zoom.","Persona priorities alter order, density, horizon, and emphasis.","Research, evidence, event, or asset-intelligence service as declared by the route contract."
"QF-0225","14 — Persona system","News & Research · Aggressive Alpha · mobile-390","#/news-research","Aggressive Alpha priority composition for News & Research; risk and provenance remain mandatory.","mobile-390","Aggressive Alpha","persona-priority","Canonical record; provider/source; observation and ingestion time; freshness; quality; confidence; fallback reason.","Keyboard, pointer, touch, command search, and progressive disclosure.","Landmarks, visible focus, non-color state encoding, accessible names, text alternative, 200% zoom.","Persona priorities collapse to an essential ordered stack.","Research, evidence, event, or asset-intelligence service as declared by the route contract."
"QF-0226","14 — Persona system","Portfolio Analytics · Aggressive Alpha · desktop-1440","#/portfolio-analytics","Aggressive Alpha priority composition for Portfolio Analytics; risk and provenance remain mandatory.","desktop-1440","Aggressive Alpha","persona-priority","Canonical record; provider/source; observation and ingestion time; freshness; quality; confidence; fallback reason.","Keyboard, pointer, touch, command search, and progressive disclosure.","Landmarks, visible focus, non-color state encoding, accessible names, text alternative, 200% zoom.","Persona priorities alter order, density, horizon, and emphasis.","Workspace, portfolio, screener, alert, notification, import, or research service."
"QF-0227","14 — Persona system","Portfolio Analytics · Aggressive Alpha · mobile-390","#/portfolio-analytics","Aggressive Alpha priority composition for Portfolio Analytics; risk and provenance remain mandatory.","mobile-390","Aggressive Alpha","persona-priority","Canonical record; provider/source; observation and ingestion time; freshness; quality; confidence; fallback reason.","Keyboard, pointer, touch, command search, and progressive disclosure.","Landmarks, visible focus, non-color state encoding, accessible names, text alternative, 200% zoom.","Persona priorities collapse to an essential ordered stack.","Workspace, portfolio, screener, alert, notification, import, or research service."
"QF-0228","14 — Persona system","Watchlists · Aggressive Alpha · desktop-1440","#/watchlist","Aggressive Alpha priority composition for Watchlists; risk and provenance remain mandatory.","desktop-1440","Aggressive Alpha","persona-priority","Canonical record; provider/source; observation and ingestion time; freshness; quality; confidence; fallback reason.","Keyboard, pointer, touch, command search, and progressive disclosure.","Landmarks, visible focus, non-color state encoding, accessible names, text alternative, 200% zoom.","Persona priorities alter order, density, horizon, and emphasis.","Workspace, portfolio, screener, alert, notification, import, or research service."
"QF-0229","14 — Persona system","Watchlists · Aggressive Alpha · mobile-390","#/watchlist","Aggressive Alpha priority composition for Watchlists; risk and provenance remain mandatory.","mobile-390","Aggressive Alpha","persona-priority","Canonical record; provider/source; observation and ingestion time; freshness; quality; confidence; fallback reason.","Keyboard, pointer, touch, command search, and progressive disclosure.","Landmarks, visible focus, non-color state encoding, accessible names, text alternative, 200% zoom.","Persona priorities collapse to an essential ordered stack.","Workspace, portfolio, screener, alert, notification, import, or research service."
"QF-0230","14 — Persona system","Screener Lab · Aggressive Alpha · desktop-1440","#/screener-lab","Aggressive Alpha priority composition for Screener Lab; risk and provenance remain mandatory.","desktop-1440","Aggressive Alpha","persona-priority","Canonical record; provider/source; observation and ingestion time; freshness; quality; confidence; fallback reason.","Keyboard, pointer, touch, command search, and progressive disclosure.","Landmarks, visible focus, non-color state encoding, accessible names, text alternative, 200% zoom.","Persona priorities alter order, density, horizon, and emphasis.","Workspace, portfolio, screener, alert, notification, import, or research service."
"QF-0231","14 — Persona system","Screener Lab · Aggressive Alpha · mobile-390","#/screener-lab","Aggressive Alpha priority composition for Screener Lab; risk and provenance remain mandatory.","mobile-390","Aggressive Alpha","persona-priority","Canonical record; provider/source; observation and ingestion time; freshness; quality; confidence; fallback reason.","Keyboard, pointer, touch, command search, and progressive disclosure.","Landmarks, visible focus, non-color state encoding, accessible names, text alternative, 200% zoom.","Persona priorities collapse to an essential ordered stack.","Workspace, portfolio, screener, alert, notification, import, or research service."
"QF-0232","14 — Persona system","Live Market Command · Aggressive Alpha · desktop-1440","#/live-markets","Aggressive Alpha priority composition for Live Market Command; risk and provenance remain mandatory.","desktop-1440","Aggressive Alpha","persona-priority","Canonical record; provider/source; observation and ingestion time; freshness; quality; confidence; fallback reason.","Keyboard, pointer, touch, command search, and progressive disclosure.","Landmarks, visible focus, non-color state encoding, accessible names, text alternative, 200% zoom.","Persona priorities alter order, density, horizon, and emphasis.","Market, discovery, instrument, timeseries, or provider service as declared by the route contract."
"QF-0233","14 — Persona system","Live Market Command · Aggressive Alpha · mobile-390","#/live-markets","Aggressive Alpha priority composition for Live Market Command; risk and provenance remain mandatory.","mobile-390","Aggressive Alpha","persona-priority","Canonical record; provider/source; observation and ingestion time; freshness; quality; confidence; fallback reason.","Keyboard, pointer, touch, command search, and progressive disclosure.","Landmarks, visible focus, non-color state encoding, accessible names, text alternative, 200% zoom.","Persona priorities collapse to an essential ordered stack.","Market, discovery, instrument, timeseries, or provider service as declared by the route contract."
"QF-0234","14 — Persona system","Trust Center · Aggressive Alpha · desktop-1440","#/trust-center","Aggressive Alpha priority composition for Trust Center; risk and provenance remain mandatory.","desktop-1440","Aggressive Alpha","persona-priority","Canonical record; provider/source; observation and ingestion time; freshness; quality; confidence; fallback reason.","Keyboard, pointer, touch, command search, and progressive disclosure.","Landmarks, visible focus, non-color state encoding, accessible names, text alternative, 200% zoom.","Persona priorities alter order, density, horizon, and emphasis.","Evidence, audit, methodology, and provider-status services."
"QF-0235","14 — Persona system","Trust Center · Aggressive Alpha · mobile-390","#/trust-center","Aggressive Alpha priority composition for Trust Center; risk and provenance remain mandatory.","mobile-390","Aggressive Alpha","persona-priority","Canonical record; provider/source; observation and ingestion time; freshness; quality; confidence; fallback reason.","Keyboard, pointer, touch, command search, and progressive disclosure.","Landmarks, visible focus, non-color state encoding, accessible names, text alternative, 200% zoom.","Persona priorities collapse to an essential ordered stack.","Evidence, audit, methodology, and provider-status services."
"QF-0236","14 — Persona system","Theme Personas · Aggressive Alpha · desktop-1440","#/theme-personas","Aggressive Alpha priority composition for Theme Personas; risk and provenance remain mandatory.","desktop-1440","Aggressive Alpha","persona-priority","Canonical record; provider/source; observation and ingestion time; freshness; quality; confidence; fallback reason.","Keyboard, pointer, touch, command search, and progressive disclosure.","Landmarks, visible focus, non-color state encoding, accessible names, text alternative, 200% zoom.","Persona priorities alter order, density, horizon, and emphasis.","Layout preference service; visual fallback remains local."
"QF-0237","14 — Persona system","Theme Personas · Aggressive Alpha · mobile-390","#/theme-personas","Aggressive Alpha priority composition for Theme Personas; risk and provenance remain mandatory.","mobile-390","Aggressive Alpha","persona-priority","Canonical record; provider/source; observation and ingestion time; freshness; quality; confidence; fallback reason.","Keyboard, pointer, touch, command search, and progressive disclosure.","Landmarks, visible focus, non-color state encoding, accessible names, text alternative, 200% zoom.","Persona priorities collapse to an essential ordered stack.","Layout preference service; visual fallback remains local."
"QF-0238","14 — Persona system","Market Overview · Quant Operator · desktop-1440","#/market","Quant Operator priority composition for Market Overview; risk and provenance remain mandatory.","desktop-1440","Quant Operator","persona-priority","Canonical record; provider/source; observation and ingestion time; freshness; quality; confidence; fallback reason.","Keyboard, pointer, touch, command search, and progressive disclosure.","Landmarks, visible focus, non-color state encoding, accessible names, text alternative, 200% zoom.","Persona priorities alter order, density, horizon, and emphasis.","Market, discovery, instrument, timeseries, or provider service as declared by the route contract."
"QF-0239","14 — Persona system","Market Overview · Quant Operator · mobile-390","#/market","Quant Operator priority composition for Market Overview; risk and provenance remain mandatory.","mobile-390","Quant Operator","persona-priority","Canonical record; provider/source; observation and ingestion time; freshness; quality; confidence; fallback reason.","Keyboard, pointer, touch, command search, and progressive disclosure.","Landmarks, visible focus, non-color state encoding, accessible names, text alternative, 200% zoom.","Persona priorities collapse to an essential ordered stack.","Market, discovery, instrument, timeseries, or provider service as declared by the route contract."
"QF-0240","14 — Persona system","Asset Rankings · Quant Operator · desktop-1440","#/asset-rankings","Quant Operator priority composition for Asset Rankings; risk and provenance remain mandatory.","desktop-1440","Quant Operator","persona-priority","Canonical record; provider/source; observation and ingestion time; freshness; quality; confidence; fallback reason.","Keyboard, pointer, touch, command search, and progressive disclosure.","Landmarks, visible focus, non-color state encoding, accessible names, text alternative, 200% zoom.","Persona priorities alter order, density, horizon, and emphasis.","Market, discovery, instrument, timeseries, or provider service as declared by the route contract."
"QF-0241","14 — Persona system","Asset Rankings · Quant Operator · mobile-390","#/asset-rankings","Quant Operator priority composition for Asset Rankings; risk and provenance remain mandatory.","mobile-390","Quant Operator","persona-priority","Canonical record; provider/source; observation and ingestion time; freshness; quality; confidence; fallback reason.","Keyboard, pointer, touch, command search, and progressive disclosure.","Landmarks, visible focus, non-color state encoding, accessible names, text alternative, 200% zoom.","Persona priorities collapse to an essential ordered stack.","Market, discovery, instrument, timeseries, or provider service as declared by the route contract."
"QF-0242","14 — Persona system","Asset Dossier · Quant Operator · desktop-1440","#/asset","Quant Operator priority composition for Asset Dossier; risk and provenance remain mandatory.","desktop-1440","Quant Operator","persona-priority","Canonical record; provider/source; observation and ingestion time; freshness; quality; confidence; fallback reason.","Keyboard, pointer, touch, command search, and progressive disclosure.","Landmarks, visible focus, non-color state encoding, accessible names, text alternative, 200% zoom.","Persona priorities alter order, density, horizon, and emphasis.","Market, discovery, instrument, timeseries, or provider service as declared by the route contract."
"QF-0243","14 — Persona system","Asset Dossier · Quant Operator · mobile-390","#/asset","Quant Operator priority composition for Asset Dossier; risk and provenance remain mandatory.","mobile-390","Quant Operator","persona-priority","Canonical record; provider/source; observation and ingestion time; freshness; quality; confidence; fallback reason.","Keyboard, pointer, touch, command search, and progressive disclosure.","Landmarks, visible focus, non-color state encoding, accessible names, text alternative, 200% zoom.","Persona priorities collapse to an essential ordered stack.","Market, discovery, instrument, timeseries, or provider service as declared by the route contract."
"QF-0244","14 — Persona system","Advanced Chart Studio · Quant Operator · desktop-1440","#/advanced-chart","Quant Operator priority composition for Advanced Chart Studio; risk and provenance remain mandatory.","desktop-1440","Quant Operator","persona-priority","Canonical record; provider/source; observation and ingestion time; freshness; quality; confidence; fallback reason.","Keyboard, pointer, touch, command search, and progressive disclosure.","Landmarks, visible focus, non-color state encoding, accessible names, text alternative, 200% zoom.","Persona priorities alter order, density, horizon, and emphasis.","Market, discovery, instrument, timeseries, or provider service as declared by the route contract."
"QF-0245","14 — Persona system","Advanced Chart Studio · Quant Operator · mobile-390","#/advanced-chart","Quant Operator priority composition for Advanced Chart Studio; risk and provenance remain mandatory.","mobile-390","Quant Operator","persona-priority","Canonical record; provider/source; observation and ingestion time; freshness; quality; confidence; fallback reason.","Keyboard, pointer, touch, command search, and progressive disclosure.","Landmarks, visible focus, non-color state encoding, accessible names, text alternative, 200% zoom.","Persona priorities collapse to an essential ordered stack.","Market, discovery, instrument, timeseries, or provider service as declared by the route contract."
"QF-0246","14 — Persona system","Decision Provenance · Quant Operator · desktop-1440","#/decision-provenance","Quant Operator priority composition for Decision Provenance; risk and provenance remain mandatory.","desktop-1440","Quant Operator","persona-priority","Canonical record; provider/source; observation and ingestion time; freshness; quality; confidence; fallback reason.","Keyboard, pointer, touch, command search, and progressive disclosure.","Landmarks, visible focus, non-color state encoding, accessible names, text alternative, 200% zoom.","Persona priorities alter order, density, horizon, and emphasis.","Evidence, audit, methodology, and provider-status services."
"QF-0247","14 — Persona system","Decision Provenance · Quant Operator · mobile-390","#/decision-provenance","Quant Operator priority composition for Decision Provenance; risk and provenance remain mandatory.","mobile-390","Quant Operator","persona-priority","Canonical record; provider/source; observation and ingestion time; freshness; quality; confidence; fallback reason.","Keyboard, pointer, touch, command search, and progressive disclosure.","Landmarks, visible focus, non-color state encoding, accessible names, text alternative, 200% zoom.","Persona priorities collapse to an essential ordered stack.","Evidence, audit, methodology, and provider-status services."
"QF-0248","14 — Persona system","News & Research · Quant Operator · desktop-1440","#/news-research","Quant Operator priority composition for News & Research; risk and provenance remain mandatory.","desktop-1440","Quant Operator","persona-priority","Canonical record; provider/source; observation and ingestion time; freshness; quality; confidence; fallback reason.","Keyboard, pointer, touch, command search, and progressive disclosure.","Landmarks, visible focus, non-color state encoding, accessible names, text alternative, 200% zoom.","Persona priorities alter order, density, horizon, and emphasis.","Research, evidence, event, or asset-intelligence service as declared by the route contract."
"QF-0249","14 — Persona system","News & Research · Quant Operator · mobile-390","#/news-research","Quant Operator priority composition for News & Research; risk and provenance remain mandatory.","mobile-390","Quant Operator","persona-priority","Canonical record; provider/source; observation and ingestion time; freshness; quality; confidence; fallback reason.","Keyboard, pointer, touch, command search, and progressive disclosure.","Landmarks, visible focus, non-color state encoding, accessible names, text alternative, 200% zoom.","Persona priorities collapse to an essential ordered stack.","Research, evidence, event, or asset-intelligence service as declared by the route contract."
"QF-0250","14 — Persona system","Portfolio Analytics · Quant Operator · desktop-1440","#/portfolio-analytics","Quant Operator priority composition for Portfolio Analytics; risk and provenance remain mandatory.","desktop-1440","Quant Operator","persona-priority","Canonical record; provider/source; observation and ingestion time; freshness; quality; confidence; fallback reason.","Keyboard, pointer, touch, command search, and progressive disclosure.","Landmarks, visible focus, non-color state encoding, accessible names, text alternative, 200% zoom.","Persona priorities alter order, density, horizon, and emphasis.","Workspace, portfolio, screener, alert, notification, import, or research service."
"QF-0251","14 — Persona system","Portfolio Analytics · Quant Operator · mobile-390","#/portfolio-analytics","Quant Operator priority composition for Portfolio Analytics; risk and provenance remain mandatory.","mobile-390","Quant Operator","persona-priority","Canonical record; provider/source; observation and ingestion time; freshness; quality; confidence; fallback reason.","Keyboard, pointer, touch, command search, and progressive disclosure.","Landmarks, visible focus, non-color state encoding, accessible names, text alternative, 200% zoom.","Persona priorities collapse to an essential ordered stack.","Workspace, portfolio, screener, alert, notification, import, or research service."
"QF-0252","14 — Persona system","Watchlists · Quant Operator · desktop-1440","#/watchlist","Quant Operator priority composition for Watchlists; risk and provenance remain mandatory.","desktop-1440","Quant Operator","persona-priority","Canonical record; provider/source; observation and ingestion time; freshness; quality; confidence; fallback reason.","Keyboard, pointer, touch, command search, and progressive disclosure.","Landmarks, visible focus, non-color state encoding, accessible names, text alternative, 200% zoom.","Persona priorities alter order, density, horizon, and emphasis.","Workspace, portfolio, screener, alert, notification, import, or research service."
"QF-0253","14 — Persona system","Watchlists · Quant Operator · mobile-390","#/watchlist","Quant Operator priority composition for Watchlists; risk and provenance remain mandatory.","mobile-390","Quant Operator","persona-priority","Canonical record; provider/source; observation and ingestion time; freshness; quality; confidence; fallback reason.","Keyboard, pointer, touch, command search, and progressive disclosure.","Landmarks, visible focus, non-color state encoding, accessible names, text alternative, 200% zoom.","Persona priorities collapse to an essential ordered stack.","Workspace, portfolio, screener, alert, notification, import, or research service."
"QF-0254","14 — Persona system","Screener Lab · Quant Operator · desktop-1440","#/screener-lab","Quant Operator priority composition for Screener Lab; risk and provenance remain mandatory.","desktop-1440","Quant Operator","persona-priority","Canonical record; provider/source; observation and ingestion time; freshness; quality; confidence; fallback reason.","Keyboard, pointer, touch, command search, and progressive disclosure.","Landmarks, visible focus, non-color state encoding, accessible names, text alternative, 200% zoom.","Persona priorities alter order, density, horizon, and emphasis.","Workspace, portfolio, screener, alert, notification, import, or research service."
"QF-0255","14 — Persona system","Screener Lab · Quant Operator · mobile-390","#/screener-lab","Quant Operator priority composition for Screener Lab; risk and provenance remain mandatory.","mobile-390","Quant Operator","persona-priority","Canonical record; provider/source; observation and ingestion time; freshness; quality; confidence; fallback reason.","Keyboard, pointer, touch, command search, and progressive disclosure.","Landmarks, visible focus, non-color state encoding, accessible names, text alternative, 200% zoom.","Persona priorities collapse to an essential ordered stack.","Workspace, portfolio, screener, alert, notification, import, or research service."
"QF-0256","14 — Persona system","Live Market Command · Quant Operator · desktop-1440","#/live-markets","Quant Operator priority composition for Live Market Command; risk and provenance remain mandatory.","desktop-1440","Quant Operator","persona-priority","Canonical record; provider/source; observation and ingestion time; freshness; quality; confidence; fallback reason.","Keyboard, pointer, touch, command search, and progressive disclosure.","Landmarks, visible focus, non-color state encoding, accessible names, text alternative, 200% zoom.","Persona priorities alter order, density, horizon, and emphasis.","Market, discovery, instrument, timeseries, or provider service as declared by the route contract."
"QF-0257","14 — Persona system","Live Market Command · Quant Operator · mobile-390","#/live-markets","Quant Operator priority composition for Live Market Command; risk and provenance remain mandatory.","mobile-390","Quant Operator","persona-priority","Canonical record; provider/source; observation and ingestion time; freshness; quality; confidence; fallback reason.","Keyboard, pointer, touch, command search, and progressive disclosure.","Landmarks, visible focus, non-color state encoding, accessible names, text alternative, 200% zoom.","Persona priorities collapse to an essential ordered stack.","Market, discovery, instrument, timeseries, or provider service as declared by the route contract."
"QF-0258","14 — Persona system","Trust Center · Quant Operator · desktop-1440","#/trust-center","Quant Operator priority composition for Trust Center; risk and provenance remain mandatory.","desktop-1440","Quant Operator","persona-priority","Canonical record; provider/source; observation and ingestion time; freshness; quality; confidence; fallback reason.","Keyboard, pointer, touch, command search, and progressive disclosure.","Landmarks, visible focus, non-color state encoding, accessible names, text alternative, 200% zoom.","Persona priorities alter order, density, horizon, and emphasis.","Evidence, audit, methodology, and provider-status services."
"QF-0259","14 — Persona system","Trust Center · Quant Operator · mobile-390","#/trust-center","Quant Operator priority composition for Trust Center; risk and provenance remain mandatory.","mobile-390","Quant Operator","persona-priority","Canonical record; provider/source; observation and ingestion time; freshness; quality; confidence; fallback reason.","Keyboard, pointer, touch, command search, and progressive disclosure.","Landmarks, visible focus, non-color state encoding, accessible names, text alternative, 200% zoom.","Persona priorities collapse to an essential ordered stack.","Evidence, audit, methodology, and provider-status services."
"QF-0260","14 — Persona system","Theme Personas · Quant Operator · desktop-1440","#/theme-personas","Quant Operator priority composition for Theme Personas; risk and provenance remain mandatory.","desktop-1440","Quant Operator","persona-priority","Canonical record; provider/source; observation and ingestion time; freshness; quality; confidence; fallback reason.","Keyboard, pointer, touch, command search, and progressive disclosure.","Landmarks, visible focus, non-color state encoding, accessible names, text alternative, 200% zoom.","Persona priorities alter order, density, horizon, and emphasis.","Layout preference service; visual fallback remains local."
"QF-0261","14 — Persona system","Theme Personas · Quant Operator · mobile-390","#/theme-personas","Quant Operator priority composition for Theme Personas; risk and provenance remain mandatory.","mobile-390","Quant Operator","persona-priority","Canonical record; provider/source; observation and ingestion time; freshness; quality; confidence; fallback reason.","Keyboard, pointer, touch, command search, and progressive disclosure.","Landmarks, visible focus, non-color state encoding, accessible names, text alternative, 200% zoom.","Persona priorities collapse to an essential ordered stack.","Layout preference service; visual fallback remains local."
"QF-0262","14 — Persona system","Market Overview · Research Oracle · desktop-1440","#/market","Research Oracle priority composition for Market Overview; risk and provenance remain mandatory.","desktop-1440","Research Oracle","persona-priority","Canonical record; provider/source; observation and ingestion time; freshness; quality; confidence; fallback reason.","Keyboard, pointer, touch, command search, and progressive disclosure.","Landmarks, visible focus, non-color state encoding, accessible names, text alternative, 200% zoom.","Persona priorities alter order, density, horizon, and emphasis.","Market, discovery, instrument, timeseries, or provider service as declared by the route contract."
"QF-0263","14 — Persona system","Market Overview · Research Oracle · mobile-390","#/market","Research Oracle priority composition for Market Overview; risk and provenance remain mandatory.","mobile-390","Research Oracle","persona-priority","Canonical record; provider/source; observation and ingestion time; freshness; quality; confidence; fallback reason.","Keyboard, pointer, touch, command search, and progressive disclosure.","Landmarks, visible focus, non-color state encoding, accessible names, text alternative, 200% zoom.","Persona priorities collapse to an essential ordered stack.","Market, discovery, instrument, timeseries, or provider service as declared by the route contract."
"QF-0264","14 — Persona system","Asset Rankings · Research Oracle · desktop-1440","#/asset-rankings","Research Oracle priority composition for Asset Rankings; risk and provenance remain mandatory.","desktop-1440","Research Oracle","persona-priority","Canonical record; provider/source; observation and ingestion time; freshness; quality; confidence; fallback reason.","Keyboard, pointer, touch, command search, and progressive disclosure.","Landmarks, visible focus, non-color state encoding, accessible names, text alternative, 200% zoom.","Persona priorities alter order, density, horizon, and emphasis.","Market, discovery, instrument, timeseries, or provider service as declared by the route contract."
"QF-0265","14 — Persona system","Asset Rankings · Research Oracle · mobile-390","#/asset-rankings","Research Oracle priority composition for Asset Rankings; risk and provenance remain mandatory.","mobile-390","Research Oracle","persona-priority","Canonical record; provider/source; observation and ingestion time; freshness; quality; confidence; fallback reason.","Keyboard, pointer, touch, command search, and progressive disclosure.","Landmarks, visible focus, non-color state encoding, accessible names, text alternative, 200% zoom.","Persona priorities collapse to an essential ordered stack.","Market, discovery, instrument, timeseries, or provider service as declared by the route contract."
"QF-0266","14 — Persona system","Asset Dossier · Research Oracle · desktop-1440","#/asset","Research Oracle priority composition for Asset Dossier; risk and provenance remain mandatory.","desktop-1440","Research Oracle","persona-priority","Canonical record; provider/source; observation and ingestion time; freshness; quality; confidence; fallback reason.","Keyboard, pointer, touch, command search, and progressive disclosure.","Landmarks, visible focus, non-color state encoding, accessible names, text alternative, 200% zoom.","Persona priorities alter order, density, horizon, and emphasis.","Market, discovery, instrument, timeseries, or provider service as declared by the route contract."
"QF-0267","14 — Persona system","Asset Dossier · Research Oracle · mobile-390","#/asset","Research Oracle priority composition for Asset Dossier; risk and provenance remain mandatory.","mobile-390","Research Oracle","persona-priority","Canonical record; provider/source; observation and ingestion time; freshness; quality; confidence; fallback reason.","Keyboard, pointer, touch, command search, and progressive disclosure.","Landmarks, visible focus, non-color state encoding, accessible names, text alternative, 200% zoom.","Persona priorities collapse to an essential ordered stack.","Market, discovery, instrument, timeseries, or provider service as declared by the route contract."
"QF-0268","14 — Persona system","Advanced Chart Studio · Research Oracle · desktop-1440","#/advanced-chart","Research Oracle priority composition for Advanced Chart Studio; risk and provenance remain mandatory.","desktop-1440","Research Oracle","persona-priority","Canonical record; provider/source; observation and ingestion time; freshness; quality; confidence; fallback reason.","Keyboard, pointer, touch, command search, and progressive disclosure.","Landmarks, visible focus, non-color state encoding, accessible names, text alternative, 200% zoom.","Persona priorities alter order, density, horizon, and emphasis.","Market, discovery, instrument, timeseries, or provider service as declared by the route contract."
"QF-0269","14 — Persona system","Advanced Chart Studio · Research Oracle · mobile-390","#/advanced-chart","Research Oracle priority composition for Advanced Chart Studio; risk and provenance remain mandatory.","mobile-390","Research Oracle","persona-priority","Canonical record; provider/source; observation and ingestion time; freshness; quality; confidence; fallback reason.","Keyboard, pointer, touch, command search, and progressive disclosure.","Landmarks, visible focus, non-color state encoding, accessible names, text alternative, 200% zoom.","Persona priorities collapse to an essential ordered stack.","Market, discovery, instrument, timeseries, or provider service as declared by the route contract."
"QF-0270","14 — Persona system","Decision Provenance · Research Oracle · desktop-1440","#/decision-provenance","Research Oracle priority composition for Decision Provenance; risk and provenance remain mandatory.","desktop-1440","Research Oracle","persona-priority","Canonical record; provider/source; observation and ingestion time; freshness; quality; confidence; fallback reason.","Keyboard, pointer, touch, command search, and progressive disclosure.","Landmarks, visible focus, non-color state encoding, accessible names, text alternative, 200% zoom.","Persona priorities alter order, density, horizon, and emphasis.","Evidence, audit, methodology, and provider-status services."
"QF-0271","14 — Persona system","Decision Provenance · Research Oracle · mobile-390","#/decision-provenance","Research Oracle priority composition for Decision Provenance; risk and provenance remain mandatory.","mobile-390","Research Oracle","persona-priority","Canonical record; provider/source; observation and ingestion time; freshness; quality; confidence; fallback reason.","Keyboard, pointer, touch, command search, and progressive disclosure.","Landmarks, visible focus, non-color state encoding, accessible names, text alternative, 200% zoom.","Persona priorities collapse to an essential ordered stack.","Evidence, audit, methodology, and provider-status services."
"QF-0272","14 — Persona system","News & Research · Research Oracle · desktop-1440","#/news-research","Research Oracle priority composition for News & Research; risk and provenance remain mandatory.","desktop-1440","Research Oracle","persona-priority","Canonical record; provider/source; observation and ingestion time; freshness; quality; confidence; fallback reason.","Keyboard, pointer, touch, command search, and progressive disclosure.","Landmarks, visible focus, non-color state encoding, accessible names, text alternative, 200% zoom.","Persona priorities alter order, density, horizon, and emphasis.","Research, evidence, event, or asset-intelligence service as declared by the route contract."
"QF-0273","14 — Persona system","News & Research · Research Oracle · mobile-390","#/news-research","Research Oracle priority composition for News & Research; risk and provenance remain mandatory.","mobile-390","Research Oracle","persona-priority","Canonical record; provider/source; observation and ingestion time; freshness; quality; confidence; fallback reason.","Keyboard, pointer, touch, command search, and progressive disclosure.","Landmarks, visible focus, non-color state encoding, accessible names, text alternative, 200% zoom.","Persona priorities collapse to an essential ordered stack.","Research, evidence, event, or asset-intelligence service as declared by the route contract."
"QF-0274","14 — Persona system","Portfolio Analytics · Research Oracle · desktop-1440","#/portfolio-analytics","Research Oracle priority composition for Portfolio Analytics; risk and provenance remain mandatory.","desktop-1440","Research Oracle","persona-priority","Canonical record; provider/source; observation and ingestion time; freshness; quality; confidence; fallback reason.","Keyboard, pointer, touch, command search, and progressive disclosure.","Landmarks, visible focus, non-color state encoding, accessible names, text alternative, 200% zoom.","Persona priorities alter order, density, horizon, and emphasis.","Workspace, portfolio, screener, alert, notification, import, or research service."
"QF-0275","14 — Persona system","Portfolio Analytics · Research Oracle · mobile-390","#/portfolio-analytics","Research Oracle priority composition for Portfolio Analytics; risk and provenance remain mandatory.","mobile-390","Research Oracle","persona-priority","Canonical record; provider/source; observation and ingestion time; freshness; quality; confidence; fallback reason.","Keyboard, pointer, touch, command search, and progressive disclosure.","Landmarks, visible focus, non-color state encoding, accessible names, text alternative, 200% zoom.","Persona priorities collapse to an essential ordered stack.","Workspace, portfolio, screener, alert, notification, import, or research service."
"QF-0276","14 — Persona system","Watchlists · Research Oracle · desktop-1440","#/watchlist","Research Oracle priority composition for Watchlists; risk and provenance remain mandatory.","desktop-1440","Research Oracle","persona-priority","Canonical record; provider/source; observation and ingestion time; freshness; quality; confidence; fallback reason.","Keyboard, pointer, touch, command search, and progressive disclosure.","Landmarks, visible focus, non-color state encoding, accessible names, text alternative, 200% zoom.","Persona priorities alter order, density, horizon, and emphasis.","Workspace, portfolio, screener, alert, notification, import, or research service."
"QF-0277","14 — Persona system","Watchlists · Research Oracle · mobile-390","#/watchlist","Research Oracle priority composition for Watchlists; risk and provenance remain mandatory.","mobile-390","Research Oracle","persona-priority","Canonical record; provider/source; observation and ingestion time; freshness; quality; confidence; fallback reason.","Keyboard, pointer, touch, command search, and progressive disclosure.","Landmarks, visible focus, non-color state encoding, accessible names, text alternative, 200% zoom.","Persona priorities collapse to an essential ordered stack.","Workspace, portfolio, screener, alert, notification, import, or research service."
"QF-0278","14 — Persona system","Screener Lab · Research Oracle · desktop-1440","#/screener-lab","Research Oracle priority composition for Screener Lab; risk and provenance remain mandatory.","desktop-1440","Research Oracle","persona-priority","Canonical record; provider/source; observation and ingestion time; freshness; quality; confidence; fallback reason.","Keyboard, pointer, touch, command search, and progressive disclosure.","Landmarks, visible focus, non-color state encoding, accessible names, text alternative, 200% zoom.","Persona priorities alter order, density, horizon, and emphasis.","Workspace, portfolio, screener, alert, notification, import, or research service."
"QF-0279","14 — Persona system","Screener Lab · Research Oracle · mobile-390","#/screener-lab","Research Oracle priority composition for Screener Lab; risk and provenance remain mandatory.","mobile-390","Research Oracle","persona-priority","Canonical record; provider/source; observation and ingestion time; freshness; quality; confidence; fallback reason.","Keyboard, pointer, touch, command search, and progressive disclosure.","Landmarks, visible focus, non-color state encoding, accessible names, text alternative, 200% zoom.","Persona priorities collapse to an essential ordered stack.","Workspace, portfolio, screener, alert, notification, import, or research service."
"QF-0280","14 — Persona system","Live Market Command · Research Oracle · desktop-1440","#/live-markets","Research Oracle priority composition for Live Market Command; risk and provenance remain mandatory.","desktop-1440","Research Oracle","persona-priority","Canonical record; provider/source; observation and ingestion time; freshness; quality; confidence; fallback reason.","Keyboard, pointer, touch, command search, and progressive disclosure.","Landmarks, visible focus, non-color state encoding, accessible names, text alternative, 200% zoom.","Persona priorities alter order, density, horizon, and emphasis.","Market, discovery, instrument, timeseries, or provider service as declared by the route contract."
"QF-0281","14 — Persona system","Live Market Command · Research Oracle · mobile-390","#/live-markets","Research Oracle priority composition for Live Market Command; risk and provenance remain mandatory.","mobile-390","Research Oracle","persona-priority","Canonical record; provider/source; observation and ingestion time; freshness; quality; confidence; fallback reason.","Keyboard, pointer, touch, command search, and progressive disclosure.","Landmarks, visible focus, non-color state encoding, accessible names, text alternative, 200% zoom.","Persona priorities collapse to an essential ordered stack.","Market, discovery, instrument, timeseries, or provider service as declared by the route contract."
"QF-0282","14 — Persona system","Trust Center · Research Oracle · desktop-1440","#/trust-center","Research Oracle priority composition for Trust Center; risk and provenance remain mandatory.","desktop-1440","Research Oracle","persona-priority","Canonical record; provider/source; observation and ingestion time; freshness; quality; confidence; fallback reason.","Keyboard, pointer, touch, command search, and progressive disclosure.","Landmarks, visible focus, non-color state encoding, accessible names, text alternative, 200% zoom.","Persona priorities alter order, density, horizon, and emphasis.","Evidence, audit, methodology, and provider-status services."
"QF-0283","14 — Persona system","Trust Center · Research Oracle · mobile-390","#/trust-center","Research Oracle priority composition for Trust Center; risk and provenance remain mandatory.","mobile-390","Research Oracle","persona-priority","Canonical record; provider/source; observation and ingestion time; freshness; quality; confidence; fallback reason.","Keyboard, pointer, touch, command search, and progressive disclosure.","Landmarks, visible focus, non-color state encoding, accessible names, text alternative, 200% zoom.","Persona priorities collapse to an essential ordered stack.","Evidence, audit, methodology, and provider-status services."
"QF-0284","14 — Persona system","Theme Personas · Research Oracle · desktop-1440","#/theme-personas","Research Oracle priority composition for Theme Personas; risk and provenance remain mandatory.","desktop-1440","Research Oracle","persona-priority","Canonical record; provider/source; observation and ingestion time; freshness; quality; confidence; fallback reason.","Keyboard, pointer, touch, command search, and progressive disclosure.","Landmarks, visible focus, non-color state encoding, accessible names, text alternative, 200% zoom.","Persona priorities alter order, density, horizon, and emphasis.","Layout preference service; visual fallback remains local."
"QF-0285","14 — Persona system","Theme Personas · Research Oracle · mobile-390","#/theme-personas","Research Oracle priority composition for Theme Personas; risk and provenance remain mandatory.","mobile-390","Research Oracle","persona-priority","Canonical record; provider/source; observation and ingestion time; freshness; quality; confidence; fallback reason.","Keyboard, pointer, touch, command search, and progressive disclosure.","Landmarks, visible focus, non-color state encoding, accessible names, text alternative, 200% zoom.","Persona priorities collapse to an essential ordered stack.","Layout preference service; visual fallback remains local."
"QF-0286","14 — Persona system","Market Overview · Signal Access · desktop-1440","#/market","Signal Access priority composition for Market Overview; risk and provenance remain mandatory.","desktop-1440","Signal Access","persona-priority","Canonical record; provider/source; observation and ingestion time; freshness; quality; confidence; fallback reason.","Keyboard, pointer, touch, command search, and progressive disclosure.","Landmarks, visible focus, non-color state encoding, accessible names, text alternative, 200% zoom.","Persona priorities alter order, density, horizon, and emphasis.","Market, discovery, instrument, timeseries, or provider service as declared by the route contract."
"QF-0287","14 — Persona system","Market Overview · Signal Access · mobile-390","#/market","Signal Access priority composition for Market Overview; risk and provenance remain mandatory.","mobile-390","Signal Access","persona-priority","Canonical record; provider/source; observation and ingestion time; freshness; quality; confidence; fallback reason.","Keyboard, pointer, touch, command search, and progressive disclosure.","Landmarks, visible focus, non-color state encoding, accessible names, text alternative, 200% zoom.","Persona priorities collapse to an essential ordered stack.","Market, discovery, instrument, timeseries, or provider service as declared by the route contract."
"QF-0288","14 — Persona system","Asset Rankings · Signal Access · desktop-1440","#/asset-rankings","Signal Access priority composition for Asset Rankings; risk and provenance remain mandatory.","desktop-1440","Signal Access","persona-priority","Canonical record; provider/source; observation and ingestion time; freshness; quality; confidence; fallback reason.","Keyboard, pointer, touch, command search, and progressive disclosure.","Landmarks, visible focus, non-color state encoding, accessible names, text alternative, 200% zoom.","Persona priorities alter order, density, horizon, and emphasis.","Market, discovery, instrument, timeseries, or provider service as declared by the route contract."
"QF-0289","14 — Persona system","Asset Rankings · Signal Access · mobile-390","#/asset-rankings","Signal Access priority composition for Asset Rankings; risk and provenance remain mandatory.","mobile-390","Signal Access","persona-priority","Canonical record; provider/source; observation and ingestion time; freshness; quality; confidence; fallback reason.","Keyboard, pointer, touch, command search, and progressive disclosure.","Landmarks, visible focus, non-color state encoding, accessible names, text alternative, 200% zoom.","Persona priorities collapse to an essential ordered stack.","Market, discovery, instrument, timeseries, or provider service as declared by the route contract."
"QF-0290","14 — Persona system","Asset Dossier · Signal Access · desktop-1440","#/asset","Signal Access priority composition for Asset Dossier; risk and provenance remain mandatory.","desktop-1440","Signal Access","persona-priority","Canonical record; provider/source; observation and ingestion time; freshness; quality; confidence; fallback reason.","Keyboard, pointer, touch, command search, and progressive disclosure.","Landmarks, visible focus, non-color state encoding, accessible names, text alternative, 200% zoom.","Persona priorities alter order, density, horizon, and emphasis.","Market, discovery, instrument, timeseries, or provider service as declared by the route contract."
"QF-0291","14 — Persona system","Asset Dossier · Signal Access · mobile-390","#/asset","Signal Access priority composition for Asset Dossier; risk and provenance remain mandatory.","mobile-390","Signal Access","persona-priority","Canonical record; provider/source; observation and ingestion time; freshness; quality; confidence; fallback reason.","Keyboard, pointer, touch, command search, and progressive disclosure.","Landmarks, visible focus, non-color state encoding, accessible names, text alternative, 200% zoom.","Persona priorities collapse to an essential ordered stack.","Market, discovery, instrument, timeseries, or provider service as declared by the route contract."
"QF-0292","14 — Persona system","Advanced Chart Studio · Signal Access · desktop-1440","#/advanced-chart","Signal Access priority composition for Advanced Chart Studio; risk and provenance remain mandatory.","desktop-1440","Signal Access","persona-priority","Canonical record; provider/source; observation and ingestion time; freshness; quality; confidence; fallback reason.","Keyboard, pointer, touch, command search, and progressive disclosure.","Landmarks, visible focus, non-color state encoding, accessible names, text alternative, 200% zoom.","Persona priorities alter order, density, horizon, and emphasis.","Market, discovery, instrument, timeseries, or provider service as declared by the route contract."
"QF-0293","14 — Persona system","Advanced Chart Studio · Signal Access · mobile-390","#/advanced-chart","Signal Access priority composition for Advanced Chart Studio; risk and provenance remain mandatory.","mobile-390","Signal Access","persona-priority","Canonical record; provider/source; observation and ingestion time; freshness; quality; confidence; fallback reason.","Keyboard, pointer, touch, command search, and progressive disclosure.","Landmarks, visible focus, non-color state encoding, accessible names, text alternative, 200% zoom.","Persona priorities collapse to an essential ordered stack.","Market, discovery, instrument, timeseries, or provider service as declared by the route contract."
"QF-0294","14 — Persona system","Decision Provenance · Signal Access · desktop-1440","#/decision-provenance","Signal Access priority composition for Decision Provenance; risk and provenance remain mandatory.","desktop-1440","Signal Access","persona-priority","Canonical record; provider/source; observation and ingestion time; freshness; quality; confidence; fallback reason.","Keyboard, pointer, touch, command search, and progressive disclosure.","Landmarks, visible focus, non-color state encoding, accessible names, text alternative, 200% zoom.","Persona priorities alter order, density, horizon, and emphasis.","Evidence, audit, methodology, and provider-status services."
"QF-0295","14 — Persona system","Decision Provenance · Signal Access · mobile-390","#/decision-provenance","Signal Access priority composition for Decision Provenance; risk and provenance remain mandatory.","mobile-390","Signal Access","persona-priority","Canonical record; provider/source; observation and ingestion time; freshness; quality; confidence; fallback reason.","Keyboard, pointer, touch, command search, and progressive disclosure.","Landmarks, visible focus, non-color state encoding, accessible names, text alternative, 200% zoom.","Persona priorities collapse to an essential ordered stack.","Evidence, audit, methodology, and provider-status services."
"QF-0296","14 — Persona system","News & Research · Signal Access · desktop-1440","#/news-research","Signal Access priority composition for News & Research; risk and provenance remain mandatory.","desktop-1440","Signal Access","persona-priority","Canonical record; provider/source; observation and ingestion time; freshness; quality; confidence; fallback reason.","Keyboard, pointer, touch, command search, and progressive disclosure.","Landmarks, visible focus, non-color state encoding, accessible names, text alternative, 200% zoom.","Persona priorities alter order, density, horizon, and emphasis.","Research, evidence, event, or asset-intelligence service as declared by the route contract."
"QF-0297","14 — Persona system","News & Research · Signal Access · mobile-390","#/news-research","Signal Access priority composition for News & Research; risk and provenance remain mandatory.","mobile-390","Signal Access","persona-priority","Canonical record; provider/source; observation and ingestion time; freshness; quality; confidence; fallback reason.","Keyboard, pointer, touch, command search, and progressive disclosure.","Landmarks, visible focus, non-color state encoding, accessible names, text alternative, 200% zoom.","Persona priorities collapse to an essential ordered stack.","Research, evidence, event, or asset-intelligence service as declared by the route contract."
"QF-0298","14 — Persona system","Portfolio Analytics · Signal Access · desktop-1440","#/portfolio-analytics","Signal Access priority composition for Portfolio Analytics; risk and provenance remain mandatory.","desktop-1440","Signal Access","persona-priority","Canonical record; provider/source; observation and ingestion time; freshness; quality; confidence; fallback reason.","Keyboard, pointer, touch, command search, and progressive disclosure.","Landmarks, visible focus, non-color state encoding, accessible names, text alternative, 200% zoom.","Persona priorities alter order, density, horizon, and emphasis.","Workspace, portfolio, screener, alert, notification, import, or research service."
"QF-0299","14 — Persona system","Portfolio Analytics · Signal Access · mobile-390","#/portfolio-analytics","Signal Access priority composition for Portfolio Analytics; risk and provenance remain mandatory.","mobile-390","Signal Access","persona-priority","Canonical record; provider/source; observation and ingestion time; freshness; quality; confidence; fallback reason.","Keyboard, pointer, touch, command search, and progressive disclosure.","Landmarks, visible focus, non-color state encoding, accessible names, text alternative, 200% zoom.","Persona priorities collapse to an essential ordered stack.","Workspace, portfolio, screener, alert, notification, import, or research service."
"QF-0300","14 — Persona system","Watchlists · Signal Access · desktop-1440","#/watchlist","Signal Access priority composition for Watchlists; risk and provenance remain mandatory.","desktop-1440","Signal Access","persona-priority","Canonical record; provider/source; observation and ingestion time; freshness; quality; confidence; fallback reason.","Keyboard, pointer, touch, command search, and progressive disclosure.","Landmarks, visible focus, non-color state encoding, accessible names, text alternative, 200% zoom.","Persona priorities alter order, density, horizon, and emphasis.","Workspace, portfolio, screener, alert, notification, import, or research service."
"QF-0301","14 — Persona system","Watchlists · Signal Access · mobile-390","#/watchlist","Signal Access priority composition for Watchlists; risk and provenance remain mandatory.","mobile-390","Signal Access","persona-priority","Canonical record; provider/source; observation and ingestion time; freshness; quality; confidence; fallback reason.","Keyboard, pointer, touch, command search, and progressive disclosure.","Landmarks, visible focus, non-color state encoding, accessible names, text alternative, 200% zoom.","Persona priorities collapse to an essential ordered stack.","Workspace, portfolio, screener, alert, notification, import, or research service."
"QF-0302","14 — Persona system","Screener Lab · Signal Access · desktop-1440","#/screener-lab","Signal Access priority composition for Screener Lab; risk and provenance remain mandatory.","desktop-1440","Signal Access","persona-priority","Canonical record; provider/source; observation and ingestion time; freshness; quality; confidence; fallback reason.","Keyboard, pointer, touch, command search, and progressive disclosure.","Landmarks, visible focus, non-color state encoding, accessible names, text alternative, 200% zoom.","Persona priorities alter order, density, horizon, and emphasis.","Workspace, portfolio, screener, alert, notification, import, or research service."
"QF-0303","14 — Persona system","Screener Lab · Signal Access · mobile-390","#/screener-lab","Signal Access priority composition for Screener Lab; risk and provenance remain mandatory.","mobile-390","Signal Access","persona-priority","Canonical record; provider/source; observation and ingestion time; freshness; quality; confidence; fallback reason.","Keyboard, pointer, touch, command search, and progressive disclosure.","Landmarks, visible focus, non-color state encoding, accessible names, text alternative, 200% zoom.","Persona priorities collapse to an essential ordered stack.","Workspace, portfolio, screener, alert, notification, import, or research service."
"QF-0304","14 — Persona system","Live Market Command · Signal Access · desktop-1440","#/live-markets","Signal Access priority composition for Live Market Command; risk and provenance remain mandatory.","desktop-1440","Signal Access","persona-priority","Canonical record; provider/source; observation and ingestion time; freshness; quality; confidence; fallback reason.","Keyboard, pointer, touch, command search, and progressive disclosure.","Landmarks, visible focus, non-color state encoding, accessible names, text alternative, 200% zoom.","Persona priorities alter order, density, horizon, and emphasis.","Market, discovery, instrument, timeseries, or provider service as declared by the route contract."
"QF-0305","14 — Persona system","Live Market Command · Signal Access · mobile-390","#/live-markets","Signal Access priority composition for Live Market Command; risk and provenance remain mandatory.","mobile-390","Signal Access","persona-priority","Canonical record; provider/source; observation and ingestion time; freshness; quality; confidence; fallback reason.","Keyboard, pointer, touch, command search, and progressive disclosure.","Landmarks, visible focus, non-color state encoding, accessible names, text alternative, 200% zoom.","Persona priorities collapse to an essential ordered stack.","Market, discovery, instrument, timeseries, or provider service as declared by the route contract."
"QF-0306","14 — Persona system","Trust Center · Signal Access · desktop-1440","#/trust-center","Signal Access priority composition for Trust Center; risk and provenance remain mandatory.","desktop-1440","Signal Access","persona-priority","Canonical record; provider/source; observation and ingestion time; freshness; quality; confidence; fallback reason.","Keyboard, pointer, touch, command search, and progressive disclosure.","Landmarks, visible focus, non-color state encoding, accessible names, text alternative, 200% zoom.","Persona priorities alter order, density, horizon, and emphasis.","Evidence, audit, methodology, and provider-status services."
"QF-0307","14 — Persona system","Trust Center · Signal Access · mobile-390","#/trust-center","Signal Access priority composition for Trust Center; risk and provenance remain mandatory.","mobile-390","Signal Access","persona-priority","Canonical record; provider/source; observation and ingestion time; freshness; quality; confidence; fallback reason.","Keyboard, pointer, touch, command search, and progressive disclosure.","Landmarks, visible focus, non-color state encoding, accessible names, text alternative, 200% zoom.","Persona priorities collapse to an essential ordered stack.","Evidence, audit, methodology, and provider-status services."
"QF-0308","14 — Persona system","Theme Personas · Signal Access · desktop-1440","#/theme-personas","Signal Access priority composition for Theme Personas; risk and provenance remain mandatory.","desktop-1440","Signal Access","persona-priority","Canonical record; provider/source; observation and ingestion time; freshness; quality; confidence; fallback reason.","Keyboard, pointer, touch, command search, and progressive disclosure.","Landmarks, visible focus, non-color state encoding, accessible names, text alternative, 200% zoom.","Persona priorities alter order, density, horizon, and emphasis.","Layout preference service; visual fallback remains local."
"QF-0309","14 — Persona system","Theme Personas · Signal Access · mobile-390","#/theme-personas","Signal Access priority composition for Theme Personas; risk and provenance remain mandatory.","mobile-390","Signal Access","persona-priority","Canonical record; provider/source; observation and ingestion time; freshness; quality; confidence; fallback reason.","Keyboard, pointer, touch, command search, and progressive disclosure.","Landmarks, visible focus, non-color state encoding, accessible names, text alternative, 200% zoom.","Persona priorities collapse to an essential ordered stack.","Layout preference service; visual fallback remains local."
"QF-0310","24 — States and edge cases","Market Overview · loading","#/market","Market Overview loading treatment preserving geometry, truth labels, and recovery guidance.","desktop-1440","Default / inherited","loading","Canonical record; provider/source; observation and ingestion time; freshness; quality; confidence; fallback reason.","Recovery action, source inspector, and route navigation remain operable.","State announced once; focus remains stable; meaning is not color-only.","Preserve source and confidence; prioritise content rather than shrinking desktop.","Market, discovery, instrument, timeseries, or provider service as declared by the route contract."
"QF-0311","24 — States and edge cases","Market Overview · empty","#/market","Market Overview empty treatment preserving geometry, truth labels, and recovery guidance.","desktop-1440","Default / inherited","empty","Canonical record; provider/source; observation and ingestion time; freshness; quality; confidence; fallback reason.","Recovery action, source inspector, and route navigation remain operable.","State announced once; focus remains stable; meaning is not color-only.","Preserve source and confidence; prioritise content rather than shrinking desktop.","Market, discovery, instrument, timeseries, or provider service as declared by the route contract."
"QF-0312","24 — States and edge cases","Market Overview · no-results","#/market","Market Overview no-results treatment preserving geometry, truth labels, and recovery guidance.","desktop-1440","Default / inherited","no-results","Canonical record; provider/source; observation and ingestion time; freshness; quality; confidence; fallback reason.","Recovery action, source inspector, and route navigation remain operable.","State announced once; focus remains stable; meaning is not color-only.","Preserve source and confidence; prioritise content rather than shrinking desktop.","Market, discovery, instrument, timeseries, or provider service as declared by the route contract."
"QF-0313","24 — States and edge cases","Market Overview · partial-provider-failure","#/market","Market Overview partial-provider-failure treatment preserving geometry, truth labels, and recovery guidance.","desktop-1440","Default / inherited","partial-provider-failure","Canonical record; provider/source; observation and ingestion time; freshness; quality; confidence; fallback reason.","Recovery action, source inspector, and route navigation remain operable.","State announced once; focus remains stable; meaning is not color-only.","Preserve source and confidence; prioritise content rather than shrinking desktop.","Market, discovery, instrument, timeseries, or provider service as declared by the route contract."
"QF-0314","24 — States and edge cases","Market Overview · stale","#/market","Market Overview stale treatment preserving geometry, truth labels, and recovery guidance.","desktop-1440","Default / inherited","stale","Canonical record; provider/source; observation and ingestion time; freshness; quality; confidence; fallback reason.","Recovery action, source inspector, and route navigation remain operable.","State announced once; focus remains stable; meaning is not color-only.","Preserve source and confidence; prioritise content rather than shrinking desktop.","Market, discovery, instrument, timeseries, or provider service as declared by the route contract."
"QF-0315","24 — States and edge cases","Market Overview · fallback-demo","#/market","Market Overview fallback-demo treatment preserving geometry, truth labels, and recovery guidance.","desktop-1440","Default / inherited","fallback-demo","Canonical record; provider/source; observation and ingestion time; freshness; quality; confidence; fallback reason.","Recovery action, source inspector, and route navigation remain operable.","State announced once; focus remains stable; meaning is not color-only.","Preserve source and confidence; prioritise content rather than shrinking desktop.","Market, discovery, instrument, timeseries, or provider service as declared by the route contract."
"QF-0316","24 — States and edge cases","Market Overview · permission-denied","#/market","Market Overview permission-denied treatment preserving geometry, truth labels, and recovery guidance.","desktop-1440","Default / inherited","permission-denied","Canonical record; provider/source; observation and ingestion time; freshness; quality; confidence; fallback reason.","Recovery action, source inspector, and route navigation remain operable.","State announced once; focus remains stable; meaning is not color-only.","Preserve source and confidence; prioritise content rather than shrinking desktop.","Market, discovery, instrument, timeseries, or provider service as declared by the route contract."
"QF-0317","24 — States and edge cases","Market Overview · offline","#/market","Market Overview offline treatment preserving geometry, truth labels, and recovery guidance.","desktop-1440","Default / inherited","offline","Canonical record; provider/source; observation and ingestion time; freshness; quality; confidence; fallback reason.","Recovery action, source inspector, and route navigation remain operable.","State announced once; focus remains stable; meaning is not color-only.","Preserve source and confidence; prioritise content rather than shrinking desktop.","Market, discovery, instrument, timeseries, or provider service as declared by the route contract."
"QF-0318","24 — States and edge cases","Asset Rankings · loading","#/asset-rankings","Asset Rankings loading treatment preserving geometry, truth labels, and recovery guidance.","desktop-1440","Default / inherited","loading","Canonical record; provider/source; observation and ingestion time; freshness; quality; confidence; fallback reason.","Recovery action, source inspector, and route navigation remain operable.","State announced once; focus remains stable; meaning is not color-only.","Preserve source and confidence; prioritise content rather than shrinking desktop.","Market, discovery, instrument, timeseries, or provider service as declared by the route contract."
"QF-0319","24 — States and edge cases","Asset Rankings · empty","#/asset-rankings","Asset Rankings empty treatment preserving geometry, truth labels, and recovery guidance.","desktop-1440","Default / inherited","empty","Canonical record; provider/source; observation and ingestion time; freshness; quality; confidence; fallback reason.","Recovery action, source inspector, and route navigation remain operable.","State announced once; focus remains stable; meaning is not color-only.","Preserve source and confidence; prioritise content rather than shrinking desktop.","Market, discovery, instrument, timeseries, or provider service as declared by the route contract."
"QF-0320","24 — States and edge cases","Asset Rankings · no-results","#/asset-rankings","Asset Rankings no-results treatment preserving geometry, truth labels, and recovery guidance.","desktop-1440","Default / inherited","no-results","Canonical record; provider/source; observation and ingestion time; freshness; quality; confidence; fallback reason.","Recovery action, source inspector, and route navigation remain operable.","State announced once; focus remains stable; meaning is not color-only.","Preserve source and confidence; prioritise content rather than shrinking desktop.","Market, discovery, instrument, timeseries, or provider service as declared by the route contract."
"QF-0321","24 — States and edge cases","Asset Rankings · partial-provider-failure","#/asset-rankings","Asset Rankings partial-provider-failure treatment preserving geometry, truth labels, and recovery guidance.","desktop-1440","Default / inherited","partial-provider-failure","Canonical record; provider/source; observation and ingestion time; freshness; quality; confidence; fallback reason.","Recovery action, source inspector, and route navigation remain operable.","State announced once; focus remains stable; meaning is not color-only.","Preserve source and confidence; prioritise content rather than shrinking desktop.","Market, discovery, instrument, timeseries, or provider service as declared by the route contract."
"QF-0322","24 — States and edge cases","Asset Rankings · stale","#/asset-rankings","Asset Rankings stale treatment preserving geometry, truth labels, and recovery guidance.","desktop-1440","Default / inherited","stale","Canonical record; provider/source; observation and ingestion time; freshness; quality; confidence; fallback reason.","Recovery action, source inspector, and route navigation remain operable.","State announced once; focus remains stable; meaning is not color-only.","Preserve source and confidence; prioritise content rather than shrinking desktop.","Market, discovery, instrument, timeseries, or provider service as declared by the route contract."
"QF-0323","24 — States and edge cases","Asset Rankings · fallback-demo","#/asset-rankings","Asset Rankings fallback-demo treatment preserving geometry, truth labels, and recovery guidance.","desktop-1440","Default / inherited","fallback-demo","Canonical record; provider/source; observation and ingestion time; freshness; quality; confidence; fallback reason.","Recovery action, source inspector, and route navigation remain operable.","State announced once; focus remains stable; meaning is not color-only.","Preserve source and confidence; prioritise content rather than shrinking desktop.","Market, discovery, instrument, timeseries, or provider service as declared by the route contract."
"QF-0324","24 — States and edge cases","Asset Rankings · permission-denied","#/asset-rankings","Asset Rankings permission-denied treatment preserving geometry, truth labels, and recovery guidance.","desktop-1440","Default / inherited","permission-denied","Canonical record; provider/source; observation and ingestion time; freshness; quality; confidence; fallback reason.","Recovery action, source inspector, and route navigation remain operable.","State announced once; focus remains stable; meaning is not color-only.","Preserve source and confidence; prioritise content rather than shrinking desktop.","Market, discovery, instrument, timeseries, or provider service as declared by the route contract."
"QF-0325","24 — States and edge cases","Asset Rankings · offline","#/asset-rankings","Asset Rankings offline treatment preserving geometry, truth labels, and recovery guidance.","desktop-1440","Default / inherited","offline","Canonical record; provider/source; observation and ingestion time; freshness; quality; confidence; fallback reason.","Recovery action, source inspector, and route navigation remain operable.","State announced once; focus remains stable; meaning is not color-only.","Preserve source and confidence; prioritise content rather than shrinking desktop.","Market, discovery, instrument, timeseries, or provider service as declared by the route contract."
"QF-0326","24 — States and edge cases","Asset Dossier · loading","#/asset","Asset Dossier loading treatment preserving geometry, truth labels, and recovery guidance.","desktop-1440","Default / inherited","loading","Canonical record; provider/source; observation and ingestion time; freshness; quality; confidence; fallback reason.","Recovery action, source inspector, and route navigation remain operable.","State announced once; focus remains stable; meaning is not color-only.","Preserve source and confidence; prioritise content rather than shrinking desktop.","Market, discovery, instrument, timeseries, or provider service as declared by the route contract."
"QF-0327","24 — States and edge cases","Asset Dossier · empty","#/asset","Asset Dossier empty treatment preserving geometry, truth labels, and recovery guidance.","desktop-1440","Default / inherited","empty","Canonical record; provider/source; observation and ingestion time; freshness; quality; confidence; fallback reason.","Recovery action, source inspector, and route navigation remain operable.","State announced once; focus remains stable; meaning is not color-only.","Preserve source and confidence; prioritise content rather than shrinking desktop.","Market, discovery, instrument, timeseries, or provider service as declared by the route contract."
"QF-0328","24 — States and edge cases","Asset Dossier · no-results","#/asset","Asset Dossier no-results treatment preserving geometry, truth labels, and recovery guidance.","desktop-1440","Default / inherited","no-results","Canonical record; provider/source; observation and ingestion time; freshness; quality; confidence; fallback reason.","Recovery action, source inspector, and route navigation remain operable.","State announced once; focus remains stable; meaning is not color-only.","Preserve source and confidence; prioritise content rather than shrinking desktop.","Market, discovery, instrument, timeseries, or provider service as declared by the route contract."
"QF-0329","24 — States and edge cases","Asset Dossier · partial-provider-failure","#/asset","Asset Dossier partial-provider-failure treatment preserving geometry, truth labels, and recovery guidance.","desktop-1440","Default / inherited","partial-provider-failure","Canonical record; provider/source; observation and ingestion time; freshness; quality; confidence; fallback reason.","Recovery action, source inspector, and route navigation remain operable.","State announced once; focus remains stable; meaning is not color-only.","Preserve source and confidence; prioritise content rather than shrinking desktop.","Market, discovery, instrument, timeseries, or provider service as declared by the route contract."
"QF-0330","24 — States and edge cases","Asset Dossier · stale","#/asset","Asset Dossier stale treatment preserving geometry, truth labels, and recovery guidance.","desktop-1440","Default / inherited","stale","Canonical record; provider/source; observation and ingestion time; freshness; quality; confidence; fallback reason.","Recovery action, source inspector, and route navigation remain operable.","State announced once; focus remains stable; meaning is not color-only.","Preserve source and confidence; prioritise content rather than shrinking desktop.","Market, discovery, instrument, timeseries, or provider service as declared by the route contract."
"QF-0331","24 — States and edge cases","Asset Dossier · fallback-demo","#/asset","Asset Dossier fallback-demo treatment preserving geometry, truth labels, and recovery guidance.","desktop-1440","Default / inherited","fallback-demo","Canonical record; provider/source; observation and ingestion time; freshness; quality; confidence; fallback reason.","Recovery action, source inspector, and route navigation remain operable.","State announced once; focus remains stable; meaning is not color-only.","Preserve source and confidence; prioritise content rather than shrinking desktop.","Market, discovery, instrument, timeseries, or provider service as declared by the route contract."
"QF-0332","24 — States and edge cases","Asset Dossier · permission-denied","#/asset","Asset Dossier permission-denied treatment preserving geometry, truth labels, and recovery guidance.","desktop-1440","Default / inherited","permission-denied","Canonical record; provider/source; observation and ingestion time; freshness; quality; confidence; fallback reason.","Recovery action, source inspector, and route navigation remain operable.","State announced once; focus remains stable; meaning is not color-only.","Preserve source and confidence; prioritise content rather than shrinking desktop.","Market, discovery, instrument, timeseries, or provider service as declared by the route contract."
"QF-0333","24 — States and edge cases","Asset Dossier · offline","#/asset","Asset Dossier offline treatment preserving geometry, truth labels, and recovery guidance.","desktop-1440","Default / inherited","offline","Canonical record; provider/source; observation and ingestion time; freshness; quality; confidence; fallback reason.","Recovery action, source inspector, and route navigation remain operable.","State announced once; focus remains stable; meaning is not color-only.","Preserve source and confidence; prioritise content rather than shrinking desktop.","Market, discovery, instrument, timeseries, or provider service as declared by the route contract."
"QF-0334","24 — States and edge cases","Advanced Chart Studio · loading","#/advanced-chart","Advanced Chart Studio loading treatment preserving geometry, truth labels, and recovery guidance.","desktop-1440","Default / inherited","loading","Canonical record; provider/source; observation and ingestion time; freshness; quality; confidence; fallback reason.","Recovery action, source inspector, and route navigation remain operable.","State announced once; focus remains stable; meaning is not color-only.","Preserve source and confidence; prioritise content rather than shrinking desktop.","Market, discovery, instrument, timeseries, or provider service as declared by the route contract."
"QF-0335","24 — States and edge cases","Advanced Chart Studio · empty","#/advanced-chart","Advanced Chart Studio empty treatment preserving geometry, truth labels, and recovery guidance.","desktop-1440","Default / inherited","empty","Canonical record; provider/source; observation and ingestion time; freshness; quality; confidence; fallback reason.","Recovery action, source inspector, and route navigation remain operable.","State announced once; focus remains stable; meaning is not color-only.","Preserve source and confidence; prioritise content rather than shrinking desktop.","Market, discovery, instrument, timeseries, or provider service as declared by the route contract."
"QF-0336","24 — States and edge cases","Advanced Chart Studio · no-results","#/advanced-chart","Advanced Chart Studio no-results treatment preserving geometry, truth labels, and recovery guidance.","desktop-1440","Default / inherited","no-results","Canonical record; provider/source; observation and ingestion time; freshness; quality; confidence; fallback reason.","Recovery action, source inspector, and route navigation remain operable.","State announced once; focus remains stable; meaning is not color-only.","Preserve source and confidence; prioritise content rather than shrinking desktop.","Market, discovery, instrument, timeseries, or provider service as declared by the route contract."
"QF-0337","24 — States and edge cases","Advanced Chart Studio · partial-provider-failure","#/advanced-chart","Advanced Chart Studio partial-provider-failure treatment preserving geometry, truth labels, and recovery guidance.","desktop-1440","Default / inherited","partial-provider-failure","Canonical record; provider/source; observation and ingestion time; freshness; quality; confidence; fallback reason.","Recovery action, source inspector, and route navigation remain operable.","State announced once; focus remains stable; meaning is not color-only.","Preserve source and confidence; prioritise content rather than shrinking desktop.","Market, discovery, instrument, timeseries, or provider service as declared by the route contract."
"QF-0338","24 — States and edge cases","Advanced Chart Studio · stale","#/advanced-chart","Advanced Chart Studio stale treatment preserving geometry, truth labels, and recovery guidance.","desktop-1440","Default / inherited","stale","Canonical record; provider/source; observation and ingestion time; freshness; quality; confidence; fallback reason.","Recovery action, source inspector, and route navigation remain operable.","State announced once; focus remains stable; meaning is not color-only.","Preserve source and confidence; prioritise content rather than shrinking desktop.","Market, discovery, instrument, timeseries, or provider service as declared by the route contract."
"QF-0339","24 — States and edge cases","Advanced Chart Studio · fallback-demo","#/advanced-chart","Advanced Chart Studio fallback-demo treatment preserving geometry, truth labels, and recovery guidance.","desktop-1440","Default / inherited","fallback-demo","Canonical record; provider/source; observation and ingestion time; freshness; quality; confidence; fallback reason.","Recovery action, source inspector, and route navigation remain operable.","State announced once; focus remains stable; meaning is not color-only.","Preserve source and confidence; prioritise content rather than shrinking desktop.","Market, discovery, instrument, timeseries, or provider service as declared by the route contract."
"QF-0340","24 — States and edge cases","Advanced Chart Studio · permission-denied","#/advanced-chart","Advanced Chart Studio permission-denied treatment preserving geometry, truth labels, and recovery guidance.","desktop-1440","Default / inherited","permission-denied","Canonical record; provider/source; observation and ingestion time; freshness; quality; confidence; fallback reason.","Recovery action, source inspector, and route navigation remain operable.","State announced once; focus remains stable; meaning is not color-only.","Preserve source and confidence; prioritise content rather than shrinking desktop.","Market, discovery, instrument, timeseries, or provider service as declared by the route contract."
"QF-0341","24 — States and edge cases","Advanced Chart Studio · offline","#/advanced-chart","Advanced Chart Studio offline treatment preserving geometry, truth labels, and recovery guidance.","desktop-1440","Default / inherited","offline","Canonical record; provider/source; observation and ingestion time; freshness; quality; confidence; fallback reason.","Recovery action, source inspector, and route navigation remain operable.","State announced once; focus remains stable; meaning is not color-only.","Preserve source and confidence; prioritise content rather than shrinking desktop.","Market, discovery, instrument, timeseries, or provider service as declared by the route contract."
"QF-0342","24 — States and edge cases","Decision Provenance · loading","#/decision-provenance","Decision Provenance loading treatment preserving geometry, truth labels, and recovery guidance.","desktop-1440","Default / inherited","loading","Canonical record; provider/source; observation and ingestion time; freshness; quality; confidence; fallback reason.","Recovery action, source inspector, and route navigation remain operable.","State announced once; focus remains stable; meaning is not color-only.","Preserve source and confidence; prioritise content rather than shrinking desktop.","Evidence, audit, methodology, and provider-status services."
"QF-0343","24 — States and edge cases","Decision Provenance · empty","#/decision-provenance","Decision Provenance empty treatment preserving geometry, truth labels, and recovery guidance.","desktop-1440","Default / inherited","empty","Canonical record; provider/source; observation and ingestion time; freshness; quality; confidence; fallback reason.","Recovery action, source inspector, and route navigation remain operable.","State announced once; focus remains stable; meaning is not color-only.","Preserve source and confidence; prioritise content rather than shrinking desktop.","Evidence, audit, methodology, and provider-status services."
"QF-0344","24 — States and edge cases","Decision Provenance · no-results","#/decision-provenance","Decision Provenance no-results treatment preserving geometry, truth labels, and recovery guidance.","desktop-1440","Default / inherited","no-results","Canonical record; provider/source; observation and ingestion time; freshness; quality; confidence; fallback reason.","Recovery action, source inspector, and route navigation remain operable.","State announced once; focus remains stable; meaning is not color-only.","Preserve source and confidence; prioritise content rather than shrinking desktop.","Evidence, audit, methodology, and provider-status services."
"QF-0345","24 — States and edge cases","Decision Provenance · partial-provider-failure","#/decision-provenance","Decision Provenance partial-provider-failure treatment preserving geometry, truth labels, and recovery guidance.","desktop-1440","Default / inherited","partial-provider-failure","Canonical record; provider/source; observation and ingestion time; freshness; quality; confidence; fallback reason.","Recovery action, source inspector, and route navigation remain operable.","State announced once; focus remains stable; meaning is not color-only.","Preserve source and confidence; prioritise content rather than shrinking desktop.","Evidence, audit, methodology, and provider-status services."
"QF-0346","24 — States and edge cases","Decision Provenance · stale","#/decision-provenance","Decision Provenance stale treatment preserving geometry, truth labels, and recovery guidance.","desktop-1440","Default / inherited","stale","Canonical record; provider/source; observation and ingestion time; freshness; quality; confidence; fallback reason.","Recovery action, source inspector, and route navigation remain operable.","State announced once; focus remains stable; meaning is not color-only.","Preserve source and confidence; prioritise content rather than shrinking desktop.","Evidence, audit, methodology, and provider-status services."
"QF-0347","24 — States and edge cases","Decision Provenance · fallback-demo","#/decision-provenance","Decision Provenance fallback-demo treatment preserving geometry, truth labels, and recovery guidance.","desktop-1440","Default / inherited","fallback-demo","Canonical record; provider/source; observation and ingestion time; freshness; quality; confidence; fallback reason.","Recovery action, source inspector, and route navigation remain operable.","State announced once; focus remains stable; meaning is not color-only.","Preserve source and confidence; prioritise content rather than shrinking desktop.","Evidence, audit, methodology, and provider-status services."
"QF-0348","24 — States and edge cases","Decision Provenance · permission-denied","#/decision-provenance","Decision Provenance permission-denied treatment preserving geometry, truth labels, and recovery guidance.","desktop-1440","Default / inherited","permission-denied","Canonical record; provider/source; observation and ingestion time; freshness; quality; confidence; fallback reason.","Recovery action, source inspector, and route navigation remain operable.","State announced once; focus remains stable; meaning is not color-only.","Preserve source and confidence; prioritise content rather than shrinking desktop.","Evidence, audit, methodology, and provider-status services."
"QF-0349","24 — States and edge cases","Decision Provenance · offline","#/decision-provenance","Decision Provenance offline treatment preserving geometry, truth labels, and recovery guidance.","desktop-1440","Default / inherited","offline","Canonical record; provider/source; observation and ingestion time; freshness; quality; confidence; fallback reason.","Recovery action, source inspector, and route navigation remain operable.","State announced once; focus remains stable; meaning is not color-only.","Preserve source and confidence; prioritise content rather than shrinking desktop.","Evidence, audit, methodology, and provider-status services."
"QF-0350","24 — States and edge cases","News & Research · loading","#/news-research","News & Research loading treatment preserving geometry, truth labels, and recovery guidance.","desktop-1440","Default / inherited","loading","Canonical record; provider/source; observation and ingestion time; freshness; quality; confidence; fallback reason.","Recovery action, source inspector, and route navigation remain operable.","State announced once; focus remains stable; meaning is not color-only.","Preserve source and confidence; prioritise content rather than shrinking desktop.","Research, evidence, event, or asset-intelligence service as declared by the route contract."
"QF-0351","24 — States and edge cases","News & Research · empty","#/news-research","News & Research empty treatment preserving geometry, truth labels, and recovery guidance.","desktop-1440","Default / inherited","empty","Canonical record; provider/source; observation and ingestion time; freshness; quality; confidence; fallback reason.","Recovery action, source inspector, and route navigation remain operable.","State announced once; focus remains stable; meaning is not color-only.","Preserve source and confidence; prioritise content rather than shrinking desktop.","Research, evidence, event, or asset-intelligence service as declared by the route contract."
"QF-0352","24 — States and edge cases","News & Research · no-results","#/news-research","News & Research no-results treatment preserving geometry, truth labels, and recovery guidance.","desktop-1440","Default / inherited","no-results","Canonical record; provider/source; observation and ingestion time; freshness; quality; confidence; fallback reason.","Recovery action, source inspector, and route navigation remain operable.","State announced once; focus remains stable; meaning is not color-only.","Preserve source and confidence; prioritise content rather than shrinking desktop.","Research, evidence, event, or asset-intelligence service as declared by the route contract."
"QF-0353","24 — States and edge cases","News & Research · partial-provider-failure","#/news-research","News & Research partial-provider-failure treatment preserving geometry, truth labels, and recovery guidance.","desktop-1440","Default / inherited","partial-provider-failure","Canonical record; provider/source; observation and ingestion time; freshness; quality; confidence; fallback reason.","Recovery action, source inspector, and route navigation remain operable.","State announced once; focus remains stable; meaning is not color-only.","Preserve source and confidence; prioritise content rather than shrinking desktop.","Research, evidence, event, or asset-intelligence service as declared by the route contract."
"QF-0354","24 — States and edge cases","News & Research · stale","#/news-research","News & Research stale treatment preserving geometry, truth labels, and recovery guidance.","desktop-1440","Default / inherited","stale","Canonical record; provider/source; observation and ingestion time; freshness; quality; confidence; fallback reason.","Recovery action, source inspector, and route navigation remain operable.","State announced once; focus remains stable; meaning is not color-only.","Preserve source and confidence; prioritise content rather than shrinking desktop.","Research, evidence, event, or asset-intelligence service as declared by the route contract."
"QF-0355","24 — States and edge cases","News & Research · fallback-demo","#/news-research","News & Research fallback-demo treatment preserving geometry, truth labels, and recovery guidance.","desktop-1440","Default / inherited","fallback-demo","Canonical record; provider/source; observation and ingestion time; freshness; quality; confidence; fallback reason.","Recovery action, source inspector, and route navigation remain operable.","State announced once; focus remains stable; meaning is not color-only.","Preserve source and confidence; prioritise content rather than shrinking desktop.","Research, evidence, event, or asset-intelligence service as declared by the route contract."
"QF-0356","24 — States and edge cases","News & Research · permission-denied","#/news-research","News & Research permission-denied treatment preserving geometry, truth labels, and recovery guidance.","desktop-1440","Default / inherited","permission-denied","Canonical record; provider/source; observation and ingestion time; freshness; quality; confidence; fallback reason.","Recovery action, source inspector, and route navigation remain operable.","State announced once; focus remains stable; meaning is not color-only.","Preserve source and confidence; prioritise content rather than shrinking desktop.","Research, evidence, event, or asset-intelligence service as declared by the route contract."
"QF-0357","24 — States and edge cases","News & Research · offline","#/news-research","News & Research offline treatment preserving geometry, truth labels, and recovery guidance.","desktop-1440","Default / inherited","offline","Canonical record; provider/source; observation and ingestion time; freshness; quality; confidence; fallback reason.","Recovery action, source inspector, and route navigation remain operable.","State announced once; focus remains stable; meaning is not color-only.","Preserve source and confidence; prioritise content rather than shrinking desktop.","Research, evidence, event, or asset-intelligence service as declared by the route contract."
"QF-0358","24 — States and edge cases","Portfolio Analytics · loading","#/portfolio-analytics","Portfolio Analytics loading treatment preserving geometry, truth labels, and recovery guidance.","desktop-1440","Default / inherited","loading","Canonical record; provider/source; observation and ingestion time; freshness; quality; confidence; fallback reason.","Recovery action, source inspector, and route navigation remain operable.","State announced once; focus remains stable; meaning is not color-only.","Preserve source and confidence; prioritise content rather than shrinking desktop.","Workspace, portfolio, screener, alert, notification, import, or research service."
"QF-0359","24 — States and edge cases","Portfolio Analytics · empty","#/portfolio-analytics","Portfolio Analytics empty treatment preserving geometry, truth labels, and recovery guidance.","desktop-1440","Default / inherited","empty","Canonical record; provider/source; observation and ingestion time; freshness; quality; confidence; fallback reason.","Recovery action, source inspector, and route navigation remain operable.","State announced once; focus remains stable; meaning is not color-only.","Preserve source and confidence; prioritise content rather than shrinking desktop.","Workspace, portfolio, screener, alert, notification, import, or research service."
"QF-0360","24 — States and edge cases","Portfolio Analytics · no-results","#/portfolio-analytics","Portfolio Analytics no-results treatment preserving geometry, truth labels, and recovery guidance.","desktop-1440","Default / inherited","no-results","Canonical record; provider/source; observation and ingestion time; freshness; quality; confidence; fallback reason.","Recovery action, source inspector, and route navigation remain operable.","State announced once; focus remains stable; meaning is not color-only.","Preserve source and confidence; prioritise content rather than shrinking desktop.","Workspace, portfolio, screener, alert, notification, import, or research service."
"QF-0361","24 — States and edge cases","Portfolio Analytics · partial-provider-failure","#/portfolio-analytics","Portfolio Analytics partial-provider-failure treatment preserving geometry, truth labels, and recovery guidance.","desktop-1440","Default / inherited","partial-provider-failure","Canonical record; provider/source; observation and ingestion time; freshness; quality; confidence; fallback reason.","Recovery action, source inspector, and route navigation remain operable.","State announced once; focus remains stable; meaning is not color-only.","Preserve source and confidence; prioritise content rather than shrinking desktop.","Workspace, portfolio, screener, alert, notification, import, or research service."
"QF-0362","24 — States and edge cases","Portfolio Analytics · stale","#/portfolio-analytics","Portfolio Analytics stale treatment preserving geometry, truth labels, and recovery guidance.","desktop-1440","Default / inherited","stale","Canonical record; provider/source; observation and ingestion time; freshness; quality; confidence; fallback reason.","Recovery action, source inspector, and route navigation remain operable.","State announced once; focus remains stable; meaning is not color-only.","Preserve source and confidence; prioritise content rather than shrinking desktop.","Workspace, portfolio, screener, alert, notification, import, or research service."
"QF-0363","24 — States and edge cases","Portfolio Analytics · fallback-demo","#/portfolio-analytics","Portfolio Analytics fallback-demo treatment preserving geometry, truth labels, and recovery guidance.","desktop-1440","Default / inherited","fallback-demo","Canonical record; provider/source; observation and ingestion time; freshness; quality; confidence; fallback reason.","Recovery action, source inspector, and route navigation remain operable.","State announced once; focus remains stable; meaning is not color-only.","Preserve source and confidence; prioritise content rather than shrinking desktop.","Workspace, portfolio, screener, alert, notification, import, or research service."
"QF-0364","24 — States and edge cases","Portfolio Analytics · permission-denied","#/portfolio-analytics","Portfolio Analytics permission-denied treatment preserving geometry, truth labels, and recovery guidance.","desktop-1440","Default / inherited","permission-denied","Canonical record; provider/source; observation and ingestion time; freshness; quality; confidence; fallback reason.","Recovery action, source inspector, and route navigation remain operable.","State announced once; focus remains stable; meaning is not color-only.","Preserve source and confidence; prioritise content rather than shrinking desktop.","Workspace, portfolio, screener, alert, notification, import, or research service."
"QF-0365","24 — States and edge cases","Portfolio Analytics · offline","#/portfolio-analytics","Portfolio Analytics offline treatment preserving geometry, truth labels, and recovery guidance.","desktop-1440","Default / inherited","offline","Canonical record; provider/source; observation and ingestion time; freshness; quality; confidence; fallback reason.","Recovery action, source inspector, and route navigation remain operable.","State announced once; focus remains stable; meaning is not color-only.","Preserve source and confidence; prioritise content rather than shrinking desktop.","Workspace, portfolio, screener, alert, notification, import, or research service."
"QF-0366","24 — States and edge cases","Watchlists · loading","#/watchlist","Watchlists loading treatment preserving geometry, truth labels, and recovery guidance.","desktop-1440","Default / inherited","loading","Canonical record; provider/source; observation and ingestion time; freshness; quality; confidence; fallback reason.","Recovery action, source inspector, and route navigation remain operable.","State announced once; focus remains stable; meaning is not color-only.","Preserve source and confidence; prioritise content rather than shrinking desktop.","Workspace, portfolio, screener, alert, notification, import, or research service."
"QF-0367","24 — States and edge cases","Watchlists · empty","#/watchlist","Watchlists empty treatment preserving geometry, truth labels, and recovery guidance.","desktop-1440","Default / inherited","empty","Canonical record; provider/source; observation and ingestion time; freshness; quality; confidence; fallback reason.","Recovery action, source inspector, and route navigation remain operable.","State announced once; focus remains stable; meaning is not color-only.","Preserve source and confidence; prioritise content rather than shrinking desktop.","Workspace, portfolio, screener, alert, notification, import, or research service."
"QF-0368","24 — States and edge cases","Watchlists · no-results","#/watchlist","Watchlists no-results treatment preserving geometry, truth labels, and recovery guidance.","desktop-1440","Default / inherited","no-results","Canonical record; provider/source; observation and ingestion time; freshness; quality; confidence; fallback reason.","Recovery action, source inspector, and route navigation remain operable.","State announced once; focus remains stable; meaning is not color-only.","Preserve source and confidence; prioritise content rather than shrinking desktop.","Workspace, portfolio, screener, alert, notification, import, or research service."
"QF-0369","24 — States and edge cases","Watchlists · partial-provider-failure","#/watchlist","Watchlists partial-provider-failure treatment preserving geometry, truth labels, and recovery guidance.","desktop-1440","Default / inherited","partial-provider-failure","Canonical record; provider/source; observation and ingestion time; freshness; quality; confidence; fallback reason.","Recovery action, source inspector, and route navigation remain operable.","State announced once; focus remains stable; meaning is not color-only.","Preserve source and confidence; prioritise content rather than shrinking desktop.","Workspace, portfolio, screener, alert, notification, import, or research service."
"QF-0370","24 — States and edge cases","Watchlists · stale","#/watchlist","Watchlists stale treatment preserving geometry, truth labels, and recovery guidance.","desktop-1440","Default / inherited","stale","Canonical record; provider/source; observation and ingestion time; freshness; quality; confidence; fallback reason.","Recovery action, source inspector, and route navigation remain operable.","State announced once; focus remains stable; meaning is not color-only.","Preserve source and confidence; prioritise content rather than shrinking desktop.","Workspace, portfolio, screener, alert, notification, import, or research service."
"QF-0371","24 — States and edge cases","Watchlists · fallback-demo","#/watchlist","Watchlists fallback-demo treatment preserving geometry, truth labels, and recovery guidance.","desktop-1440","Default / inherited","fallback-demo","Canonical record; provider/source; observation and ingestion time; freshness; quality; confidence; fallback reason.","Recovery action, source inspector, and route navigation remain operable.","State announced once; focus remains stable; meaning is not color-only.","Preserve source and confidence; prioritise content rather than shrinking desktop.","Workspace, portfolio, screener, alert, notification, import, or research service."
"QF-0372","24 — States and edge cases","Watchlists · permission-denied","#/watchlist","Watchlists permission-denied treatment preserving geometry, truth labels, and recovery guidance.","desktop-1440","Default / inherited","permission-denied","Canonical record; provider/source; observation and ingestion time; freshness; quality; confidence; fallback reason.","Recovery action, source inspector, and route navigation remain operable.","State announced once; focus remains stable; meaning is not color-only.","Preserve source and confidence; prioritise content rather than shrinking desktop.","Workspace, portfolio, screener, alert, notification, import, or research service."
"QF-0373","24 — States and edge cases","Watchlists · offline","#/watchlist","Watchlists offline treatment preserving geometry, truth labels, and recovery guidance.","desktop-1440","Default / inherited","offline","Canonical record; provider/source; observation and ingestion time; freshness; quality; confidence; fallback reason.","Recovery action, source inspector, and route navigation remain operable.","State announced once; focus remains stable; meaning is not color-only.","Preserve source and confidence; prioritise content rather than shrinking desktop.","Workspace, portfolio, screener, alert, notification, import, or research service."
"QF-0374","24 — States and edge cases","Screener Lab · loading","#/screener-lab","Screener Lab loading treatment preserving geometry, truth labels, and recovery guidance.","desktop-1440","Default / inherited","loading","Canonical record; provider/source; observation and ingestion time; freshness; quality; confidence; fallback reason.","Recovery action, source inspector, and route navigation remain operable.","State announced once; focus remains stable; meaning is not color-only.","Preserve source and confidence; prioritise content rather than shrinking desktop.","Workspace, portfolio, screener, alert, notification, import, or research service."
"QF-0375","24 — States and edge cases","Screener Lab · empty","#/screener-lab","Screener Lab empty treatment preserving geometry, truth labels, and recovery guidance.","desktop-1440","Default / inherited","empty","Canonical record; provider/source; observation and ingestion time; freshness; quality; confidence; fallback reason.","Recovery action, source inspector, and route navigation remain operable.","State announced once; focus remains stable; meaning is not color-only.","Preserve source and confidence; prioritise content rather than shrinking desktop.","Workspace, portfolio, screener, alert, notification, import, or research service."
"QF-0376","24 — States and edge cases","Screener Lab · no-results","#/screener-lab","Screener Lab no-results treatment preserving geometry, truth labels, and recovery guidance.","desktop-1440","Default / inherited","no-results","Canonical record; provider/source; observation and ingestion time; freshness; quality; confidence; fallback reason.","Recovery action, source inspector, and route navigation remain operable.","State announced once; focus remains stable; meaning is not color-only.","Preserve source and confidence; prioritise content rather than shrinking desktop.","Workspace, portfolio, screener, alert, notification, import, or research service."
"QF-0377","24 — States and edge cases","Screener Lab · partial-provider-failure","#/screener-lab","Screener Lab partial-provider-failure treatment preserving geometry, truth labels, and recovery guidance.","desktop-1440","Default / inherited","partial-provider-failure","Canonical record; provider/source; observation and ingestion time; freshness; quality; confidence; fallback reason.","Recovery action, source inspector, and route navigation remain operable.","State announced once; focus remains stable; meaning is not color-only.","Preserve source and confidence; prioritise content rather than shrinking desktop.","Workspace, portfolio, screener, alert, notification, import, or research service."
"QF-0378","24 — States and edge cases","Screener Lab · stale","#/screener-lab","Screener Lab stale treatment preserving geometry, truth labels, and recovery guidance.","desktop-1440","Default / inherited","stale","Canonical record; provider/source; observation and ingestion time; freshness; quality; confidence; fallback reason.","Recovery action, source inspector, and route navigation remain operable.","State announced once; focus remains stable; meaning is not color-only.","Preserve source and confidence; prioritise content rather than shrinking desktop.","Workspace, portfolio, screener, alert, notification, import, or research service."
"QF-0379","24 — States and edge cases","Screener Lab · fallback-demo","#/screener-lab","Screener Lab fallback-demo treatment preserving geometry, truth labels, and recovery guidance.","desktop-1440","Default / inherited","fallback-demo","Canonical record; provider/source; observation and ingestion time; freshness; quality; confidence; fallback reason.","Recovery action, source inspector, and route navigation remain operable.","State announced once; focus remains stable; meaning is not color-only.","Preserve source and confidence; prioritise content rather than shrinking desktop.","Workspace, portfolio, screener, alert, notification, import, or research service."
"QF-0380","24 — States and edge cases","Screener Lab · permission-denied","#/screener-lab","Screener Lab permission-denied treatment preserving geometry, truth labels, and recovery guidance.","desktop-1440","Default / inherited","permission-denied","Canonical record; provider/source; observation and ingestion time; freshness; quality; confidence; fallback reason.","Recovery action, source inspector, and route navigation remain operable.","State announced once; focus remains stable; meaning is not color-only.","Preserve source and confidence; prioritise content rather than shrinking desktop.","Workspace, portfolio, screener, alert, notification, import, or research service."
"QF-0381","24 — States and edge cases","Screener Lab · offline","#/screener-lab","Screener Lab offline treatment preserving geometry, truth labels, and recovery guidance.","desktop-1440","Default / inherited","offline","Canonical record; provider/source; observation and ingestion time; freshness; quality; confidence; fallback reason.","Recovery action, source inspector, and route navigation remain operable.","State announced once; focus remains stable; meaning is not color-only.","Preserve source and confidence; prioritise content rather than shrinking desktop.","Workspace, portfolio, screener, alert, notification, import, or research service."
"QF-0382","24 — States and edge cases","Live Market Command · loading","#/live-markets","Live Market Command loading treatment preserving geometry, truth labels, and recovery guidance.","desktop-1440","Default / inherited","loading","Canonical record; provider/source; observation and ingestion time; freshness; quality; confidence; fallback reason.","Recovery action, source inspector, and route navigation remain operable.","State announced once; focus remains stable; meaning is not color-only.","Preserve source and confidence; prioritise content rather than shrinking desktop.","Market, discovery, instrument, timeseries, or provider service as declared by the route contract."
"QF-0383","24 — States and edge cases","Live Market Command · empty","#/live-markets","Live Market Command empty treatment preserving geometry, truth labels, and recovery guidance.","desktop-1440","Default / inherited","empty","Canonical record; provider/source; observation and ingestion time; freshness; quality; confidence; fallback reason.","Recovery action, source inspector, and route navigation remain operable.","State announced once; focus remains stable; meaning is not color-only.","Preserve source and confidence; prioritise content rather than shrinking desktop.","Market, discovery, instrument, timeseries, or provider service as declared by the route contract."
"QF-0384","24 — States and edge cases","Live Market Command · no-results","#/live-markets","Live Market Command no-results treatment preserving geometry, truth labels, and recovery guidance.","desktop-1440","Default / inherited","no-results","Canonical record; provider/source; observation and ingestion time; freshness; quality; confidence; fallback reason.","Recovery action, source inspector, and route navigation remain operable.","State announced once; focus remains stable; meaning is not color-only.","Preserve source and confidence; prioritise content rather than shrinking desktop.","Market, discovery, instrument, timeseries, or provider service as declared by the route contract."
"QF-0385","24 — States and edge cases","Live Market Command · partial-provider-failure","#/live-markets","Live Market Command partial-provider-failure treatment preserving geometry, truth labels, and recovery guidance.","desktop-1440","Default / inherited","partial-provider-failure","Canonical record; provider/source; observation and ingestion time; freshness; quality; confidence; fallback reason.","Recovery action, source inspector, and route navigation remain operable.","State announced once; focus remains stable; meaning is not color-only.","Preserve source and confidence; prioritise content rather than shrinking desktop.","Market, discovery, instrument, timeseries, or provider service as declared by the route contract."
"QF-0386","24 — States and edge cases","Live Market Command · stale","#/live-markets","Live Market Command stale treatment preserving geometry, truth labels, and recovery guidance.","desktop-1440","Default / inherited","stale","Canonical record; provider/source; observation and ingestion time; freshness; quality; confidence; fallback reason.","Recovery action, source inspector, and route navigation remain operable.","State announced once; focus remains stable; meaning is not color-only.","Preserve source and confidence; prioritise content rather than shrinking desktop.","Market, discovery, instrument, timeseries, or provider service as declared by the route contract."
"QF-0387","24 — States and edge cases","Live Market Command · fallback-demo","#/live-markets","Live Market Command fallback-demo treatment preserving geometry, truth labels, and recovery guidance.","desktop-1440","Default / inherited","fallback-demo","Canonical record; provider/source; observation and ingestion time; freshness; quality; confidence; fallback reason.","Recovery action, source inspector, and route navigation remain operable.","State announced once; focus remains stable; meaning is not color-only.","Preserve source and confidence; prioritise content rather than shrinking desktop.","Market, discovery, instrument, timeseries, or provider service as declared by the route contract."
"QF-0388","24 — States and edge cases","Live Market Command · permission-denied","#/live-markets","Live Market Command permission-denied treatment preserving geometry, truth labels, and recovery guidance.","desktop-1440","Default / inherited","permission-denied","Canonical record; provider/source; observation and ingestion time; freshness; quality; confidence; fallback reason.","Recovery action, source inspector, and route navigation remain operable.","State announced once; focus remains stable; meaning is not color-only.","Preserve source and confidence; prioritise content rather than shrinking desktop.","Market, discovery, instrument, timeseries, or provider service as declared by the route contract."
"QF-0389","24 — States and edge cases","Live Market Command · offline","#/live-markets","Live Market Command offline treatment preserving geometry, truth labels, and recovery guidance.","desktop-1440","Default / inherited","offline","Canonical record; provider/source; observation and ingestion time; freshness; quality; confidence; fallback reason.","Recovery action, source inspector, and route navigation remain operable.","State announced once; focus remains stable; meaning is not color-only.","Preserve source and confidence; prioritise content rather than shrinking desktop.","Market, discovery, instrument, timeseries, or provider service as declared by the route contract."
"QF-0390","24 — States and edge cases","Trust Center · loading","#/trust-center","Trust Center loading treatment preserving geometry, truth labels, and recovery guidance.","desktop-1440","Default / inherited","loading","Canonical record; provider/source; observation and ingestion time; freshness; quality; confidence; fallback reason.","Recovery action, source inspector, and route navigation remain operable.","State announced once; focus remains stable; meaning is not color-only.","Preserve source and confidence; prioritise content rather than shrinking desktop.","Evidence, audit, methodology, and provider-status services."
"QF-0391","24 — States and edge cases","Trust Center · empty","#/trust-center","Trust Center empty treatment preserving geometry, truth labels, and recovery guidance.","desktop-1440","Default / inherited","empty","Canonical record; provider/source; observation and ingestion time; freshness; quality; confidence; fallback reason.","Recovery action, source inspector, and route navigation remain operable.","State announced once; focus remains stable; meaning is not color-only.","Preserve source and confidence; prioritise content rather than shrinking desktop.","Evidence, audit, methodology, and provider-status services."
"QF-0392","24 — States and edge cases","Trust Center · no-results","#/trust-center","Trust Center no-results treatment preserving geometry, truth labels, and recovery guidance.","desktop-1440","Default / inherited","no-results","Canonical record; provider/source; observation and ingestion time; freshness; quality; confidence; fallback reason.","Recovery action, source inspector, and route navigation remain operable.","State announced once; focus remains stable; meaning is not color-only.","Preserve source and confidence; prioritise content rather than shrinking desktop.","Evidence, audit, methodology, and provider-status services."
"QF-0393","24 — States and edge cases","Trust Center · partial-provider-failure","#/trust-center","Trust Center partial-provider-failure treatment preserving geometry, truth labels, and recovery guidance.","desktop-1440","Default / inherited","partial-provider-failure","Canonical record; provider/source; observation and ingestion time; freshness; quality; confidence; fallback reason.","Recovery action, source inspector, and route navigation remain operable.","State announced once; focus remains stable; meaning is not color-only.","Preserve source and confidence; prioritise content rather than shrinking desktop.","Evidence, audit, methodology, and provider-status services."
"QF-0394","24 — States and edge cases","Trust Center · stale","#/trust-center","Trust Center stale treatment preserving geometry, truth labels, and recovery guidance.","desktop-1440","Default / inherited","stale","Canonical record; provider/source; observation and ingestion time; freshness; quality; confidence; fallback reason.","Recovery action, source inspector, and route navigation remain operable.","State announced once; focus remains stable; meaning is not color-only.","Preserve source and confidence; prioritise content rather than shrinking desktop.","Evidence, audit, methodology, and provider-status services."
"QF-0395","24 — States and edge cases","Trust Center · fallback-demo","#/trust-center","Trust Center fallback-demo treatment preserving geometry, truth labels, and recovery guidance.","desktop-1440","Default / inherited","fallback-demo","Canonical record; provider/source; observation and ingestion time; freshness; quality; confidence; fallback reason.","Recovery action, source inspector, and route navigation remain operable.","State announced once; focus remains stable; meaning is not color-only.","Preserve source and confidence; prioritise content rather than shrinking desktop.","Evidence, audit, methodology, and provider-status services."
"QF-0396","24 — States and edge cases","Trust Center · permission-denied","#/trust-center","Trust Center permission-denied treatment preserving geometry, truth labels, and recovery guidance.","desktop-1440","Default / inherited","permission-denied","Canonical record; provider/source; observation and ingestion time; freshness; quality; confidence; fallback reason.","Recovery action, source inspector, and route navigation remain operable.","State announced once; focus remains stable; meaning is not color-only.","Preserve source and confidence; prioritise content rather than shrinking desktop.","Evidence, audit, methodology, and provider-status services."
"QF-0397","24 — States and edge cases","Trust Center · offline","#/trust-center","Trust Center offline treatment preserving geometry, truth labels, and recovery guidance.","desktop-1440","Default / inherited","offline","Canonical record; provider/source; observation and ingestion time; freshness; quality; confidence; fallback reason.","Recovery action, source inspector, and route navigation remain operable.","State announced once; focus remains stable; meaning is not color-only.","Preserve source and confidence; prioritise content rather than shrinking desktop.","Evidence, audit, methodology, and provider-status services."
"QF-0398","24 — States and edge cases","Theme Personas · loading","#/theme-personas","Theme Personas loading treatment preserving geometry, truth labels, and recovery guidance.","desktop-1440","Default / inherited","loading","Canonical record; provider/source; observation and ingestion time; freshness; quality; confidence; fallback reason.","Recovery action, source inspector, and route navigation remain operable.","State announced once; focus remains stable; meaning is not color-only.","Preserve source and confidence; prioritise content rather than shrinking desktop.","Layout preference service; visual fallback remains local."
"QF-0399","24 — States and edge cases","Theme Personas · empty","#/theme-personas","Theme Personas empty treatment preserving geometry, truth labels, and recovery guidance.","desktop-1440","Default / inherited","empty","Canonical record; provider/source; observation and ingestion time; freshness; quality; confidence; fallback reason.","Recovery action, source inspector, and route navigation remain operable.","State announced once; focus remains stable; meaning is not color-only.","Preserve source and confidence; prioritise content rather than shrinking desktop.","Layout preference service; visual fallback remains local."
"QF-0400","24 — States and edge cases","Theme Personas · no-results","#/theme-personas","Theme Personas no-results treatment preserving geometry, truth labels, and recovery guidance.","desktop-1440","Default / inherited","no-results","Canonical record; provider/source; observation and ingestion time; freshness; quality; confidence; fallback reason.","Recovery action, source inspector, and route navigation remain operable.","State announced once; focus remains stable; meaning is not color-only.","Preserve source and confidence; prioritise content rather than shrinking desktop.","Layout preference service; visual fallback remains local."
"QF-0401","24 — States and edge cases","Theme Personas · partial-provider-failure","#/theme-personas","Theme Personas partial-provider-failure treatment preserving geometry, truth labels, and recovery guidance.","desktop-1440","Default / inherited","partial-provider-failure","Canonical record; provider/source; observation and ingestion time; freshness; quality; confidence; fallback reason.","Recovery action, source inspector, and route navigation remain operable.","State announced once; focus remains stable; meaning is not color-only.","Preserve source and confidence; prioritise content rather than shrinking desktop.","Layout preference service; visual fallback remains local."
"QF-0402","24 — States and edge cases","Theme Personas · stale","#/theme-personas","Theme Personas stale treatment preserving geometry, truth labels, and recovery guidance.","desktop-1440","Default / inherited","stale","Canonical record; provider/source; observation and ingestion time; freshness; quality; confidence; fallback reason.","Recovery action, source inspector, and route navigation remain operable.","State announced once; focus remains stable; meaning is not color-only.","Preserve source and confidence; prioritise content rather than shrinking desktop.","Layout preference service; visual fallback remains local."
"QF-0403","24 — States and edge cases","Theme Personas · fallback-demo","#/theme-personas","Theme Personas fallback-demo treatment preserving geometry, truth labels, and recovery guidance.","desktop-1440","Default / inherited","fallback-demo","Canonical record; provider/source; observation and ingestion time; freshness; quality; confidence; fallback reason.","Recovery action, source inspector, and route navigation remain operable.","State announced once; focus remains stable; meaning is not color-only.","Preserve source and confidence; prioritise content rather than shrinking desktop.","Layout preference service; visual fallback remains local."
"QF-0404","24 — States and edge cases","Theme Personas · permission-denied","#/theme-personas","Theme Personas permission-denied treatment preserving geometry, truth labels, and recovery guidance.","desktop-1440","Default / inherited","permission-denied","Canonical record; provider/source; observation and ingestion time; freshness; quality; confidence; fallback reason.","Recovery action, source inspector, and route navigation remain operable.","State announced once; focus remains stable; meaning is not color-only.","Preserve source and confidence; prioritise content rather than shrinking desktop.","Layout preference service; visual fallback remains local."
"QF-0405","24 — States and edge cases","Theme Personas · offline","#/theme-personas","Theme Personas offline treatment preserving geometry, truth labels, and recovery guidance.","desktop-1440","Default / inherited","offline","Canonical record; provider/source; observation and ingestion time; freshness; quality; confidence; fallback reason.","Recovery action, source inspector, and route navigation remain operable.","State announced once; focus remains stable; meaning is not color-only.","Preserve source and confidence; prioritise content rather than shrinking desktop.","Layout preference service; visual fallback remains local."
"QF-0406","09 — Navigation architecture","Overlay · Universal command search","global-overlay","Editable Universal command search interaction with bounded focus and explicit context.","mobile-390","All personas","overlay-open","Canonical record; provider/source; observation and ingestion time; freshness; quality; confidence; fallback reason.","Escape closes when modal; focus is bounded and returns to the trigger.","Named control, logical focus order, visible focus, and no keyboard trap.","Sheet or full-width drawer on mobile; anchored panel or dialog on desktop.","Inherited from invoking route; static preview rejects mutations."
"QF-0407","09 — Navigation architecture","Overlay · Global asset search","global-overlay","Editable Global asset search interaction with bounded focus and explicit context.","desktop-1440","All personas","overlay-open","Canonical record; provider/source; observation and ingestion time; freshness; quality; confidence; fallback reason.","Escape closes when modal; focus is bounded and returns to the trigger.","Named control, logical focus order, visible focus, and no keyboard trap.","Sheet or full-width drawer on mobile; anchored panel or dialog on desktop.","Inherited from invoking route; static preview rejects mutations."
"QF-0408","09 — Navigation architecture","Overlay · Category navigator expanded","global-overlay","Editable Category navigator expanded interaction with bounded focus and explicit context.","desktop-1440","All personas","overlay-open","Canonical record; provider/source; observation and ingestion time; freshness; quality; confidence; fallback reason.","Escape closes when modal; focus is bounded and returns to the trigger.","Named control, logical focus order, visible focus, and no keyboard trap.","Sheet or full-width drawer on mobile; anchored panel or dialog on desktop.","Inherited from invoking route; static preview rejects mutations."
"QF-0409","09 — Navigation architecture","Overlay · Workspace switcher","global-overlay","Editable Workspace switcher interaction with bounded focus and explicit context.","mobile-390","All personas","overlay-open","Canonical record; provider/source; observation and ingestion time; freshness; quality; confidence; fallback reason.","Escape closes when modal; focus is bounded and returns to the trigger.","Named control, logical focus order, visible focus, and no keyboard trap.","Sheet or full-width drawer on mobile; anchored panel or dialog on desktop.","Inherited from invoking route; static preview rejects mutations."
"QF-0410","09 — Navigation architecture","Overlay · Compare tray","global-overlay","Editable Compare tray interaction with bounded focus and explicit context.","desktop-1440","All personas","overlay-open","Canonical record; provider/source; observation and ingestion time; freshness; quality; confidence; fallback reason.","Escape closes when modal; focus is bounded and returns to the trigger.","Named control, logical focus order, visible focus, and no keyboard trap.","Sheet or full-width drawer on mobile; anchored panel or dialog on desktop.","Inherited from invoking route; static preview rejects mutations."
"QF-0411","09 — Navigation architecture","Overlay · Watchlist action","global-overlay","Editable Watchlist action interaction with bounded focus and explicit context.","desktop-1440","All personas","overlay-open","Canonical record; provider/source; observation and ingestion time; freshness; quality; confidence; fallback reason.","Escape closes when modal; focus is bounded and returns to the trigger.","Named control, logical focus order, visible focus, and no keyboard trap.","Sheet or full-width drawer on mobile; anchored panel or dialog on desktop.","Inherited from invoking route; static preview rejects mutations."
"QF-0412","09 — Navigation architecture","Overlay · Explain This Move launcher","global-overlay","Editable Explain This Move launcher interaction with bounded focus and explicit context.","mobile-390","All personas","overlay-open","Canonical record; provider/source; observation and ingestion time; freshness; quality; confidence; fallback reason.","Escape closes when modal; focus is bounded and returns to the trigger.","Named control, logical focus order, visible focus, and no keyboard trap.","Sheet or full-width drawer on mobile; anchored panel or dialog on desktop.","Inherited from invoking route; static preview rejects mutations."
"QF-0413","09 — Navigation architecture","Overlay · Notification center","global-overlay","Editable Notification center interaction with bounded focus and explicit context.","desktop-1440","All personas","overlay-open","Canonical record; provider/source; observation and ingestion time; freshness; quality; confidence; fallback reason.","Escape closes when modal; focus is bounded and returns to the trigger.","Named control, logical focus order, visible focus, and no keyboard trap.","Sheet or full-width drawer on mobile; anchored panel or dialog on desktop.","Inherited from invoking route; static preview rejects mutations."
"QF-0414","09 — Navigation architecture","Overlay · Account panel","global-overlay","Editable Account panel interaction with bounded focus and explicit context.","desktop-1440","All personas","overlay-open","Canonical record; provider/source; observation and ingestion time; freshness; quality; confidence; fallback reason.","Escape closes when modal; focus is bounded and returns to the trigger.","Named control, logical focus order, visible focus, and no keyboard trap.","Sheet or full-width drawer on mobile; anchored panel or dialog on desktop.","Inherited from invoking route; static preview rejects mutations."
"QF-0415","09 — Navigation architecture","Overlay · Mobile navigation","global-overlay","Editable Mobile navigation interaction with bounded focus and explicit context.","mobile-390","All personas","overlay-open","Canonical record; provider/source; observation and ingestion time; freshness; quality; confidence; fallback reason.","Escape closes when modal; focus is bounded and returns to the trigger.","Named control, logical focus order, visible focus, and no keyboard trap.","Sheet or full-width drawer on mobile; anchored panel or dialog on desktop.","Inherited from invoking route; static preview rejects mutations."
"QF-0416","10 — Components","Overlay · Filter sheet","global-overlay","Editable Filter sheet interaction with bounded focus and explicit context.","desktop-1440","All personas","overlay-open","Canonical record; provider/source; observation and ingestion time; freshness; quality; confidence; fallback reason.","Escape closes when modal; focus is bounded and returns to the trigger.","Named control, logical focus order, visible focus, and no keyboard trap.","Sheet or full-width drawer on mobile; anchored panel or dialog on desktop.","Inherited from invoking route; static preview rejects mutations."
"QF-0417","10 — Components","Overlay · Column customizer","global-overlay","Editable Column customizer interaction with bounded focus and explicit context.","desktop-1440","All personas","overlay-open","Canonical record; provider/source; observation and ingestion time; freshness; quality; confidence; fallback reason.","Escape closes when modal; focus is bounded and returns to the trigger.","Named control, logical focus order, visible focus, and no keyboard trap.","Sheet or full-width drawer on mobile; anchored panel or dialog on desktop.","Inherited from invoking route; static preview rejects mutations."
"QF-0418","10 — Components","Overlay · Density selector","global-overlay","Editable Density selector interaction with bounded focus and explicit context.","mobile-390","All personas","overlay-open","Canonical record; provider/source; observation and ingestion time; freshness; quality; confidence; fallback reason.","Escape closes when modal; focus is bounded and returns to the trigger.","Named control, logical focus order, visible focus, and no keyboard trap.","Sheet or full-width drawer on mobile; anchored panel or dialog on desktop.","Inherited from invoking route; static preview rejects mutations."
"QF-0419","10 — Components","Overlay · Chart toolbar","global-overlay","Editable Chart toolbar interaction with bounded focus and explicit context.","desktop-1440","All personas","overlay-open","Canonical record; provider/source; observation and ingestion time; freshness; quality; confidence; fallback reason.","Escape closes when modal; focus is bounded and returns to the trigger.","Named control, logical focus order, visible focus, and no keyboard trap.","Sheet or full-width drawer on mobile; anchored panel or dialog on desktop.","Inherited from invoking route; static preview rejects mutations."
"QF-0420","13 — Provenance components","Overlay · Evidence panel","global-overlay","Editable Evidence panel interaction with bounded focus and explicit context.","desktop-1440","All personas","overlay-open","Canonical record; provider/source; observation and ingestion time; freshness; quality; confidence; fallback reason.","Escape closes when modal; focus is bounded and returns to the trigger.","Named control, logical focus order, visible focus, and no keyboard trap.","Sheet or full-width drawer on mobile; anchored panel or dialog on desktop.","Inherited from invoking route; static preview rejects mutations."
"QF-0421","13 — Provenance components","Overlay · Provenance inspector","global-overlay","Editable Provenance inspector interaction with bounded focus and explicit context.","mobile-390","All personas","overlay-open","Canonical record; provider/source; observation and ingestion time; freshness; quality; confidence; fallback reason.","Escape closes when modal; focus is bounded and returns to the trigger.","Named control, logical focus order, visible focus, and no keyboard trap.","Sheet or full-width drawer on mobile; anchored panel or dialog on desktop.","Inherited from invoking route; static preview rejects mutations."
"QF-0422","13 — Provenance components","Overlay · Source tooltip","global-overlay","Editable Source tooltip interaction with bounded focus and explicit context.","desktop-1440","All personas","overlay-open","Canonical record; provider/source; observation and ingestion time; freshness; quality; confidence; fallback reason.","Escape closes when modal; focus is bounded and returns to the trigger.","Named control, logical focus order, visible focus, and no keyboard trap.","Sheet or full-width drawer on mobile; anchored panel or dialog on desktop.","Inherited from invoking route; static preview rejects mutations."
"QF-0423","10 — Components","Overlay · Confidence details","global-overlay","Editable Confidence details interaction with bounded focus and explicit context.","desktop-1440","All personas","overlay-open","Canonical record; provider/source; observation and ingestion time; freshness; quality; confidence; fallback reason.","Escape closes when modal; focus is bounded and returns to the trigger.","Named control, logical focus order, visible focus, and no keyboard trap.","Sheet or full-width drawer on mobile; anchored panel or dialog on desktop.","Inherited from invoking route; static preview rejects mutations."
"QF-0424","10 — Components","Overlay · Freshness details","global-overlay","Editable Freshness details interaction with bounded focus and explicit context.","mobile-390","All personas","overlay-open","Canonical record; provider/source; observation and ingestion time; freshness; quality; confidence; fallback reason.","Escape closes when modal; focus is bounded and returns to the trigger.","Named control, logical focus order, visible focus, and no keyboard trap.","Sheet or full-width drawer on mobile; anchored panel or dialog on desktop.","Inherited from invoking route; static preview rejects mutations."
"QF-0425","10 — Components","Overlay · Provider status","global-overlay","Editable Provider status interaction with bounded focus and explicit context.","desktop-1440","All personas","overlay-open","Canonical record; provider/source; observation and ingestion time; freshness; quality; confidence; fallback reason.","Escape closes when modal; focus is bounded and returns to the trigger.","Named control, logical focus order, visible focus, and no keyboard trap.","Sheet or full-width drawer on mobile; anchored panel or dialog on desktop.","Inherited from invoking route; static preview rejects mutations."
"QF-0426","10 — Components","Overlay · Saved-view menu","global-overlay","Editable Saved-view menu interaction with bounded focus and explicit context.","desktop-1440","All personas","overlay-open","Canonical record; provider/source; observation and ingestion time; freshness; quality; confidence; fallback reason.","Escape closes when modal; focus is bounded and returns to the trigger.","Named control, logical focus order, visible focus, and no keyboard trap.","Sheet or full-width drawer on mobile; anchored panel or dialog on desktop.","Inherited from invoking route; static preview rejects mutations."
"QF-0427","10 — Components","Overlay · Alert builder","global-overlay","Editable Alert builder interaction with bounded focus and explicit context.","mobile-390","All personas","overlay-open","Canonical record; provider/source; observation and ingestion time; freshness; quality; confidence; fallback reason.","Escape closes when modal; focus is bounded and returns to the trigger.","Named control, logical focus order, visible focus, and no keyboard trap.","Sheet or full-width drawer on mobile; anchored panel or dialog on desktop.","Inherited from invoking route; static preview rejects mutations."
"QF-0428","10 — Components","Overlay · Export evidence dialog","global-overlay","Editable Export evidence dialog interaction with bounded focus and explicit context.","desktop-1440","All personas","overlay-open","Canonical record; provider/source; observation and ingestion time; freshness; quality; confidence; fallback reason.","Escape closes when modal; focus is bounded and returns to the trigger.","Named control, logical focus order, visible focus, and no keyboard trap.","Sheet or full-width drawer on mobile; anchored panel or dialog on desktop.","Inherited from invoking route; static preview rejects mutations."
"QF-0429","10 — Components","Overlay · Keyboard shortcut guide","global-overlay","Editable Keyboard shortcut guide interaction with bounded focus and explicit context.","desktop-1440","All personas","overlay-open","Canonical record; provider/source; observation and ingestion time; freshness; quality; confidence; fallback reason.","Escape closes when modal; focus is bounded and returns to the trigger.","Named control, logical focus order, visible focus, and no keyboard trap.","Sheet or full-width drawer on mobile; anchored panel or dialog on desktop.","Inherited from invoking route; static preview rejects mutations."
