path,category,extension,bytes,line_count,sha256,binary,prohibited_font_binary,risk,recommended_action
.dockerignore,other,[none],78,10,d13bf0e3503c96a8ff397cbff1778812b9e6aca4a0b49f3e99c4b63476c43028,false,false,,audit
.env.example,other,.example,1265,38,b2ba07b5767b32fb9554c44c80053c02929f34e8d05b92eecb5c7c08b7ea085f,false,false,,audit
.env.preview.example,other,.example,3253,93,1d6bec8d031b854e1e7cff687947bad7367d7d35abc6020662eedddbc34f9cd6,false,false,,audit
.env.production.example,other,.example,3269,94,1f9242f933713d57e018c1fcdd0c7fb96e6030a76c42b6dc0df35a8410ad300f,false,false,,audit
.env.staging.example,other,.example,209,4,2b9239ea2c4e9bf75761b0ba27b70fb0d5699a243bd0ce3f76069d7a3fd09981,false,false,,audit
.github/dependabot.yml,other,.yml,257,13,06c866a85cd0a1c3d033f0d3774ae43993506bca4984d095de7e6ab53cac95c6,false,false,,audit
.github/ISSUE_TEMPLATE/bug_report.yml,other,.yml,929,38,3bdb1fb386b0700d2fc8e9335df1b14f6ce45e80174755cb777ffc2ed5fb29af,false,false,,audit
.github/ISSUE_TEMPLATE/feature_request.yml,other,.yml,676,29,48ea7903fde5cbb52e3b4d5eeb9e7889299965165d30e214946beef726ce9d0d,false,false,,audit
.github/pull_request_template.md,other,.md,527,21,295e158116118c071261f25687eba1165218422d8358b519b39c1cd58a46d663,false,false,,audit
.github/workflows/ci.yml,workflow,.yml,3189,95,976ba6c6d12617deab18a86d747ef7cad5bf16f329036edb195735637266f5a2,false,false,,audit
.github/workflows/codeql.yml,workflow,.yml,953,38,b62328708a9b93f98bafc993b930883771234caacd67069e6c8962005c2ecf40,false,false,,audit
.github/workflows/container.yml,workflow,.yml,2953,93,46a60cbdcf5d1dfe2156cd63e296282647afa642d8a3703d162c735ef7e144ea,false,false,,audit
.github/workflows/font-comparison.yml,workflow,.yml,2407,59,09d42e1b14314dd3210a3f8532c56f6329a200205d1a6cad4248eb8115add398,false,false,,audit
.github/workflows/logo-brand-review.yml,workflow,.yml,8716,194,2671cfd16d81ae8ecd4b38a11577ff0fb4079caffaefde485ddcceedc4f35b80,false,false,,audit
.github/workflows/logo-brand-visual-correction-review.yml,workflow,.yml,7838,166,72bcd9434e1957b3e867422b904e0220106375cfa7c861fa769db5ffa68f770b,false,false,,audit
.github/workflows/pages-preview.yml,workflow,.yml,2246,76,7fdfc2dced05154dd57242539181cddc9eab689e01dfa8c7c33cb9d595ce7483,false,false,,audit
.github/workflows/production-foundation-services.yml,workflow,.yml,2352,76,ef698e1a031ad78c6cdcc3f94e21bfb95f8ba75ec3b6488cf8ffc8c48c64e552,false,false,,audit
.github/workflows/prompt2a-wave0-audit.yml,workflow,.yml,6710,167,590c1556fe7f3ea1b9a5a7eb5e9c78c340949c06c11e019604eb5ec6d7b5b66f,false,false,,audit
.github/workflows/release.yml,workflow,.yml,1808,57,3b0050d73c55c173a1989a06869071303bb55ba010e8460ca6be165d994b9652,false,false,,audit
.github/workflows/theme-intelligence-review.yml,workflow,.yml,4349,113,da1228c5ca021e971ba35ee3b440b13a8f912d87acbfbd05b45c3c320f3140c8,false,false,,audit
.github/workflows/theme-intelligence-visual-correction-review.yml,workflow,.yml,4796,113,8f899657d64c8cf2b841ff383aa0a254dd6f64d3dda49a9cfefb020338f75f8d,false,false,,audit
.github/workflows/typography-governance.yml,workflow,.yml,2047,51,50e8d484c17ed545eb06e0433d760ec4ecbb656da0d5aba797db04cc50aff176,false,false,,audit
.github/workflows/ui-review.yml,workflow,.yml,3343,116,d2fc878cb66102011db1111e70747c986dc75dee9bdb1e22a0567e85d40cda2a,false,false,,audit
.gitignore,other,[none],485,37,dd8f5a15513a72560f44bd757101c1a1d0d8ea84cb8d859404ecf8550078eedf,false,false,,audit
apps/web/FRONTEND_DELIVERY_README.md,frontend,.md,532,17,f5013e877eb7763fe0d627ad4dfa36a0f113b323021f7a942528c773b84678ac,false,false,,audit
apps/web/public/apple-touch-icon.png,frontend,.png,909,,dd282fbf54fa48dde7b9a0d3d203faf673e24c22b9623eaf8716f710c9980de8,true,false,,audit
apps/web/public/assets/app.css,frontend,.css,57130,100,5ee8784be787a1393df25746b82fb44e8f633b20a119890e1de87ebff9e566ca,false,false,,audit
apps/web/public/assets/app.js,frontend,.js,160603,922,a7f8642885788c103c12d3ecef5d7cc141dcc5b54b539cc590d0fa8980db0a1d,false,false,,audit
apps/web/public/assets/brand/qelly-logo-compact.svg,frontend,.svg,1166,21,38f56654248bff1c0f18e7f734d046f90305a9170cf54f0b5296f220d8be4d57,false,false,,audit
apps/web/public/assets/brand/qelly-logo-dark.svg,frontend,.svg,1154,21,090eec8e5116f4889e0342b4b6d079c9b36c6d880a58f0d8f8f7f66cf3b6ba2d,false,false,,audit
apps/web/public/assets/brand/qelly-logo-high-contrast.svg,frontend,.svg,1190,21,76c85e690c4801b610ab47a417a7bf5e8d26786914c0bc6665c08ae47fad9b35,false,false,,audit
apps/web/public/assets/brand/qelly-logo-light.svg,frontend,.svg,1158,21,7507c47ff33d741f2d52fb4644e0ab526db1aff0b39e35f335e490e11a2f2740,false,false,,audit
apps/web/public/assets/brand/qelly-logo-monochrome-dark.svg,frontend,.svg,1174,21,39214174b400bdfb88368afe0577b2b8d029f1381c417149fe3e5666e6fec3a8,false,false,,audit
apps/web/public/assets/brand/qelly-logo-monochrome-light.svg,frontend,.svg,1178,21,54235c9185409028ff9b22e4c48cd04c600921698c4a859e78600814de919e33,false,false,,audit
apps/web/public/assets/brand/qelly-logo-primary.svg,frontend,.svg,1166,21,6ea8b2140c7a970ba18d03490d17aad8410c47cb1cf84283fdf67ab50c21b857,false,false,,audit
apps/web/public/assets/brand/qelly-symbol-dark.svg,frontend,.svg,814,12,e4d4634f8780e16f4ef0b78c3825ca28eafb9ed9448b7c58343e149edaefdeb2,false,false,,audit
apps/web/public/assets/brand/qelly-symbol-monochrome.svg,frontend,.svg,814,12,39402b4ea1b625256d960f0039f817f23aea96beaa0155d526b2084eab496e42,false,false,,audit
apps/web/public/assets/brand/qelly-symbol-small.svg,frontend,.svg,818,12,88396cce7b20b740ae880447cbd61434ea11f8acd3cc67633ee91b1551ef4d0a,false,false,,audit
apps/web/public/assets/brand/qelly-symbol.svg,frontend,.svg,794,12,a46ae780a0dcb52f2b4cfa0865b00117d027e52d722354a8f2c86985d0f7fa64,false,false,,audit
apps/web/public/assets/icon-registry.mjs,frontend,.mjs,3654,43,89286ee5aca61a2540d2e16c8d53e147d40bc0cc9c5187e340996f3dd9fd9023,false,false,,audit
apps/web/public/assets/market/tradingview-live-chart.mjs,frontend,.mjs,6411,66,4ccd7259baab9c157a98e1f5ea01ab5fba1faea49f691d5d09f3774d93a39a8d,false,false,,audit
apps/web/public/assets/persona-profiles.mjs,frontend,.mjs,3774,119,a1c54cb6432aa3e6ff9f7af20c90eb7101e714db5d8a908c648de29c0e24b02c,false,false,,audit
apps/web/public/assets/premium-chart.css,frontend,.css,4455,4,0cf216416a6af97a97c4897b49078e307b52273a9d41446c6e4c3ee7a6ca12f5,false,false,,audit
apps/web/public/assets/premium-font-surface-polish.css,frontend,.css,4969,42,da096f3e3ed9bcf28adfea732e0e9576824f898236c013b10d4907319ffb4413,false,false,,audit
apps/web/public/assets/premium-font-surface.css,frontend,.css,22777,155,7d57562c43fef57434383e30588c03cc5f8bd1f141832b18ca7c4320a2704703,false,false,,audit
apps/web/public/assets/premium-font-worldquant-arkham.css,frontend,.css,3821,110,e81db203fde5721e98d8dbdae7aed993b48a61353ed677e58263db191aa476e4,false,false,,audit
apps/web/public/assets/premium-foundations.css,frontend,.css,11786,51,5d6f9ee228b481e51f34db768b36e6c1b95894a79b6869e1a1b6d8bd75b7f8b4,false,false,,audit
apps/web/public/assets/premium-mobile.css,frontend,.css,9056,18,953cbd7a4069af5ab785fd141cf41d7889695caa903ce7b3da50f2a335aa363d,false,false,,audit
apps/web/public/assets/premium-polish.css,frontend,.css,643,13,11a279c1d7a1ab0781d0eb1260e271489a2010fd8858daf763c1380eb2f45cd4,false,false,,audit
apps/web/public/assets/premium-rankings.css,frontend,.css,9498,10,22c970ec82d1a8e6d5758e02c5119a0e7a7e2beda60ec9f94190941f72530382,false,false,,audit
apps/web/public/assets/premium-table.css,frontend,.css,9412,9,3ae0af0b7ec49f9815846b1f51a4cd283ddebf889ec510519aed69452732482b,false,false,,audit
apps/web/public/assets/qelly-brand-visual-correction.css,frontend,.css,15564,150,f2b2d227581ee4493c7f1df8e9bbff3c38836f88b42083298b33bffb4d527f03,false,false,,audit
apps/web/public/assets/qelly-brand-visual-correction.mjs,frontend,.mjs,2687,63,b0c9ea1aa57285beb4aeb8429152663087b68aae2f72d85ed93ceca36193e89b,false,false,,audit
apps/web/public/assets/qelly-brand.css,frontend,.css,7811,67,5e1cd5dbaf25267e107c9f12891714c937a81895c0af8f999c4669f7db2ba77e,false,false,,audit
apps/web/public/assets/qelly-brand.mjs,frontend,.mjs,8124,137,2156d7399de5121b2a290011897111248d9d10080ffa5917c10433dc2a0b68cd,false,false,,audit
apps/web/public/assets/qelly-foundations.css,frontend,.css,11276,187,ce87066ccfcf933090729d78cfb8d8854608e206e8fab5cdf3c4b48291eeae74,false,false,,audit
apps/web/public/assets/qelly-premium-reset.css,frontend,.css,551,13,74ba9c5db7e1d542b1ef5ac5a16fff99f85de1561327d596b5d4bdf42e374703,false,false,,audit
apps/web/public/assets/qelly-sovereign-motion.js,frontend,.js,7076,167,0ee2e9d04ac9fff44b274a6f944cb734a39b34b945c72541edd482f6b9ad5cec,false,false,,audit
apps/web/public/assets/qelly-sovereign-v2.css,frontend,.css,31027,514,18b76f4592888d43dded2897c906be2a523ed044e026d5f91af1df663b8686cb,false,false,,audit
apps/web/public/assets/qelly-sovereign-v3.css,frontend,.css,37057,100,ad6cb94434d47e014e7235009b39626942bc799bdf789048f81e25964fb7f0ee,false,false,,audit
apps/web/public/assets/route-registry.mjs,frontend,.mjs,15790,162,48bd3f439c3753b1b9cd43d0fc8713691736499cf4a42cef99e8473a0bc35901,false,false,,audit
apps/web/public/assets/routes/about-qelly.mjs,frontend,.mjs,4954,2,e4bcfce89793ce36eb1eb624fcf97331d437ac66742e822fa299da3b7a05aa4c,false,false,,audit
apps/web/public/assets/routes/account-recovery.mjs,frontend,.mjs,2912,7,ab195d4aacd5da8a1c1b4f37bee53d0bd8e0a7007088557a0e900f34e5536a16,false,false,,audit
apps/web/public/assets/routes/account-session.mjs,frontend,.mjs,5833,12,3040804c70651a99d648c786ff97cdc8dd0e9f883c0a4706afb210ae44a4540c,false,false,,audit
apps/web/public/assets/routes/advanced-chart.mjs,frontend,.mjs,6778,6,0cb8a14350499353950cf9266e63c03d979dce4a91d397e9bfb3d069e3183115,false,false,,audit
apps/web/public/assets/routes/alert-center.mjs,frontend,.mjs,4843,13,7a5d9e7538f85dbc8012955960256b74a1537bac5e18677e9bf89b3f7fd15b37,false,false,,audit
apps/web/public/assets/routes/asset-intelligence.mjs,frontend,.mjs,8520,22,949c5b5afd8a7ee8b97c93fd9f446c26a8177a9516ed7e56c87e1f71d379d75a,false,false,,audit
apps/web/public/assets/routes/asset-rankings-chart.mjs,frontend,.mjs,9011,126,ae08a7648b76ce780be39eba30320d3b2e72ddcc19939f5e4be688f06ed80bc5,false,false,,audit
apps/web/public/assets/routes/asset-rankings-data.mjs,frontend,.mjs,5997,81,2531e57a8ef0d7655bd769e61fc29c0832408f478b749174dda2eca7cdffda28,false,false,,audit
apps/web/public/assets/routes/asset-rankings-premium.mjs,frontend,.mjs,12709,158,d6d77ffa314a3888d5649e1effae54d063e4b024519473bc0f49d8174e8157d6,false,false,,audit
apps/web/public/assets/routes/asset-rankings-table.mjs,frontend,.mjs,15086,171,38446c43fe41593adddeb1742c722de68a3d70c218d5eb255682256cdc29a15b,false,false,,audit
apps/web/public/assets/routes/asset-rankings.mjs,frontend,.mjs,68,2,e0a3fd764c3b1dd488423f171af1c58e17cc8f25761a27f22df8f206b6e34344,false,false,,audit
apps/web/public/assets/routes/auth-login.mjs,frontend,.mjs,4758,22,b9e9406d4d206b4778381e5f2c276e648c4aa6bca052aeddcf7e2b5ea568cb6a,false,false,,audit
apps/web/public/assets/routes/auth-recovery.mjs,frontend,.mjs,3408,7,2cc462e9cedaffb7bde3b6ee6ee76a2069489854fca372ef0fac6e493696a98b,false,false,,audit
apps/web/public/assets/routes/auth-register.mjs,frontend,.mjs,2889,10,b82b1289980185a2527ddc3faac257c344588c4f16a714a7f756ac5039e8f1e6,false,false,,audit
apps/web/public/assets/routes/comparison-lab.mjs,frontend,.mjs,4399,4,1f5340c406270b918f96105b788efc50764eda472ad81dcfac50db1f3db0cce5,false,false,,audit
apps/web/public/assets/routes/decision-provenance.mjs,frontend,.mjs,9140,22,796f830ecb3bdfdacf521953680842bb3cbcf5c7edb2076eb5a42d5c92002d17,false,false,,audit
apps/web/public/assets/routes/delivery-operations.mjs,frontend,.mjs,4572,7,d05969a7589fb17f7eea018b9bf42ce5f77bdbda04680325472201b1b85eaa85,false,false,,audit
apps/web/public/assets/routes/event-calendar.mjs,frontend,.mjs,3358,3,a722f1b493eb2ba55fe4f2eaf0028b24a9d5d79c984c80625e3a35156fdf8e7a,false,false,,audit
apps/web/public/assets/routes/feature-universe.mjs,frontend,.mjs,3960,9,59570e5c805d553940e4b43f1b34a53684b7ca66df58a419322f2320678be6f8,false,false,,audit
apps/web/public/assets/routes/filing-workspace.mjs,frontend,.mjs,4522,3,718a4f53d99d806f6c4822d7a6583651b2e4d78cfd99b666e538f1927cf793ac,false,false,,audit
apps/web/public/assets/routes/formula-screener.mjs,frontend,.mjs,4064,9,d676bb48b8c84397437b64cfa155f167b7fdc3b286f75093603bd77c0dda67e9,false,false,,audit
apps/web/public/assets/routes/fundamentals-estimates.mjs,frontend,.mjs,6793,4,8f3d0bcacaa7936c9c496b2aa27f02516dd2388650714cfb7929c4337cf80c0c,false,false,,audit
apps/web/public/assets/routes/import-center.mjs,frontend,.mjs,4028,11,50a7276dc93689ac3ea085f39598f7057875a2773de62f72c2cc9f9dd08815d2,false,false,,audit
apps/web/public/assets/routes/live-markets.mjs,frontend,.mjs,10677,55,acaaf128eefe3ceb040988cea61a3b1a60bfa58782e4f1142a6be5c6959c4f6a,false,false,,audit
apps/web/public/assets/routes/migration-center.mjs,frontend,.mjs,2543,8,fb35d2cae90924e5e726fcabdb2e3d2af9334b3be043bda98d93fbe43966a226,false,false,,audit
apps/web/public/assets/routes/notification-center.mjs,frontend,.mjs,3209,11,ec5fd2652c72de9ffafa85e095ff15efd994024db5c4a8fd8179d0e2c9b0f047,false,false,,audit
apps/web/public/assets/routes/notification-schedules.mjs,frontend,.mjs,4307,10,f84651f700e6c07edfbe3f38b1fc188b2fdbb4bd52a82b0ae3d047efa54801c7,false,false,,audit
apps/web/public/assets/routes/onboarding.mjs,frontend,.mjs,5157,14,5f819f04f6821cddc3c9be906b5f9687fef1c3130977ceeca997afe4017f35f3,false,false,,audit
apps/web/public/assets/routes/passkey-center.mjs,frontend,.mjs,3955,8,76c363bf48bb620b26b7a8528c49b9f72582ffe5ccf02ccccf7dacc29899b94d,false,false,,audit
apps/web/public/assets/routes/platform-readiness.mjs,frontend,.mjs,2346,6,16f2af1bc968e501c3c35379ea0af2092639aef4e4fd602885721be921dd7a36,false,false,,audit
apps/web/public/assets/routes/portfolio-analytics.mjs,frontend,.mjs,4895,13,406613798282675704fad807e80697afd4901eda33449cee7e2d7e19d93af37d,false,false,,audit
apps/web/public/assets/routes/portfolio-attribution.mjs,frontend,.mjs,3192,10,211538b2a0dc0b353e00fbb7db4cae54b333a4cad4852c659826356098803c41,false,false,,audit
apps/web/public/assets/routes/quarantine-review.mjs,frontend,.mjs,4981,9,d0102f8f9c9e71e047f8ad2bf7bad7b1bf4361b2473627317b5dfdcda8c00b13,false,false,,audit
apps/web/public/assets/routes/research-history.mjs,frontend,.mjs,3253,9,7f6494d19a5f1b2b98d2fa190924223b6877e3d594b6fafa0da81119cb4d162f,false,false,,audit
apps/web/public/assets/routes/research-workspace.mjs,frontend,.mjs,5266,14,407f0696b1db17185aadad91a9e3c7564983e3cf32675f6fd56589c05a37e41b,false,false,,audit
apps/web/public/assets/routes/screener-lab.mjs,frontend,.mjs,5262,16,4d8f19d21f4665d36d9432fdb49bc888a429ed5ade7839a4c4143f859e1f7c37,false,false,,audit
apps/web/public/assets/routes/secret-rotation.mjs,frontend,.mjs,3323,8,8e2300abc8c4103dd701d2638f0dab85acdf8b49e8cf92a6a031c8945300e10a,false,false,,audit
apps/web/public/assets/routes/secure-import-vault.mjs,frontend,.mjs,1869,6,1ef9a81cfe5a38d8838b6f6253f50bc1230af63c9f833bd48dc60aef65a79416,false,false,,audit
apps/web/public/assets/routes/security-setup.mjs,frontend,.mjs,2128,6,622072e49821f0624f3a0baee29fedab1e6a074ac5acda3544bb59b65f4d03c9,false,false,,audit
apps/web/public/assets/routes/staging-assurance.mjs,frontend,.mjs,4511,8,f5eab2524204df78c808ed775cda6fe9c96c42b4287873db100cf6c1b0b143a1,false,false,,audit
apps/web/public/assets/routes/theme-intelligence-studio.mjs,frontend,.mjs,19885,53,b35711d3fbb87faa79ba6d10fe04963dd976a29455cc78aab5fc5ce50d4bc415,false,false,,audit
apps/web/public/assets/routes/theme-personas.mjs,frontend,.mjs,4352,63,356c5b200bca5f62ff23ccc76fad81dd97d2f7233dc519c89c31b723b027ac2d,false,false,,audit
apps/web/public/assets/routes/workspace-watchlist.mjs,frontend,.mjs,5972,17,714048fc81b7d8b515bd80b48b41f2bd6901d9b30578f22e1d7c31f2f3424b27,false,false,,audit
apps/web/public/assets/shell-foundations.mjs,frontend,.mjs,7320,71,20c608f816be6c0ec179dcd814f3d62234f0b4ec63df43e2b479e9dec8312822,false,false,,audit
apps/web/public/assets/static-preview-api.mjs,frontend,.mjs,11308,257,3776f23fc8d75b49961fe5fa350e727b51ea29d7aa4d1691d020cf7d89b95dc3,false,false,,audit
apps/web/public/assets/theme-intelligence-bootstrap.mjs,frontend,.mjs,6265,85,9159b0e85612f868a6ac1be876624f928e6726575932d4dbfa2585e36dbd20c5,false,false,,audit
apps/web/public/assets/theme-intelligence-core.mjs,frontend,.mjs,19823,63,a4007e1a834de54e65342bf8dcb239972c4d6b09dbb07ed93bc07da91e86c82f,false,false,,audit
apps/web/public/assets/theme-intelligence-data.mjs,frontend,.mjs,13693,46,a484e406892d600bd9cc2e11be69958cffd330781e129c48977e4a0c47bc4d1a,false,false,,audit
apps/web/public/assets/theme-intelligence-enhancements.mjs,frontend,.mjs,5039,68,94fa3996d8b984924dbe40124a3195f6189ec57bc0633bc7a6c7d465cb0b57d9,false,false,,audit
apps/web/public/assets/theme-intelligence-foundations.css,frontend,.css,7742,55,9123737c55dc0a83698c683ed0ce7cd0c341811bb4cdc730ef8a5a5be57456b9,false,false,,audit
apps/web/public/assets/theme-intelligence-registry.mjs,frontend,.mjs,790,25,41023c6303c2b72593dee51e03bc7be002f85da96682b99c0a188bca1c6836c4,false,false,,audit
apps/web/public/assets/theme-intelligence-studio.css,frontend,.css,10055,22,86815d446340b3283572a7cb9186f524a2d3f03832878c0355d47ac889923e04,false,false,,audit
apps/web/public/assets/theme-intelligence-visual-correction-data.mjs,frontend,.mjs,4774,27,4cb3dcf31eb911e3b4c1e9ff76c7a69e6ca8e42878acf43ca649d44f78c8dfea,false,false,,audit
apps/web/public/assets/theme-intelligence-visual-correction.mjs,frontend,.mjs,15923,87,f3d19d2d5bcc370f8927b7905f1dba731c4bf43e04ee2f44b68b436ee4d53b8c,false,false,,audit
apps/web/public/assets/theme-intelligence-visual-final-fixes.css,frontend,.css,7821,37,87d174a073d55a31ad42f98c8b3be73bfb93cbb3facc050367dda427379a36d4,false,false,,audit
apps/web/public/assets/theme-intelligence-visual-interactions.css,frontend,.css,3128,9,c6472a7e3f7f38057ab4bb68ed157cf8c5f2697806db353357817486611219c6,false,false,,audit
apps/web/public/assets/theme-intelligence-visual-manual-polish.css,frontend,.css,1598,8,4e762e3de13b1427d0d82074b4b706bf1df1b0f83f02c8bd5c8a4d7414fdf24a,false,false,,audit
apps/web/public/assets/theme-intelligence-visual-palettes.css,frontend,.css,10253,38,0c0c48ecb6c3278a36e2ac398f6bd7182d44682340d36f06acae44c7c325142e,false,false,,audit
apps/web/public/assets/theme-intelligence-visual-studio-gallery.css,frontend,.css,10426,9,8d6539325c3c0a624bcc4fd1cc33e05635445d9baa1d2f04dfdce11b3eae9073,false,false,,audit
apps/web/public/assets/theme-intelligence-visual-studio-layout.css,frontend,.css,9165,10,4f39e7c5ab8e8ea5b66a6622db36c65e7a3cf1f72f29ac484ea6ed33117072d3,false,false,,audit
apps/web/public/assets/theme-intelligence-visual-tokens.css,frontend,.css,8130,71,631da3324c6e8be4c11db048a906fbd939660114244aa4de8ad8665d62f98b6f,false,false,,audit
apps/web/public/assets/theme-intelligence.css,frontend,.css,2649,38,436379a3ee48bbde89f1a54dfcd4aac3819cafc96f0876ef7c1e1b918e0e1241,false,false,,audit
apps/web/public/assets/theme-intelligence.mjs,frontend,.mjs,483,7,6c635ac78a9487494f9952619107fd11deb78258f64fe9ce137a7b17de49db55,false,false,,audit
apps/web/public/assets/tokens.css,frontend,.css,5300,184,e1963c613fa8fb02d78ec9cf9fc46279e2c5b30c10f50e0be706a34057f280d3,false,false,,audit
apps/web/public/assets/tokens.json,frontend,.json,4252,194,6ee1be4a879c034c24aef843eb15cb04d4bc867617a3847ae2599c44c9e3706e,false,false,,audit
apps/web/public/assets/ui-rescue.css,frontend,.css,18847,25,b5f447e8b476fdfe6339f0b8658dac12b56f8ed316d41e191ca3686b7b445c3d,false,false,,audit
apps/web/public/assets/webauthn.mjs,frontend,.mjs,1863,8,97fce6d298e907a90e3018f36f5785cee892593b55f418f11c498402bdca26cf,false,false,,audit
apps/web/public/favicon.ico,frontend,.ico,981,,e69b1cbd5b12c53299145bc25732a15060bd3b24589059f91a5f7f03010a6c6d,true,false,,audit
apps/web/public/favicon.svg,frontend,.svg,798,12,6eff7c1256ea41e98cd08940421369347518aea2418d35052a10a7ef77e7fa40,false,false,,audit
apps/web/public/icons/qelly-16.png,frontend,.png,127,,18a95c0ede36777f28b085cc622f639ed7a5af79db12c3dc4ddb53c85b31babb,true,false,,audit
apps/web/public/icons/qelly-192.png,frontend,.png,970,,cdbc28542e23328a4a060871da8c138155f3158c5e9a54a1bfd6ebdb0b70dc2c,true,false,,audit
apps/web/public/icons/qelly-32.png,frontend,.png,198,,8394c224409a539c3e3f47f99ea51d10a479e20df9c145236d625cdaeb5d0dfb,true,false,,audit
apps/web/public/icons/qelly-48.png,frontend,.png,254,,5be2a6be0b9ae7bd0c41f9d8fc3fb63c300c94f96616f7dba2d89be87fe2a67b,true,false,,audit
apps/web/public/icons/qelly-512.png,frontend,.png,3594,,e20e77806645c03c1887b46e5dc88e85daf7147fa8cb4b3c86badda988f7d7be,true,false,,audit
apps/web/public/icons/qelly-64.png,frontend,.png,332,,450db5d97489758f0b348841909f921747ead394945c022f4e8ea0ba3f29a157,true,false,,audit
apps/web/public/icons/qelly-maskable-512.png,frontend,.png,3089,,211745705d8f32683a576c6b6b55fa1273c918e2846ae1ee666b402694b207c3,true,false,,audit
apps/web/public/index.html,frontend,.html,9445,109,07b47a524ab27eae59e539968b1c4662be5f73856f59f57801f037686334a911,false,false,,audit
apps/web/public/manifest.webmanifest,frontend,.webmanifest,687,31,0fc80ad50a324037d856f3c46b26ee97df9dcdc1d800c8467ae0d82ff0bf96e9,false,false,,audit
apps/web/public/qelly-config.js,frontend,.js,93,5,2509204103aee2b32874b80efaf0d4d2677a9ca2b4d734e0c93ce100ca0a7cb6,false,false,,audit
apps/web/public/safari-pinned-tab.svg,frontend,.svg,794,12,281d35ba9fa20b0fe543ff4e1ac21768e5abd7fa72c52badf31001082b8997ce,false,false,,audit
apps/web/public/social/qelly-social-preview.png,frontend,.png,7707,,8ed8ce084d1bbbca63844613a3f59cae6b9ecce84c58b57ed16bb233af6de0a3,true,false,,audit
apps/worker/worker.mjs,worker,.mjs,5456,71,0b31902c6f0582a333d7354c6d3bf2e112ee9494c7c3d3c6a5054a41ca9fecb4,false,false,,audit
artifacts/QELLY_API_INVENTORY.csv,other,.csv,17643,189,85c3948f85cd0ec9c80806e886bd3d69b0b8af2a32e2f2d713b8a9a404be98ad,false,false,,audit
artifacts/QELLY_API_INVENTORY.json,other,.json,33392,1129,6f96dceab117e7c50a456dd9cdfdbd9b713413939e8fbd3d2df04d020b20894a,false,false,,audit
artifacts/QELLY_ROUTE_INVENTORY.csv,other,.csv,4738,63,fcd23d655c589caae3ff65531b141f81ffe2046b7194cf5ef59cc8e3c90f6a3e,false,false,,audit
artifacts/QELLY_ROUTE_INVENTORY.json,other,.json,11840,495,6da1db8005ee69721b5aba87409843877d0a66dd0b271e7aa7b8b7a76f89d58f,false,false,,audit
artifacts/QELLY_SOURCE_TREE.txt,other,.txt,21347,546,5555acff4e0873d80c198f56738d91267993a35632404094c6cca06f6b15fb6b,false,false,,audit
baseline/PART12_7_API_INVENTORY.json,other,.json,466,25,c2bdcd11ada5cf313227d8052a8da70680770a7ea74476633cdb17870ca4f00f,false,false,,audit
baseline/PART12_7_FREEZE.json,other,.json,2169,90,2246b5e07ac0a59d8661d544b5072a0e5e798e19a84599142314801c9edd006c,false,false,,audit
baseline/PART12_7_PARITY_CHECKLIST.csv,other,.csv,2051,12,2b7f251adabe3ec5b4399c27bfee8d71b616cce3ea3df2d063d966df7742b536,false,false,,audit
baseline/PART12_7_PROVIDER_INVENTORY.json,other,.json,300,19,9b17f63834722e627c6f46e8da53b3d9e59e544abc97196c63d4bcdce1a92b3c,false,false,,audit
baseline/PART12_7_SAFETY_BOUNDARIES.json,other,.json,158,9,f651faae7b4dd794cc159123aead51082eaeb3639e7fcb941b1e7ede6a48823d,false,false,,audit
baseline/PART12_7_SHA256.txt,other,.txt,121,2,9ef37319f72bbef13084e59bc494cc7737c469643ffe2785154254edb0c2a62b,false,false,,audit
CHECK_QELLY_WINDOWS.bat,other,.bat,351,12,46edf60524de79968013b5f529dc0bf1c8de70a750b29f55b7dbbf903778d602,false,false,,audit
CODE_OF_CONDUCT.md,other,.md,308,4,bb61af328b491b83ad33ec8a5d53feda20b2f45c736357e77167cfae47e408b4,false,false,,audit
config/public-beta.environments.json,configuration,.json,908,43,665166b58b0266cc3281091a5f6be33ad7cc49a78d567d924b52af42c682bd36,false,false,,audit
config/public-beta.feature-flags.json,configuration,.json,1057,43,d6bea4bffa9844f2124038da3e0f981e0b2db9186cb1cdf57721a7d1ce4ed4a3,false,false,,audit
CONTRIBUTING.md,other,.md,1125,28,e23f005fc03a2dcb6a5d76379458910cb623b2b6f6619a4afdbcb650b885b58e,false,false,,audit
data/PART13_WAVE1_2_3_TRACEABILITY.csv,other,.csv,49923,232,6d4ac2f5306f6c0faed5bbc544789dee403f16f893a153db5d10bdcc64ab1edd,false,false,,audit
data/PART16_WAVE4_TRACEABILITY.csv,other,.csv,9360,73,b6fd1c31142dcf961d788209d2fe8905b4c68cde6d84d0b6a1dd7216707bb2d7,false,false,,audit
data/PART17_WAVE5_TRACEABILITY.csv,other,.csv,87697,181,32dc9cd42af7cadf31fdc14e474fa694bacb326031305eee2803602f3d897031,false,false,,audit
data/PART18_HARDENING_WAVE6_TRACEABILITY.csv,other,.csv,19976,95,8d1f726237db70c5f857d6207620e1e64ac4fdb5bbb3fa574481f528f199f889,false,false,,audit
data/PART19_ADVANCED_ASSET_INTELLIGENCE_TRACEABILITY.csv,other,.csv,31508,97,1c2b965efa975fd574f35e3fa5f5ef21e300d1f5585381497be89b743f91e9d7,false,false,,audit
data/PART20_WORKSPACE_PORTFOLIO_RESEARCH_TRACEABILITY.csv,other,.csv,75678,163,44445267797447a8d1c4ac27fe2ed88b03cc283e7d9b2e2d8f7f3ccd7b0a0d12,false,false,,audit
data/PART21_ONBOARDING_AUTOMATION_ATTRIBUTION_TRACEABILITY.csv,other,.csv,92660,241,9032005e98a91c05765aa71e266be37a5123fa769375fd06f96091bc1c82f0db,false,false,,audit
data/PART22_SOVEREIGN_LIVE_MARKETS_EXPERIENCE_TRACEABILITY.csv,other,.csv,23817,159,657f110e73cdfda33dba9cf5995be39311cc50eb974ee0c388035ebcdefe6ea4,false,false,,audit
data/RELEASE_A1_API_INVENTORY.csv,other,.csv,10152,146,77277d22a0c28211bac0449fe8aadb67f6b7bd46a23f7b2042294258fdba3ebc,false,false,,audit
data/RELEASE_A1_API_INVENTORY.json,other,.json,5292,151,aa6584f11f30bf5d348a25de7e4d6ec47780ac452db4201a5562dbee68b7790e,false,false,,audit
data/RELEASE_A1_CANONICAL_SCREEN_MAPPING.csv,other,.csv,537,8,7038094b4a04efedef81848279baf276730487a2df764a4477c7ea73d1d41ff0,false,false,,audit
data/RELEASE_A1_CAPABILITY_MATRIX.csv,other,.csv,6415,52,4facd22de05ed06c77a5efa09bb7326abeff325c4a9f63f60067e767014e8146,false,false,,audit
data/RELEASE_A1_CAPABILITY_MATRIX.json,other,.json,12134,353,b62b0bbd5318053c329b4033538ccfb35e95fd97e531580457f543064fe517b7,false,false,,audit
data/RELEASE_A1_ROUTE_INVENTORY.csv,other,.csv,2704,52,42f748d6d8223602525f82951a86f87623b2018078a021d50002bf4b65925667,false,false,,audit
data/RELEASE_A1_ROUTE_INVENTORY.json,other,.json,1133,57,7bc4f750bd8bd14b6b729d47cdd41fc601529f4c7ee299d0128bd1348aa259fc,false,false,,audit
data/RELEASE_A2_CAPABILITY_MATRIX.csv,other,.csv,1187,12,13e10efaf1c5f5a9cd84a502bef153e2d2c474235a55f3e563ecbb6d13a688eb,false,false,,audit
data/RELEASE_A3_API_INVENTORY.csv,other,.csv,11456,163,2e9945f41d9f47b0cfa6daa9ed725be57684c2fdc8a9c6348bb5f4195dd1d697,false,false,,audit
data/RELEASE_A3_API_INVENTORY.json,other,.json,29987,1134,b372692ae9100313ff7dff775ee366b0582cacaeb0d4a7be816f24093876e110,false,false,,audit
data/RELEASE_A3_CANONICAL_SCREEN_MAPPING.csv,other,.csv,4163,57,905400bebdb9b8d83cc0df442de911e61c3d5e613a3025b2eb60cb7ff4b20bf1,false,false,,audit
data/RELEASE_A3_CAPABILITY_MATRIX.csv,other,.csv,6849,69,0800405bb128d1e781bdc81e39bbbecccc49b1025a8250956ffcf9176a3a7c89,false,false,,audit
data/RELEASE_A3_CAPABILITY_MATRIX.json,other,.json,14864,476,cb01f28ce7b553bdbc8143a8a511a94c6e1ff419604501086df89e84ce7397e4,false,false,,audit
data/RELEASE_A3_ROUTE_INVENTORY.csv,other,.csv,3020,57,330c377bb17bb0e513aa8cd81665937da4fceaf7e836521520e268a0b2a4a4b0,false,false,,audit
data/RELEASE_A3_ROUTE_INVENTORY.json,other,.json,9414,392,d869fb072c7cd22163a8870c0594c7b9822b14cd242d7103acf9ce940eb05b12,false,false,,audit
data/RELEASE_A4_API_INVENTORY.csv,other,.csv,11780,167,d6ba29856d326ceab1e91af9dd6a5f056ec0ee5a6f29e9cc5f342b798ff4ddd8,false,false,,audit
data/RELEASE_A4_API_INVENTORY.json,other,.json,28405,1158,005864788592377223a4784a77e9e508fb22a80b4e7781fe1bb44459c9fa85e7,false,false,,audit
data/RELEASE_A4_CANONICAL_SCREEN_MAPPING.csv,other,.csv,6798,59,e947884850340e31c6c44ee883d220c43c7fee230b27c2968ef6ca4f82bcc169,false,false,,audit
data/RELEASE_A4_CAPABILITY_MATRIX.csv,other,.csv,9096,88,2f5cec2e4efad64d383d5e5ba085ac874673e82f53a76740b2829a7f4bda9301,false,false,,audit
data/RELEASE_A4_CAPABILITY_MATRIX.json,other,.json,18070,605,1770a09c168bcd71a61d746ff6405d94de92fb5f5e1e3820c1add1166130f528,false,false,,audit
data/RELEASE_A4_ROUTE_INVENTORY.csv,other,.csv,5414,59,1fac1ac3efe2cea4893b80118522af27303234339ce9eb8d4db0e77c3d52c672,false,false,,audit
data/RELEASE_A4_ROUTE_INVENTORY.json,other,.json,14073,573,ddb39444aff982e52b209672e361aee2cde58ac05b9849d2585471736748b102,false,false,,audit
data/RELEASE_A5_API_INVENTORY.csv,other,.csv,12537,177,28ba46a2d66c60ef695ee8619a6862147897e4ca3412b6d1310a0cd0327a8dd4,false,false,,audit
data/RELEASE_A5_API_INVENTORY.json,other,.json,30172,1228,2770d36c24124e1c9a9b42e6872219db7ebcc0180f7af53ca0d8a5803ccaf959,false,false,,audit
data/RELEASE_A5_CANONICAL_SCREEN_MAPPING.csv,other,.csv,7710,62,42881121a9379853963a821e75df203727e5050b025c5dd873968b9c980a0811,false,false,,audit
data/RELEASE_A5_CAPABILITY_MATRIX.csv,other,.csv,10902,103,52608b5b3661ccd0f98b93f356a6f920ee3062a7b91974a6e0343b09b0ceaf13,false,false,,audit
data/RELEASE_A5_CAPABILITY_MATRIX.json,other,.json,21447,710,90f0c2673b361de902989bb31f46d0b68b3122011b4a0a362ecb026a7efbfe2a,false,false,,audit
data/RELEASE_A5_ROUTE_INVENTORY.csv,other,.csv,5711,62,82c8f24240f8d4775d07b43ae3db2475ad6360138aeecdbf9b3a449c9be9664e,false,false,,audit
data/RELEASE_A5_ROUTE_INVENTORY.json,other,.json,14829,603,9ed747ad63c701c3a4b41591d75a57250162e413442dde521b2ded3439584245,false,false,,audit
deploy/staging/docker-compose.staging.yml,infrastructure,.yml,893,37,fea85aea554aa8cab0966b1a4b74999302ae4f305d2d5ceeefe5b5cf54d22b4f,false,false,,audit
deploy/staging/manifest.json,infrastructure,.json,1403,29,be46e914956b67170cf5db875c2279d52262dabb24aee4776c06247f7a38dc07,false,false,,audit
design/brand/QELLY_BRAND_USAGE_GUIDE.md,documentation,.md,554,8,331f2ab4a1e18940127c9bbfc0af8b8b71eb796fbdb320a1c5e7b270a5f042ae,false,false,,audit
design/brand/QELLY_LOGO_ACCESSIBILITY.md,documentation,.md,395,6,676e8203ea91ede765f3d77e352e83a06eeae5933d6ec79459e84989131c9dc0,false,false,,audit
design/brand/QELLY_LOGO_IMPLEMENTATION_STATUS.md,documentation,.md,462,9,f33f8b370876a95b963f7ec65241c952d10737f03d88a444be8f90e6aedeffff,false,false,,audit
design/brand/QELLY_LOGO_MOTION_SPEC.md,documentation,.md,432,6,ebd630958b6f8230dd63784a609d388c4b7f58a160e7abaccead64681c958e2b,false,false,,audit
design/brand/QELLY_LOGO_PHASE_BRIEF.md,documentation,.md,526,8,a4948cbfa7277b7ade30bf3472a2d5f4508a2c9e5a14943fe1e96b809aee8c29,false,false,,audit
design/brand/QELLY_LOGO_SOURCE_MANIFEST.json,documentation,.json,31799,608,822b457e1309d6432c26b15bdc61a80eb8a41497abf5ddb87118dd06b613ea22,false,false,,audit
design/brand/QELLY_LOGO_STANDARD.md,documentation,.md,755,16,8b219601faa491f8432c2a6b9aa6a24591a06d44defd4055056a18e4e98c9fb0,false,false,,audit
design/brand/QELLY_LOGO_TOKENS.json,documentation,.json,1046,47,b74fc046d8f62d278939688f4f74a4a43fcef4937eca620629a9940f50015429,false,false,,audit
design/brand/QELLY_PR13_FINAL_VISUAL_CORRECTION.md,documentation,.md,985,19,5faafd768e3f2433c26008722b46624269345d9949aa23f7aef11d416967b7c6,false,false,,audit
design/brand/QELLY_SELECTED_LOGO_AUDIT.md,documentation,.md,689,12,245ff4c43ef084ed288ecc538182b422dc65fd76f25172d36664b9e95bac9bc9,false,false,,audit
design/brand/QELLY_SOURCE_INSTALLATION_VERIFICATION.json,documentation,.json,135,6,7ee81016ea0aeb2a5cbb8079a1e019a15ff8dde6719c1f326403f03e3d4cb903,false,false,,audit
design/figma/QELLY_DESIGN_REVIEW_CHECKLIST.md,documentation,.md,5681,98,7eb95a1320784a03adf40c9aa45de45ba0591b955b032f30a8bad2bd4a8cd733,false,false,,audit
design/figma/QELLY_FIGMA_COMPONENT_MATRIX.csv,documentation,.csv,3133,22,5e733dd0a096da852c57bd75672997ba85365a5c9112891b23d31490b4610340,false,false,,audit
design/figma/QELLY_FIGMA_MASTER_SPEC.md,documentation,.md,5460,98,11c375a710f6b2577b8c21b40e0c8679970467b6cc5e56fb47cd289160add55b,false,false,,audit
design/figma/QELLY_FIGMA_SCREEN_MATRIX.csv,documentation,.csv,1069,14,3975b7b385ae4c1d017c6df45b30467ee9a393c3468e0a11169955a6385b2c73,false,false,,audit
design/figma/QELLY_IBM_PLEX_ALIGNMENT.md,documentation,.md,905,11,fd4a3a912e0594892ed1bdd74503697f346799ec90684133a5748a78dd86c02c,false,false,,audit
design/figma/QELLY_THEME_INTELLIGENCE_FIGMA.md,documentation,.md,851,10,c55c95ad06560a2879e703090ab6fbdad4453f1d66c8d402e78784c1f85f0106,false,false,,audit
design/handoff/QELLY_POST_MERGE_STATE.md,documentation,.md,3046,69,c4ef56ff9340d9d7d85a6653ce8bd62b9034540880e3983eca18c7e5501906ed,false,false,,audit
design/icons/QELLY_ICON_GUIDE.md,documentation,.md,1289,33,1268ac2c6f259da132fa697976117f6ae9d114c9c506f411399cca8b7037465f,false,false,,audit
design/QELLY_BRAND_FOUNDATION_FREEZE.md,documentation,.md,2730,57,03d9870090df4e43fe777cd9f83c982c6823d72efcbab602b93f712861360b42,false,false,,audit
design/reference/QELLY_EXPECTED_FULL_UI_WORKING.html,documentation,.html,50082,154,ad6740c65f06ed74482ed28af991cce79158b96c5b23a196925f9cb7ee2620f2,false,false,,audit
design/reference/README.md,documentation,.md,914,13,290c9f03c14e8be987cbbf4ab79c94041381ec149785890737543a9048168e4e,false,false,,audit
design/research/CURRENT_TYPOGRAPHY_AUDIT.md,documentation,.md,3922,72,1c16e41b07fe53b80e38728e7b60a0987a79cea322fe8c064f01e8c5c4a50e64,false,false,,audit
design/research/CURRENT_TYPOGRAPHY_COMPUTED.json,documentation,.json,1746,40,a52365e64ddbec435e9de860739762c7ca19b770ffeb62b68ef091afc2de26f9,false,false,,audit
design/research/QELLY_SYNTHESIS_DECISIONS.md,documentation,.md,2890,28,48e64c5b9df46fa39753baeee4f3feab6465cb3fd7b48137e138b03012680456,false,false,,audit
design/research/QELLY_WORLDQUANT_ARKHAM_FONT_DECISION.md,documentation,.md,2124,32,157efbf0695bcefd687722a9dde265ce1d2c150956514e2de033024b3c0841b5,false,false,,audit
design/research/REFERENCE_COMPUTED_STYLES.json,documentation,.json,2565,52,f9b01248366589bffeca1c215165847d6d4d70dc2c057d74095c483674b2c614,false,false,,audit
design/research/REFERENCE_FEATURE_INVENTORY.csv,documentation,.csv,2910,15,3a640c05fb1ce0d1ce2696eade3f19bead13def767a17994c64401a50c323562,false,false,,audit
design/research/REFERENCE_LAYOUT_METRICS.json,documentation,.json,1959,47,d3b5274d581d1709f051ee834a1d1bd1e3cde9bafbbd4142e99004c6322096d0,false,false,,audit
design/research/REFERENCE_MOTION_INVENTORY.json,documentation,.json,1604,39,39cb62cddd5d803bd2f2cb01e80de1cd7bc76cab9ff2334a32c68da056c0efbe,false,false,,audit
design/research/REFERENCE_SCREENSHOTS/README.md,documentation,.md,662,8,0dc42aa4485253aa6897fc26cc728d90eafb342f36703df42d01a72f0d530262,false,false,,audit
design/research/REFERENCE_UI_FORENSICS.md,documentation,.md,4072,67,c23630ad946c3d4b100879dca52ad050f40b77bfc833d4ee61ad76c807678782,false,false,,audit
design/review/known-differences.json,documentation,.json,2104,28,85219a1691812063baff06172a7ce538701c80c2a60c01defb8e439aea4cb9cc,false,false,,audit
design/review/VISUAL_FAILURE_REPORT.md,documentation,.md,1615,24,601fb79e06a2a98740ae4d3d3bc76286affbd780df3530ae636c4ec4510b1db9,false,false,,audit
design/review/VISUAL_QA.md,documentation,.md,1897,43,004fc5485cb781b087cbdfab7f534def26468026b249d10b2f5205d8b5e00ebc,false,false,,audit
DESIGN_REBUILD_README.md,other,.md,1202,38,af24630b9182f69eb74b7d7d4d589457f9ff89b19d39a782f13c0b11e2ef94ce,false,false,,audit
docker-compose.yml,other,.yml,4615,129,ce4c35b2c618d90cb54aead53f0675144f6b4dd6b576f29761ab6af4bb973782,false,false,,audit
Dockerfile,other,[none],667,23,fddec10dddc3dbd6860ed67b2152925dc2797c86b117170934aeb7a8e550ea91,false,false,,audit
Dockerfile.ops,other,.ops,406,14,97471678e717ba0cfde342f20fccc45a306216debc291a4f62305d354825b797,false,false,,audit
Dockerfile.worker,other,.worker,459,15,0a7f2f43808eadb8d17e35cfaf2989fed48e4324c0f23309570ded3e03af76d7,false,false,,audit
docs/00_EXECUTIVE_RELEASE_SUMMARY.md,documentation,.md,1633,27,de4ada278576bcbe0b2f60efd044c639f4a5b61a8ad8e2ba00a65cc03cd3868f,false,false,,audit
docs/01_WAVE0_BASELINE_FREEZE_REPORT.md,documentation,.md,496,12,5e3266238667fe6e612188c45f300442606152a8fdc9ddfb4fe7af1d8170f343,false,false,,audit
docs/02_WAVE1_DESIGN_OS_IMPLEMENTATION_REPORT.md,documentation,.md,658,13,5177242fd35b5033e863e9b2bce5138b354c8adfc08ff1727472452721eabbc7,false,false,,audit
docs/03_ARCHITECTURE_AND_MODULE_MAP.md,documentation,.md,1696,28,fd542d819c500431883d727ed55018b77975cf5714f8467306f579620f40b649,false,false,,audit
docs/04_API_REFERENCE.md,documentation,.md,3966,99,5431c5b04e6060e9e4871860b1c6c958a7556f8f8850a5dd0a17f9baf01c1d02,false,false,,audit
docs/05_PARITY_AND_MIGRATION_CHECKLIST.md,documentation,.md,764,17,4d398838f735840038db5248c25739beb4fbae6c4007bd75b1bc9bf8ad8079f7,false,false,,audit
docs/06_WAVE2_IDENTITY_SECURITY_CONTRACT.md,documentation,.md,883,17,3348a264b0cf490a406c770a1d39e687319fa80d63b615d4141345637d99ecbd,false,false,,audit
docs/07_WAVE3_PROVIDER_ENTITLEMENT_INSTRUMENT_CONTRACTS.md,documentation,.md,1165,20,c739706ddf9bd7c3b56230d948067dbae24b0104e8be71930e9df4ab6137b0a4,false,false,,audit
docs/08_FIGMA_AND_DESIGN_HANDOFF_SPEC.md,documentation,.md,784,16,807bbc317ebfa420152a5c690666754d1f576d78922e16a2613bf097f0f86f3e,false,false,,audit
docs/09_WINDOWS_RUNBOOK.md,documentation,.md,650,32,b60c0bf8b2e33eca94377218cdd6165c1bedc56fbc827bb320b10408f5dfa71d,false,false,,audit
docs/10_VALIDATION_REPORT.md,documentation,.md,1563,31,9b2a9a53a44ee314d8f2c55723b12774a44ac66f2a866615c7a022a48b14cac1,false,false,,audit
docs/11_RELEASE_NOTES_AND_KNOWN_LIMITATIONS.md,documentation,.md,2153,35,9546617dd771f32aa8d2fa3d092d6f649d36aa429301126e2e3c9248e82c1c99,false,false,,audit
docs/12_TRACEABILITY_SUMMARY.md,documentation,.md,1053,21,aa8c8cc319bf5575ed811c77d46e7c39b0cf56d913ca5deb0a3cc95ea9b0abe7,false,false,,audit
docs/13_PART15_IMPLEMENTATION_DECISIONS.md,documentation,.md,964,11,fdf72f7237d4b1629ec033689797f6a87f1ccb2e812692da8163a257ab2a8fcf,false,false,,audit
docs/14_PART16_TIMESERIES_STREAMING_OBSERVABILITY.md,documentation,.md,2728,38,280a8a1f1b65bc9438f88b9b82420bbea1a002c0cda47f4d426b5f017ba12319,false,false,,audit
docs/15_PART17_PUBLIC_DISCOVERY_SEARCH.md,documentation,.md,2331,34,d3b902cae5a88b974a9d9ccea637a1f1e3ff6757588480f939d0c38420d1353b,false,false,,audit
docs/16_PART18_HARDENED_FOUNDATION_WAVE6.md,documentation,.md,2036,30,4b6c813c6017d999dc75fed5f95634ee8bb16d0157af33131106e6013178f744,false,false,,audit
docs/17_PART19_ADVANCED_ASSET_INTELLIGENCE.md,documentation,.md,1981,28,65b840d8defca3197c6a29f50db6b67480925e45b706e5b4186d7be80b4c307a,false,false,,audit
docs/18_GITHUB_REPOSITORY_AND_DEPLOYMENT.md,documentation,.md,2790,45,bfe3c4f0d9bdf09a29e83e50c001cdc99190091cf86acb4149cb0762f0e68aaa,false,false,,audit
docs/19_PART20_WORKSPACE_PORTFOLIO_RESEARCH.md,documentation,.md,2625,57,157209182331b820fac125a39e5c3c85ff7f7d0dcf299977d44d73f96533a42f,false,false,,audit
docs/20_PART21_ONBOARDING_AUTOMATION_ATTRIBUTION.md,documentation,.md,2839,40,4ef9264ba2c191406a67a026eb42603143065d1f37ca351e7d335b50ac27072c,false,false,,audit
docs/21_PRODUCTION_DATABASE_MIGRATION_CONTRACT.md,documentation,.md,1686,25,bcdf447d94f890b101920751ac4f0944552ec66cf79249e8d6a02c73cb03adfb,false,false,,audit
docs/22_SOVEREIGN_BRAND_LIVE_MARKET_ARCHITECTURE.md,documentation,.md,3065,62,55fe45e27241db17a6af42760bb6c62333a48f3e50f7fb231a2734e174abf989,false,false,,audit
docs/23_PART22_SOVEREIGN_EXPERIENCE_DESIGN_SYSTEM.md,documentation,.md,2333,39,f55c26fabae3e0ceefb409ae16bffcba94329492724889e85cdc2ae1a3ec56bb,false,false,,audit
docs/ACCESSIBILITY_REPORT.md,documentation,.md,590,8,8c731caede9d7d78c07776c4a16acba821623d94d30b117656f98216014d465e,false,false,,audit
docs/adr/ADR-0001-public-beta-truth-model.md,documentation,.md,969,19,bbbcd0fc84604b51894e241ffcb6358c5115d0968e723b87c1dd257717629a35,false,false,,audit
docs/adr/ADR-0002-provider-adapter-boundary.md,documentation,.md,1297,27,0c7393107c359e1862c58e645f1dd7c09b72abeaf6f66fc46007afd3fbe40c8a,false,false,,audit
docs/adrs/0001-baseline-and-release-label.md,documentation,.md,357,6,b17ab2897445aefe5a915f2ed07320f2c820f8a2b9abedddab0a9df4fb9e27b7,false,false,,audit
docs/adrs/0002-database-adapter-boundary.md,documentation,.md,378,6,b39bcc1cc67dd8c321ddaa99e48f6d8d2cc70077801049cd0f74a62d80157549,false,false,,audit
docs/adrs/0003-cookie-session-identity.md,documentation,.md,316,6,34898431d417be781e68a0b20e813747bb2fefaad0792d1424d8aaa1db8eabfc,false,false,,audit
docs/adrs/0004-persistent-jobs.md,documentation,.md,291,6,b9435fe2936cb5593dd9cb3f3136426742146723e089bc4b23149d8f6fe00f36,false,false,,audit
docs/adrs/0005-incremental-domain-migration.md,documentation,.md,259,4,a231a6253a280e34c488e7e417f24412d2812c684eb1d459364a36006b8090f1,false,false,,audit
docs/adrs/ADR-024-A2-IDENTITY-IMPORT-DELIVERY.md,documentation,.md,334,4,f130df7a13af2ca65e16be8addec4ff87b644726c303b181b82ffb2a3b2355e0,false,false,,audit
docs/adrs/ADR-025-A3-PASSKEYS-STORAGE-DELIVERY.md,documentation,.md,1060,20,93c6eb12fde3c35891cbf29a0bc8e067200e05f6da5efb3235e27b8749963ebe,false,false,,audit
docs/adrs/ADR-025-A4-RECOVERY-QUARANTINE-READINESS.md,documentation,.md,664,11,7fe70ced88b41ef62a8ff0d1c1f3e60d0b36cd627fb2b6efdd8479f3201d5113,false,false,,audit
docs/adrs/ADR-026-A5-PLATFORM-HARDENING.md,documentation,.md,514,8,5160d50a09dd5e25b74fd93036ea61980bb2d839f90dbc0b1549f72eb848f951,false,false,,audit
docs/ARCHITECTURE.md,documentation,.md,1117,16,a27231978787b3fd36f90f9eea87d3638807658b0a2b2ce38586eaaa7b806688,false,false,,audit
docs/BROWSER_VALIDATION_REPORT.md,documentation,.md,413,12,9e12b2f781ae8883d53c9cfef8021ac5d17d06f15a53677d073155d73120a637,false,false,,audit
docs/CHANGELOG.md,documentation,.md,1377,34,2cdceb2dd4a348a32876979a1137e3f8283ab1257c2264d30a8630e72c5166f4,false,false,,audit
docs/CURRENT_STATE_AUDIT_A2.md,documentation,.md,1255,25,720bb6ae5ab7feccd29de900076675014c264d8d5c7f68cced7f38d6376024e1,false,false,,audit
docs/CURRENT_STATE_AUDIT_A3.md,documentation,.md,2156,44,0d5b44c764cdd865ac10f128496b1c5d46e2d85c6593fb430c1ed46507ae3c12,false,false,,audit
docs/CURRENT_STATE_AUDIT_A4.md,documentation,.md,1314,30,9e78e23dcf3ff61390425cc79c92611c3a97ee446bbd4d56310da4fb0013f3cb,false,false,,audit
docs/CURRENT_STATE_AUDIT_A5.md,documentation,.md,2494,39,40d8079ce59028959ca6656ce26ca3d866b02570be9dad41b6e6e839f53f0df5,false,false,,audit
docs/CURRENT_STATE_AUDIT.md,documentation,.md,3323,62,69596a6655a82032a9c8262f3e036ed942129335601a639b2d2fd778b3534190,false,false,,audit
docs/DATA_PROVENANCE.md,documentation,.md,723,21,e7a6c475db77f24935550fa1994a25ade867e134c71b8aa767d852e05107b01f,false,false,,audit
docs/deployment/BACKUP_RESTORE_RUNBOOK.md,documentation,.md,1513,28,906d47e871852b908690ba392b79ff3fdebfc2717f7b4ed634bdadec370232b6,false,false,,audit
docs/deployment/BRANCH_PROTECTION_RUNBOOK.md,documentation,.md,1015,16,b0868cdaff06fdb4ade09bcdc3673b6e1b68e60a355a17b8560a10ad70a5c884,false,false,,audit
docs/deployment/DEPLOYMENT_DEPENDENCY_MAP.md,documentation,.md,4372,56,dca530c1a8d86021c15fc0e7f3a0de710a3d521fbe89480fcfa6ab564ffe589b,false,false,,audit
docs/deployment/ENVIRONMENT_REFERENCE.md,documentation,.md,2255,55,e9e2d5f9d828f4ec05fd662b86391c274b10db4481c0b21503e837c5d0a8252c,false,false,,audit
docs/deployment/PREVIEW_VERIFICATION_RUNBOOK.md,documentation,.md,3334,59,d7de4df99a6d80383cfc5b5f38b6de1829fbd6c100714ab4695ac5d006e93f67,false,false,,audit
docs/deployment/PRODUCTION_DEPENDENCY_POLICY.md,documentation,.md,1176,19,6b13ebd22b26cbce3c86a4c224cb3dafecbf1fda01a80a302a3d7b743508e879,false,false,,audit
docs/deployment/ROLLBACK_RUNBOOK.md,documentation,.md,728,12,f2050f294effb26f75305ed755ced780bd718debd4c52c1f7275e8325eab761a,false,false,,audit
docs/deployment/VERCEL_IMPORT_CHECKLIST.md,documentation,.md,1100,19,31a73e464fbb56429c16ea0511e3569a7b75a6dbbfa8c9fcc1eb3c84c6645673,false,false,,audit
docs/DEPLOYMENT_RUNBOOK.md,documentation,.md,1934,28,27d6e2b20a03897cd4133c5d3cb3b7e1943b3965fa8fc2f34cae88843e391128,false,false,,audit
docs/DEPLOYMENT_STATUS.md,documentation,.md,1871,28,d8c3eedde06d6f594470ade12514ebe1c7b62094c83839d5fdedc70c5830d12b,false,false,,audit
docs/PROVIDER_LICENSING_MATRIX.md,documentation,.md,1705,19,29942751a06e4dc97ba6db606f326f54c05f8c02303054f91d69f377228c392a,false,false,,audit
docs/public-beta/BETA_READINESS_DASHBOARD.md,documentation,.md,2122,27,521bd146910f54bb558aeb35a864981061be2a76d10445384ffc6b334a5fea05,false,false,,audit
docs/public-beta/MIGRATION_ROLLBACK.md,documentation,.md,1601,34,4c3f0993f7ed0aeb90826375d4036daab8a08575c8ba5f63a02e5e10b86b038b,false,false,,audit
docs/public-beta/PUBLIC_BETA_BOOTSTRAP.md,documentation,.md,1509,33,6eee7c50eaa8d60733d3aaf6ed007ccd02dbef472c432518d159586c232be487,false,false,,audit
docs/public-beta/RELEASE_DEPENDENCY_GRAPH.md,documentation,.md,1874,55,f0ca6468bfd2897e0e2ff1eb7c9cd51c573710a2c35334446261b4600d50b83d,false,false,,audit
docs/QELLY_CAPABILITY_MATRIX.csv,documentation,.csv,3216,22,0760907fd4872a873f95373253f6a73b95ff87525764626bcff6e78d7adc846d,false,false,,audit
docs/QELLY_IMPLEMENTATION_STATUS.md,documentation,.md,4481,59,7f6c8094f1dc958c5418360db349dc1571505d2f9a2adfc8897de03e5d0e14c6,false,false,,audit
docs/QELLY_RECOVERY_LEDGER.md,documentation,.md,7910,116,d72c910fe876581da700c5b55735cad40f39a6726a5bc88a970ee4c859beb761,false,false,,audit
docs/RELEASE_A1_10_GATE_VALIDATION_REPORT.md,documentation,.md,3331,63,e84483a750bbb402fef526b2f159064d89d9e04f1292b7f71f80283fb0919d45,false,false,,audit
docs/RELEASE_A1_ACCESSIBILITY_REPORT.md,documentation,.md,679,12,564d3397199ae3b5c340f99823ee6fa9dcbf0afc1c56e9b2678791f7919e9b22,false,false,,audit
docs/RELEASE_A1_COMPLETION_MATRIX.md,documentation,.md,944,15,5ca3cc2dc249f4cf19d0f42f1726a43d4843443bc8c878b31236414054fd08c1,false,false,,audit
docs/RELEASE_A1_DESIGN_HANDOFF.html,documentation,.html,5569,2,2f1d4218598531a7fae6169d5976f3809ae5eddcef7befe11308f0a2b77a71fc,false,false,,audit
docs/RELEASE_A1_FIGMA_HANDOFF.md,documentation,.md,757,15,1c4a894bed2df3cf69787f58979eeb293025d10c713ef2af36c735424245474b,false,false,,audit
docs/RELEASE_A1_PERFORMANCE_REPORT.md,documentation,.md,600,8,451fa66d027c25352bfc971f5d51e5ad891427c75f0a95cdaa9c0e847cbd9764,false,false,,audit
docs/RELEASE_A1_RELEASE_NOTES.md,documentation,.md,884,20,fb5d47fbfb71eff9f20ceb033d26afd8935bcb129dea3bc3485a18594d0107ff,false,false,,audit
docs/RELEASE_A1_RUNBOOK.md,documentation,.md,838,22,886984486bfaf7f1dba2fffd8961b38d889e55cb041fe3ed30f27e23d8647902,false,false,,audit
docs/RELEASE_A1_SECURITY_REPORT.md,documentation,.md,1134,22,c7bfbb9cbef84a4c31a446b5227989a0bbe4cf34d3a541d42a6c26350485f36a,false,false,,audit
docs/RELEASE_A1_TEST_REPORT.md,documentation,.md,450,10,80f867b7f2fd506faf5fb78e9dd3adfb8500611cbc42e4bbc3f5dcf03ca631b6,false,false,,audit
docs/RELEASE_A2_10_GATE_VALIDATION_REPORT.md,documentation,.md,1246,15,6b3bbb74fa951382b8d0029b8f89a464dfb7274cd9428295735268de32679230,false,false,,audit
docs/RELEASE_A2_DESIGN_HANDOFF.html,documentation,.html,1436,2,80f20e1f3fa74761517cdc59628157d7d250e6e8c8e41ffcdfd1161bb9d743e3,false,false,,audit
docs/RELEASE_A3_10_GATE_VALIDATION_REPORT.md,documentation,.md,2988,77,b190a8e999262f82831f72985b770438670ff3fa7dd4473c803525764fb5efd6,false,false,,audit
docs/RELEASE_A3_ACCESSIBILITY_REPORT.md,documentation,.md,539,11,73b66b3eb56653254f61236a25bc9195ca6901f5475428a08d964cc37936ba14,false,false,,audit
docs/RELEASE_A3_COMPLETION_MATRIX.md,documentation,.md,760,11,acef2029d9239b977e2dd57f23361856d2825637568ddfb0c6be10c63d19635b,false,false,,audit
docs/RELEASE_A3_DESIGN_HANDOFF.html,documentation,.html,5494,2,3d3b0b19680eea48772b5e4f3a6df568019717726b43a9b6bf99f7f7edf82bb1,false,false,,audit
docs/RELEASE_A3_PERFORMANCE_REPORT.md,documentation,.md,463,10,ef1677551a2d1c1c734db36a944addf6dc951fb9d5a282f83839b399cbb4f43c,false,false,,audit
docs/RELEASE_A3_RELEASE_NOTES.md,documentation,.md,780,20,b5705e6c19bc5b7ebfca1f27fbcd1a4b67a38b943ca05e62dc693c6f85a7a042,false,false,,audit
docs/RELEASE_A3_RUNBOOK.md,documentation,.md,806,37,a3f7977232aaa43e4df8c7a3ec1b60dcc356ea125aa1294b73878a7c8518ca9c,false,false,,audit
docs/RELEASE_A3_SECURITY_REPORT.md,documentation,.md,917,25,d7f7bf1966e700ce5126e7583e7b82ff81f5a53126981aa0655e38461ced47a0,false,false,,audit
docs/RELEASE_A3_TEST_REPORT.md,documentation,.md,476,10,d9a8bf4a66f14ebc4e2f4f4eba3361f7889afddc2dd62e64f9180313cf4da60e,false,false,,audit
docs/RELEASE_A4_10_GATE_VALIDATION_REPORT.md,documentation,.md,2645,63,ae4e10b9546f0790c426ac3a97f3e83bb99bea16d55affa927ab5e54d66ad3f2,false,false,,audit
docs/RELEASE_A4_ACCESSIBILITY_REPORT.md,documentation,.md,515,9,687bdbaf2df08e68abc2d2ff69d03f4d80ebd6cf0c82fe6ad34e9687e52c4f5f,false,false,,audit
docs/RELEASE_A4_COMPLETION_MATRIX.md,documentation,.md,1975,36,d4452a784b4a0bf2c418b7490fb197c960376ffa8593b34daaeb4803d6904e5f,false,false,,audit
docs/RELEASE_A4_DESIGN_HANDOFF.html,documentation,.html,2560,2,d4aa8578c70a2046b0d8214fd6161dd7067dd47d4c1bb630c79d6029324781d1,false,false,,audit
docs/RELEASE_A4_FRONTEND_BACKEND_PROGRESS.md,documentation,.md,2455,52,5a6178ddc47e038112d81774ed151db3456504eb65055d7b93080dcc7898b221,false,false,,audit
docs/RELEASE_A4_PERFORMANCE_REPORT.md,documentation,.md,439,9,d17ce0725879a25828fcab01a24aa2b3b2f3389e17d85f040ebde637203fade4,false,false,,audit
docs/RELEASE_A4_RELEASE_NOTES.md,documentation,.md,891,20,ea93c086c2fbc0833560e19ff084d3c4b72fca1d7320826f0d8f853c96960224,false,false,,audit
docs/RELEASE_A4_RUNBOOK.md,documentation,.md,533,14,03f3fe45173dc52aba9b11b8a13c6b51a8050150c48ab399bf77af0d890482b7,false,false,,audit
docs/RELEASE_A4_SECURITY_REPORT.md,documentation,.md,717,16,85e9ab0bd65cb68b12f9f5d3342d9617c377280bb99dac3c113a26981eb70bce,false,false,,audit
docs/RELEASE_A4_TEST_REPORT.md,documentation,.md,405,10,f9bdb5127df87b63a576335b05efb2bd0f81c644ceb4a1610d1d439c152f2b88,false,false,,audit
docs/RELEASE_A5_10_GATE_VALIDATION_REPORT.md,documentation,.md,4750,123,a3fd1e7ed779ab3a494c64235377063c83d3e5fe0b84409780e1b0aa0f7b9192,false,false,,audit
docs/RELEASE_A5_ACCESSIBILITY_REPORT.md,documentation,.md,379,4,cfdec39a3d75ca17bd87295d062a879d1736892f7a9d8ee6eaf9899c804ac8d8,false,false,,audit
docs/RELEASE_A5_COMPLETION_MATRIX.md,documentation,.md,2574,51,98c79068aa4f8cb6e948d1e8c642f24fc2906219be27c5b2e502bbfba5b87d77,false,false,,audit
docs/RELEASE_A5_DESIGN_HANDOFF.html,documentation,.html,760,1,00836bfdbf1a9aa54275cb086b5d05af5b45d62a1bb35370cac9e33809e308b6,false,false,,audit
docs/RELEASE_A5_FRONTEND_BACKEND_PROGRESS.md,documentation,.md,2609,51,de10d6a557c77072831bf4be167e8a29a1d6409ddd28ec0ae5c84da2cda287f7,false,false,,audit
docs/RELEASE_A5_PERFORMANCE_REPORT.md,documentation,.md,258,4,ef9581a654011a19bd48d04c2d04a921f5fb213cdd2a9e28bb9b592e0205e42c,false,false,,audit
docs/RELEASE_A5_RELEASE_NOTES.md,documentation,.md,2275,27,2bff4f930ec3ae361833aa253c4a5755f69e70f6dc836b24b77a82dd0aa05088,false,false,,audit
docs/RELEASE_A5_RUNBOOK.md,documentation,.md,353,8,d9e68076a356c3444085c8ea209cb526f0857a6a9ea0140dc5ab039f1ef26f31,false,false,,audit
docs/RELEASE_A5_SECURITY_REPORT.md,documentation,.md,364,4,7ab4e860dc6eb0b2b3f3014ce145a4a3a353c62330a755d3770b90c92e46e610,false,false,,audit
docs/RELEASE_A5_TEST_REPORT.md,documentation,.md,281,6,fd282c9612419be3a4cbf5c4e24b67407a910db421aa8fa5a8da82b6b705b3b2,false,false,,audit
docs/SECURITY_CONTROL_REPORT.md,documentation,.md,908,19,9bd69c079121bc01a217e86412c71413cb9e1a00051c4a4dd3f6990534b568f5,false,false,,audit
docs/TEST_REPORT.md,documentation,.md,484,8,08f08db7b5c8afbaf0e329f80dda2f68797ea43720038130055e06b3434fee60,false,false,,audit
FIGMA_HANDOFF.md,other,.md,356,6,bfaec824aaf5b70b5b08311b8bac5937f339b35ba1024c49584b34c9762a1742,false,false,,audit
figma-brand-foundations/code.js,other,.js,1980,22,fdcbb38128732c327d3a59de9526b449413d82fb65068576d34f99c4e8110c2e,false,false,,audit
figma-brand-foundations/manifest.json,other,.json,185,11,b1b990fc96b1432fdb7f51c35afed82593f860027ca6683b4e7bc58c974696f3,false,false,,audit
figma-brand-foundations/README.md,other,.md,173,4,9a314c62b549494634a1bd556c7a44e70dd7f05c9a43210ff1b8cab49fe2bd3e,false,false,,audit
figma-plugin/code.js,other,.js,22006,45,b3f99fda32a9d5694af508a36130a6a84385bae4f6dddd6075957ab5cec99bd3,false,false,,audit
figma-plugin/manifest.json,other,.json,264,12,73b9b65d1b6f9820564cc5cbc0d9438bf9c0e5dfc128e3db0d949599f6e3cc29,false,false,,audit
figma-plugin/README.md,other,.md,974,19,81fa44558f750da2009abf86c57c09a88e8fcff0d614c1171afff7ba3cedfcc3,false,false,,audit
figma-theme-plugin/code.js,other,.js,8592,46,93190826341ddb53f3495d63f0f488a0e61c87bbf309cbb6b1e77c973af72891,false,false,,audit
figma-theme-plugin/manifest.json,other,.json,205,9,9f062568f8ff6c56f9d05f6e17d95f02fcc90b7a371d498e33bf273841fd3bff,false,false,,audit
LICENSE,other,[none],570,15,f194a60e3829f510d99d9d3ecdb082029e7aff81f4f5970467ad5c2c568497a5,false,false,,audit
NOTICE.md,other,.md,1188,10,e12414220743feb1f91496427703a84557338d5eb4674977b9e0f4d19a06921d,false,false,,audit
OFFLINE_README.txt,other,.txt,452,10,93b470da82c43258f4f9256f3a876dfbac8ceaf65ad83d565f569613c36973a0,false,false,,audit
package-lock.json,other,.json,4209,112,aee7ad3e605b6dab33a6144eb04edc6bf979e6a5cc2130e31063ea05e246af88,false,false,,audit
package.json,other,.json,2909,61,8ce3d567c5e037df1f81af1324d887181ebd2135077c0f7334b35db044595741,false,false,,audit
packages/accessibility/accessibility.mjs,package,.mjs,3005,77,2014f96f9230ddacb4d485dd7840fab878762789f334a9942afaa65e09e0849e,false,false,,audit
packages/accessibility/README.md,package,.md,240,4,c4a51f3bacc70c85b46f80d3c8cf9f7c7c06e0c710fb8badd29e65ba049fb3db,false,false,,audit
packages/charting/chart-adapter.contract.d.ts,package,.ts,889,26,136a823cf4faa319a3c37c6d22517e28112ea83845cf8625635ba6a1be957515,false,false,,audit
packages/charting/chart-shell.mjs,package,.mjs,5032,58,823fe106688d127003209606cdf3b46ed85342ad93cffd1aa5b2c3e301e7d8bf,false,false,,audit
packages/charting/README.md,package,.md,216,4,ebc9b317fb56e5c53689faf32f24708c45ec2527c8ccda3a25f7c5b116ac2ad1,false,false,,audit
packages/contracts/advanced-asset-intelligence.contract.json,package,.json,1562,19,8c72eaf89b8e755e865964198e364dc31208031b781b24dd33ed7566a1af4f5e,false,false,,audit
packages/contracts/entitlements.contract.json,package,.json,982,14,a7a2973ea0b77e234dda8d49041aea0dc4bcc6a4eae9c43088ed90369b8946ac,false,false,,audit
packages/contracts/hardened-foundation-wave6.contract.json,package,.json,2129,23,6afc5cc9ac743f6d2610869003ac1fb63262425d4e77acf53dd820ed105454bb,false,false,,audit
packages/contracts/identity-security.contract.json,package,.json,4022,87,7044da46c9c22f34efcc4936ae605a16916b533ac9bfc9917285301bcf113717,false,false,,audit
packages/contracts/instrument-master.contract.json,package,.json,2906,44,98c3e7736ced384e28028f1fea7eaf291f6cf8f836ec3d0bc2d5d13ccfcb69dc,false,false,,audit
packages/contracts/observability.contract.json,package,.json,1277,22,8ce5fefdfb1db55755274cf51a23f058a3bf47e38d033b6fce463b7fd5df1e32,false,false,,audit
packages/contracts/onboarding-automation-attribution.contract.json,package,.json,1847,18,5b51ebd09ace018ef60481a7f734dab65c5a21cf8c36b97e2f9c59ea41f5d96b,false,false,,audit
packages/contracts/production-platform-foundation.contract.json,package,.json,1966,58,4a13754730bbf7729de6d3b78069ec5629c41108cbdaf5eda88a38a5d12687a8,false,false,,audit
packages/contracts/provider-runtime.contract.json,package,.json,2859,53,dd315b5933210facbab0b4c501a3c241cac1ba94dcb2c64370a95fe5a32f3857,false,false,,audit
packages/contracts/public-discovery-search.contract.json,package,.json,2915,109,2fc863bc7d1a0eb27a8dd5105f2fa14419ca27a8ca679a76dec69246a9b3e3d1,false,false,,audit
packages/contracts/README.md,package,.md,222,4,ddae3072252d7f0034d9cc4391f22764544d8b77664c6bfe7206253140259ff0,false,false,,audit
packages/contracts/release-a2-identity-import-delivery.contract.json,package,.json,995,14,1645554a066be5e14792814ee5e0a46c8d267d8051fa3c6bf796dba53013f914,false,false,,audit
packages/contracts/release-a3-passkeys-storage-delivery.contract.json,package,.json,1804,47,1fd345c6415f7a35b370009d9770e9e1c11f4c406c9ea9b65b111a3024bb194f,false,false,,audit
packages/contracts/release-a4-recovery-quarantine-readiness.contract.json,package,.json,1140,37,bb48378a065325489eb2380b555f7013ccd2674d90c281eb16700486c893a588,false,false,,audit
packages/contracts/release-a5-platform-hardening.contract.json,package,.json,1584,44,d8a11a0ba33afec18365394aba52908ac0edb2980ca5cbb102f6ef77c7e28153,false,false,,audit
packages/contracts/sovereign-live-markets.contract.json,package,.json,1613,43,8ad4802a185612e0df991330461cc7bcc4d8b53edb873dca5c9361f69bae8d6f,false,false,,audit
packages/contracts/timeseries-streaming.contract.json,package,.json,1787,38,3d36d0732e061bbdc4ddf487a236328164373fc1167890ecedb8c97bc0c7e331,false,false,,audit
packages/contracts/workspace-portfolio-research.contract.json,package,.json,1532,18,a61166e38c86d4aab938ba0ae7613e1835028eddaf58aa68ca929d701e4571db,false,false,,audit
packages/data-grid/data-grid.mjs,package,.mjs,6385,95,a388b5abf7ceaccf8b06e01d811e6c8255b3c54d743634860e94773a78dadba2,false,false,,audit
packages/data-grid/README.md,package,.md,251,4,c090e7e3cbbdc78ccff3b207d0e9dc8f7c3093bd76059e0cd0bf3e90e5854a0b,false,false,,audit
packages/design-tokens/brand-lock.json,package,.json,2019,33,3fbe2b318a05cc929da2a92fdfe5196117cc135f7b7e3093edc45a219b418444,false,false,,audit
packages/design-tokens/README.md,package,.md,223,4,ebf934fb0f229f9144372a6919cca5c3f48b01fedf6db9ad46f53fc6d553627d,false,false,,audit
packages/design-tokens/theme-profile.schema.json,package,.json,1229,66,645747a47fa4d98eaf59254fd3282eaeee1fc640d5e552482bb00617d40e0773,false,false,,audit
packages/design-tokens/tokens.css,package,.css,5300,184,e1963c613fa8fb02d78ec9cf9fc46279e2c5b30c10f50e0be706a34057f280d3,false,false,,audit
packages/design-tokens/tokens.semantic.json,package,.json,4252,194,6ee1be4a879c034c24aef843eb15cb04d4bc867617a3847ae2599c44c9e3706e,false,false,,audit
packages/migrations/001_foundation.sql,package,.sql,697,21,b89fa4bce3dc95336bf236bcb3887cdd4c96995d97aeecda2cd534c36fc231ea,false,false,,audit
packages/migrations/002_workspace_state.sql,package,.sql,629,15,c447e1b4dab2cac8a78a7643508f54c8fc90f614cb70fad2b9b9eb831ea8dcea,false,false,,audit
packages/migrations/100_release_a1_production_foundation.sql,package,.sql,6946,159,f22c872960ff355f043f514937fcfdbe08f9317a524a01574d825b545ebced85,false,false,,audit
packages/migrations/101_release_a2_identity_import_delivery.sql,package,.sql,1024,5,60d53f33e8095a5ae09beecc824cdbc2f264f215c89f1952b79816b3d506fb59,false,false,,audit
packages/migrations/102_release_a3_passkeys_storage_delivery.sql,package,.sql,2653,64,d3bd45ee203a996f30d8a5c7441af3b61f4ca6c343dbd8150b53c49787d3c186,false,false,,audit
packages/migrations/103_release_a4_recovery_quarantine_network_policy.sql,package,.sql,734,22,39531bf58dbeaed1cc1991a93fbee0b3d40591d992bf679d7d79bdb6304cb9cf,false,false,,audit
packages/migrations/104_release_a5_platform_hardening.sql,package,.sql,707,18,ddb5b6f9596de680d6bfdd448d9c4ff23189fdf8e8a70c3cd248ced5f2789805,false,false,,audit
packages/migrations/105_scope_a_decision_provenance.sql,package,.sql,3176,64,482b5c87be2fc6c1bc8f125c5779240506c5e69ec43e761bb625922edd0af2fb,false,false,,audit
packages/migrations/106_deployment_runtime_state.sql,package,.sql,2674,60,f5823f24d5042604b49ff2bae68ae3add3bb575ba76eb571a9245aab066cca8c,false,false,,audit
packages/openapi/qelly.openapi.json,package,.json,107873,4199,4d09d39797a1beedfcf2abc3074658f3909351eb8bd8c9ae2a3978ed6558da24,false,false,,audit
packages/openapi/release-a1.openapi.json,package,.json,63422,2473,a8950357518166200d564649e576953d62940f65f64602eac5919296c35e3002,false,false,,audit
packages/openapi/release-a3.openapi.json,package,.json,75704,2930,8848ab7f8bf61f19252edc7b328f4bf50a87e37d7c094c17a0290d0dfb334fe3,false,false,,audit
packages/openapi/release-a4.openapi.json,package,.json,79508,3078,244444263df316ddd92276e74a20c33a86c5fb6adf417b02e916f4809deb2802,false,false,,audit
packages/openapi/release-a5.openapi.json,package,.json,87113,3362,fb54be51700bad1d6f97d1a2981298251b91794dd23399a4c2f6d16a9f13dfbd,false,false,,audit
packages/schemas/access-decision.schema.json,package,.json,739,18,f2112c92ca8dc7c8cb4aaff324eaa011b5cae3c6227930986ea3613cd90a92b5,false,false,,audit
packages/schemas/account-recovery-request.schema.json,package,.json,251,9,4df16d0fa26692368f1e1bdaaa9650fd0fb9ec4386628a01f3687cabc1846b0a,false,false,,audit
packages/schemas/account-recovery-reset.schema.json,package,.json,409,13,58e72debac0aeb846e9e4a8c2d6cdc561605e4bb52458165c4ee5a59c2666be4,false,false,,audit
packages/schemas/advanced-chart-response.schema.json,package,.json,636,12,5ceff0bee855e1c7d1e98674ccdc78bc013040366a6bc80f88863e16caf17aa7,false,false,,audit
packages/schemas/alert-rule-input.schema.json,package,.json,725,2,acab0f10a95434c8084cfc4deaa1ede01be2ae6af2e0b32527907cc4678acdc5,false,false,,audit
packages/schemas/asset-comparison-request.schema.json,package,.json,410,12,d4ed2fa52b30d38cde1f2613ca7bbf1ed79015097775e755f44c8cdd9311dc4e,false,false,,audit
packages/schemas/asset-intelligence-overview.schema.json,package,.json,613,13,4df4dc50f54278a55195e45221514bcece43bc594ac540f7a4eb9c1448f933c6,false,false,,audit
packages/schemas/asset-technical-study.schema.json,package,.json,713,14,710063b8b85ebded3a296143b305f7041a693f756ed0503d4602b4e687d90621,false,false,,audit
packages/schemas/assurance-concurrency-input.schema.json,package,.json,335,10,b793a969eece1d267d7377ae6e585d77077caa9a4ab5aeb1fce0538c40a7e2d9,false,false,,audit
packages/schemas/audit-chain-verification.schema.json,package,.json,506,16,9ae545fecdae579148bda2f871652471bb768dc6fd71876ffa822753b819f684,false,false,,audit
packages/schemas/audit-event.schema.json,package,.json,1390,79,055184f566b3d44c2ee545c173bbbb2cdb54ad6cafdaf45cfa9ed8964ed683c3,false,false,,audit
packages/schemas/auth-login-input.schema.json,package,.json,407,13,62f723899a8d14d4a2de6c4813bceb4feb6e11337fe654f36b8315ee651e4333,false,false,,audit
packages/schemas/auth-register-input.schema.json,package,.json,902,19,197bcd8ec880961c54e5118fc889a1d09c9756a48979f81144e779fbb6b31128,false,false,,audit
packages/schemas/chart-layout-input.schema.json,package,.json,667,16,9b54cd86493d4f192f5ce745b8e1fb0742dc286d67ae979d2bbae5b9c83d5b4c,false,false,,audit
packages/schemas/chart-layout-record.schema.json,package,.json,588,8,a21bfb1f8b3527eca5013505d1a73bf6df0863c87324dc4e0f2a1e61f552045f,false,false,,audit
packages/schemas/converter-result.schema.json,package,.json,933,23,8ef1a12ad3345e3c1cbaf537846ff20e89e3764ace703006e63dd3443fba1c19,false,false,,audit
packages/schemas/delivery-job-input.schema.json,package,.json,480,2,2423f149d5f07495c07be8620a63e8cdd753921099f08ea659ebe89283fab7b9,false,false,,audit
packages/schemas/discovery-ranking-response.schema.json,package,.json,1587,38,5c6f6c82af6696122ae8c3c27dde848d584dab52ad0d56b4dd357a8ca20f7610,false,false,,audit
packages/schemas/discovery-search-response.schema.json,package,.json,1317,34,51c15377d76545c08518e16873e7422dd3b4a13e573bcabbd2538ef40831153d,false,false,,audit
packages/schemas/evidence-explain-move-input.schema.json,package,.json,644,17,d7476412fe477da84b1799a052a351342dd6bd71349af74aed4cf156a54a124c,false,false,,audit
packages/schemas/evidence-graph.schema.json,package,.json,2048,24,d93c30b22604ed7a240b4e4c7bb961fac8b8c3750161c3b2d3cf5d84d0f058bb,false,false,,audit
packages/schemas/evidence-node.schema.json,package,.json,1041,21,24428880984811780ea967c6e05c3a836d95e538aab825b1c45c079d100203db,false,false,,audit
packages/schemas/filing-workspace-response.schema.json,package,.json,474,8,981224eeb04978e96065cad108b866c43065fa67bf4c4ca8fd1c337a34cfc09c,false,false,,audit
packages/schemas/financial-statements-response.schema.json,package,.json,461,8,85a37ef0e53947020a623a5f8a99380f752522c35c0eb19189835dd6f2abd118,false,false,,audit
packages/schemas/formula-screener-request.schema.json,package,.json,1451,2,e5d8475b9972edeb1a816cbf96f24c5bdf52469ad6c0292e341757e1a1c9f6d5,false,false,,audit
packages/schemas/identity-context.schema.json,package,.json,1420,75,9dc2a115881ea793fa1a37945757a5903722e334f2763ef27544527ca48bda05,false,false,,audit
packages/schemas/import-request.schema.json,package,.json,356,2,8c00a5d39847a0dc7d7e42949a5f20839705e6d826cdfd583982e6f197c14dd2,false,false,,audit
packages/schemas/instrument-master.schema.json,package,.json,2509,128,b0f8b65362350943b33d780d3f88235ac2237c374ea967f948175af21d8997ac,false,false,,audit
packages/schemas/instrument-resolution.schema.json,package,.json,899,26,2142c5a516d9a2b954f6599dc30e4cd181f5c4bbc53ed1db011120d16ea2488f,false,false,,audit
packages/schemas/layout-preference-input.schema.json,package,.json,2992,33,c9b2a9934fda2e80b220c6f643a280caf004276c95d9d00e5d423894353e533d,false,false,,audit
packages/schemas/layout-preference.schema.json,package,.json,2956,34,b0c09778b1bf6798810ea9dbede81ceeb9249ad494940e3f08c8faa4044c8ee2,false,false,,audit
packages/schemas/live-market-candles.schema.json,package,.json,1350,18,79f14fde01a585173aa3f188900cb40d90fc49e462987d8712e445b3ee73ad1c,false,false,,audit
packages/schemas/mfa-confirm-input.schema.json,package,.json,286,2,69e4e47950bb210ced1cfb27494bb5739e6be518fa25d385a9dc339022b44b28,false,false,,audit
packages/schemas/mfa-recovery-input.schema.json,package,.json,376,17,2d59f7c1649d1c04f0760f108305315b385b7bafa53ba9ebc85409faf24637c0,false,false,,audit
packages/schemas/notification-job-input.schema.json,package,.json,537,15,cd3e43080498ae12a3f0e416457f86fd186d266e35dc01f2eddb19a3e2a56a0d,false,false,,audit
packages/schemas/notification-schedule-input.schema.json,package,.json,781,2,e37d3996fe89d455fc50beebbeb0194375c27be231c6041597e866b3c62bef0e,false,false,,audit
packages/schemas/observability-overview.schema.json,package,.json,841,18,b6500a72988dcaa1abebfa4d42d3cf9f6e98ee2fb117ccce953aab164db94b35,false,false,,audit
packages/schemas/observability-trace.schema.json,package,.json,1133,25,88e6a6a7f8c755ad2cd4d9c5f7142bce422de8cc429b154da183fd9046774a4e,false,false,,audit
packages/schemas/onboarding-profile-input.schema.json,package,.json,1228,2,2ea751630bc31d0dffb8eca97b835bf21c6dece45cc4af361bc35a6c97cd6172,false,false,,audit
packages/schemas/passkey-auth-options-input.schema.json,package,.json,393,18,24cde96cfdbd3b8c6e091ec86a4920ba6fbb164d4634a6e7e035160ab9a66b59,false,false,,audit
packages/schemas/passkey-authentication-input.schema.json,package,.json,1761,76,04e6c954a1c3054a7f7719d15c9f310e3648670b567efc297efcb55546f304df,false,false,,audit
packages/schemas/passkey-registration-input.schema.json,package,.json,1818,79,49c3c76732f01ba37d4becbf7a22c84bf772202b00703fb96efbf97cf37aa9f3,false,false,,audit
packages/schemas/preference-inventory.schema.json,package,.json,491,10,13f180705f21e5089c1fb864acbde8a72b1365e3e9f54635efcf5549e4940e6b,false,false,,audit
packages/schemas/provider-execution.schema.json,package,.json,1032,27,6064e8b4c3e92e259a71f7da2bedc686f17fcd44de9aebf4b9bc4e8a67ff037b,false,false,,audit
packages/schemas/provider-registry.schema.json,package,.json,876,21,4061e41e17e1448262f5c2dbda9b38152a21cf0d06a8bd9393a02232269ac94c,false,false,,audit
packages/schemas/provider-runtime.schema.json,package,.json,2028,107,c527b9fd8853abf3acd274413ca2b9dbc4d4956d4840563e6662cbdcffe7494a,false,false,,audit
packages/schemas/public-beta-evidence-metadata.schema.json,package,.json,1455,38,6ef63098680c366a21681531ac2c7a4459b134234f70ba1ac1586c0cd211015b,false,false,,audit
packages/schemas/public-beta-truth-state.schema.json,package,.json,453,22,9b8d6b5b51a70fddf14382c40f8603dab861490a5f37a3cbda01735241918949,false,false,,audit
packages/schemas/public-market-asset.schema.json,package,.json,1131,28,ad0e5e3bf8338ab7793c436ee9c2ef53e05a25c44b3a9d1521472f74a0a7802b,false,false,,audit
packages/schemas/public-market-overview.schema.json,package,.json,866,19,7b8f7c1ae0b2cc6e09c4db1de163edb6fc94f5c5939a6fbd34b6fd4d8b40c9f1,false,false,,audit
packages/schemas/public-market-source.schema.json,package,.json,1144,24,fd2213da53555b8e97608a28502f7c9061008381a9c437d304974c941512d13b,false,false,,audit
packages/schemas/README.md,package,.md,184,4,3fa3e46cfe3654dcdb8d401837bd481d0bec8bf039e7925c984042d1a57cc033,false,false,,audit
packages/schemas/research-item-input.schema.json,package,.json,415,2,f717d7fd112d03da58691b7dd3eb0daec7d9a08d06df165deb9400344209e1c7,false,false,,audit
packages/schemas/research-version-input.schema.json,package,.json,208,2,0f9f25aa97b8f5e1032b6d3dc592259ff00f5b171ec9bffbc3563580a4941abc,false,false,,audit
packages/schemas/research-workspace-input.schema.json,package,.json,386,2,21590aba89eb22ec4005f35fd909e05f9d716d6c38e0194b85328df4ea939150,false,false,,audit
packages/schemas/saved-discovery.schema.json,package,.json,607,17,c2012be9705d0ff98507b60d3f293e52b902632f56a6c9b1fe39e0c19208188b,false,false,,audit
packages/schemas/saved-screener-input.schema.json,package,.json,266,2,76735cbc8f3ba6c065119f7b3f5f1b5312402e15ff4519f718ed068b41d12969,false,false,,audit
packages/schemas/screener-request.schema.json,package,.json,892,2,d3679ee4824b4185d7a392ee7a4c9e433e86f8290b7a4c1d9c46aa621ef15171,false,false,,audit
packages/schemas/secure-import-input.schema.json,package,.json,430,2,54f181b184fa926f98b3e9a412044ace05572339c1c9b0ef6271c7665dd55e24,false,false,,audit
packages/schemas/standard-error.schema.json,package,.json,904,47,eec3c2718bb3257501a8c321a0ffe15c7f561c3a60a53a28c4441979c32a15bb,false,false,,audit
packages/schemas/stream-envelope.schema.json,package,.json,1082,61,f81d9357222a87ff88b27d7fef1438e76f5f8753648d207870f5f86e6d9ae1cb,false,false,,audit
packages/schemas/stream-replay.schema.json,package,.json,759,19,f47bd9e86655ec532693bdccfcf0dd92c12a5a827c9382d25191322af4258995,false,false,,audit
packages/schemas/timeseries-append-request.schema.json,package,.json,810,16,43ac0752aec2aaa81e4ed409dd15db70b42573af776a8e19dd633a74548f84a1,false,false,,audit
packages/schemas/timeseries-point.schema.json,package,.json,1079,21,ff49ede543a1bad317ff24f783741acfef2bfe9b870c93ab2b74d15a67021a5c,false,false,,audit
packages/schemas/timeseries-response.schema.json,package,.json,943,16,bfcf92d1fe0e6c8a41f5fbba3c6a823d8ba520d4f998618a1f45d464620268c9,false,false,,audit
packages/schemas/universal-display.schema.json,package,.json,1691,99,52f8df56862aa566ac4c73b42ebd4374d12dd55dd41b3707ecce0760a528ff48,false,false,,audit
packages/schemas/watchlist-input.schema.json,package,.json,266,2,e401cdd4c85f0c9c258a23cb141067c949d7c740a85c5df8a553584732b52cd8,false,false,,audit
packages/schemas/watchlist-item-input.schema.json,package,.json,318,2,b8070d06a6e0851c69c0d152aa3f48a9b86d5dfb54495887a3b606746ccf5629,false,false,,audit
packages/ui-primitives/primitives.mjs,package,.mjs,10269,87,78678ceb64b9d84063be1a752c1b0b4c50196750fa7757d515bc4a0a0133a592,false,false,,audit
packages/ui-primitives/README.md,package,.md,233,4,64a0c7493b694e753f9cfcab998ff7ec05c17c695bca113478caccf47f19a80d,false,false,,audit
project-state/POST_MERGE_MAIN_VALIDATION.json,durable-state,.json,1742,63,4841fb2400b255699d34025e3968db74ad603aa74c894cdcb608821e775d2a26,false,false,,audit
project-state/PR14_MERGE_RECORD.json,durable-state,.json,857,28,69fd83029b24f4ded074085388b1f4f2294178bc5041eb58727a9dd1bc4fd743,false,false,,audit
project-state/PR14_SCOPE_AUDIT.md,durable-state,.md,2193,46,e09a7e543d2a1f20a08992e6abfeeb9b934480e4935c530001a69cc33dafb782,false,false,,audit
project-state/PR14_WORKFLOW_MATRIX.json,durable-state,.json,2067,81,bb6859f367efbb1b0bee681a9e6c9c63478b45fe0a01552742ea269a3bcb4a7f,false,false,,audit
project-state/PR15_CLOSURE_RECORD.md,durable-state,.md,961,18,3bf43a98929d78d26568fe863431f71d1097cf718e6d6c27961a620f2c79e990,false,false,,audit
project-state/PR16_CLOSURE_RECORD.md,durable-state,.md,831,18,acd65322161635ed5d74abdcbb9ab66f402adf5bdef599ecb75bd97ca84d789f,false,false,,audit
project-state/PROMPT2_STARTING_STATE.md,durable-state,.md,2785,52,341e3794e2f11b8b05f91ceb5e654fbe349fbd7b608c525884031cf0316d331e,false,false,,audit
project-state/PROMPT2A_STARTING_STATE.json,durable-state,.json,2292,61,7d5be41a1b357c0908587b6ae5b706c2735ee1c5a6243a6e9e4f344b68844968,false,false,,audit
project-state/QELLY_API_INVENTORY.csv,durable-state,.csv,44730,278,fd0b8df573c2197f613f14e2e20d76a5e74a232ca7140939e5c2c5a8ec4b74da,false,false,,audit
project-state/QELLY_CURRENT_HANDOFF.md,durable-state,.md,4661,77,f086b735f80ec7a160a9660a927246f0fca16b9e201ee1b61e496ce0ba15f213,false,false,,audit
project-state/QELLY_DATA_SOURCE_REGISTRY.md,durable-state,.md,1165,26,cafc4d37126dd15b1cc458e604d4561e59a06aa44681ac1ba6f50811aaba75ef,false,false,,audit
project-state/QELLY_DECISION_LOG.md,durable-state,.md,1980,42,75dcb2ccabd3e3d462b6d77abdfd4a4f2c55118e9184ce618f18bd4e3d6d30ee,false,false,,audit
project-state/QELLY_EXTERNAL_DEPENDENCY_REGISTER.md,durable-state,.md,1434,14,2ae0df8ba812e4646849b76931cba0ae661f50256ccf900a0a781a597e7e9090,false,false,,audit
project-state/QELLY_FEATURE_STATUS.csv,durable-state,.csv,3353,22,2fb171e007f30013728c0778e66614ba608a3145e939adfeebb71fe923314772,false,false,,audit
project-state/QELLY_IMPLEMENTATION_MANIFEST.json,durable-state,.json,2216,68,b6c26ae667bda6831f1b89ee804eee42c181c7eb969bc174e21c75193aa8f5c1,false,false,,audit
project-state/QELLY_KNOWN_LIMITATIONS.md,durable-state,.md,2085,34,afc9900535bb3768c94c6325b251a1def5ff923f32fdd364fd00ef3107f9834d,false,false,,audit
project-state/QELLY_PROGRESS_LEDGER.md,durable-state,.md,2321,16,dd2d42b137b54285b366c8a7d684cb321b9b3d48757413c7c8a10fd46ebda544,false,false,,audit
project-state/QELLY_PROJECT_STATE.md,durable-state,.md,2700,55,ef2c7433ec1d5f27d6dd2679fc36d34747274eb3dce24d25a3f8907b66d7c066,false,false,,audit
project-state/QELLY_PROVIDER_REGISTRY.csv,durable-state,.csv,1591,9,f003998916635e1efdeb6615f9801b37c3f083b9b8bcebe726c54597265b7f70,false,false,,audit
project-state/QELLY_RELEASE_MATRIX.md,durable-state,.md,1355,18,1c8d7e638b64d716f0e614ad670bef0b5ca9657d03ded6a9a6b6d28d42e5184a,false,false,,audit
project-state/QELLY_ROUTE_STATUS.csv,durable-state,.csv,11814,63,75e637ae6a46d215a25a0ecb44a99874a6932e1760b88b4fa5d1792b89be7a91,false,false,,audit
project-state/QELLY_VALIDATION_HISTORY.md,durable-state,.md,2975,81,0ed2a1c20143f15ee82f158263e5e4d6a85d5e1186d510768dea6dd1c916600c,false,false,,audit
QELLY_ACCESSIBILITY_STANDARD.md,other,.md,2639,44,bfc91e7554ea43f300626a4aba7b53e69f1c84515a7829c89cf9a6b9da71cd1b,false,false,,audit
QELLY_BACKEND_DOMAIN_MAP.md,other,.md,3144,30,26cbc21339c05c5e92dd334fa38feea89cec88dfd6d1c92872a973a1ef075b88,false,false,,audit
QELLY_CHART_TOKENS.json,other,.json,1585,40,d9e4766aaaf3f3a344a15a260dd00faa8d12935ec7ffdc13ab59e196632597bd,false,false,,audit
QELLY_COMPONENT_INVENTORY.csv,other,.csv,5776,42,10e0e64e7c658d007a31984de933b31fac3c4942edda431c2cc9ac3381385568,false,false,,audit
QELLY_DATA_NORMALIZATION.md,other,.md,1939,36,da3f5c990dfeae7936d0586b26ebc96c53da60d5e3c86232404df6757906a925,false,false,,audit
QELLY_DESIGN_PRINCIPLES.md,other,.md,1636,13,bf22243fb97a61061373a2d5c839507c93dae0d4483d987ab33fe253003b7d6e,false,false,,audit
QELLY_DESIGN_TOKENS.json,other,.json,10626,132,f6598c288921ee46bba29d64184654e31b5bad062d6e603faf36471d95cb58c9,false,false,,audit
QELLY_FEATURE_MATRIX.csv,other,.csv,5921,25,c2b343404ce2f48160cb3e21d9aeb8651bbbac294172be5d8ec92e53d35c0a01,false,false,,audit
QELLY_FIGMA_HANDOFF.md,other,.md,1568,29,362f765aaf5470735b65a0b75ebaa743328faafeedac8ba9d6faeda6978d7189,false,false,,audit
QELLY_FRONTEND_ARCHITECTURE.md,other,.md,2503,49,acb71243a56f7199f7beac17ca03fc7064da8f6a53575ff1335ad74c00911a9a,false,false,,audit
QELLY_IMPLEMENTATION_ROADMAP.md,other,.md,2219,30,7ef79676e513746c336a8d3d8be5abc44df5ef9f25482f33006480cb5211949d,false,false,,audit
QELLY_INFORMATION_ARCHITECTURE.md,other,.md,2789,46,fdfa1077769ae881765b921ac77bf0245c23c1395b0dadb020e050dcdd1f51c9,false,false,,audit
QELLY_LICENSING_MATRIX.csv,other,.csv,2443,16,7539252630c30a0f3d4a5a25ebd1a0711c092b3c14b8c76a34418e89256298b5,false,false,,audit
QELLY_MOTION_SYSTEM.md,other,.md,1799,46,71107e5e1ca0f6883b8a7ca6f1f8167cbb643b738ca940185ea640704413b1bc,false,false,,audit
QELLY_MOTION_TOKENS.json,other,.json,1854,26,8e1466067cd4fd462130dca3e19df6bb9133e6c49c57f3531110e572e9f4a860,false,false,,audit
QELLY_PRODUCT_ARCHITECTURE.md,other,.md,3073,52,270ba870c291d5fbeab91a769210b8dd6e0df63e0690548adff164d0e5c64b86,false,false,,audit
QELLY_PROVIDER_MATRIX.csv,other,.csv,3386,19,a8dfc62c5bb60d3a6beed4182f796d739fa3a8d6ce3ea9c861cf200d040c032e,false,false,,audit
QELLY_REFERENCE_SYNTHESIS.md,other,.md,2645,55,6f5f8fa51d2bca4086bce0d2818f535a8d9722638dcac07b0fe27f91411ea2e5,false,false,,audit
QELLY_RESPONSIVE_STANDARD.md,other,.md,2041,49,d87241ecb0031851f344fe05b87ac4ce7e3ce284900f8e7c9d132b678eea0fee,false,false,,audit
QELLY_ROUTE_INVENTORY.csv,other,.csv,24713,63,f1c4a509d8b01558bd865245da60ce637aa57a32fb58e21326cd594cb87b241c,false,false,,audit
QELLY_SCREEN_MATRIX.csv,other,.csv,275851,413,c5ef195407ec521a0085354c208d3d63912c57f966d1917d9efa4f7ba41df5a6,false,false,,audit
QELLY_THEME_INTELLIGENCE_SYSTEM.md,other,.md,2184,28,fc0de5ae339103fbfbd35b7f91ea7be271519c50c16a0c5489b8deb1e27b5c5d,false,false,,audit
QELLY_THEME_INTELLIGENCE_TOKENS.json,other,.json,6470,297,dd344054061b47877828aef08075fdf3c6a54410235c441bc88a05ad25d735e8,false,false,,audit
QELLY_VALIDATION_REPORT.md,other,.md,2303,49,92808dcbf2e0c9d2fc4005566e1643380827f09def3af0ea783a2f7740a7df6a,false,false,,audit
QELLY_WRITING_STANDARD.md,other,.md,2341,52,85290faafc3a087a36ea45e9838f0a235d6e51bec0c36a43d10b38a6e488adae,false,false,,audit
README.md,other,.md,4346,106,52db5ce7cf10285040a3239abb33ad60f70d57b3f0f6b7312753d14e1ab5c0c4,false,false,,audit
RUN_QELLY_WINDOWS.bat,other,.bat,316,10,4d9390f7da1c732a737009535316349114c4ec24e89cc1a7d7fb852d8b7c74d6,false,false,,audit
runtime/.gitkeep,other,[none],0,1,e3b0c44298fc1c149afbf4c8996fb92427ae41e4649b934ca495991b7852b855,false,false,,audit
scripts/accessibility-check.py,script,.py,8797,93,dee07e70aaadb9b1601f8c99e77850e1bbdfe671646400b4b95cc18223e45fef,false,false,,audit
scripts/backup-production.mjs,script,.mjs,2604,34,29e65cbb02bc5cbe88e696bf9f420c23f810ffddff0a450f8e04f0a426d6fe06,false,false,,audit
scripts/browser-render.py,script,.py,7752,106,71cd4de9ee31ea6273120a5bfe32ebbaaebe5f868c7c042912482d26d2bb4418,false,false,,audit
scripts/build-frontend.mjs,script,.mjs,5113,111,8e3171ebc4391d358ed1795784795fd1bbc9c701f9507b8ebe74c6026e599d35,false,false,,audit
scripts/build-inventory.mjs,script,.mjs,110,3,0bb976516d2881133b710d941b56b11c74adce035f70e2633bff5130992d56c1,false,false,,audit
scripts/build-part22-design-pdf.py,script,.py,24273,150,184005a765954d0baf0c752ffe8ec1c56115e0f196dcfba48294674d7feb1db1,false,false,,audit
scripts/build-product-inventory.mjs,script,.mjs,2276,19,2fab406ed6d6557bf3261f916b726abea03ff3fb04402182e9f3046cf0cd9a01,false,false,,audit
scripts/build-qelly-design-inventory.mjs,script,.mjs,13420,214,e1f6058d5c155a980e8969258f237fe6f445cbf80b2b120cb72f35e327750b17,false,false,,audit
scripts/build-release-a1-pdf.py,script,.py,13965,161,bbbee3a2d300ac99455c431c51f7966654ebe1387a37a180755ef4295e8aa04e,false,false,,audit
scripts/build-release-a5-artifacts.py,script,.py,28877,315,693bb786bfc349cb91177bb05c6c9566f9c15caee4013bbdd77b74f78dd12d69,false,false,,audit
scripts/build-sovereign-design-pdf.py,script,.py,23241,239,5006250e58436d144a3f8cd4fae86832efe019cbc118b4f40eb1f48fe607f70f,false,false,,audit
scripts/build.mjs,script,.mjs,2205,23,7905698bd1dd993202a3270ad4a463568eed17587a20decb12f91f24e2afcbff,false,false,,audit
scripts/capture-all-screens.py,script,.py,7007,80,9380559dc409738fccec70e9047f05c75cc2b6dd23672f594b2462ebbbed6be0,false,false,,audit
scripts/capture-all-themes-v2.py,script,.py,9087,115,0533138795601c631de6bf9817f9d3e714bf5474b6ab9a8dad0d9ce60034c35c,false,false,,audit
scripts/capture-dark-themes-v2.py,script,.py,8968,115,f053fa6dd6889e5c1bb6ac233452115913274a45ca0f929e245246482f423733,false,false,,audit
scripts/capture-part22-all-personas.py,script,.py,11714,82,8280a0f327b9a8e38db95659ece3cdf75d48bb157e35001c852618e07cf2ec74,false,false,,audit
scripts/env-check.mjs,script,.mjs,1189,34,f1ed9a80bce76e275a01436a970f8477be926997733ea6d97799e6d24f95e681,false,false,,audit
scripts/font-comparison-board-local.mjs,script,.mjs,11964,81,ad3674b4fb96aca324909165b27ffc94ec51331669c4cef3908918a4bdbe47fd,false,false,,audit
scripts/font-comparison-board.mjs,script,.mjs,18183,164,f29f21247f7811d75ba95089636bef7792ef3b262c9b0d8099ed68737b46e4bc,false,false,,audit
scripts/generate-logo-assets.mjs,script,.mjs,5993,94,294c46aabc3f5284a942d68f3ae1e3fc799f4a34e227fb5dde6a795d7f5e4630,false,false,,audit
scripts/generate-public-beta-baseline.mjs,script,.mjs,5869,138,e246637492654c650294a01f95b4adf843d72e17c31feb20a9db99b1ec18d5f3,false,false,,audit
scripts/lint.mjs,script,.mjs,1738,22,7a2fe39f96499c1983c8d3e5126f8554d8c6bb0b2258570f21959d4129e7f842,false,false,,audit
scripts/logo-brand-governance.mjs,script,.mjs,3320,37,3cd5c0afff473303251e386f189ef2080a00553ce7ef57766652892437154139,false,false,,audit
scripts/logo-brand-review.mjs,script,.mjs,55162,793,ab0066dde73f514eb8c383da21943f576926239310503883bfd9da6827fb5685,false,false,,audit
scripts/logo-brand-visual-correction-finalizer.mjs,script,.mjs,13272,238,f39d66d871477d2d46e9ae6d891dbc9667f59f0269177a4a6d079d9c75cb90ad,false,false,,audit
scripts/logo-brand-visual-correction-review.mjs,script,.mjs,37793,301,916a582c8e0a60f944fe2451f2ca51e6c0c5b98f4c390686f57890702aaaf31f,false,false,,audit
scripts/migrate-production.mjs,script,.mjs,4402,94,0cbbd4a49fdedcac4ea5fba28db15db23ed2ae09ccca7b820d38c7b31b9fff80,false,false,,audit
scripts/postgres-cli.mjs,script,.mjs,1880,38,a8d0e2b65a08c05432087b6a738eaa83341f1efab394bd78fc3324c0230baf83,false,false,,audit
scripts/product-validate.mjs,script,.mjs,5207,142,e9b022d1822ca164882f168ce4ca9ee00d3e0c90e78a79d85adb132e9ef34bff,false,false,,audit
scripts/production-dependency-integration.mjs,script,.mjs,12897,104,3297e9f70449d48ceb5905533551af964f310185ed454756983763bac9e4e961,false,false,,audit
scripts/production-identity-check.mjs,script,.mjs,2338,32,5ca05dac5d11042ad94106823d87edfaae32ab616abaf86d3e2d4ff420a2896b,false,false,,audit
scripts/prompt2a-wave0-bootstrap.mjs,script,.mjs,12360,312,30e3acc2e6e85516f7b558c110b861ab2424a2838af090e18f0512fe41760134,false,false,,audit
scripts/qelly-accessibility-check.py,script,.py,11281,144,ff4a0e35251562f75a0596b1785c276c62b08ef02087bd696a91addceaa6cd87,false,false,,audit
scripts/qelly-all-screens.sh,script,.sh,420,11,6ac09f46f769ae9e421f27cc55697c2010033c5ab9e6fcd8811e5ff0037f28cc,false,false,,audit
scripts/qelly-screen-aggregate.py,script,.py,2317,24,79021b52eaea7f8b09b44c7a233f972128288f72b25b23b5f4115e3eaeeba53c,false,false,,audit
scripts/qelly-screen-batch-force.py,script,.py,9334,101,a9ea0a393b913e4ed142348bcfe00131a041bf0382af7fce7985ad18c81af39b,false,false,,audit
scripts/qelly-screen-batch.py,script,.py,9003,99,d77a9b7e524b9941a5abac40488d7634e883f27a2cfbaf13d80d96ef3cf7af41,false,false,,audit
scripts/release-a1-accessibility-check.py,script,.py,9056,91,c547d2ef2f831c5673afb93ca7d5c7ef412633cabb5b434a236d63f771751366,false,false,,audit
scripts/release-a1-browser-render.py,script,.py,8741,112,6cab70f9901deb27020a84c8dae49e6649bd05b28bc97066a0168503402824e9,false,false,,audit
scripts/release-a3-accessibility-check.py,script,.py,9135,91,718322a4152240f2e9926f28987c241d17e3ba4196ac1363b3b716827680d982,false,false,,audit
scripts/release-a3-browser-render.py,script,.py,9270,118,d469a8a29b0d504b060231a2cb7d8e5784d75dabd19845196749da865b69f5cb,false,false,,audit
scripts/release-a4-accessibility-check.py,script,.py,9187,91,21c9f4e961b7191a53d4890ec582b5b3565eb9701f5e68c1c9e7249a1925b316,false,false,,audit
scripts/release-a4-all-screens.py,script,.py,9104,106,85b696d006f4ec340b92e78d8dc2fe8311c1b4a96b7e3b09377db286812d3828,false,false,,audit
scripts/release-a4-all-screens.sh,script,.sh,455,11,6754317c6048e52f4fa4296bfa0af0017c3978d13d0b729d24d8b9bc0c094921,false,false,,audit
scripts/release-a4-screen-aggregate.py,script,.py,2310,24,6086e52dcf57d75fef8bd91fc2567330fc7458a2b5bc623b41ddfd2f32aeea27,false,false,,audit
scripts/release-a4-screen-batch.py,script,.py,7832,89,b88c7827fa595d4ccfe5af522c0a4152cadd14ea451fb44168d2230b98682575,false,false,,audit
scripts/release-a5-accessibility-check.py,script,.py,11215,144,cf337c2312692fa2edf355a5f3329253224642f630229268d1851e6b4efc4454,false,false,,audit
scripts/release-a5-all-screens.py,script,.py,10176,114,7a0915ad444fa3c73220f6f32b7cc8af53b63ec1c6ddbd2f6f63b1c398b3f675,false,false,,audit
scripts/release-a5-all-screens.sh,script,.sh,455,11,bb4aa47e69c2b7d8baac5a0b063f817d7595d7038f9cbc64fa2127db1b12caf7,false,false,,audit
scripts/release-a5-public-screen-batch.py,script,.py,4645,39,e5caca3a14deca6333b997aa8f5c009b3c55203c6263849c060e9874889f6a8c,false,false,,audit
scripts/release-a5-screen-aggregate.py,script,.py,2310,24,7f32d38d389ff1a10ae331e2c3d37ca195ff1768ce9e9ceecc8d2c1ac9fda4a6,false,false,,audit
scripts/release-a5-screen-batch.py,script,.py,8971,99,6276b6219938c581c85e97e03fc68724395351a2803af72176eac8a3576076bd,false,false,,audit
scripts/release-check.mjs,script,.mjs,4173,100,ba7468ace745993e4b2f944e27a0486573fbdaf9dba2f19d2122aed5b656d44d,false,false,,audit
scripts/restore-production.mjs,script,.mjs,2539,33,4210d0261d250c17a5504ade09765405fa7d5b4ca7227c4c9f6ca25900e21d45,false,false,,audit
scripts/secret-scan.mjs,script,.mjs,3952,100,08a178dc62635bad0b7b8b975f824729845a069b33119119f7f5e056e25693ca,false,false,,audit
scripts/seed-production.mjs,script,.mjs,1530,14,4cbb0476ec7e7203320ba9940448303200ca8ad769628531015387400eadb5f4,false,false,,audit
scripts/smoke-pages-preview.mjs,script,.mjs,3925,86,8d1010203395679f1f5188389d483011bb7a2c7a6013b52c8cec4a0848fa8123,false,false,,audit
scripts/smoke.mjs,script,.mjs,34541,271,a9887d788903627a93d937bd569f5dfc8689e648e17e963d626674e92992b3f7,false,false,,audit
scripts/staging-health-check.mjs,script,.mjs,664,12,aa61273a336019854268fbf9b5b00c063af8fd9f6e2405dd52d4c55d893dc8c7,false,false,,audit
scripts/theme-intelligence-review-complete-stable.mjs,script,.mjs,2551,52,a3293c46bbe5c93354a3482423f95c10140507ad76dd8def3eb2112a0f806772,false,false,,audit
scripts/theme-intelligence-review-complete.mjs,script,.mjs,19842,53,4a7758adad838820f3f41ca2ab841b95c774bfc49c7e4161a08e8fddb6ae673f,false,false,,audit
scripts/theme-intelligence-review-stable.mjs,script,.mjs,1669,32,b9edee717b3acff094575470728dd7a3355a083c9c6094722ba84bda03554c71,false,false,,audit
scripts/theme-intelligence-review.mjs,script,.mjs,26109,57,69c9b6fa742e246a10800b92678c6961b0265b87f4346fcdbb06d6b4e4a0795b,false,false,,audit
scripts/theme-intelligence-visual-correction-evidence-complete.mjs,script,.mjs,18624,175,48b63fca88d501643d2597b24056f9acc222e008b0c0dc48a83f39f52fee9c13,false,false,,audit
scripts/theme-intelligence-visual-correction-evidence-finalize.mjs,script,.mjs,10930,64,343e2f0631dcf5db28c9bc374eb7e610aec2c4f3c31de201afe70903efd32ef8,false,false,,audit
scripts/theme-intelligence-visual-correction-review.mjs,script,.mjs,33507,100,dbce85e4663e15d10655b396f67f9d7e17d7a168d041e72598522c7168ed4d2d,false,false,,audit
scripts/typecheck.mjs,script,.mjs,1225,28,cd8ead25930383eb48abb76c5c34784234dfc893b0d1b36177e3639945942e5c,false,false,,audit
scripts/ui-review-complete.mjs,script,.mjs,16573,415,a1f851f02362d94e7855f77af73499d79108aed4942683b3040bbef07a7033a6,false,false,,audit
scripts/ui-review-font-surface-stable.mjs,script,.mjs,6366,84,516dfbd325a9841e2467ea5135993b39d08d3950095534d3362d6fcb7caa3f48,false,false,,audit
scripts/ui-review-font-surface.mjs,script,.mjs,28579,58,5d9551da28e3babf0245cba2d549402d0b10b0b02af7eb8e45eeae1a6fb21839,false,false,,audit
scripts/ui-review-orchestrator.mjs,script,.mjs,2685,25,1f50d73cbddef744ed17f7c5b6e6176dc8918be609c8979e05bbc903a2fcffcb,false,false,,audit
scripts/ui-review-persona-clean.mjs,script,.mjs,8645,118,d385fed690ea69e71ff0dbb8425b37c9b47944b0e75a7460ee4e7e83d4c801a5,false,false,,audit
scripts/ui-review-premium-evidence.mjs,script,.mjs,15448,183,f69cb2618ab1db1b0eac0fa736d2064a64be2944dc4aca1812a851e20370eea3,false,false,,audit
scripts/ui-review-premium.mjs,script,.mjs,27459,321,e959f83eb8d07cebcb5029b5b9e0cab2d830e015c1c5d7a5c458cb7c5b75fe8f,false,false,,audit
scripts/ui-review.mjs,script,.mjs,33384,777,32c54dc2e6660e78f68f92c610557aeba2e3d33979bd2f9a6d650cd5a667307c,false,false,,audit
scripts/validate-design-foundations.mjs,script,.mjs,11611,47,bc3a53c46d5aba77db1d7f1a42b64859f327d1a30c10bce6e714e5fe2f078f32,false,false,,audit
scripts/validate-pages-preview.mjs,script,.mjs,13308,52,bd426401db20858df1df26957c1f493046bb70618cca94044675fe8c86b78b12,false,false,,audit
scripts/validate.mjs,script,.mjs,103,3,531981b10250a0db9f93933caf7a52ed90cea6f3b34bd74dca9b0b09dc2100b8,false,false,,audit
scripts/worker-health-check.mjs,script,.mjs,963,16,15966371dc22ad4a1e6d5d226baf68373155b8e2c11ed858db68fed0e517a1cc,false,false,,audit
SECURITY.md,other,.md,746,10,f66cf58560ef2dfa0e3b3c81a11bbdfb5a354d640874f82bbf6d3febb2b1d9e9,false,false,,audit
SOVEREIGN_DESIGN_VALIDATION.md,other,.md,993,16,467d446a4f4640a9044a232b224634edb9af244f433a434af1e9b32cacf59e87,false,false,,audit
src/asset-intelligence/advanced-asset-service.mjs,library,.mjs,18326,90,a7aa6e8eb7b01e26360d85e694b0bc661ac398fa410f8c71a356276a9ca9d8fa,false,false,,audit
src/asset-intelligence/asset-intelligence-service.mjs,library,.mjs,9034,42,4f9f3eab253b8df897346a1c7b01fa9aa976665f2df8075e7cbefeb32c40ddb2,false,false,,audit
src/asset-intelligence/chart-layout-store.mjs,library,.mjs,2113,12,2b6b5a6c72269fbb7c0738f5d15cdd490fda3294da29d086733fee8403c3856e,false,false,,audit
src/automation/notification-schedule-store.mjs,library,.mjs,6052,23,5febc6c8d0eb1c13eff2214db969fbdf440e855eea237d008fd0098fd2841865,false,false,,audit
src/data-quality/quality-engine.mjs,library,.mjs,4156,74,091cf83221bcd3e515d7cc9db9edbf35bf4251ae0bc22be20adaae8ffe4c26e5,false,false,,audit
src/discovery/discovery-service.mjs,library,.mjs,35837,217,e0faa2064b0aff7ac2e74d1eeca103d92c38955dcc2dc3ec4d9bec79f46ad935,false,false,,audit
src/discovery/saved-discovery-store.mjs,library,.mjs,3026,13,14fae4c3440d74472822909983310ab8badd99405f3dd9aac06a3a4a07f49d4a,false,false,,audit
src/entitlements/entitlement-engine.mjs,library,.mjs,1590,31,e40bac0c4b0bd19ce3b27770242d56dabd199af5cedb7ce303df3952c0cffe09,false,false,,audit
src/evidence/decision-provenance-store.mjs,library,.mjs,12023,112,ea60c084d0f091448dad301ae4f0ee862b3e82028068b4dd583bf1ba12c02447,false,false,,audit
src/evidence/postgres-decision-provenance-store.mjs,library,.mjs,14249,46,eb51eb63683508ea6541366797f1ba0891627ce8741a1eb6b1b266b26c235084,false,false,,audit
src/identity/authorization-engine.mjs,library,.mjs,2289,39,36e6dd8a4ff7d308fe745e2af9ddf8c7860aae20d91229bd2dbb2ce1feefd587,false,false,,audit
src/identity/identity-fixtures.mjs,library,.mjs,5261,57,1ec24f4f6893d66e5ec8acc4bde01312818b0ad94d61f447296f6291f3b7c01d,false,false,,audit
src/identity/identity-service.mjs,library,.mjs,9205,157,4d30c027883972801b78444509f47b32bab24b54c53365d73d52b60989dfb59f,false,false,,audit
src/imports/import-service.mjs,library,.mjs,4560,17,735262db4a0ea89b84222f83b51eb25ef41cd4ec6750f5d7606d8894498f4582,false,false,,audit
src/instruments/instrument-seed.mjs,library,.mjs,10635,47,dfd803ef44d5f15e520a46c929cc835e92dd5e36859fa3100a1f7dd41404ec6d,false,false,,audit
src/instruments/instrument-store.mjs,library,.mjs,8562,106,3b321b708f090d377d947c5af3095e80d6b2f8f5c6f4b6ddafdf67eee4f96116,false,false,,audit
src/live-markets/live-market-service.mjs,library,.mjs,8699,119,0155ff9c1c9d06dfa35c95d9110ea2ae17567dc1e7e823a7de3aa1e0013d9a5e,false,false,,audit
src/markets/public-market-service.mjs,library,.mjs,12343,242,0e344cad5b2d67c52a346b1979c39c7f480f6d11749c3bc4bc9eeb2a3f80a6cd,false,false,,audit
src/observability/observability-service.mjs,library,.mjs,7199,107,76ecdcd95ac370cfe471f19d04715ac0cbff2d58a8be5334839a8d8dce0cc98c,false,false,,audit
src/onboarding/onboarding-store.mjs,library,.mjs,6440,33,3d0948d982e10793c34a6db89a9f5282f355349614b17100b62587c13fae0e5c,false,false,,audit
src/platform/canonical-json.mjs,library,.mjs,880,26,b69f55591fa77c273d2602bdca42db15535d476888555043180662a7d3862ef2,false,false,,audit
src/platform/json-store.mjs,library,.mjs,2093,56,898b7ecf269cfe115df112fb30c2fa57d08ee7e90c7d956559fae3502e3d6411,false,false,,audit
src/platform/local-file-lock.mjs,library,.mjs,1320,29,2270960fa7c52995c689e11eac94d0d8d02a4294898091862323a97648c6e50c,false,false,,audit
src/platform/migration-plan-service.mjs,library,.mjs,1541,11,e1689f1dea5a46f58c0b6bdf443aaa9eb40b3a8ad82ded7cc8c168ca305f306d,false,false,,audit
src/portfolio/portfolio-service.mjs,library,.mjs,6497,19,0853b3f047212d44111298d8e56c55180035f5d1673ad5a2fd6fdd7ef769d61a,false,false,,audit
src/portfolio/postgres-portfolio-service.mjs,library,.mjs,1853,12,e876ac30070062ac0566faa50e60827957a1ed74b9bb0100f584b73a6a04a8f3,false,false,,audit
src/production/account-recovery-service.mjs,library,.mjs,4133,33,23b5c40d3a546aab77b2f39e09d09afea5f8e94c93e84e0bba14c0c82359a031,false,false,,audit
src/production/auth-service.mjs,library,.mjs,12744,78,1fa19d1350c108d80a4ef2d4f068106a9432279b7ab9b1669e12b27850cc6856,false,false,,audit
src/production/crypto-utils.mjs,library,.mjs,801,14,53727a1135f3cd89ced12ed1655c9589ca0da1f7462126615f9c8550715d7f4e,false,false,,audit
src/production/delivery-service.mjs,library,.mjs,12288,65,77b5466f5fff0e6f705768c9b195b618b0e1bca299355878cc13b33c0cba8eba,false,false,,audit
src/production/deployment-environment.mjs,library,.mjs,9707,174,b1217f175da213f6fbf2d1764aa388cbbd18eb034ff6397d74133d61eaf89a3c,false,false,,audit
src/production/identity-gateway.mjs,library,.mjs,7115,38,e70748177e9f9a585ee5027bf10302a45e6341ca82f00e963e1340f8c1836811,false,false,,audit
src/production/job-queue.mjs,library,.mjs,7854,81,c45eef393b506f1c87a74958acb1ab10718a8da450b74bfea2ae891cb0d2df66,false,false,,audit
src/production/mfa-service.mjs,library,.mjs,5223,20,5bf53d7e9c92101965350d2e51c8ed87cf5dbf12481d12629f2e41a5de0a6b97,false,false,,audit
src/production/network-policy.mjs,library,.mjs,3435,32,37e41db3535255682044403b1263c605655b9cd4b5a949d03a52886a7f433c1e,false,false,,audit
src/production/object-storage.mjs,library,.mjs,19087,119,4f0c7662a39585cad7ba92311c67c379b385e335aa20157e93e2b988a7760c1b,false,false,,audit
src/production/passkey-service.mjs,library,.mjs,13249,103,4363371c67536bcf87ab489521613fc05aeb6dcadbe540806dd67d38a4dbee34,false,false,,audit
src/production/password-hasher.mjs,library,.mjs,2005,37,867adb47fdbc1cdb068d376d272ae370c4ff70ee360e77b71fdc6a9dbaaea536,false,false,,audit
src/production/platform-assurance-service.mjs,library,.mjs,4731,34,f32e281ce2ba896f243a66e1760e3c8e9a0f03cbd6533e97ff4da93d3a55ea9c,false,false,,audit
src/production/postgres-audit-ledger.mjs,library,.mjs,3615,84,c20958b4ecc349dac6a9124fffc7c77a831b8f765bf5621ece56eaa9af261401,false,false,,audit
src/production/postgres-document-store.mjs,library,.mjs,2710,50,9d16b1a84b0ac09d6d28ecbcb7322728330d8a639ef2b4ba772d1cb742351fb4,false,false,,audit
src/production/postgres-pool-client.mjs,library,.mjs,6356,161,6ad2fbe23a35158c54830825ae3e40735750d1f9f84f3d44d379f491506465d5,false,false,,audit
src/production/postgres-production-repository.mjs,library,.mjs,25853,101,a10e6904121a563d95abef8132034fe10a0041cf3cae2c65fb218396fffcc1be,false,false,,audit
src/production/postgres-wire-client.mjs,library,.mjs,9602,100,37f7c742b2c7f40fbfb9e23de7b76fc8cf90293fa3f2553884804be495c10135,false,false,,audit
src/production/production-foundation.mjs,library,.mjs,10581,92,b8b20747d9d048504fe45f456dc6861b710749c65203191a9541352f0edb7f23,false,false,,audit
src/production/redis-resp-client.mjs,library,.mjs,5651,66,de69aa4e6e0a537f5f10a7063266468eb24bbfb99d988d2be357874ff7a93de1,false,false,,audit
src/production/repository-factory.mjs,library,.mjs,1324,16,2b4272b7ae2e8617523b2f411e8ad4fe50733b1ca786c629e408e8bf3391ce6c,false,false,,audit
src/production/secret-protector.mjs,library,.mjs,6689,91,ee9602ba4eec542b3bbefa1a0cab6bb0117065511659c16fef93e8f1323193af,false,false,,audit
src/production/secret-rotation-service.mjs,library,.mjs,2418,22,b8e4c20097941ca0f556a597f5059615d56aac740c175776d4d3c5b336d4d990,false,false,,audit
src/production/session-cookie.mjs,library,.mjs,1475,28,e1bb9eaac09ed604b9f79cc98a45b1dc12a048ea601eaafe0db656f91bd6b4d2,false,false,,audit
src/production/sqlite-production-repository.mjs,library,.mjs,27906,294,0baa5116dc19d485334ebff90fce07542de019a68c6dcc26063cb64d7cd7e61a,false,false,,audit
src/providers/adapters/fixture-market-adapter.mjs,library,.mjs,2748,37,3af43067780c7a171cb25178192c2c4f1a803fc3f0ffa8e94d62e9c322430bc9,false,false,,audit
src/providers/provider-runtime.mjs,library,.mjs,9080,87,980aaab2b3ba3618bf331c57b8b998609afa4b6d1dbcb44e67f9aefcff4ded6a,false,false,,audit
src/public-beta/observability.mjs,library,.mjs,1465,43,6430c358d15d78bab2c6d33f981d7997190096ad98149ad69498b9b600134e33,false,false,,audit
src/public-beta/provider-adapter.mjs,library,.mjs,2670,83,3491d5d38e771a288f1ce972b6692aa984745a3a21864c89384fe7fdd4538e11,false,false,,audit
src/public-beta/runtime-config.mjs,library,.mjs,1951,53,aefed77609751f848137780ddee75cb005df053582145f21130267c840f63dda,false,false,,audit
src/public-beta/truth-state.mjs,library,.mjs,2315,67,08af26ffe7dd477ce89669b5ab7d52761d7f60bafcb04cf9f34a34cb5cb4ea13,false,false,,audit
src/research/research-version-store.mjs,library,.mjs,3173,15,bcda410d3dd920165cfbc082682bdfae0a67f6b8d6f37d01eb41f8d48ce4e9ad,false,false,,audit
src/security/audit-ledger.mjs,library,.mjs,4584,96,463d0e751be80ebcace4a5af91b7135bfcf365a9b8ceba2e3b7eba60fc3d8f90,false,false,,audit
src/security/csrf-token-store.mjs,library,.mjs,887,21,a2264889cd72b97e60faf1fad8beb2732358a7e9fd330235baf157899ea36e4d,false,false,,audit
src/security/idempotency-store.mjs,library,.mjs,958,31,ce546ab753da2bc0e2bb1c3cdd941ce38366e8b98cceb5e49e848a65e25ac96e,false,false,,audit
src/security/rate-limiter.mjs,library,.mjs,866,20,27fe469e49eb3b089c412cf363fbbacdab0db2a9f0d1a10c0208d04176b1cd6b,false,false,,audit
src/server/fixtures.mjs,backend,.mjs,10903,111,7ebdcdb04653548e4fb653eb28c9c195bb7acad98725146fa66b6c387a6bef92,false,false,,audit
src/server/preferences-store.mjs,backend,.mjs,10615,52,ed80a1bd9ca0df04c90c249c5ddb5c98e65b43a6c293634466fb9762ae7a4d60,false,false,,audit
src/server/route-manifest.mjs,backend,.mjs,8492,30,5dc06de772d6e265d15f4071645bd9a6af6086a3169173b9d93485c266a0da96,false,false,,audit
src/server/runtime.mjs,backend,.mjs,4878,45,b5303a7406f434f0b01465554b4cdc185dfb2d2ef8ae2e31d2e36aa06e79bc40,false,false,,audit
src/server/server.mjs,backend,.mjs,102063,575,5a92ac081afa598fc9653eba65ea881609204827e808f3ebeebcbb953d533cac,false,false,,audit
src/streaming/stream-gateway.mjs,library,.mjs,6770,100,4d0b48463c7cffa860e18542ae272c611cfd65b39acc5e0a16b51c67fe482ee8,false,false,,audit
src/timeseries/timeseries-store.mjs,library,.mjs,8847,155,541ecb852c13fe019c9aeb3d1d351983448b02f2d204bffe9876313e99c72d11,false,false,,audit
src/validation/schema-validator.mjs,library,.mjs,4963,65,853479199b479dc1353e8665b4d1cc13ce969160e1748f1affa1a9bdea079d8b,false,false,,audit
src/workspace/formula-engine.mjs,library,.mjs,3363,15,709126ee52d88238600135f0743826d2774b10a001d40e1d0cd76b9ca92e868a,false,false,,audit
src/workspace/screener-service.mjs,library,.mjs,5511,33,f77cac4fc2ba83880d8c054c647a853d1956019933e0245d2e8f29fc76916687,false,false,,audit
src/workspace/workspace-operations-store.mjs,library,.mjs,22790,83,5f630d45ea57878e354ce82980572e39c05e3a14d1c74fe01068b770abd1765f,false,false,,audit
START_QELLY_MAC_LINUX.sh,other,.sh,607,11,2bae5723c8b9ec39e7eab6b082f7b03a4f24cab3cbe456ee0c7c9d45e46fdd62,false,false,,audit
START_QELLY_PRODUCTION_SIMULATION_MAC_LINUX.sh,other,.sh,57,4,d41f638c7710261d436b95033c6672673649dba827b6263fe9b0befdeca0c063,false,false,,audit
START_QELLY_PRODUCTION_SIMULATION_WINDOWS.bat,other,.bat,127,5,f793f868b3cc06907160ed5f88f78ed895854f6877fcdf3010f7f4b228dc1bdc,false,false,,audit
START_QELLY_WINDOWS.bat,other,.bat,385,11,1b1c6951dc492384040d6769ba17ab83c1f22be5965df1dec3eea87144f1e738,false,false,,audit
tests/brand-foundation-freeze.test.mjs,test,.mjs,3089,63,f74d1189a65e758ac6b4250afd67731974184b741c02f0c35fba506272df3588,false,false,,audit
tests/contracts.test.mjs,test,.mjs,7352,29,7a86fce1b99967d29b856d37da677a0cc4dd63f08341528310b182e7f7e3f7e4,false,false,,audit
tests/decision-provenance.test.mjs,test,.mjs,6489,71,45f127850d08e2e8ac406b9c2f9c8d1e7575b32350cd0201989c35b10c69302b,false,false,,audit
tests/deployment-hardening.test.mjs,test,.mjs,14049,153,74f35764e37e3b30d5ccefc5f7a742df5b20e6cff4fb87bef9e70fa6f8848b61,false,false,,audit
tests/design-foundations-shell.test.mjs,test,.mjs,6196,106,80637689a45524950ff571b5eade15e3610b0478f341bd1b09e7d8e4a013d354,false,false,,audit
tests/design-system.test.mjs,test,.mjs,4045,21,33fc7d33f0a70de4f79daccf02a51d5b0611481537e9cf6938efb195d9d3bff5,false,false,,audit
tests/logo-brand-system.test.mjs,test,.mjs,5039,99,fe15814af1a3647eaaf018e52ab714653bf3650c321a9c3d13108416eb010448,false,false,,audit
tests/logo-brand-visual-correction.test.mjs,test,.mjs,4784,81,18d3813e3a3a83d3842587791c703674fa46b79576a82e3e64256725c7fa6657,false,false,,audit
tests/pages-preview.test.mjs,test,.mjs,3112,62,9053fc02ee388309c3c2d22afc2be4447c6e5053a085fb72d6d55088d0162395,false,false,,audit
tests/part18-hardening.test.mjs,test,.mjs,10682,38,add98e5cd9d43c452dc3a5d52625aea7a111cd5c1e5e02288ef01002cb3aaa55,false,false,,audit
tests/part19-advanced-assets.test.mjs,test,.mjs,12882,41,3cab0963c87b7406176cfea3c30f392074cb41542d231d65a55c963209e0986e,false,false,,audit
tests/part20-workspace-portfolio.test.mjs,test,.mjs,17892,63,6353ebbb369edfad4ad6edb615f0d9801b2fc38cbad10b759114f5fab4cfeb21,false,false,,audit
tests/part21-onboarding-automation-attribution.test.mjs,test,.mjs,14316,60,c7669ac563258022b2e85cc066a5c82d1701fde87464b18943c8a470b51bb913,false,false,,audit
tests/part22-sovereign-live-markets.test.mjs,test,.mjs,4416,82,27c0d5af3974cbad63d8a2b7cfa7adc44e7f49cbde86b51edac3b0f30b50f703,false,false,,audit
tests/postgres-decision-provenance-contract.test.mjs,test,.mjs,1223,21,5898f580931e8944a7f3e00ca07d5ff696559f17d36388bc1fb018d9f61612dc,false,false,,audit
tests/production-readiness-policy.test.mjs,test,.mjs,2606,35,204ddcdfa237683d4bbb04e678dc7086698c0cc9006f357ada643c02a6f7a02e,false,false,,audit
tests/public-beta-foundation.test.mjs,test,.mjs,3563,74,89e13eba113d0b88f3407f459d00ccf3164d45eb6a2cf0677f6eecedacdefdfd,false,false,,audit
tests/public-market-launch.test.mjs,test,.mjs,4387,71,2381f165cd60c9054a181f859b3b7c9ca3defd0d2937886de1e24e28815ba18a,false,false,,audit
tests/release-a1-production-platform-foundation.test.mjs,test,.mjs,10072,92,21021db0c64da6d05b777d6fe86e7f2728f2e0081bb306316c7c8d81c31828eb,false,false,,audit
tests/release-a2-identity-import-delivery.test.mjs,test,.mjs,2903,9,c4d255f6703d3a6a6b3c3c66127506ddaafff8b1a542246679fdd6841b740ec0,false,false,,audit
tests/release-a3-passkeys-storage-delivery.test.mjs,test,.mjs,12302,48,97919fc39dc03d3a1756d5a1f69c0f57c2465850979c0e1b349c854fd718ef9e,false,false,,audit
tests/release-a4-recovery-quarantine-readiness.test.mjs,test,.mjs,7760,54,0eecde740b339e65c44aac2ee8513b50036940db651e95f9c9eb1c000925afc8,false,false,,audit
tests/release-a5-platform-hardening.test.mjs,test,.mjs,9019,61,98757ba933bc8d05b213cbfa385dc7bdb719ffaf08bafa82b39c964709f7d102,false,false,,audit
tests/runtime-units.test.mjs,test,.mjs,5935,31,c6dcd689633dcc855259f8647b9ba805a74b142cf20560d98bdb7ba7687c0180,false,false,,audit
tests/secret-scan.test.mjs,test,.mjs,1613,36,04a5893ec8d93ca4788b7cd239346985cf27b9918daf17868c09c6be8aca1beb,false,false,,audit
tests/server.test.mjs,test,.mjs,26230,68,99475062841a9cf162fbc23f4526ce36bd34f30dea82b31a48f125b4bdc193e2,false,false,,audit
tests/theme-intelligence.test.mjs,test,.mjs,8302,97,1227c4f44519273ee2e896eb9689eefd3a419aaf81b05bc4097cf7ec95c7d3e9,false,false,,audit
tests/ui-rescue-asset-rankings.test.mjs,test,.mjs,5417,93,742ecddebb089f5371f0624ce824c488bfa36c17a8a0740663a2439213a1fde9,false,false,,audit
tests/ui-review-workflow.test.mjs,test,.mjs,6617,84,2200bb8aa2f446e9d5469af313e0f1fd2e061b3a34104cde05619b4f640b6216,false,false,,audit
tests/wave4-runtime.test.mjs,test,.mjs,5339,64,9705331cbb93634a567953cc8cff1768fc11aab2d288dc2e7e8c974e24173c97,false,false,,audit
tests/wave5-discovery.test.mjs,test,.mjs,7420,133,3ea3c7664f1f6725978cd486a48b5f837a236480496b9aeaabb213aabacf3f74,false,false,,audit
tools/qelly-final-visual-evidence-polish.mjs,other,.mjs,17496,85,bf0378ded264355c0b7482d4b8651ff4ea3b26c66634ae26b330a7905297cc3f,false,false,,audit
validation/PRODUCT_VALIDATION.json,other,.json,588,27,3de0908205397f1f834343ac8a9f4952f3645fa208ff7e8538c647949d76e578,false,false,,audit
validation/QELLY_ACCESSIBILITY_REGRESSION.json,other,.json,27360,1154,edb63f2ef623be4a281175c8d1ce6d6f7dd1cb7de75d1f3d386992a27013c2f8,false,false,,audit
validation/QELLY_ACCESSIBILITY.log,other,.log,142,9,c95473f6503c72241155c037509a332296c28c71942f42b98ba06fc447d36cee,false,false,,audit
validation/QELLY_CHECK.log,other,.log,52448,1553,c5fe0985697fc0c6c1ed03218d759ea21541feb36b5625939aeab12f235c8ffd,false,false,,audit
validation/QELLY_INVENTORY.log,other,.log,244,12,42573ae1f0da4a067106414ab3f3718d05bcd3771d36d3d5322c892a9f580459,false,false,,audit
validation/QELLY_PRODUCT_VALIDATION.log,other,.log,535,25,19bfd8672e849c52a9be900f1e0b6d736d2c79f0325f65879b5617fe8122b301,false,false,,audit
validation/QELLY_SMOKE.log,other,.log,46774,1634,7f122c83812a7ddeb8a43039daf045834709b031d7b32d481d0b9f5c42b65165,false,false,,audit
validation/SMOKE_LOG.json,other,.json,46684,1634,a40d99e1e23a69dbe45593f4eb3fecbb3b469c667c36c30c3acdeb0a0f6940f4,false,false,,audit
vercel.json,other,.json,857,20,fe71c403e99152615fb9289d8915a5bccbd0297f92776a3249988e88be760b39,false,false,,audit
