action_id,route_module,line,control_type,label,action_token,event_handler_status,backend_calls,state_mutation,persistence,success_state,error_state,audit_event,accessibility_name,risk,source_commit
ACTION-0001,apps/web/public/assets/theme-intelligence-visual-correction-data.mjs,20,button,Active,Active,DEAD_OR_DECORATIVE,,client DOM/navigation or API response; inspect source,unknown unless endpoint/store proves it,route-specific,route-specific or toast,not consistently implemented,Active,dead/decorative action,eafb11719e67135c7a6fa3b15e1170c5192e4771
ACTION-0002,apps/web/public/assets/app.js,198,button,${item.icon} ${escapeHtml(item.label)} ${staticVisualPreview?'STATIC':item.public===true?'PUBLIC':''},${item.icon} ${escapeHtml(item.label)} ${staticVisualPreview?'STATIC':item.public===true?'PUBLIC':''},HANDLER_BOUND,/api/v1/access/evaluate | /api/v1/audit/verify | /api/v1/audit?limit=30 | /api/v1/auth/step-up/simulate | /api/v1/config | /api/v1/contracts/${name} | /api/v1/contracts/entitlements | /api/v1/data-quality/incidents,client DOM/navigation or API response; inspect source,unknown unless endpoint/store proves it,route-specific,route-specific or toast,not consistently implemented,${item.icon} ${escapeHtml(item.label)} ${staticVisualPreview?'STATIC':item.public===true?'PUBLIC':''},route-specific end-to-end proof incomplete,eafb11719e67135c7a6fa3b15e1170c5192e4771
ACTION-0003,apps/web/public/assets/app.js,463,button,Source inspector,inspect-market,HANDLER_BOUND,/api/v1/access/evaluate | /api/v1/audit/verify | /api/v1/audit?limit=30 | /api/v1/auth/step-up/simulate | /api/v1/config | /api/v1/contracts/${name} | /api/v1/contracts/entitlements | /api/v1/data-quality/incidents,client DOM/navigation or API response; inspect source,unknown unless endpoint/store proves it,route-specific,route-specific or toast,not consistently implemented,Source inspector,route-specific end-to-end proof incomplete,eafb11719e67135c7a6fa3b15e1170c5192e4771
ACTION-0004,apps/web/public/assets/app.js,463,button,Provider coverage,open-providers,HANDLER_BOUND,/api/v1/access/evaluate | /api/v1/audit/verify | /api/v1/audit?limit=30 | /api/v1/auth/step-up/simulate | /api/v1/config | /api/v1/contracts/${name} | /api/v1/contracts/entitlements | /api/v1/data-quality/incidents,client DOM/navigation or API response; inspect source,unknown unless endpoint/store proves it,route-specific,route-specific or toast,not consistently implemented,Provider coverage,route-specific end-to-end proof incomplete,eafb11719e67135c7a6fa3b15e1170c5192e4771
ACTION-0005,apps/web/public/assets/app.js,463,button,Explore assets,open-rankings,HANDLER_BOUND,/api/v1/access/evaluate | /api/v1/audit/verify | /api/v1/audit?limit=30 | /api/v1/auth/step-up/simulate | /api/v1/config | /api/v1/contracts/${name} | /api/v1/contracts/entitlements | /api/v1/data-quality/incidents,client DOM/navigation or API response; inspect source,unknown unless endpoint/store proves it,route-specific,route-specific or toast,not consistently implemented,Explore assets,route-specific end-to-end proof incomplete,eafb11719e67135c7a6fa3b15e1170c5192e4771
ACTION-0006,apps/web/public/assets/app.js,465,button,"=0?'positive':'negative'}"" data-public-asset=""${escapeAttribute(item.canonicalId)}""> ${escapeHtml(item.symbol)} =0?'is-positive':'is-negativ","=0?'positive':'negative'}"" data-public-asset=""${escapeAttribute(item.canonicalId)}""> ${escapeHtml(item.symbol)} =0?'is-positive':'is-negativ",DEAD_OR_DECORATIVE,/api/v1/access/evaluate | /api/v1/audit/verify | /api/v1/audit?limit=30 | /api/v1/auth/step-up/simulate | /api/v1/config | /api/v1/contracts/${name} | /api/v1/contracts/entitlements | /api/v1/data-quality/incidents,client DOM/navigation or API response; inspect source,unknown unless endpoint/store proves it,route-specific,route-specific or toast,not consistently implemented,"=0?'positive':'negative'}"" data-public-asset=""${escapeAttribute(item.canonicalId)}""> ${escapeHtml(item.symbol)} =0?'is-positive':'is-negativ",dead/decorative action,eafb11719e67135c7a6fa3b15e1170c5192e4771
ACTION-0007,apps/web/public/assets/app.js,483,button,Reset,reset-filters,HANDLER_BOUND,/api/v1/access/evaluate | /api/v1/audit/verify | /api/v1/audit?limit=30 | /api/v1/auth/step-up/simulate | /api/v1/config | /api/v1/contracts/${name} | /api/v1/contracts/entitlements | /api/v1/data-quality/incidents,client DOM/navigation or API response; inspect source,unknown unless endpoint/store proves it,route-specific,route-specific or toast,not consistently implemented,Reset,route-specific end-to-end proof incomplete,eafb11719e67135c7a6fa3b15e1170c5192e4771
ACTION-0008,apps/web/public/assets/app.js,483,button,Export evidence,export,HANDLER_BOUND,/api/v1/access/evaluate | /api/v1/audit/verify | /api/v1/audit?limit=30 | /api/v1/auth/step-up/simulate | /api/v1/config | /api/v1/contracts/${name} | /api/v1/contracts/entitlements | /api/v1/data-quality/incidents,client DOM/navigation or API response; inspect source,unknown unless endpoint/store proves it,route-specific,route-specific or toast,not consistently implemented,Export evidence,route-specific end-to-end proof incomplete,eafb11719e67135c7a6fa3b15e1170c5192e4771
ACTION-0009,apps/web/public/assets/app.js,498,button,Save search,save-search,HANDLER_BOUND,/api/v1/access/evaluate | /api/v1/audit/verify | /api/v1/audit?limit=30 | /api/v1/auth/step-up/simulate | /api/v1/config | /api/v1/contracts/${name} | /api/v1/contracts/entitlements | /api/v1/data-quality/incidents,client DOM/navigation or API response; inspect source,unknown unless endpoint/store proves it,route-specific,route-specific or toast,not consistently implemented,Save search,route-specific end-to-end proof incomplete,eafb11719e67135c7a6fa3b15e1170c5192e4771
ACTION-0010,apps/web/public/assets/app.js,498,button,Discovery contract,open-contract,HANDLER_BOUND,/api/v1/access/evaluate | /api/v1/audit/verify | /api/v1/audit?limit=30 | /api/v1/auth/step-up/simulate | /api/v1/config | /api/v1/contracts/${name} | /api/v1/contracts/entitlements | /api/v1/data-quality/incidents,client DOM/navigation or API response; inspect source,unknown unless endpoint/store proves it,route-specific,route-specific or toast,not consistently implemented,Discovery contract,route-specific end-to-end proof incomplete,eafb11719e67135c7a6fa3b15e1170c5192e4771
ACTION-0011,apps/web/public/assets/app.js,498,button,${type},${type},DEAD_OR_DECORATIVE,/api/v1/access/evaluate | /api/v1/audit/verify | /api/v1/audit?limit=30 | /api/v1/auth/step-up/simulate | /api/v1/config | /api/v1/contracts/${name} | /api/v1/contracts/entitlements | /api/v1/data-quality/incidents,client DOM/navigation or API response; inspect source,unknown unless endpoint/store proves it,route-specific,route-specific or toast,not consistently implemented,${type},dead/decorative action,eafb11719e67135c7a6fa3b15e1170c5192e4771
ACTION-0012,apps/web/public/assets/app.js,504,button,"${escapeHtml(item.type.slice(0,2).toUpperCase())} ${escapeHtml(item.title)} ${escapeHtml(item.subtitle)} · relevance ${item.score} ${escapeH","${escapeHtml(item.type.slice(0,2).toUpperCase())} ${escapeHtml(item.title)} ${escapeHtml(item.subtitle)} · relevance ${item.score} ${escapeH",HANDLER_BOUND,/api/v1/access/evaluate | /api/v1/audit/verify | /api/v1/audit?limit=30 | /api/v1/auth/step-up/simulate | /api/v1/config | /api/v1/contracts/${name} | /api/v1/contracts/entitlements | /api/v1/data-quality/incidents,client DOM/navigation or API response; inspect source,unknown unless endpoint/store proves it,route-specific,route-specific or toast,not consistently implemented,"${escapeHtml(item.type.slice(0,2).toUpperCase())} ${escapeHtml(item.title)} ${escapeHtml(item.subtitle)} · relevance ${item.score} ${escapeH",route-specific end-to-end proof incomplete,eafb11719e67135c7a6fa3b15e1170c5192e4771
ACTION-0013,apps/web/public/assets/app.js,521,button,Overview,Overview,DEAD_OR_DECORATIVE,/api/v1/access/evaluate | /api/v1/audit/verify | /api/v1/audit?limit=30 | /api/v1/auth/step-up/simulate | /api/v1/config | /api/v1/contracts/${name} | /api/v1/contracts/entitlements | /api/v1/data-quality/incidents,client DOM/navigation or API response; inspect source,unknown unless endpoint/store proves it,route-specific,route-specific or toast,not consistently implemented,Overview,dead/decorative action,eafb11719e67135c7a6fa3b15e1170c5192e4771
ACTION-0014,apps/web/public/assets/app.js,521,button,Markets,Markets,DEAD_OR_DECORATIVE,/api/v1/access/evaluate | /api/v1/audit/verify | /api/v1/audit?limit=30 | /api/v1/auth/step-up/simulate | /api/v1/config | /api/v1/contracts/${name} | /api/v1/contracts/entitlements | /api/v1/data-quality/incidents,client DOM/navigation or API response; inspect source,unknown unless endpoint/store proves it,route-specific,route-specific or toast,not consistently implemented,Markets,dead/decorative action,eafb11719e67135c7a6fa3b15e1170c5192e4771
ACTION-0015,apps/web/public/assets/app.js,521,button,Evidence,Evidence,DEAD_OR_DECORATIVE,/api/v1/access/evaluate | /api/v1/audit/verify | /api/v1/audit?limit=30 | /api/v1/auth/step-up/simulate | /api/v1/config | /api/v1/contracts/${name} | /api/v1/contracts/entitlements | /api/v1/data-quality/incidents,client DOM/navigation or API response; inspect source,unknown unless endpoint/store proves it,route-specific,route-specific or toast,not consistently implemented,Evidence,dead/decorative action,eafb11719e67135c7a6fa3b15e1170c5192e4771
ACTION-0016,apps/web/public/assets/app.js,521,button,Inspect JSON,asset-source,HANDLER_BOUND,/api/v1/access/evaluate | /api/v1/audit/verify | /api/v1/audit?limit=30 | /api/v1/auth/step-up/simulate | /api/v1/config | /api/v1/contracts/${name} | /api/v1/contracts/entitlements | /api/v1/data-quality/incidents,client DOM/navigation or API response; inspect source,unknown unless endpoint/store proves it,route-specific,route-specific or toast,not consistently implemented,Inspect JSON,route-specific end-to-end proof incomplete,eafb11719e67135c7a6fa3b15e1170c5192e4771
ACTION-0017,apps/web/public/assets/app.js,521,button,Sign in for watchlists and alerts,signin-action,HANDLER_BOUND,/api/v1/access/evaluate | /api/v1/audit/verify | /api/v1/audit?limit=30 | /api/v1/auth/step-up/simulate | /api/v1/config | /api/v1/contracts/${name} | /api/v1/contracts/entitlements | /api/v1/data-quality/incidents,client DOM/navigation or API response; inspect source,unknown unless endpoint/store proves it,route-specific,route-specific or toast,not consistently implemented,Sign in for watchlists and alerts,route-specific end-to-end proof incomplete,eafb11719e67135c7a6fa3b15e1170c5192e4771
ACTION-0018,apps/web/public/assets/app.js,531,button,New group,new-group,HANDLER_BOUND,/api/v1/access/evaluate | /api/v1/audit/verify | /api/v1/audit?limit=30 | /api/v1/auth/step-up/simulate | /api/v1/config | /api/v1/contracts/${name} | /api/v1/contracts/entitlements | /api/v1/data-quality/incidents,client DOM/navigation or API response; inspect source,unknown unless endpoint/store proves it,route-specific,route-specific or toast,not consistently implemented,New group,route-specific end-to-end proof incomplete,eafb11719e67135c7a6fa3b15e1170c5192e4771
ACTION-0019,apps/web/public/assets/app.js,531,button,Add asset,add-asset,HANDLER_BOUND,/api/v1/access/evaluate | /api/v1/audit/verify | /api/v1/audit?limit=30 | /api/v1/auth/step-up/simulate | /api/v1/config | /api/v1/contracts/${name} | /api/v1/contracts/entitlements | /api/v1/data-quality/incidents,client DOM/navigation or API response; inspect source,unknown unless endpoint/store proves it,route-specific,route-specific or toast,not consistently implemented,Add asset,route-specific end-to-end proof incomplete,eafb11719e67135c7a6fa3b15e1170c5192e4771
ACTION-0020,apps/web/public/assets/app.js,548,button,Reset,reset-theme,HANDLER_BOUND,/api/v1/access/evaluate | /api/v1/audit/verify | /api/v1/audit?limit=30 | /api/v1/auth/step-up/simulate | /api/v1/config | /api/v1/contracts/${name} | /api/v1/contracts/entitlements | /api/v1/data-quality/incidents,client DOM/navigation or API response; inspect source,unknown unless endpoint/store proves it,route-specific,route-specific or toast,not consistently implemented,Reset,route-specific end-to-end proof incomplete,eafb11719e67135c7a6fa3b15e1170c5192e4771
ACTION-0021,apps/web/public/assets/app.js,548,button,Export JSON,export-theme,HANDLER_BOUND,/api/v1/access/evaluate | /api/v1/audit/verify | /api/v1/audit?limit=30 | /api/v1/auth/step-up/simulate | /api/v1/config | /api/v1/contracts/${name} | /api/v1/contracts/entitlements | /api/v1/data-quality/incidents,client DOM/navigation or API response; inspect source,unknown unless endpoint/store proves it,route-specific,route-specific or toast,not consistently implemented,Export JSON,route-specific end-to-end proof incomplete,eafb11719e67135c7a6fa3b15e1170c5192e4771
ACTION-0022,apps/web/public/assets/app.js,548,button,Save profile,save-theme,HANDLER_BOUND,/api/v1/access/evaluate | /api/v1/audit/verify | /api/v1/audit?limit=30 | /api/v1/auth/step-up/simulate | /api/v1/config | /api/v1/contracts/${name} | /api/v1/contracts/entitlements | /api/v1/data-quality/incidents,client DOM/navigation or API response; inspect source,unknown unless endpoint/store proves it,route-specific,route-specific or toast,not consistently implemented,Save profile,route-specific end-to-end proof incomplete,eafb11719e67135c7a6fa3b15e1170c5192e4771
ACTION-0023,apps/web/public/assets/app.js,548,button,"${escapeHtml(themeProfiles[key]?.name||key.replaceAll('-',' '))} ${escapeHtml(themeProfiles[key]?.tagline||'')}","${escapeHtml(themeProfiles[key]?.name||key.replaceAll('-',' '))} ${escapeHtml(themeProfiles[key]?.tagline||'')}",DEAD_OR_DECORATIVE,/api/v1/access/evaluate | /api/v1/audit/verify | /api/v1/audit?limit=30 | /api/v1/auth/step-up/simulate | /api/v1/config | /api/v1/contracts/${name} | /api/v1/contracts/entitlements | /api/v1/data-quality/incidents,client DOM/navigation or API response; inspect source,unknown unless endpoint/store proves it,route-specific,route-specific or toast,not consistently implemented,"${escapeHtml(themeProfiles[key]?.name||key.replaceAll('-',' '))} ${escapeHtml(themeProfiles[key]?.tagline||'')}",dead/decorative action,eafb11719e67135c7a6fa3b15e1170c5192e4771
ACTION-0024,apps/web/public/assets/app.js,570,button,Evaluate governed action,evaluate-governance,HANDLER_BOUND,/api/v1/access/evaluate | /api/v1/audit/verify | /api/v1/audit?limit=30 | /api/v1/auth/step-up/simulate | /api/v1/config | /api/v1/contracts/${name} | /api/v1/contracts/entitlements | /api/v1/data-quality/incidents,client DOM/navigation or API response; inspect source,unknown unless endpoint/store proves it,route-specific,route-specific or toast,not consistently implemented,Evaluate governed action,route-specific end-to-end proof incomplete,eafb11719e67135c7a6fa3b15e1170c5192e4771
ACTION-0025,apps/web/public/assets/app.js,570,button,Simulate step-up,step-up,HANDLER_BOUND,/api/v1/access/evaluate | /api/v1/audit/verify | /api/v1/audit?limit=30 | /api/v1/auth/step-up/simulate | /api/v1/config | /api/v1/contracts/${name} | /api/v1/contracts/entitlements | /api/v1/data-quality/incidents,client DOM/navigation or API response; inspect source,unknown unless endpoint/store proves it,route-specific,route-specific or toast,not consistently implemented,Simulate step-up,route-specific end-to-end proof incomplete,eafb11719e67135c7a6fa3b15e1170c5192e4771
ACTION-0026,apps/web/public/assets/app.js,580,button,${escapeHtml(workspace.name)} ${escapeHtml(workspace.environment)} · ${escapeHtml(workspace.riskTier)} risk ${workspace.workspaceId===contex,${escapeHtml(workspace.name)} ${escapeHtml(workspace.environment)} · ${escapeHtml(workspace.riskTier)} risk ${workspace.workspaceId===contex,DEAD_OR_DECORATIVE,/api/v1/access/evaluate | /api/v1/audit/verify | /api/v1/audit?limit=30 | /api/v1/auth/step-up/simulate | /api/v1/config | /api/v1/contracts/${name} | /api/v1/contracts/entitlements | /api/v1/data-quality/incidents,client DOM/navigation or API response; inspect source,unknown unless endpoint/store proves it,route-specific,route-specific or toast,not consistently implemented,${escapeHtml(workspace.name)} ${escapeHtml(workspace.environment)} · ${escapeHtml(workspace.riskTier)} risk ${workspace.workspaceId===contex,dead/decorative action,eafb11719e67135c7a6fa3b15e1170c5192e4771
ACTION-0027,apps/web/public/assets/app.js,583,button,Revoke,Revoke,HANDLER_BOUND,/api/v1/access/evaluate | /api/v1/audit/verify | /api/v1/audit?limit=30 | /api/v1/auth/step-up/simulate | /api/v1/config | /api/v1/contracts/${name} | /api/v1/contracts/entitlements | /api/v1/data-quality/incidents,client DOM/navigation or API response; inspect source,unknown unless endpoint/store proves it,route-specific,route-specific or toast,not consistently implemented,Revoke,route-specific end-to-end proof incomplete,eafb11719e67135c7a6fa3b15e1170c5192e4771
ACTION-0028,apps/web/public/assets/app.js,584,button,Inspect inventory,privacy-inventory,HANDLER_BOUND,/api/v1/access/evaluate | /api/v1/audit/verify | /api/v1/audit?limit=30 | /api/v1/auth/step-up/simulate | /api/v1/config | /api/v1/contracts/${name} | /api/v1/contracts/entitlements | /api/v1/data-quality/incidents,client DOM/navigation or API response; inspect source,unknown unless endpoint/store proves it,route-specific,route-specific or toast,not consistently implemented,Inspect inventory,route-specific end-to-end proof incomplete,eafb11719e67135c7a6fa3b15e1170c5192e4771
ACTION-0029,apps/web/public/assets/app.js,615,button,Exercise failover,test-failover,HANDLER_BOUND,/api/v1/access/evaluate | /api/v1/audit/verify | /api/v1/audit?limit=30 | /api/v1/auth/step-up/simulate | /api/v1/config | /api/v1/contracts/${name} | /api/v1/contracts/entitlements | /api/v1/data-quality/incidents,client DOM/navigation or API response; inspect source,unknown unless endpoint/store proves it,route-specific,route-specific or toast,not consistently implemented,Exercise failover,route-specific end-to-end proof incomplete,eafb11719e67135c7a6fa3b15e1170c5192e4771
ACTION-0030,apps/web/public/assets/app.js,615,button,Test stream,stream-test,HANDLER_BOUND,/api/v1/access/evaluate | /api/v1/audit/verify | /api/v1/audit?limit=30 | /api/v1/auth/step-up/simulate | /api/v1/config | /api/v1/contracts/${name} | /api/v1/contracts/entitlements | /api/v1/data-quality/incidents,client DOM/navigation or API response; inspect source,unknown unless endpoint/store proves it,route-specific,route-specific or toast,not consistently implemented,Test stream,route-specific end-to-end proof incomplete,eafb11719e67135c7a6fa3b15e1170c5192e4771
ACTION-0031,apps/web/public/assets/app.js,615,button,Run quote,test-quote,HANDLER_BOUND,/api/v1/access/evaluate | /api/v1/audit/verify | /api/v1/audit?limit=30 | /api/v1/auth/step-up/simulate | /api/v1/config | /api/v1/contracts/${name} | /api/v1/contracts/entitlements | /api/v1/data-quality/incidents,client DOM/navigation or API response; inspect source,unknown unless endpoint/store proves it,route-specific,route-specific or toast,not consistently implemented,Run quote,route-specific end-to-end proof incomplete,eafb11719e67135c7a6fa3b15e1170c5192e4771
ACTION-0032,apps/web/public/assets/app.js,621,button,Inspect contract,entitlement-contract,HANDLER_BOUND,/api/v1/access/evaluate | /api/v1/audit/verify | /api/v1/audit?limit=30 | /api/v1/auth/step-up/simulate | /api/v1/config | /api/v1/contracts/${name} | /api/v1/contracts/entitlements | /api/v1/data-quality/incidents,client DOM/navigation or API response; inspect source,unknown unless endpoint/store proves it,route-specific,route-specific or toast,not consistently implemented,Inspect contract,route-specific end-to-end proof incomplete,eafb11719e67135c7a6fa3b15e1170c5192e4771
ACTION-0033,apps/web/public/assets/app.js,621,button,Evaluate export entitlement,evaluate-export,HANDLER_BOUND,/api/v1/access/evaluate | /api/v1/audit/verify | /api/v1/audit?limit=30 | /api/v1/auth/step-up/simulate | /api/v1/config | /api/v1/contracts/${name} | /api/v1/contracts/entitlements | /api/v1/data-quality/incidents,client DOM/navigation or API response; inspect source,unknown unless endpoint/store proves it,route-specific,route-specific or toast,not consistently implemented,Evaluate export entitlement,route-specific end-to-end proof incomplete,eafb11719e67135c7a6fa3b15e1170c5192e4771
ACTION-0034,apps/web/public/assets/app.js,651,button,Resolve QQQB,resolve-qqqb,HANDLER_BOUND,/api/v1/access/evaluate | /api/v1/audit/verify | /api/v1/audit?limit=30 | /api/v1/auth/step-up/simulate | /api/v1/config | /api/v1/contracts/${name} | /api/v1/contracts/entitlements | /api/v1/data-quality/incidents,client DOM/navigation or API response; inspect source,unknown unless endpoint/store proves it,route-specific,route-specific or toast,not consistently implemented,Resolve QQQB,route-specific end-to-end proof incomplete,eafb11719e67135c7a6fa3b15e1170c5192e4771
ACTION-0035,apps/web/public/assets/app.js,651,button,Inspect tokenized relationship,inspect-relationship,HANDLER_BOUND,/api/v1/access/evaluate | /api/v1/audit/verify | /api/v1/audit?limit=30 | /api/v1/auth/step-up/simulate | /api/v1/config | /api/v1/contracts/${name} | /api/v1/contracts/entitlements | /api/v1/data-quality/incidents,client DOM/navigation or API response; inspect source,unknown unless endpoint/store proves it,route-specific,route-specific or toast,not consistently implemented,Inspect tokenized relationship,route-specific end-to-end proof incomplete,eafb11719e67135c7a6fa3b15e1170c5192e4771
ACTION-0036,apps/web/public/assets/app.js,679,button,Data contract,timeseries-contract,HANDLER_BOUND,/api/v1/access/evaluate | /api/v1/audit/verify | /api/v1/audit?limit=30 | /api/v1/auth/step-up/simulate | /api/v1/config | /api/v1/contracts/${name} | /api/v1/contracts/entitlements | /api/v1/data-quality/incidents,client DOM/navigation or API response; inspect source,unknown unless endpoint/store proves it,route-specific,route-specific or toast,not consistently implemented,Data contract,route-specific end-to-end proof incomplete,eafb11719e67135c7a6fa3b15e1170c5192e4771
ACTION-0037,apps/web/public/assets/app.js,679,button,Refresh series,refresh-series,HANDLER_BOUND,/api/v1/access/evaluate | /api/v1/audit/verify | /api/v1/audit?limit=30 | /api/v1/auth/step-up/simulate | /api/v1/config | /api/v1/contracts/${name} | /api/v1/contracts/entitlements | /api/v1/data-quality/incidents,client DOM/navigation or API response; inspect source,unknown unless endpoint/store proves it,route-specific,route-specific or toast,not consistently implemented,Refresh series,route-specific end-to-end proof incomplete,eafb11719e67135c7a6fa3b15e1170c5192e4771
ACTION-0038,apps/web/public/assets/app.js,709,button,Stream contract,stream-contract,HANDLER_BOUND,/api/v1/access/evaluate | /api/v1/audit/verify | /api/v1/audit?limit=30 | /api/v1/auth/step-up/simulate | /api/v1/config | /api/v1/contracts/${name} | /api/v1/contracts/entitlements | /api/v1/data-quality/incidents,client DOM/navigation or API response; inspect source,unknown unless endpoint/store proves it,route-specific,route-specific or toast,not consistently implemented,Stream contract,route-specific end-to-end proof incomplete,eafb11719e67135c7a6fa3b15e1170c5192e4771
ACTION-0039,apps/web/public/assets/app.js,709,button,Replay journal,replay-stream,HANDLER_BOUND,/api/v1/access/evaluate | /api/v1/audit/verify | /api/v1/audit?limit=30 | /api/v1/auth/step-up/simulate | /api/v1/config | /api/v1/contracts/${name} | /api/v1/contracts/entitlements | /api/v1/data-quality/incidents,client DOM/navigation or API response; inspect source,unknown unless endpoint/store proves it,route-specific,route-specific or toast,not consistently implemented,Replay journal,route-specific end-to-end proof incomplete,eafb11719e67135c7a6fa3b15e1170c5192e4771
ACTION-0040,apps/web/public/assets/app.js,709,button,Pause stream,toggle-stream,HANDLER_BOUND,/api/v1/access/evaluate | /api/v1/audit/verify | /api/v1/audit?limit=30 | /api/v1/auth/step-up/simulate | /api/v1/config | /api/v1/contracts/${name} | /api/v1/contracts/entitlements | /api/v1/data-quality/incidents,client DOM/navigation or API response; inspect source,unknown unless endpoint/store proves it,route-specific,route-specific or toast,not consistently implemented,Pause stream,route-specific end-to-end proof incomplete,eafb11719e67135c7a6fa3b15e1170c5192e4771
ACTION-0041,apps/web/public/assets/app.js,735,button,Telemetry contract,observability-contract,HANDLER_BOUND,/api/v1/access/evaluate | /api/v1/audit/verify | /api/v1/audit?limit=30 | /api/v1/auth/step-up/simulate | /api/v1/config | /api/v1/contracts/${name} | /api/v1/contracts/entitlements | /api/v1/data-quality/incidents,client DOM/navigation or API response; inspect source,unknown unless endpoint/store proves it,route-specific,route-specific or toast,not consistently implemented,Telemetry contract,route-specific end-to-end proof incomplete,eafb11719e67135c7a6fa3b15e1170c5192e4771
ACTION-0042,apps/web/public/assets/app.js,735,button,Refresh evidence,refresh-observability,HANDLER_BOUND,/api/v1/access/evaluate | /api/v1/audit/verify | /api/v1/audit?limit=30 | /api/v1/auth/step-up/simulate | /api/v1/config | /api/v1/contracts/${name} | /api/v1/contracts/entitlements | /api/v1/data-quality/incidents,client DOM/navigation or API response; inspect source,unknown unless endpoint/store proves it,route-specific,route-specific or toast,not consistently implemented,Refresh evidence,route-specific end-to-end proof incomplete,eafb11719e67135c7a6fa3b15e1170c5192e4771
ACTION-0043,apps/web/public/assets/app.js,746,button,Save screen,save-discovery-screen,HANDLER_BOUND,/api/v1/access/evaluate | /api/v1/audit/verify | /api/v1/audit?limit=30 | /api/v1/auth/step-up/simulate | /api/v1/config | /api/v1/contracts/${name} | /api/v1/contracts/entitlements | /api/v1/data-quality/incidents,client DOM/navigation or API response; inspect source,unknown unless endpoint/store proves it,route-specific,route-specific or toast,not consistently implemented,Save screen,route-specific end-to-end proof incomplete,eafb11719e67135c7a6fa3b15e1170c5192e4771
ACTION-0044,apps/web/public/assets/app.js,746,button,Inspect contract,discovery-contract,HANDLER_BOUND,/api/v1/access/evaluate | /api/v1/audit/verify | /api/v1/audit?limit=30 | /api/v1/auth/step-up/simulate | /api/v1/config | /api/v1/contracts/${name} | /api/v1/contracts/entitlements | /api/v1/data-quality/incidents,client DOM/navigation or API response; inspect source,unknown unless endpoint/store proves it,route-specific,route-specific or toast,not consistently implemented,Inspect contract,route-specific end-to-end proof incomplete,eafb11719e67135c7a6fa3b15e1170c5192e4771
ACTION-0045,apps/web/public/assets/app.js,746,button,Search everything,search-all,HANDLER_BOUND,/api/v1/access/evaluate | /api/v1/audit/verify | /api/v1/audit?limit=30 | /api/v1/auth/step-up/simulate | /api/v1/config | /api/v1/contracts/${name} | /api/v1/contracts/entitlements | /api/v1/data-quality/incidents,client DOM/navigation or API response; inspect source,unknown unless endpoint/store proves it,route-specific,route-specific or toast,not consistently implemented,Search everything,route-specific end-to-end proof incomplete,eafb11719e67135c7a6fa3b15e1170c5192e4771
ACTION-0046,apps/web/public/assets/app.js,746,button,Full rankings,open-asset-rankings,HANDLER_BOUND,/api/v1/access/evaluate | /api/v1/audit/verify | /api/v1/audit?limit=30 | /api/v1/auth/step-up/simulate | /api/v1/config | /api/v1/contracts/${name} | /api/v1/contracts/entitlements | /api/v1/data-quality/incidents,client DOM/navigation or API response; inspect source,unknown unless endpoint/store proves it,route-specific,route-specific or toast,not consistently implemented,Full rankings,route-specific end-to-end proof incomplete,eafb11719e67135c7a6fa3b15e1170c5192e4771
ACTION-0047,apps/web/public/assets/app.js,746,button,All categories,open-categories,HANDLER_BOUND,/api/v1/access/evaluate | /api/v1/audit/verify | /api/v1/audit?limit=30 | /api/v1/auth/step-up/simulate | /api/v1/config | /api/v1/contracts/${name} | /api/v1/contracts/entitlements | /api/v1/data-quality/incidents,client DOM/navigation or API response; inspect source,unknown unless endpoint/store proves it,route-specific,route-specific or toast,not consistently implemented,All categories,route-specific end-to-end proof incomplete,eafb11719e67135c7a6fa3b15e1170c5192e4771
ACTION-0048,apps/web/public/assets/app.js,746,button,Open hub,open-news,HANDLER_BOUND,/api/v1/access/evaluate | /api/v1/audit/verify | /api/v1/audit?limit=30 | /api/v1/auth/step-up/simulate | /api/v1/config | /api/v1/contracts/${name} | /api/v1/contracts/entitlements | /api/v1/data-quality/incidents,client DOM/navigation or API response; inspect source,unknown unless endpoint/store proves it,route-specific,route-specific or toast,not consistently implemented,Open hub,route-specific end-to-end proof incomplete,eafb11719e67135c7a6fa3b15e1170c5192e4771
ACTION-0049,apps/web/public/assets/app.js,767,button,"${escapeHtml(item.name)} ${escapeHtml(item.assetClass)} · ${item.constituentCount} constituents =0?'is-positive':'is-negative'}"">${item.perf","${escapeHtml(item.name)} ${escapeHtml(item.assetClass)} · ${item.constituentCount} constituents =0?'is-positive':'is-negative'}"">${item.perf",HANDLER_BOUND,/api/v1/access/evaluate | /api/v1/audit/verify | /api/v1/audit?limit=30 | /api/v1/auth/step-up/simulate | /api/v1/config | /api/v1/contracts/${name} | /api/v1/contracts/entitlements | /api/v1/data-quality/incidents,client DOM/navigation or API response; inspect source,unknown unless endpoint/store proves it,route-specific,route-specific or toast,not consistently implemented,"${escapeHtml(item.name)} ${escapeHtml(item.assetClass)} · ${item.constituentCount} constituents =0?'is-positive':'is-negative'}"">${item.perf",route-specific end-to-end proof incomplete,eafb11719e67135c7a6fa3b15e1170c5192e4771
ACTION-0050,apps/web/public/assets/app.js,773,button,Save screen,save-ranking,HANDLER_BOUND,/api/v1/access/evaluate | /api/v1/audit/verify | /api/v1/audit?limit=30 | /api/v1/auth/step-up/simulate | /api/v1/config | /api/v1/contracts/${name} | /api/v1/contracts/entitlements | /api/v1/data-quality/incidents,client DOM/navigation or API response; inspect source,unknown unless endpoint/store proves it,route-specific,route-specific or toast,not consistently implemented,Save screen,route-specific end-to-end proof incomplete,eafb11719e67135c7a6fa3b15e1170c5192e4771
ACTION-0051,apps/web/public/assets/app.js,773,button,Save compare tray,persist-compare,HANDLER_BOUND,/api/v1/access/evaluate | /api/v1/audit/verify | /api/v1/audit?limit=30 | /api/v1/auth/step-up/simulate | /api/v1/config | /api/v1/contracts/${name} | /api/v1/contracts/entitlements | /api/v1/data-quality/incidents,client DOM/navigation or API response; inspect source,unknown unless endpoint/store proves it,route-specific,route-specific or toast,not consistently implemented,Save compare tray,route-specific end-to-end proof incomplete,eafb11719e67135c7a6fa3b15e1170c5192e4771
ACTION-0052,apps/web/public/assets/app.js,783,button,Methodology,category-method,HANDLER_BOUND,/api/v1/access/evaluate | /api/v1/audit/verify | /api/v1/audit?limit=30 | /api/v1/auth/step-up/simulate | /api/v1/config | /api/v1/contracts/${name} | /api/v1/contracts/entitlements | /api/v1/data-quality/incidents,client DOM/navigation or API response; inspect source,unknown unless endpoint/store proves it,route-specific,route-specific or toast,not consistently implemented,Methodology,route-specific end-to-end proof incomplete,eafb11719e67135c7a6fa3b15e1170c5192e4771
ACTION-0053,apps/web/public/assets/app.js,783,button,"${escapeHtml(item.name)} ${escapeHtml(item.assetClass)} =0?'is-positive':'is-negative'}"">${item.performance24h>=0?'+':''}${item.performance2","${escapeHtml(item.name)} ${escapeHtml(item.assetClass)} =0?'is-positive':'is-negative'}"">${item.performance24h>=0?'+':''}${item.performance2",HANDLER_BOUND,/api/v1/access/evaluate | /api/v1/audit/verify | /api/v1/audit?limit=30 | /api/v1/auth/step-up/simulate | /api/v1/config | /api/v1/contracts/${name} | /api/v1/contracts/entitlements | /api/v1/data-quality/incidents,client DOM/navigation or API response; inspect source,unknown unless endpoint/store proves it,route-specific,route-specific or toast,not consistently implemented,"${escapeHtml(item.name)} ${escapeHtml(item.assetClass)} =0?'is-positive':'is-negative'}"">${item.performance24h>=0?'+':''}${item.performance2",route-specific end-to-end proof incomplete,eafb11719e67135c7a6fa3b15e1170c5192e4771
ACTION-0054,apps/web/public/assets/app.js,789,button,All categories,back-categories,HANDLER_BOUND,/api/v1/access/evaluate | /api/v1/audit/verify | /api/v1/audit?limit=30 | /api/v1/auth/step-up/simulate | /api/v1/config | /api/v1/contracts/${name} | /api/v1/contracts/entitlements | /api/v1/data-quality/incidents,client DOM/navigation or API response; inspect source,unknown unless endpoint/store proves it,route-specific,route-specific or toast,not consistently implemented,All categories,route-specific end-to-end proof incomplete,eafb11719e67135c7a6fa3b15e1170c5192e4771
ACTION-0055,apps/web/public/assets/app.js,795,button,Open trust center,venue-trust,HANDLER_BOUND,/api/v1/access/evaluate | /api/v1/audit/verify | /api/v1/audit?limit=30 | /api/v1/auth/step-up/simulate | /api/v1/config | /api/v1/contracts/${name} | /api/v1/contracts/entitlements | /api/v1/data-quality/incidents,client DOM/navigation or API response; inspect source,unknown unless endpoint/store proves it,route-specific,route-specific or toast,not consistently implemented,Open trust center,route-specific end-to-end proof incomplete,eafb11719e67135c7a6fa3b15e1170c5192e4771
ACTION-0056,apps/web/public/assets/app.js,795,button,${escapeHtml(item.status)} #${item.rank} · ${escapeHtml(item.type)} ${escapeHtml(item.name)} ${escapeHtml(item.jurisdiction)} · ${escapeHtml,${escapeHtml(item.status)} #${item.rank} · ${escapeHtml(item.type)} ${escapeHtml(item.name)} ${escapeHtml(item.jurisdiction)} · ${escapeHtml,HANDLER_BOUND,/api/v1/access/evaluate | /api/v1/audit/verify | /api/v1/audit?limit=30 | /api/v1/auth/step-up/simulate | /api/v1/config | /api/v1/contracts/${name} | /api/v1/contracts/entitlements | /api/v1/data-quality/incidents,client DOM/navigation or API response; inspect source,unknown unless endpoint/store proves it,route-specific,route-specific or toast,not consistently implemented,${escapeHtml(item.status)} #${item.rank} · ${escapeHtml(item.type)} ${escapeHtml(item.name)} ${escapeHtml(item.jurisdiction)} · ${escapeHtml,route-specific end-to-end proof incomplete,eafb11719e67135c7a6fa3b15e1170c5192e4771
ACTION-0057,apps/web/public/assets/app.js,801,button,All venues,back-venues,HANDLER_BOUND,/api/v1/access/evaluate | /api/v1/audit/verify | /api/v1/audit?limit=30 | /api/v1/auth/step-up/simulate | /api/v1/config | /api/v1/contracts/${name} | /api/v1/contracts/entitlements | /api/v1/data-quality/incidents,client DOM/navigation or API response; inspect source,unknown unless endpoint/store proves it,route-specific,route-specific or toast,not consistently implemented,All venues,route-specific end-to-end proof incomplete,eafb11719e67135c7a6fa3b15e1170c5192e4771
ACTION-0058,apps/web/public/assets/app.js,807,button,Discovery contract,dex-contract,HANDLER_BOUND,/api/v1/access/evaluate | /api/v1/audit/verify | /api/v1/audit?limit=30 | /api/v1/auth/step-up/simulate | /api/v1/config | /api/v1/contracts/${name} | /api/v1/contracts/entitlements | /api/v1/data-quality/incidents,client DOM/navigation or API response; inspect source,unknown unless endpoint/store proves it,route-specific,route-specific or toast,not consistently implemented,Discovery contract,route-specific end-to-end proof incomplete,eafb11719e67135c7a6fa3b15e1170c5192e4771
ACTION-0059,apps/web/public/assets/app.js,807,button,"${escapeHtml(item.name)} ${escapeHtml(item.chain)} ${formatDiscoveryPrice({price:item.price,currency:'USD'})} =0?'is-positive':'is-negative'","${escapeHtml(item.name)} ${escapeHtml(item.chain)} ${formatDiscoveryPrice({price:item.price,currency:'USD'})} =0?'is-positive':'is-negative'",HANDLER_BOUND,/api/v1/access/evaluate | /api/v1/audit/verify | /api/v1/audit?limit=30 | /api/v1/auth/step-up/simulate | /api/v1/config | /api/v1/contracts/${name} | /api/v1/contracts/entitlements | /api/v1/data-quality/incidents,client DOM/navigation or API response; inspect source,unknown unless endpoint/store proves it,route-specific,route-specific or toast,not consistently implemented,"${escapeHtml(item.name)} ${escapeHtml(item.chain)} ${formatDiscoveryPrice({price:item.price,currency:'USD'})} =0?'is-positive':'is-negative'",route-specific end-to-end proof incomplete,eafb11719e67135c7a6fa3b15e1170c5192e4771
ACTION-0060,apps/web/public/assets/app.js,813,button,Methodologies,chart-methodologies,HANDLER_BOUND,/api/v1/access/evaluate | /api/v1/audit/verify | /api/v1/audit?limit=30 | /api/v1/auth/step-up/simulate | /api/v1/config | /api/v1/contracts/${name} | /api/v1/contracts/entitlements | /api/v1/data-quality/incidents,client DOM/navigation or API response; inspect source,unknown unless endpoint/store proves it,route-specific,route-specific or toast,not consistently implemented,Methodologies,route-specific end-to-end proof incomplete,eafb11719e67135c7a6fa3b15e1170c5192e4771
ACTION-0061,apps/web/public/assets/app.js,821,button,Pricing methodology,converter-method,HANDLER_BOUND,/api/v1/access/evaluate | /api/v1/audit/verify | /api/v1/audit?limit=30 | /api/v1/auth/step-up/simulate | /api/v1/config | /api/v1/contracts/${name} | /api/v1/contracts/entitlements | /api/v1/data-quality/incidents,client DOM/navigation or API response; inspect source,unknown unless endpoint/store proves it,route-specific,route-specific or toast,not consistently implemented,Pricing methodology,route-specific end-to-end proof incomplete,eafb11719e67135c7a6fa3b15e1170c5192e4771
ACTION-0062,apps/web/public/assets/app.js,821,button,⇄,swap-converter,HANDLER_BOUND,/api/v1/access/evaluate | /api/v1/audit/verify | /api/v1/audit?limit=30 | /api/v1/auth/step-up/simulate | /api/v1/config | /api/v1/contracts/${name} | /api/v1/contracts/entitlements | /api/v1/data-quality/incidents,client DOM/navigation or API response; inspect source,unknown unless endpoint/store proves it,route-specific,route-specific or toast,not consistently implemented,Swap converter assets,route-specific end-to-end proof incomplete,eafb11719e67135c7a6fa3b15e1170c5192e4771
ACTION-0063,apps/web/public/assets/app.js,821,button,Calculate fixture conversion,run-converter,HANDLER_BOUND,/api/v1/access/evaluate | /api/v1/audit/verify | /api/v1/audit?limit=30 | /api/v1/auth/step-up/simulate | /api/v1/config | /api/v1/contracts/${name} | /api/v1/contracts/entitlements | /api/v1/data-quality/incidents,client DOM/navigation or API response; inspect source,unknown unless endpoint/store proves it,route-specific,route-specific or toast,not consistently implemented,Calculate fixture conversion,route-specific end-to-end proof incomplete,eafb11719e67135c7a6fa3b15e1170c5192e4771
ACTION-0064,apps/web/public/assets/app.js,828,button,Search content,content-search,HANDLER_BOUND,/api/v1/access/evaluate | /api/v1/audit/verify | /api/v1/audit?limit=30 | /api/v1/auth/step-up/simulate | /api/v1/config | /api/v1/contracts/${name} | /api/v1/contracts/entitlements | /api/v1/data-quality/incidents,client DOM/navigation or API response; inspect source,unknown unless endpoint/store proves it,route-specific,route-specific or toast,not consistently implemented,Search content,route-specific end-to-end proof incomplete,eafb11719e67135c7a6fa3b15e1170c5192e4771
ACTION-0065,apps/web/public/assets/app.js,828,button,${escapeHtml(item.collection)} ${new Date(item.publishedAt).toLocaleDateString('en-GB')} ${escapeHtml(item.title)} ${escapeHtml(item.summary,${escapeHtml(item.collection)} ${new Date(item.publishedAt).toLocaleDateString('en-GB')} ${escapeHtml(item.title)} ${escapeHtml(item.summary,HANDLER_BOUND,/api/v1/access/evaluate | /api/v1/audit/verify | /api/v1/audit?limit=30 | /api/v1/auth/step-up/simulate | /api/v1/config | /api/v1/contracts/${name} | /api/v1/contracts/entitlements | /api/v1/data-quality/incidents,client DOM/navigation or API response; inspect source,unknown unless endpoint/store proves it,route-specific,route-specific or toast,not consistently implemented,${escapeHtml(item.collection)} ${new Date(item.publishedAt).toLocaleDateString('en-GB')} ${escapeHtml(item.title)} ${escapeHtml(item.summary,route-specific end-to-end proof incomplete,eafb11719e67135c7a6fa3b15e1170c5192e4771
ACTION-0066,apps/web/public/assets/app.js,834,button,Research hub,back-research,HANDLER_BOUND,/api/v1/access/evaluate | /api/v1/audit/verify | /api/v1/audit?limit=30 | /api/v1/auth/step-up/simulate | /api/v1/config | /api/v1/contracts/${name} | /api/v1/contracts/entitlements | /api/v1/data-quality/incidents,client DOM/navigation or API response; inspect source,unknown unless endpoint/store proves it,route-specific,route-specific or toast,not consistently implemented,Research hub,route-specific end-to-end proof incomplete,eafb11719e67135c7a6fa3b15e1170c5192e4771
ACTION-0067,apps/web/public/assets/app.js,834,button,${escapeHtml(item.symbol)} · ${escapeHtml(item.name)},${escapeHtml(item.symbol)} · ${escapeHtml(item.name)},HANDLER_BOUND,/api/v1/access/evaluate | /api/v1/audit/verify | /api/v1/audit?limit=30 | /api/v1/auth/step-up/simulate | /api/v1/config | /api/v1/contracts/${name} | /api/v1/contracts/entitlements | /api/v1/data-quality/incidents,client DOM/navigation or API response; inspect source,unknown unless endpoint/store proves it,route-specific,route-specific or toast,not consistently implemented,${escapeHtml(item.symbol)} · ${escapeHtml(item.name)},route-specific end-to-end proof incomplete,eafb11719e67135c7a6fa3b15e1170c5192e4771
ACTION-0068,apps/web/public/assets/app.js,840,button,Audit evidence,audit-evidence,HANDLER_BOUND,/api/v1/access/evaluate | /api/v1/audit/verify | /api/v1/audit?limit=30 | /api/v1/auth/step-up/simulate | /api/v1/config | /api/v1/contracts/${name} | /api/v1/contracts/entitlements | /api/v1/data-quality/incidents,client DOM/navigation or API response; inspect source,unknown unless endpoint/store proves it,route-specific,route-specific or toast,not consistently implemented,Audit evidence,route-specific end-to-end proof incomplete,eafb11719e67135c7a6fa3b15e1170c5192e4771
ACTION-0069,apps/web/public/assets/app.js,840,button,Status JSON,status-json,HANDLER_BOUND,/api/v1/access/evaluate | /api/v1/audit/verify | /api/v1/audit?limit=30 | /api/v1/auth/step-up/simulate | /api/v1/config | /api/v1/contracts/${name} | /api/v1/contracts/entitlements | /api/v1/data-quality/incidents,client DOM/navigation or API response; inspect source,unknown unless endpoint/store proves it,route-specific,route-specific or toast,not consistently implemented,Status JSON,route-specific end-to-end proof incomplete,eafb11719e67135c7a6fa3b15e1170c5192e4771
ACTION-0070,apps/web/public/assets/app.js,840,button,${escapeHtml(item.name)} ${escapeHtml(item.description)} ${escapeHtml(item.version)} ${escapeHtml(item.status)},${escapeHtml(item.name)} ${escapeHtml(item.description)} ${escapeHtml(item.version)} ${escapeHtml(item.status)},DEAD_OR_DECORATIVE,/api/v1/access/evaluate | /api/v1/audit/verify | /api/v1/audit?limit=30 | /api/v1/auth/step-up/simulate | /api/v1/config | /api/v1/contracts/${name} | /api/v1/contracts/entitlements | /api/v1/data-quality/incidents,client DOM/navigation or API response; inspect source,unknown unless endpoint/store proves it,route-specific,route-specific or toast,not consistently implemented,${escapeHtml(item.name)} ${escapeHtml(item.description)} ${escapeHtml(item.version)} ${escapeHtml(item.status)},dead/decorative action,eafb11719e67135c7a6fa3b15e1170c5192e4771
ACTION-0071,apps/web/public/assets/app.js,847,button,Verify ledger,verify-again,HANDLER_BOUND,/api/v1/access/evaluate | /api/v1/audit/verify | /api/v1/audit?limit=30 | /api/v1/auth/step-up/simulate | /api/v1/config | /api/v1/contracts/${name} | /api/v1/contracts/entitlements | /api/v1/data-quality/incidents,client DOM/navigation or API response; inspect source,unknown unless endpoint/store proves it,route-specific,route-specific or toast,not consistently implemented,Verify ledger,route-specific end-to-end proof incomplete,eafb11719e67135c7a6fa3b15e1170c5192e4771
ACTION-0072,apps/web/public/assets/app.js,847,button,Identity contract,identity-contract,HANDLER_BOUND,/api/v1/access/evaluate | /api/v1/audit/verify | /api/v1/audit?limit=30 | /api/v1/auth/step-up/simulate | /api/v1/config | /api/v1/contracts/${name} | /api/v1/contracts/entitlements | /api/v1/data-quality/incidents,client DOM/navigation or API response; inspect source,unknown unless endpoint/store proves it,route-specific,route-specific or toast,not consistently implemented,Identity contract,route-specific end-to-end proof incomplete,eafb11719e67135c7a6fa3b15e1170c5192e4771
ACTION-0073,apps/web/public/assets/app.js,863,button,×,Close,HANDLER_BOUND,/api/v1/access/evaluate | /api/v1/audit/verify | /api/v1/audit?limit=30 | /api/v1/auth/step-up/simulate | /api/v1/config | /api/v1/contracts/${name} | /api/v1/contracts/entitlements | /api/v1/data-quality/incidents,client DOM/navigation or API response; inspect source,unknown unless endpoint/store proves it,route-specific,route-specific or toast,not consistently implemented,Close,route-specific end-to-end proof incomplete,eafb11719e67135c7a6fa3b15e1170c5192e4771
ACTION-0074,apps/web/public/assets/app.js,863,button,Close,Close,HANDLER_BOUND,/api/v1/access/evaluate | /api/v1/audit/verify | /api/v1/audit?limit=30 | /api/v1/auth/step-up/simulate | /api/v1/config | /api/v1/contracts/${name} | /api/v1/contracts/entitlements | /api/v1/data-quality/incidents,client DOM/navigation or API response; inspect source,unknown unless endpoint/store proves it,route-specific,route-specific or toast,not consistently implemented,Close,route-specific end-to-end proof incomplete,eafb11719e67135c7a6fa3b15e1170c5192e4771
ACTION-0075,apps/web/public/assets/app.js,868,button,×,Close,HANDLER_BOUND,/api/v1/access/evaluate | /api/v1/audit/verify | /api/v1/audit?limit=30 | /api/v1/auth/step-up/simulate | /api/v1/config | /api/v1/contracts/${name} | /api/v1/contracts/entitlements | /api/v1/data-quality/incidents,client DOM/navigation or API response; inspect source,unknown unless endpoint/store proves it,route-specific,route-specific or toast,not consistently implemented,Close,route-specific end-to-end proof incomplete,eafb11719e67135c7a6fa3b15e1170c5192e4771
ACTION-0076,apps/web/public/assets/app.js,868,button,Close,Close,HANDLER_BOUND,/api/v1/access/evaluate | /api/v1/audit/verify | /api/v1/audit?limit=30 | /api/v1/auth/step-up/simulate | /api/v1/config | /api/v1/contracts/${name} | /api/v1/contracts/entitlements | /api/v1/data-quality/incidents,client DOM/navigation or API response; inspect source,unknown unless endpoint/store proves it,route-specific,route-specific or toast,not consistently implemented,Close,route-specific end-to-end proof incomplete,eafb11719e67135c7a6fa3b15e1170c5192e4771
ACTION-0077,apps/web/public/assets/app.js,883,button,×,Close contract,HANDLER_BOUND,/api/v1/access/evaluate | /api/v1/audit/verify | /api/v1/audit?limit=30 | /api/v1/auth/step-up/simulate | /api/v1/config | /api/v1/contracts/${name} | /api/v1/contracts/entitlements | /api/v1/data-quality/incidents,client DOM/navigation or API response; inspect source,unknown unless endpoint/store proves it,route-specific,route-specific or toast,not consistently implemented,Close contract,route-specific end-to-end proof incomplete,eafb11719e67135c7a6fa3b15e1170c5192e4771
ACTION-0078,apps/web/public/assets/app.js,883,button,Close,Close,HANDLER_BOUND,/api/v1/access/evaluate | /api/v1/audit/verify | /api/v1/audit?limit=30 | /api/v1/auth/step-up/simulate | /api/v1/config | /api/v1/contracts/${name} | /api/v1/contracts/entitlements | /api/v1/data-quality/incidents,client DOM/navigation or API response; inspect source,unknown unless endpoint/store proves it,route-specific,route-specific or toast,not consistently implemented,Close,route-specific end-to-end proof incomplete,eafb11719e67135c7a6fa3b15e1170c5192e4771
ACTION-0079,apps/web/public/assets/app.js,896,button,×,Close notifications,HANDLER_BOUND,/api/v1/access/evaluate | /api/v1/audit/verify | /api/v1/audit?limit=30 | /api/v1/auth/step-up/simulate | /api/v1/config | /api/v1/contracts/${name} | /api/v1/contracts/entitlements | /api/v1/data-quality/incidents,client DOM/navigation or API response; inspect source,unknown unless endpoint/store proves it,route-specific,route-specific or toast,not consistently implemented,Close notifications,route-specific end-to-end proof incomplete,eafb11719e67135c7a6fa3b15e1170c5192e4771
ACTION-0080,apps/web/public/assets/app.js,911,button,Return to default,Return to default,HANDLER_BOUND,/api/v1/access/evaluate | /api/v1/audit/verify | /api/v1/audit?limit=30 | /api/v1/auth/step-up/simulate | /api/v1/config | /api/v1/contracts/${name} | /api/v1/contracts/entitlements | /api/v1/data-quality/incidents,client DOM/navigation or API response; inspect source,unknown unless endpoint/store proves it,route-specific,route-specific or toast,not consistently implemented,Return to default,route-specific end-to-end proof incomplete,eafb11719e67135c7a6fa3b15e1170c5192e4771
ACTION-0081,apps/web/public/assets/app.js,912,button,Retry foundation route,Retry foundation route,HANDLER_BOUND,/api/v1/access/evaluate | /api/v1/audit/verify | /api/v1/audit?limit=30 | /api/v1/auth/step-up/simulate | /api/v1/config | /api/v1/contracts/${name} | /api/v1/contracts/entitlements | /api/v1/data-quality/incidents,client DOM/navigation or API response; inspect source,unknown unless endpoint/store proves it,route-specific,route-specific or toast,not consistently implemented,Retry foundation route,route-specific end-to-end proof incomplete,eafb11719e67135c7a6fa3b15e1170c5192e4771
ACTION-0082,apps/web/public/assets/shell-foundations.mjs,34,button,"${icon(item.icon,{size:18})} ${escapeHtml(item.shortLabel)}",${escapeHtml(item.label)}${item.route?,HANDLER_BOUND,,client DOM/navigation or API response; inspect source,unknown unless endpoint/store proves it,route-specific,route-specific or toast,not consistently implemented,${escapeHtml(item.label)}${item.route?,route-specific end-to-end proof incomplete,eafb11719e67135c7a6fa3b15e1170c5192e4771
ACTION-0083,apps/web/public/assets/shell-foundations.mjs,35,button,"${icon(routeIcon(domain.defaultRoute),{size:18})} ${escapeHtml(domain.shortLabel)}",${escapeHtml(domain.label)},HANDLER_BOUND,,client DOM/navigation or API response; inspect source,unknown unless endpoint/store proves it,route-specific,route-specific or toast,not consistently implemented,${escapeHtml(domain.label)},route-specific end-to-end proof incomplete,eafb11719e67135c7a6fa3b15e1170c5192e4771
ACTION-0084,apps/web/public/assets/shell-foundations.mjs,36,button,"${icon('explain',{size:18})} Explain",Explain this move,HANDLER_BOUND,,client DOM/navigation or API response; inspect source,unknown unless endpoint/store proves it,route-specific,route-specific or toast,not consistently implemented,Explain this move,route-specific end-to-end proof incomplete,eafb11719e67135c7a6fa3b15e1170c5192e4771
ACTION-0085,apps/web/public/assets/shell-foundations.mjs,36,button,"${icon('menu',{size:18})} Menu",Open domain navigation,HANDLER_BOUND,,client DOM/navigation or API response; inspect source,unknown unless endpoint/store proves it,route-specific,route-specific or toast,not consistently implemented,Open domain navigation,route-specific end-to-end proof incomplete,eafb11719e67135c7a6fa3b15e1170c5192e4771
ACTION-0086,apps/web/public/assets/shell-foundations.mjs,49,button,Qelly,Qelly,HANDLER_BOUND,,client DOM/navigation or API response; inspect source,unknown unless endpoint/store proves it,route-specific,route-specific or toast,not consistently implemented,Qelly,route-specific end-to-end proof incomplete,eafb11719e67135c7a6fa3b15e1170c5192e4771
ACTION-0087,apps/web/public/assets/shell-foundations.mjs,49,button,${escapeHtml(route.label)},${escapeHtml(route.label)},HANDLER_BOUND,,client DOM/navigation or API response; inspect source,unknown unless endpoint/store proves it,route-specific,route-specific or toast,not consistently implemented,${escapeHtml(route.label)},route-specific end-to-end proof incomplete,eafb11719e67135c7a6fa3b15e1170c5192e4771
ACTION-0088,apps/web/public/assets/shell-foundations.mjs,56,button,"${icon(routeIcon(route.route),{size:18})} ${escapeHtml(route.label.replace('Decision Provenance','Evidence').replace('Theme Personas','More'","${icon(routeIcon(route.route),{size:18})} ${escapeHtml(route.label.replace('Decision Provenance','Evidence').replace('Theme Personas','More'",HANDLER_BOUND,,client DOM/navigation or API response; inspect source,unknown unless endpoint/store proves it,route-specific,route-specific or toast,not consistently implemented,"${icon(routeIcon(route.route),{size:18})} ${escapeHtml(route.label.replace('Decision Provenance','Evidence').replace('Theme Personas','More'",route-specific end-to-end proof incomplete,eafb11719e67135c7a6fa3b15e1170c5192e4771
ACTION-0089,apps/web/public/assets/theme-intelligence-visual-correction.mjs,27,button,×,Close,HANDLER_BOUND,,client DOM/navigation or API response; inspect source,unknown unless endpoint/store proves it,route-specific,route-specific or toast,not consistently implemented,Close,route-specific end-to-end proof incomplete,eafb11719e67135c7a6fa3b15e1170c5192e4771
ACTION-0090,apps/web/public/assets/theme-intelligence-visual-correction.mjs,36,button,Details,Details,HANDLER_BOUND,,client DOM/navigation or API response; inspect source,unknown unless endpoint/store proves it,route-specific,route-specific or toast,not consistently implemented,Details,route-specific end-to-end proof incomplete,eafb11719e67135c7a6fa3b15e1170c5192e4771
ACTION-0091,apps/web/public/assets/theme-intelligence-visual-correction.mjs,36,button,Compare,Compare,HANDLER_BOUND,,client DOM/navigation or API response; inspect source,unknown unless endpoint/store proves it,route-specific,route-specific or toast,not consistently implemented,Compare,route-specific end-to-end proof incomplete,eafb11719e67135c7a6fa3b15e1170c5192e4771
ACTION-0092,apps/web/public/assets/theme-intelligence-visual-correction.mjs,45,button,×,Close,HANDLER_BOUND,,client DOM/navigation or API response; inspect source,unknown unless endpoint/store proves it,route-specific,route-specific or toast,not consistently implemented,Close,route-specific end-to-end proof incomplete,eafb11719e67135c7a6fa3b15e1170c5192e4771
ACTION-0093,apps/web/public/assets/theme-intelligence-visual-correction.mjs,45,button,${esc(option.textContent)} ${option.selected?'Current selection':'Preview this governed option'},${esc(option.textContent)} ${option.selected?'Current selection':'Preview this governed option'},HANDLER_BOUND,,client DOM/navigation or API response; inspect source,unknown unless endpoint/store proves it,route-specific,route-specific or toast,not consistently implemented,${esc(option.textContent)} ${option.selected?'Current selection':'Preview this governed option'},route-specific end-to-end proof incomplete,eafb11719e67135c7a6fa3b15e1170c5192e4771
ACTION-0094,apps/web/public/assets/theme-intelligence-visual-correction.mjs,50,button,×,Close,HANDLER_BOUND,,client DOM/navigation or API response; inspect source,unknown unless endpoint/store proves it,route-specific,route-specific or toast,not consistently implemented,Close,route-specific end-to-end proof incomplete,eafb11719e67135c7a6fa3b15e1170c5192e4771
ACTION-0095,apps/web/public/assets/theme-intelligence-visual-correction.mjs,50,button,Export preset Download validated JSON,export,HANDLER_BOUND,,client DOM/navigation or API response; inspect source,unknown unless endpoint/store proves it,route-specific,route-specific or toast,not consistently implemented,Export preset Download validated JSON,route-specific end-to-end proof incomplete,eafb11719e67135c7a6fa3b15e1170c5192e4771
ACTION-0096,apps/web/public/assets/theme-intelligence-visual-correction.mjs,50,button,Import preset Validate before preview,import,HANDLER_BOUND,,client DOM/navigation or API response; inspect source,unknown unless endpoint/store proves it,route-specific,route-specific or toast,not consistently implemented,Import preset Validate before preview,route-specific end-to-end proof incomplete,eafb11719e67135c7a6fa3b15e1170c5192e4771
ACTION-0097,apps/web/public/assets/theme-intelligence-visual-correction.mjs,50,button,Share local configuration Copy a governed preview link,share,HANDLER_BOUND,,client DOM/navigation or API response; inspect source,unknown unless endpoint/store proves it,route-specific,route-specific or toast,not consistently implemented,Share local configuration Copy a governed preview link,route-specific end-to-end proof incomplete,eafb11719e67135c7a6fa3b15e1170c5192e4771
ACTION-0098,apps/web/public/assets/theme-intelligence-visual-correction.mjs,62,button,Cancel,Cancel,DEAD_OR_DECORATIVE,,client DOM/navigation or API response; inspect source,unknown unless endpoint/store proves it,route-specific,route-specific or toast,not consistently implemented,Cancel,dead/decorative action,eafb11719e67135c7a6fa3b15e1170c5192e4771
ACTION-0099,apps/web/public/assets/theme-intelligence-visual-correction.mjs,62,button,Apply,Apply,DEAD_OR_DECORATIVE,,client DOM/navigation or API response; inspect source,unknown unless endpoint/store proves it,route-specific,route-specific or toast,not consistently implemented,Apply,dead/decorative action,eafb11719e67135c7a6fa3b15e1170c5192e4771
ACTION-0100,apps/web/public/assets/theme-intelligence-visual-correction.mjs,75,button,Clear history,Clear history,HANDLER_BOUND,,client DOM/navigation or API response; inspect source,unknown unless endpoint/store proves it,route-specific,route-specific or toast,not consistently implemented,Clear history,route-specific end-to-end proof incomplete,eafb11719e67135c7a6fa3b15e1170c5192e4771
ACTION-0101,apps/web/public/assets/routes/screener-lab.mjs,6,button,Save screen,save,HANDLER_BOUND,/api/v1/screeners/catalog | /api/v1/screeners/run | /api/v1/screeners/saved,client DOM/navigation or API response; inspect source,unknown unless endpoint/store proves it,route-specific,route-specific or toast,not consistently implemented,Save screen,route-specific end-to-end proof incomplete,eafb11719e67135c7a6fa3b15e1170c5192e4771
ACTION-0102,apps/web/public/assets/routes/screener-lab.mjs,6,button,Run screen,run,HANDLER_BOUND,/api/v1/screeners/catalog | /api/v1/screeners/run | /api/v1/screeners/saved,client DOM/navigation or API response; inspect source,unknown unless endpoint/store proves it,route-specific,route-specific or toast,not consistently implemented,Run screen,route-specific end-to-end proof incomplete,eafb11719e67135c7a6fa3b15e1170c5192e4771
ACTION-0103,apps/web/public/assets/routes/asset-intelligence.mjs,9,button,Compare core assets,compare-assets,HANDLER_BOUND,/api/v1/asset-intelligence/${selected}/events | /api/v1/asset-intelligence/${selected}/filings | /api/v1/asset-intelligence/${selected}/fundamentals | /api/v1/asset-intelligence/${selected}/overview | /api/v1/asset-intelligence/${selected}/peers | /api/v1/asset-intelligence/${selected}/technicals?study=sma&length=20 | /api/v1/asset-intelligence/compare | /api/v1/asset-intelligence/studies,client DOM/navigation or API response; inspect source,unknown unless endpoint/store proves it,route-specific,route-specific or toast,not consistently implemented,Compare core assets,route-specific end-to-end proof incomplete,eafb11719e67135c7a6fa3b15e1170c5192e4771
ACTION-0104,apps/web/public/assets/routes/asset-intelligence.mjs,9,button,Inspect truth boundary,inspect-wave6,HANDLER_BOUND,/api/v1/asset-intelligence/${selected}/events | /api/v1/asset-intelligence/${selected}/filings | /api/v1/asset-intelligence/${selected}/fundamentals | /api/v1/asset-intelligence/${selected}/overview | /api/v1/asset-intelligence/${selected}/peers | /api/v1/asset-intelligence/${selected}/technicals?study=sma&length=20 | /api/v1/asset-intelligence/compare | /api/v1/asset-intelligence/studies,client DOM/navigation or API response; inspect source,unknown unless endpoint/store proves it,route-specific,route-specific or toast,not consistently implemented,Inspect truth boundary,route-specific end-to-end proof incomplete,eafb11719e67135c7a6fa3b15e1170c5192e4771
ACTION-0105,apps/web/public/assets/routes/auth-login.mjs,12,button,Sign in securely,Sign in securely,FORM_SUBMIT,/api/v1/auth/login | /api/v1/auth/passkeys/authenticate/options | /api/v1/auth/passkeys/authenticate/verify | /api/v1/auth/status,client DOM/navigation or API response; inspect source,unknown unless endpoint/store proves it,route-specific,route-specific or toast,not consistently implemented,Sign in securely,route-specific end-to-end proof incomplete,eafb11719e67135c7a6fa3b15e1170c5192e4771
ACTION-0106,apps/web/public/assets/routes/auth-login.mjs,12,button,Use a passkey,Use a passkey,HANDLER_BOUND,/api/v1/auth/login | /api/v1/auth/passkeys/authenticate/options | /api/v1/auth/passkeys/authenticate/verify | /api/v1/auth/status,client DOM/navigation or API response; inspect source,unknown unless endpoint/store proves it,route-specific,route-specific or toast,not consistently implemented,Use a passkey,route-specific end-to-end proof incomplete,eafb11719e67135c7a6fa3b15e1170c5192e4771
ACTION-0107,apps/web/public/assets/routes/auth-login.mjs,12,button,Create organization,Create organization,HANDLER_BOUND,/api/v1/auth/login | /api/v1/auth/passkeys/authenticate/options | /api/v1/auth/passkeys/authenticate/verify | /api/v1/auth/status,client DOM/navigation or API response; inspect source,unknown unless endpoint/store proves it,route-specific,route-specific or toast,not consistently implemented,Create organization,route-specific end-to-end proof incomplete,eafb11719e67135c7a6fa3b15e1170c5192e4771
ACTION-0108,apps/web/public/assets/routes/auth-login.mjs,12,button,Recover account,Recover account,HANDLER_BOUND,/api/v1/auth/login | /api/v1/auth/passkeys/authenticate/options | /api/v1/auth/passkeys/authenticate/verify | /api/v1/auth/status,client DOM/navigation or API response; inspect source,unknown unless endpoint/store proves it,route-specific,route-specific or toast,not consistently implemented,Recover account,route-specific end-to-end proof incomplete,eafb11719e67135c7a6fa3b15e1170c5192e4771
ACTION-0109,apps/web/public/assets/routes/notification-center.mjs,4,button,Alert rules,alerts,HANDLER_BOUND,/api/v1/notifications | /api/v1/notifications/${encodeURIComponent | /api/v1/notifications/read-all,client DOM/navigation or API response; inspect source,unknown unless endpoint/store proves it,route-specific,route-specific or toast,not consistently implemented,Alert rules,route-specific end-to-end proof incomplete,eafb11719e67135c7a6fa3b15e1170c5192e4771
ACTION-0110,apps/web/public/assets/routes/notification-center.mjs,4,button,Mark all read,read-all,HANDLER_BOUND,/api/v1/notifications | /api/v1/notifications/${encodeURIComponent | /api/v1/notifications/read-all,client DOM/navigation or API response; inspect source,unknown unless endpoint/store proves it,route-specific,route-specific or toast,not consistently implemented,Mark all read,route-specific end-to-end proof incomplete,eafb11719e67135c7a6fa3b15e1170c5192e4771
ACTION-0111,apps/web/public/assets/routes/notification-center.mjs,6,button,Mark read,Mark read,HANDLER_BOUND,/api/v1/notifications | /api/v1/notifications/${encodeURIComponent | /api/v1/notifications/read-all,client DOM/navigation or API response; inspect source,unknown unless endpoint/store proves it,route-specific,route-specific or toast,not consistently implemented,Mark read,route-specific end-to-end proof incomplete,eafb11719e67135c7a6fa3b15e1170c5192e4771
ACTION-0112,apps/web/public/assets/routes/theme-personas.mjs,20,button,Safe reset,reset-persona,HANDLER_BOUND,,client DOM/navigation or API response; inspect source,unknown unless endpoint/store proves it,route-specific,route-specific or toast,not consistently implemented,Safe reset,route-specific end-to-end proof incomplete,eafb11719e67135c7a6fa3b15e1170c5192e4771
ACTION-0113,apps/web/public/assets/routes/theme-personas.mjs,20,button,Preview active mode,preview-persona,HANDLER_BOUND,,client DOM/navigation or API response; inspect source,unknown unless endpoint/store proves it,route-specific,route-specific or toast,not consistently implemented,Preview active mode,route-specific end-to-end proof incomplete,eafb11719e67135c7a6fa3b15e1170c5192e4771
ACTION-0114,apps/web/public/assets/routes/theme-personas.mjs,41,button,${current===persona.id?'Active operating mode':'Activate mode'},${current===persona.id?'Active operating mode':'Activate mode'},HANDLER_BOUND,,client DOM/navigation or API response; inspect source,unknown unless endpoint/store proves it,route-specific,route-specific or toast,not consistently implemented,${current===persona.id?'Active operating mode':'Activate mode'},route-specific end-to-end proof incomplete,eafb11719e67135c7a6fa3b15e1170c5192e4771
ACTION-0115,apps/web/public/assets/routes/notification-schedules.mjs,3,button,Run due schedules,run,HANDLER_BOUND,/api/v1/notification-schedules | /api/v1/notification-schedules/catalog | /api/v1/notification-schedules/run-due,client DOM/navigation or API response; inspect source,unknown unless endpoint/store proves it,route-specific,route-specific or toast,not consistently implemented,Run due schedules,route-specific end-to-end proof incomplete,eafb11719e67135c7a6fa3b15e1170c5192e4771
ACTION-0116,apps/web/public/assets/routes/notification-schedules.mjs,3,button,Create schedule,create,HANDLER_BOUND,/api/v1/notification-schedules | /api/v1/notification-schedules/catalog | /api/v1/notification-schedules/run-due,client DOM/navigation or API response; inspect source,unknown unless endpoint/store proves it,route-specific,route-specific or toast,not consistently implemented,Create schedule,route-specific end-to-end proof incomplete,eafb11719e67135c7a6fa3b15e1170c5192e4771
ACTION-0117,apps/web/public/assets/routes/comparison-lab.mjs,3,button,Open fundamentals,fundamentals,HANDLER_BOUND,/api/v1/asset-intelligence/compare/series | /api/v1/asset-intelligence/compare/snapshots,client DOM/navigation or API response; inspect source,unknown unless endpoint/store proves it,route-specific,route-specific or toast,not consistently implemented,Open fundamentals,route-specific end-to-end proof incomplete,eafb11719e67135c7a6fa3b15e1170c5192e4771
ACTION-0118,apps/web/public/assets/routes/comparison-lab.mjs,3,button,Open chart studio,chart,HANDLER_BOUND,/api/v1/asset-intelligence/compare/series | /api/v1/asset-intelligence/compare/snapshots,client DOM/navigation or API response; inspect source,unknown unless endpoint/store proves it,route-specific,route-specific or toast,not consistently implemented,Open chart studio,route-specific end-to-end proof incomplete,eafb11719e67135c7a6fa3b15e1170c5192e4771
ACTION-0119,apps/web/public/assets/routes/advanced-chart.mjs,5,button,Open fundamentals,open-fundamentals,HANDLER_BOUND,/api/v1/asset-intelligence/${selected}/chart?range=1y&indicators=${indicators.join | /api/v1/asset-intelligence/layouts,client DOM/navigation or API response; inspect source,unknown unless endpoint/store proves it,route-specific,route-specific or toast,not consistently implemented,Open fundamentals,route-specific end-to-end proof incomplete,eafb11719e67135c7a6fa3b15e1170c5192e4771
ACTION-0120,apps/web/public/assets/routes/advanced-chart.mjs,5,button,Save layout,save-layout,HANDLER_BOUND,/api/v1/asset-intelligence/${selected}/chart?range=1y&indicators=${indicators.join | /api/v1/asset-intelligence/layouts,client DOM/navigation or API response; inspect source,unknown unless endpoint/store proves it,route-specific,route-specific or toast,not consistently implemented,Save layout,route-specific end-to-end proof incomplete,eafb11719e67135c7a6fa3b15e1170c5192e4771
ACTION-0121,apps/web/public/assets/routes/filing-workspace.mjs,2,button,Open event calendar,events,HANDLER_BOUND,/api/v1/asset-intelligence/${selected}/filings | /api/v1/asset-intelligence/${selected}/filings/${chosen.filingId},client DOM/navigation or API response; inspect source,unknown unless endpoint/store proves it,route-specific,route-specific or toast,not consistently implemented,Open event calendar,route-specific end-to-end proof incomplete,eafb11719e67135c7a6fa3b15e1170c5192e4771
ACTION-0122,apps/web/public/assets/routes/filing-workspace.mjs,2,button,Open statements,fundamentals,HANDLER_BOUND,/api/v1/asset-intelligence/${selected}/filings | /api/v1/asset-intelligence/${selected}/filings/${chosen.filingId},client DOM/navigation or API response; inspect source,unknown unless endpoint/store proves it,route-specific,route-specific or toast,not consistently implemented,Open statements,route-specific end-to-end proof incomplete,eafb11719e67135c7a6fa3b15e1170c5192e4771
ACTION-0123,apps/web/public/assets/routes/filing-workspace.mjs,2,button,${escapeHtml(section.title)} ${escapeHtml(section.citation.locator)},${escapeHtml(section.title)} ${escapeHtml(section.citation.locator)},HANDLER_BOUND,/api/v1/asset-intelligence/${selected}/filings | /api/v1/asset-intelligence/${selected}/filings/${chosen.filingId},client DOM/navigation or API response; inspect source,unknown unless endpoint/store proves it,route-specific,route-specific or toast,not consistently implemented,${escapeHtml(section.title)} ${escapeHtml(section.citation.locator)},route-specific end-to-end proof incomplete,eafb11719e67135c7a6fa3b15e1170c5192e4771
ACTION-0124,apps/web/public/assets/routes/auth-recovery.mjs,2,button,Request recovery code,Request recovery code,DEAD_OR_DECORATIVE,/api/v1/auth/recovery/request | /api/v1/auth/recovery/reset,client DOM/navigation or API response; inspect source,unknown unless endpoint/store proves it,route-specific,route-specific or toast,not consistently implemented,Request recovery code,dead/decorative action,eafb11719e67135c7a6fa3b15e1170c5192e4771
ACTION-0125,apps/web/public/assets/routes/auth-recovery.mjs,2,button,Reset password and revoke sessions,Reset password and revoke sessions,DEAD_OR_DECORATIVE,/api/v1/auth/recovery/request | /api/v1/auth/recovery/reset,client DOM/navigation or API response; inspect source,unknown unless endpoint/store proves it,route-specific,route-specific or toast,not consistently implemented,Reset password and revoke sessions,dead/decorative action,eafb11719e67135c7a6fa3b15e1170c5192e4771
ACTION-0126,apps/web/public/assets/routes/auth-recovery.mjs,2,button,Return to login,Return to login,DEAD_OR_DECORATIVE,/api/v1/auth/recovery/request | /api/v1/auth/recovery/reset,client DOM/navigation or API response; inspect source,unknown unless endpoint/store proves it,route-specific,route-specific or toast,not consistently implemented,Return to login,dead/decorative action,eafb11719e67135c7a6fa3b15e1170c5192e4771
ACTION-0127,apps/web/public/assets/routes/portfolio-analytics.mjs,4,button,Open research workspace,research,HANDLER_BOUND,/api/v1/portfolio/holdings | /api/v1/portfolio/overview | /api/v1/portfolio/performance?range=1y | /api/v1/portfolio/risk,client DOM/navigation or API response; inspect source,unknown unless endpoint/store proves it,route-specific,route-specific or toast,not consistently implemented,Open research workspace,route-specific end-to-end proof incomplete,eafb11719e67135c7a6fa3b15e1170c5192e4771
ACTION-0128,apps/web/public/assets/routes/portfolio-analytics.mjs,4,button,Connect broker,Connect broker,DEAD_OR_DECORATIVE,/api/v1/portfolio/holdings | /api/v1/portfolio/overview | /api/v1/portfolio/performance?range=1y | /api/v1/portfolio/risk,client DOM/navigation or API response; inspect source,unknown unless endpoint/store proves it,route-specific,route-specific or toast,not consistently implemented,Connect broker,dead/decorative action,eafb11719e67135c7a6fa3b15e1170c5192e4771
ACTION-0129,apps/web/public/assets/routes/theme-intelligence-studio.mjs,15,button,Modal,Modal,DEAD_OR_DECORATIVE,,client DOM/navigation or API response; inspect source,unknown unless endpoint/store proves it,route-specific,route-specific or toast,not consistently implemented,Modal,dead/decorative action,eafb11719e67135c7a6fa3b15e1170c5192e4771
ACTION-0130,apps/web/public/assets/routes/theme-intelligence-studio.mjs,15,button,Drawer,Drawer,DEAD_OR_DECORATIVE,,client DOM/navigation or API response; inspect source,unknown unless endpoint/store proves it,route-specific,route-specific or toast,not consistently implemented,Drawer,dead/decorative action,eafb11719e67135c7a6fa3b15e1170c5192e4771
ACTION-0131,apps/web/public/assets/routes/theme-intelligence-studio.mjs,15,button,Popover,Popover,DEAD_OR_DECORATIVE,,client DOM/navigation or API response; inspect source,unknown unless endpoint/store proves it,route-specific,route-specific or toast,not consistently implemented,Popover,dead/decorative action,eafb11719e67135c7a6fa3b15e1170c5192e4771
ACTION-0132,apps/web/public/assets/routes/theme-intelligence-studio.mjs,15,button,Tooltip,Tooltip,DEAD_OR_DECORATIVE,,client DOM/navigation or API response; inspect source,unknown unless endpoint/store proves it,route-specific,route-specific or toast,not consistently implemented,Tooltip,dead/decorative action,eafb11719e67135c7a6fa3b15e1170c5192e4771
ACTION-0133,apps/web/public/assets/routes/theme-intelligence-studio.mjs,17,button,${esc(item)},${esc(item)},DEAD_OR_DECORATIVE,,client DOM/navigation or API response; inspect source,unknown unless endpoint/store proves it,route-specific,route-specific or toast,not consistently implemented,${esc(item)},dead/decorative action,eafb11719e67135c7a6fa3b15e1170c5192e4771
ACTION-0134,apps/web/public/assets/routes/theme-intelligence-studio.mjs,17,button,Export,Export,DEAD_OR_DECORATIVE,,client DOM/navigation or API response; inspect source,unknown unless endpoint/store proves it,route-specific,route-specific or toast,not consistently implemented,Export,dead/decorative action,eafb11719e67135c7a6fa3b15e1170c5192e4771
ACTION-0135,apps/web/public/assets/routes/theme-intelligence-studio.mjs,17,button,Import,Import,DEAD_OR_DECORATIVE,,client DOM/navigation or API response; inspect source,unknown unless endpoint/store proves it,route-specific,route-specific or toast,not consistently implemented,Import,dead/decorative action,eafb11719e67135c7a6fa3b15e1170c5192e4771
ACTION-0136,apps/web/public/assets/routes/theme-intelligence-studio.mjs,17,button,Share,Share,DEAD_OR_DECORATIVE,,client DOM/navigation or API response; inspect source,unknown unless endpoint/store proves it,route-specific,route-specific or toast,not consistently implemented,Share,dead/decorative action,eafb11719e67135c7a6fa3b15e1170c5192e4771
ACTION-0137,apps/web/public/assets/routes/theme-intelligence-studio.mjs,17,button,Cancel,Cancel,DEAD_OR_DECORATIVE,,client DOM/navigation or API response; inspect source,unknown unless endpoint/store proves it,route-specific,route-specific or toast,not consistently implemented,Cancel,dead/decorative action,eafb11719e67135c7a6fa3b15e1170c5192e4771
ACTION-0138,apps/web/public/assets/routes/theme-intelligence-studio.mjs,17,button,Reset,Reset,DEAD_OR_DECORATIVE,,client DOM/navigation or API response; inspect source,unknown unless endpoint/store proves it,route-specific,route-specific or toast,not consistently implemented,Reset,dead/decorative action,eafb11719e67135c7a6fa3b15e1170c5192e4771
ACTION-0139,apps/web/public/assets/routes/theme-intelligence-studio.mjs,17,button,Apply,Apply,DEAD_OR_DECORATIVE,,client DOM/navigation or API response; inspect source,unknown unless endpoint/store proves it,route-specific,route-specific or toast,not consistently implemented,Apply,dead/decorative action,eafb11719e67135c7a6fa3b15e1170c5192e4771
ACTION-0140,apps/web/public/assets/routes/theme-intelligence-studio.mjs,19,button,Preview,Preview,DEAD_OR_DECORATIVE,,client DOM/navigation or API response; inspect source,unknown unless endpoint/store proves it,route-specific,route-specific or toast,not consistently implemented,Preview,dead/decorative action,eafb11719e67135c7a6fa3b15e1170c5192e4771
ACTION-0141,apps/web/public/assets/routes/theme-intelligence-studio.mjs,19,button,Apply,Apply,DEAD_OR_DECORATIVE,,client DOM/navigation or API response; inspect source,unknown unless endpoint/store proves it,route-specific,route-specific or toast,not consistently implemented,Apply,dead/decorative action,eafb11719e67135c7a6fa3b15e1170c5192e4771
ACTION-0142,apps/web/public/assets/routes/theme-intelligence-studio.mjs,24,button,Focused action,Focused action,HANDLER_BOUND,,client DOM/navigation or API response; inspect source,unknown unless endpoint/store proves it,route-specific,route-specific or toast,not consistently implemented,Focused action,route-specific end-to-end proof incomplete,eafb11719e67135c7a6fa3b15e1170c5192e4771
ACTION-0143,apps/web/public/assets/routes/theme-intelligence-studio.mjs,24,button,Close,Close,HANDLER_BOUND,,client DOM/navigation or API response; inspect source,unknown unless endpoint/store proves it,route-specific,route-specific or toast,not consistently implemented,Close,route-specific end-to-end proof incomplete,eafb11719e67135c7a6fa3b15e1170c5192e4771
ACTION-0144,apps/web/public/assets/routes/theme-intelligence-studio.mjs,25,button,Close drawer,Close drawer,HANDLER_BOUND,,client DOM/navigation or API response; inspect source,unknown unless endpoint/store proves it,route-specific,route-specific or toast,not consistently implemented,Close drawer,route-specific end-to-end proof incomplete,eafb11719e67135c7a6fa3b15e1170c5192e4771
ACTION-0145,apps/web/public/assets/routes/theme-intelligence-studio.mjs,52,button,Theme Studio,Theme Studio,HANDLER_BOUND,,client DOM/navigation or API response; inspect source,unknown unless endpoint/store proves it,route-specific,route-specific or toast,not consistently implemented,Theme Studio,route-specific end-to-end proof incomplete,eafb11719e67135c7a6fa3b15e1170c5192e4771
ACTION-0146,apps/web/public/assets/routes/theme-intelligence-studio.mjs,52,button,Theme Gallery,Theme Gallery,HANDLER_BOUND,,client DOM/navigation or API response; inspect source,unknown unless endpoint/store proves it,route-specific,route-specific or toast,not consistently implemented,Theme Gallery,route-specific end-to-end proof incomplete,eafb11719e67135c7a6fa3b15e1170c5192e4771
ACTION-0147,apps/web/public/assets/routes/theme-intelligence-studio.mjs,52,button,Compare,Compare,HANDLER_BOUND,,client DOM/navigation or API response; inspect source,unknown unless endpoint/store proves it,route-specific,route-specific or toast,not consistently implemented,Compare,route-specific end-to-end proof incomplete,eafb11719e67135c7a6fa3b15e1170c5192e4771
ACTION-0148,apps/web/public/assets/routes/fundamentals-estimates.mjs,3,button,Open filings,open-filings,HANDLER_BOUND,/api/v1/asset-intelligence/${selected}/corporate-actions | /api/v1/asset-intelligence/${selected}/earnings | /api/v1/asset-intelligence/${selected}/estimates | /api/v1/asset-intelligence/${selected}/financials?frequency=annual | /api/v1/asset-intelligence/${selected}/financials?frequency=quarterly | /api/v1/asset-intelligence/${selected}/overview,client DOM/navigation or API response; inspect source,unknown unless endpoint/store proves it,route-specific,route-specific or toast,not consistently implemented,Open filings,route-specific end-to-end proof incomplete,eafb11719e67135c7a6fa3b15e1170c5192e4771
ACTION-0149,apps/web/public/assets/routes/fundamentals-estimates.mjs,3,button,Compare issuers,compare,HANDLER_BOUND,/api/v1/asset-intelligence/${selected}/corporate-actions | /api/v1/asset-intelligence/${selected}/earnings | /api/v1/asset-intelligence/${selected}/estimates | /api/v1/asset-intelligence/${selected}/financials?frequency=annual | /api/v1/asset-intelligence/${selected}/financials?frequency=quarterly | /api/v1/asset-intelligence/${selected}/overview,client DOM/navigation or API response; inspect source,unknown unless endpoint/store proves it,route-specific,route-specific or toast,not consistently implemented,Compare issuers,route-specific end-to-end proof incomplete,eafb11719e67135c7a6fa3b15e1170c5192e4771
ACTION-0150,apps/web/public/assets/routes/research-workspace.mjs,6,button,Portfolio analytics,portfolio,HANDLER_BOUND,/api/v1/research/workspaces | /api/v1/research/workspaces/${encodeURIComponent,client DOM/navigation or API response; inspect source,unknown unless endpoint/store proves it,route-specific,route-specific or toast,not consistently implemented,Portfolio analytics,route-specific end-to-end proof incomplete,eafb11719e67135c7a6fa3b15e1170c5192e4771
ACTION-0151,apps/web/public/assets/routes/research-workspace.mjs,6,button,New workspace,create-workspace,HANDLER_BOUND,/api/v1/research/workspaces | /api/v1/research/workspaces/${encodeURIComponent,client DOM/navigation or API response; inspect source,unknown unless endpoint/store proves it,route-specific,route-specific or toast,not consistently implemented,New workspace,route-specific end-to-end proof incomplete,eafb11719e67135c7a6fa3b15e1170c5192e4771
ACTION-0152,apps/web/public/assets/routes/research-workspace.mjs,8,button,Add item,add-research-item,HANDLER_BOUND,/api/v1/research/workspaces | /api/v1/research/workspaces/${encodeURIComponent,client DOM/navigation or API response; inspect source,unknown unless endpoint/store proves it,route-specific,route-specific or toast,not consistently implemented,Add item,route-specific end-to-end proof incomplete,eafb11719e67135c7a6fa3b15e1170c5192e4771
ACTION-0153,apps/web/public/assets/routes/feature-universe.mjs,8,button,About Qelly,about-qelly,HANDLER_BOUND,,client DOM/navigation or API response; inspect source,unknown unless endpoint/store proves it,route-specific,route-specific or toast,not consistently implemented,About Qelly,route-specific end-to-end proof incomplete,eafb11719e67135c7a6fa3b15e1170c5192e4771
ACTION-0154,apps/web/public/assets/routes/feature-universe.mjs,8,button,Open live command,open-command,HANDLER_BOUND,,client DOM/navigation or API response; inspect source,unknown unless endpoint/store proves it,route-specific,route-specific or toast,not consistently implemented,Open live command,route-specific end-to-end proof incomplete,eafb11719e67135c7a6fa3b15e1170c5192e4771
ACTION-0155,apps/web/public/assets/routes/feature-universe.mjs,8,button,${escapeHtml(cluster.name)} ${cluster.count} modules,${escapeHtml(cluster.name)} ${cluster.count} modules,HANDLER_BOUND,,client DOM/navigation or API response; inspect source,unknown unless endpoint/store proves it,route-specific,route-specific or toast,not consistently implemented,${escapeHtml(cluster.name)} ${cluster.count} modules,route-specific end-to-end proof incomplete,eafb11719e67135c7a6fa3b15e1170c5192e4771
ACTION-0156,apps/web/public/assets/routes/feature-universe.mjs,8,button,↗,${cluster.routes[0]},HANDLER_BOUND,,client DOM/navigation or API response; inspect source,unknown unless endpoint/store proves it,route-specific,route-specific or toast,not consistently implemented,Open ${escapeHtml(cluster.name)},route-specific end-to-end proof incomplete,eafb11719e67135c7a6fa3b15e1170c5192e4771
ACTION-0157,apps/web/public/assets/routes/feature-universe.mjs,8,button,"${String(routeIndex+1).padStart(2,'0')} ${escapeHtml(route.replaceAll('-',' '))} Open module ↗",${route},HANDLER_BOUND,,client DOM/navigation or API response; inspect source,unknown unless endpoint/store proves it,route-specific,route-specific or toast,not consistently implemented,"${String(routeIndex+1).padStart(2,'0')} ${escapeHtml(route.replaceAll('-',' '))} Open module ↗",route-specific end-to-end proof incomplete,eafb11719e67135c7a6fa3b15e1170c5192e4771
ACTION-0158,apps/web/public/assets/routes/auth-register.mjs,2,button,Create secure workspace,Create secure workspace,FORM_SUBMIT,/api/v1/auth/register,client DOM/navigation or API response; inspect source,unknown unless endpoint/store proves it,route-specific,route-specific or toast,not consistently implemented,Create secure workspace,route-specific end-to-end proof incomplete,eafb11719e67135c7a6fa3b15e1170c5192e4771
ACTION-0159,apps/web/public/assets/routes/auth-register.mjs,2,button,Return to login,Return to login,HANDLER_BOUND,/api/v1/auth/register,client DOM/navigation or API response; inspect source,unknown unless endpoint/store proves it,route-specific,route-specific or toast,not consistently implemented,Return to login,route-specific end-to-end proof incomplete,eafb11719e67135c7a6fa3b15e1170c5192e4771
ACTION-0160,apps/web/public/assets/routes/live-markets.mjs,11,button,Data policy,about-data,HANDLER_BOUND,/api/v1/live-markets/candles?${query} | /api/v1/live-markets/catalog,client DOM/navigation or API response; inspect source,unknown unless endpoint/store proves it,route-specific,route-specific or toast,not consistently implemented,Data policy,route-specific end-to-end proof incomplete,eafb11719e67135c7a6fa3b15e1170c5192e4771
ACTION-0161,apps/web/public/assets/routes/live-markets.mjs,11,button,Refresh market,refresh-live,HANDLER_BOUND,/api/v1/live-markets/candles?${query} | /api/v1/live-markets/catalog,client DOM/navigation or API response; inspect source,unknown unless endpoint/store proves it,route-specific,route-specific or toast,not consistently implemented,Refresh market,route-specific end-to-end proof incomplete,eafb11719e67135c7a6fa3b15e1170c5192e4771
ACTION-0162,apps/web/public/assets/routes/live-markets.mjs,19,button,Live follow,live-stream-toggle,HANDLER_BOUND,/api/v1/live-markets/candles?${query} | /api/v1/live-markets/catalog,client DOM/navigation or API response; inspect source,unknown unless endpoint/store proves it,route-specific,route-specific or toast,not consistently implemented,Live follow,route-specific end-to-end proof incomplete,eafb11719e67135c7a6fa3b15e1170c5192e4771
ACTION-0163,apps/web/public/assets/routes/live-markets.mjs,24,button,⌖,Crosshair,DEAD_OR_DECORATIVE,/api/v1/live-markets/candles?${query} | /api/v1/live-markets/catalog,client DOM/navigation or API response; inspect source,unknown unless endpoint/store proves it,route-specific,route-specific or toast,not consistently implemented,Crosshair,dead/decorative action,eafb11719e67135c7a6fa3b15e1170c5192e4771
ACTION-0164,apps/web/public/assets/routes/live-markets.mjs,24,button,╱,Trend line,DEAD_OR_DECORATIVE,/api/v1/live-markets/candles?${query} | /api/v1/live-markets/catalog,client DOM/navigation or API response; inspect source,unknown unless endpoint/store proves it,route-specific,route-specific or toast,not consistently implemented,Trend line,dead/decorative action,eafb11719e67135c7a6fa3b15e1170c5192e4771
ACTION-0165,apps/web/public/assets/routes/live-markets.mjs,24,button,—,Horizontal line,DEAD_OR_DECORATIVE,/api/v1/live-markets/candles?${query} | /api/v1/live-markets/catalog,client DOM/navigation or API response; inspect source,unknown unless endpoint/store proves it,route-specific,route-specific or toast,not consistently implemented,Horizontal line,dead/decorative action,eafb11719e67135c7a6fa3b15e1170c5192e4771
ACTION-0166,apps/web/public/assets/routes/live-markets.mjs,24,button,⌁,Fibonacci,DEAD_OR_DECORATIVE,/api/v1/live-markets/candles?${query} | /api/v1/live-markets/catalog,client DOM/navigation or API response; inspect source,unknown unless endpoint/store proves it,route-specific,route-specific or toast,not consistently implemented,Fibonacci,dead/decorative action,eafb11719e67135c7a6fa3b15e1170c5192e4771
ACTION-0167,apps/web/public/assets/routes/live-markets.mjs,24,button,T,Text note,DEAD_OR_DECORATIVE,/api/v1/live-markets/candles?${query} | /api/v1/live-markets/catalog,client DOM/navigation or API response; inspect source,unknown unless endpoint/store proves it,route-specific,route-specific or toast,not consistently implemented,Text note,dead/decorative action,eafb11719e67135c7a6fa3b15e1170c5192e4771
ACTION-0168,apps/web/public/assets/routes/live-markets.mjs,24,button,SMA 20,SMA 20,DEAD_OR_DECORATIVE,/api/v1/live-markets/candles?${query} | /api/v1/live-markets/catalog,client DOM/navigation or API response; inspect source,unknown unless endpoint/store proves it,route-specific,route-specific or toast,not consistently implemented,SMA 20,dead/decorative action,eafb11719e67135c7a6fa3b15e1170c5192e4771
ACTION-0169,apps/web/public/assets/routes/live-markets.mjs,24,button,Volume,Volume,DEAD_OR_DECORATIVE,/api/v1/live-markets/candles?${query} | /api/v1/live-markets/catalog,client DOM/navigation or API response; inspect source,unknown unless endpoint/store proves it,route-specific,route-specific or toast,not consistently implemented,Volume,dead/decorative action,eafb11719e67135c7a6fa3b15e1170c5192e4771
ACTION-0170,apps/web/public/assets/routes/live-markets.mjs,24,button,Auto,Auto,DEAD_OR_DECORATIVE,/api/v1/live-markets/candles?${query} | /api/v1/live-markets/catalog,client DOM/navigation or API response; inspect source,unknown unless endpoint/store proves it,route-specific,route-specific or toast,not consistently implemented,Auto,dead/decorative action,eafb11719e67135c7a6fa3b15e1170c5192e4771
ACTION-0171,apps/web/public/assets/routes/live-markets.mjs,34,button,Open watchlists,open-watchlists,HANDLER_BOUND,/api/v1/live-markets/candles?${query} | /api/v1/live-markets/catalog,client DOM/navigation or API response; inspect source,unknown unless endpoint/store proves it,route-specific,route-specific or toast,not consistently implemented,Open watchlists,route-specific end-to-end proof incomplete,eafb11719e67135c7a6fa3b15e1170c5192e4771
ACTION-0172,apps/web/public/assets/routes/live-markets.mjs,34,button,"${symbol.replace('USDT',' / USDT')} ${['₹65.1L','₹3.42L','₹63,100','₹17,450','₹268','₹92'][index]} ${index%3===0?'−0.42%':`+${(index*.37+0.5",${symbol},HANDLER_BOUND,/api/v1/live-markets/candles?${query} | /api/v1/live-markets/catalog,client DOM/navigation or API response; inspect source,unknown unless endpoint/store proves it,route-specific,route-specific or toast,not consistently implemented,"${symbol.replace('USDT',' / USDT')} ${['₹65.1L','₹3.42L','₹63,100','₹17,450','₹268','₹92'][index]} ${index%3===0?'−0.42%':`+${(index*.37+0.5",route-specific end-to-end proof incomplete,eafb11719e67135c7a6fa3b15e1170c5192e4771
ACTION-0173,apps/web/public/assets/routes/delivery-operations.mjs,4,button,Queue persistent job,Queue persistent job,DEAD_OR_DECORATIVE,/api/v1/delivery-attempts | /api/v1/delivery/providers | /api/v1/jobs | /api/v1/jobs/delivery | /api/v1/storage/status,client DOM/navigation or API response; inspect source,unknown unless endpoint/store proves it,route-specific,route-specific or toast,not consistently implemented,Queue persistent job,dead/decorative action,eafb11719e67135c7a6fa3b15e1170c5192e4771
ACTION-0174,apps/web/public/assets/routes/staging-assurance.mjs,5,button,Run concurrency exercise,Run concurrency exercise,HANDLER_BOUND,/api/v1/platform/assurance | /api/v1/platform/assurance/backup-restore | /api/v1/platform/assurance/concurrency | /api/v1/platform/assurance/delivery-sandbox | /api/v1/platform/staging-manifest,client DOM/navigation or API response; inspect source,unknown unless endpoint/store proves it,route-specific,route-specific or toast,not consistently implemented,Run concurrency exercise,route-specific end-to-end proof incomplete,eafb11719e67135c7a6fa3b15e1170c5192e4771
ACTION-0175,apps/web/public/assets/routes/staging-assurance.mjs,5,button,Run backup/restore drill,Run backup/restore drill,HANDLER_BOUND,/api/v1/platform/assurance | /api/v1/platform/assurance/backup-restore | /api/v1/platform/assurance/concurrency | /api/v1/platform/assurance/delivery-sandbox | /api/v1/platform/staging-manifest,client DOM/navigation or API response; inspect source,unknown unless endpoint/store proves it,route-specific,route-specific or toast,not consistently implemented,Run backup/restore drill,route-specific end-to-end proof incomplete,eafb11719e67135c7a6fa3b15e1170c5192e4771
ACTION-0176,apps/web/public/assets/routes/staging-assurance.mjs,5,button,Verify delivery sandbox,Verify delivery sandbox,HANDLER_BOUND,/api/v1/platform/assurance | /api/v1/platform/assurance/backup-restore | /api/v1/platform/assurance/concurrency | /api/v1/platform/assurance/delivery-sandbox | /api/v1/platform/staging-manifest,client DOM/navigation or API response; inspect source,unknown unless endpoint/store proves it,route-specific,route-specific or toast,not consistently implemented,Verify delivery sandbox,route-specific end-to-end proof incomplete,eafb11719e67135c7a6fa3b15e1170c5192e4771
ACTION-0177,apps/web/public/assets/routes/secure-import-vault.mjs,3,button,Scan and store,Scan and store,DEAD_OR_DECORATIVE,/api/v1/secure-imports,client DOM/navigation or API response; inspect source,unknown unless endpoint/store proves it,route-specific,route-specific or toast,not consistently implemented,Scan and store,dead/decorative action,eafb11719e67135c7a6fa3b15e1170c5192e4771
ACTION-0178,apps/web/public/assets/routes/onboarding.mjs,5,button,Save progress,save,HANDLER_BOUND,/api/v1/onboarding/catalog | /api/v1/onboarding/complete | /api/v1/onboarding/profile,client DOM/navigation or API response; inspect source,unknown unless endpoint/store proves it,route-specific,route-specific or toast,not consistently implemented,Save progress,route-specific end-to-end proof incomplete,eafb11719e67135c7a6fa3b15e1170c5192e4771
ACTION-0179,apps/web/public/assets/routes/onboarding.mjs,5,button,Complete onboarding,complete,HANDLER_BOUND,/api/v1/onboarding/catalog | /api/v1/onboarding/complete | /api/v1/onboarding/profile,client DOM/navigation or API response; inspect source,unknown unless endpoint/store proves it,route-specific,route-specific or toast,not consistently implemented,Complete onboarding,route-specific end-to-end proof incomplete,eafb11719e67135c7a6fa3b15e1170c5192e4771
ACTION-0180,apps/web/public/assets/routes/asset-rankings-table.mjs,19,button,${icon(watched?'starFilled':'star')},${watched?,DEAD_OR_DECORATIVE,,client DOM/navigation or API response; inspect source,unknown unless endpoint/store proves it,route-specific,route-specific or toast,not consistently implemented,${watched?,dead/decorative action,eafb11719e67135c7a6fa3b15e1170c5192e4771
ACTION-0181,apps/web/public/assets/routes/asset-rankings-table.mjs,33,button,${icon('explain')},"Explain ${safe(row.symbol,escapeHtml)} move",DEAD_OR_DECORATIVE,,client DOM/navigation or API response; inspect source,unknown unless endpoint/store proves it,route-specific,route-specific or toast,not consistently implemented,"Explain ${safe(row.symbol,escapeHtml)} move",dead/decorative action,eafb11719e67135c7a6fa3b15e1170c5192e4771
ACTION-0182,apps/web/public/assets/routes/asset-rankings-table.mjs,45,button,${icon('filter')} Filters,${icon('filter')} Filters,DEAD_OR_DECORATIVE,,client DOM/navigation or API response; inspect source,unknown unless endpoint/store proves it,route-specific,route-specific or toast,not consistently implemented,${icon('filter')} Filters,dead/decorative action,eafb11719e67135c7a6fa3b15e1170c5192e4771
ACTION-0183,apps/web/public/assets/routes/asset-rankings-table.mjs,46,button,${icon('columns')} Columns,${icon('columns')} Columns,DEAD_OR_DECORATIVE,,client DOM/navigation or API response; inspect source,unknown unless endpoint/store proves it,route-specific,route-specific or toast,not consistently implemented,${icon('columns')} Columns,dead/decorative action,eafb11719e67135c7a6fa3b15e1170c5192e4771
ACTION-0184,apps/web/public/assets/routes/asset-rankings-table.mjs,48,button,${icon('download')} Export,${icon('download')} Export,DEAD_OR_DECORATIVE,,client DOM/navigation or API response; inspect source,unknown unless endpoint/store proves it,route-specific,route-specific or toast,not consistently implemented,${icon('download')} Export,dead/decorative action,eafb11719e67135c7a6fa3b15e1170c5192e4771
ACTION-0185,apps/web/public/assets/routes/asset-rankings-table.mjs,52,button,${label},${label},DEAD_OR_DECORATIVE,,client DOM/navigation or API response; inspect source,unknown unless endpoint/store proves it,route-specific,route-specific or toast,not consistently implemented,${label},dead/decorative action,eafb11719e67135c7a6fa3b15e1170c5192e4771
ACTION-0186,apps/web/public/assets/routes/asset-rankings-table.mjs,56,button,${icon('close')},Close column manager,DEAD_OR_DECORATIVE,,client DOM/navigation or API response; inspect source,unknown unless endpoint/store proves it,route-specific,route-specific or toast,not consistently implemented,Close column manager,dead/decorative action,eafb11719e67135c7a6fa3b15e1170c5192e4771
ACTION-0187,apps/web/public/assets/routes/asset-rankings-table.mjs,60,button,,Close filters,DEAD_OR_DECORATIVE,,client DOM/navigation or API response; inspect source,unknown unless endpoint/store proves it,route-specific,route-specific or toast,not consistently implemented,Close filters,dead/decorative action,eafb11719e67135c7a6fa3b15e1170c5192e4771
ACTION-0188,apps/web/public/assets/routes/asset-rankings-table.mjs,62,button,${icon('close')},Close filters,DEAD_OR_DECORATIVE,,client DOM/navigation or API response; inspect source,unknown unless endpoint/store proves it,route-specific,route-specific or toast,not consistently implemented,Close filters,dead/decorative action,eafb11719e67135c7a6fa3b15e1170c5192e4771
ACTION-0189,apps/web/public/assets/routes/asset-rankings-table.mjs,66,button,Reset,Reset,DEAD_OR_DECORATIVE,,client DOM/navigation or API response; inspect source,unknown unless endpoint/store proves it,route-specific,route-specific or toast,not consistently implemented,Reset,dead/decorative action,eafb11719e67135c7a6fa3b15e1170c5192e4771
ACTION-0190,apps/web/public/assets/routes/asset-rankings-table.mjs,66,button,Apply filters,Apply filters,DEAD_OR_DECORATIVE,,client DOM/navigation or API response; inspect source,unknown unless endpoint/store proves it,route-specific,route-specific or toast,not consistently implemented,Apply filters,dead/decorative action,eafb11719e67135c7a6fa3b15e1170c5192e4771
ACTION-0191,apps/web/public/assets/routes/asset-rankings-table.mjs,86,button,"${safe(row.symbol.slice(0,2),escapeHtml)} ${safe(row.name,escapeHtml)} #${row.rank} · ${safe(row.symbol,escapeHtml)}","${safe(row.symbol.slice(0,2),escapeHtml)} ${safe(row.name,escapeHtml)} #${row.rank} · ${safe(row.symbol,escapeHtml)}",DEAD_OR_DECORATIVE,,client DOM/navigation or API response; inspect source,unknown unless endpoint/store proves it,route-specific,route-specific or toast,not consistently implemented,"${safe(row.symbol.slice(0,2),escapeHtml)} ${safe(row.name,escapeHtml)} #${row.rank} · ${safe(row.symbol,escapeHtml)}",dead/decorative action,eafb11719e67135c7a6fa3b15e1170c5192e4771
ACTION-0192,apps/web/public/assets/routes/asset-rankings-table.mjs,88,button,${icon(watched?'starFilled':'star')},${watched?,DEAD_OR_DECORATIVE,,client DOM/navigation or API response; inspect source,unknown unless endpoint/store proves it,route-specific,route-specific or toast,not consistently implemented,${watched?,dead/decorative action,eafb11719e67135c7a6fa3b15e1170c5192e4771
ACTION-0193,apps/web/public/assets/routes/asset-rankings-table.mjs,91,button,${icon('explain')} Explain this move,${icon('explain')} Explain this move,HANDLER_BOUND,,client DOM/navigation or API response; inspect source,unknown unless endpoint/store proves it,route-specific,route-specific or toast,not consistently implemented,${icon('explain')} Explain this move,route-specific end-to-end proof incomplete,eafb11719e67135c7a6fa3b15e1170c5192e4771
ACTION-0194,apps/web/public/assets/routes/event-calendar.mjs,2,button,Open filings,filings,HANDLER_BOUND,/api/v1/asset-intelligence/${selected}/event-calendar?from=2026-07-01&to=2026-12-31,client DOM/navigation or API response; inspect source,unknown unless endpoint/store proves it,route-specific,route-specific or toast,not consistently implemented,Open filings,route-specific end-to-end proof incomplete,eafb11719e67135c7a6fa3b15e1170c5192e4771
ACTION-0195,apps/web/public/assets/routes/event-calendar.mjs,2,button,Open chart,chart,HANDLER_BOUND,/api/v1/asset-intelligence/${selected}/event-calendar?from=2026-07-01&to=2026-12-31,client DOM/navigation or API response; inspect source,unknown unless endpoint/store proves it,route-specific,route-specific or toast,not consistently implemented,Open chart,route-specific end-to-end proof incomplete,eafb11719e67135c7a6fa3b15e1170c5192e4771
ACTION-0196,apps/web/public/assets/routes/workspace-watchlist.mjs,7,button,Alert rules,alerts,HANDLER_BOUND,/api/v1/workspace/watchlists | /api/v1/workspace/watchlists/${encodeURIComponent,client DOM/navigation or API response; inspect source,unknown unless endpoint/store proves it,route-specific,route-specific or toast,not consistently implemented,Alert rules,route-specific end-to-end proof incomplete,eafb11719e67135c7a6fa3b15e1170c5192e4771
ACTION-0197,apps/web/public/assets/routes/workspace-watchlist.mjs,7,button,New watchlist,create-list,HANDLER_BOUND,/api/v1/workspace/watchlists | /api/v1/workspace/watchlists/${encodeURIComponent,client DOM/navigation or API response; inspect source,unknown unless endpoint/store proves it,route-specific,route-specific or toast,not consistently implemented,New watchlist,route-specific end-to-end proof incomplete,eafb11719e67135c7a6fa3b15e1170c5192e4771
ACTION-0198,apps/web/public/assets/routes/workspace-watchlist.mjs,9,button,Add asset,add-item,HANDLER_BOUND,/api/v1/workspace/watchlists | /api/v1/workspace/watchlists/${encodeURIComponent,client DOM/navigation or API response; inspect source,unknown unless endpoint/store proves it,route-specific,route-specific or toast,not consistently implemented,Add asset,route-specific end-to-end proof incomplete,eafb11719e67135c7a6fa3b15e1170c5192e4771
ACTION-0199,apps/web/public/assets/routes/workspace-watchlist.mjs,11,button,Remove,Remove,HANDLER_BOUND,/api/v1/workspace/watchlists | /api/v1/workspace/watchlists/${encodeURIComponent,client DOM/navigation or API response; inspect source,unknown unless endpoint/store proves it,route-specific,route-specific or toast,not consistently implemented,Remove,route-specific end-to-end proof incomplete,eafb11719e67135c7a6fa3b15e1170c5192e4771
ACTION-0200,apps/web/public/assets/routes/research-history.mjs,3,button,Capture checkpoint,capture,HANDLER_BOUND,/api/v1/research/workspaces | /api/v1/research/workspaces/${encodeURIComponent,client DOM/navigation or API response; inspect source,unknown unless endpoint/store proves it,route-specific,route-specific or toast,not consistently implemented,Capture checkpoint,route-specific end-to-end proof incomplete,eafb11719e67135c7a6fa3b15e1170c5192e4771
ACTION-0201,apps/web/public/assets/routes/research-history.mjs,5,button,Restore,Restore,HANDLER_BOUND,/api/v1/research/workspaces | /api/v1/research/workspaces/${encodeURIComponent,client DOM/navigation or API response; inspect source,unknown unless endpoint/store proves it,route-specific,route-specific or toast,not consistently implemented,Restore,route-specific end-to-end proof incomplete,eafb11719e67135c7a6fa3b15e1170c5192e4771
ACTION-0202,apps/web/public/assets/routes/decision-provenance.mjs,10,button,Open market,market,HANDLER_BOUND,/api/v1/evidence/explain-move | /api/v1/evidence/graphs | /api/v1/evidence/graphs/${encodeURIComponent,client DOM/navigation or API response; inspect source,unknown unless endpoint/store proves it,route-specific,route-specific or toast,not consistently implemented,Open market,route-specific end-to-end proof incomplete,eafb11719e67135c7a6fa3b15e1170c5192e4771
ACTION-0203,apps/web/public/assets/routes/decision-provenance.mjs,10,button,Export evidence,export,HANDLER_BOUND,/api/v1/evidence/explain-move | /api/v1/evidence/graphs | /api/v1/evidence/graphs/${encodeURIComponent,client DOM/navigation or API response; inspect source,unknown unless endpoint/store proves it,route-specific,route-specific or toast,not consistently implemented,Export evidence,route-specific end-to-end proof incomplete,eafb11719e67135c7a6fa3b15e1170c5192e4771
ACTION-0204,apps/web/public/assets/routes/decision-provenance.mjs,13,button,${isDemo?'Backend unavailable':'Create evidence package'},create,HANDLER_BOUND,/api/v1/evidence/explain-move | /api/v1/evidence/graphs | /api/v1/evidence/graphs/${encodeURIComponent,client DOM/navigation or API response; inspect source,unknown unless endpoint/store proves it,route-specific,route-specific or toast,not consistently implemented,${isDemo?'Backend unavailable':'Create evidence package'},route-specific end-to-end proof incomplete,eafb11719e67135c7a6fa3b15e1170c5192e4771
ACTION-0205,apps/web/public/assets/routes/passkey-center.mjs,4,button,Register passkey,Register passkey,HANDLER_BOUND,/api/v1/auth/passkeys | /api/v1/auth/passkeys/${encodeURIComponent | /api/v1/auth/passkeys/register/options | /api/v1/auth/passkeys/register/verify,client DOM/navigation or API response; inspect source,unknown unless endpoint/store proves it,route-specific,route-specific or toast,not consistently implemented,Register passkey,route-specific end-to-end proof incomplete,eafb11719e67135c7a6fa3b15e1170c5192e4771
ACTION-0206,apps/web/public/assets/routes/passkey-center.mjs,4,button,Revoke,Revoke,HANDLER_BOUND,/api/v1/auth/passkeys | /api/v1/auth/passkeys/${encodeURIComponent | /api/v1/auth/passkeys/register/options | /api/v1/auth/passkeys/register/verify,client DOM/navigation or API response; inspect source,unknown unless endpoint/store proves it,route-specific,route-specific or toast,not consistently implemented,Revoke,route-specific end-to-end proof incomplete,eafb11719e67135c7a6fa3b15e1170c5192e4771
ACTION-0207,apps/web/public/assets/routes/quarantine-review.mjs,4,button,Place in quarantine,Place in quarantine,HANDLER_BOUND,/api/v1/secure-imports/${encodeURIComponent | /api/v1/secure-imports/quarantine,client DOM/navigation or API response; inspect source,unknown unless endpoint/store proves it,route-specific,route-specific or toast,not consistently implemented,Place in quarantine,route-specific end-to-end proof incomplete,eafb11719e67135c7a6fa3b15e1170c5192e4771
ACTION-0208,apps/web/public/assets/routes/quarantine-review.mjs,4,button,Rescan,Rescan,HANDLER_BOUND,/api/v1/secure-imports/${encodeURIComponent | /api/v1/secure-imports/quarantine,client DOM/navigation or API response; inspect source,unknown unless endpoint/store proves it,route-specific,route-specific or toast,not consistently implemented,Rescan,route-specific end-to-end proof incomplete,eafb11719e67135c7a6fa3b15e1170c5192e4771
ACTION-0209,apps/web/public/assets/routes/quarantine-review.mjs,4,button,Discard,Discard,HANDLER_BOUND,/api/v1/secure-imports/${encodeURIComponent | /api/v1/secure-imports/quarantine,client DOM/navigation or API response; inspect source,unknown unless endpoint/store proves it,route-specific,route-specific or toast,not consistently implemented,Discard,route-specific end-to-end proof incomplete,eafb11719e67135c7a6fa3b15e1170c5192e4771
ACTION-0210,apps/web/public/assets/routes/asset-rankings-chart.mjs,69,button,${icon('candlestick')} Candles,${icon('candlestick')} Candles,DEAD_OR_DECORATIVE,,client DOM/navigation or API response; inspect source,unknown unless endpoint/store proves it,route-specific,route-specific or toast,not consistently implemented,${icon('candlestick')} Candles,dead/decorative action,eafb11719e67135c7a6fa3b15e1170c5192e4771
ACTION-0211,apps/web/public/assets/routes/asset-rankings-chart.mjs,70,button,${icon('line')} Line,${icon('line')} Line,DEAD_OR_DECORATIVE,,client DOM/navigation or API response; inspect source,unknown unless endpoint/store proves it,route-specific,route-specific or toast,not consistently implemented,${icon('line')} Line,dead/decorative action,eafb11719e67135c7a6fa3b15e1170c5192e4771
ACTION-0212,apps/web/public/assets/routes/asset-rankings-chart.mjs,71,button,Area,Area,DEAD_OR_DECORATIVE,,client DOM/navigation or API response; inspect source,unknown unless endpoint/store proves it,route-specific,route-specific or toast,not consistently implemented,Area,dead/decorative action,eafb11719e67135c7a6fa3b15e1170c5192e4771
ACTION-0213,apps/web/public/assets/routes/asset-rankings-chart.mjs,74,button,${item},${item},DEAD_OR_DECORATIVE,,client DOM/navigation or API response; inspect source,unknown unless endpoint/store proves it,route-specific,route-specific or toast,not consistently implemented,${item},dead/decorative action,eafb11719e67135c7a6fa3b15e1170c5192e4771
ACTION-0214,apps/web/public/assets/routes/asset-rankings-chart.mjs,76,button,Linear,Linear,DEAD_OR_DECORATIVE,,client DOM/navigation or API response; inspect source,unknown unless endpoint/store proves it,route-specific,route-specific or toast,not consistently implemented,Linear,dead/decorative action,eafb11719e67135c7a6fa3b15e1170c5192e4771
ACTION-0215,apps/web/public/assets/routes/asset-rankings-chart.mjs,89,button,${icon('explain')} Explain this move,${icon('explain')} Explain this move,HANDLER_BOUND,,client DOM/navigation or API response; inspect source,unknown unless endpoint/store proves it,route-specific,route-specific or toast,not consistently implemented,${icon('explain')} Explain this move,route-specific end-to-end proof incomplete,eafb11719e67135c7a6fa3b15e1170c5192e4771
ACTION-0216,apps/web/public/assets/routes/about-qelly.mjs,1,button,Explore feature universe,view-universe,HANDLER_BOUND,,client DOM/navigation or API response; inspect source,unknown unless endpoint/store proves it,route-specific,route-specific or toast,not consistently implemented,Explore feature universe,route-specific end-to-end proof incomplete,eafb11719e67135c7a6fa3b15e1170c5192e4771
ACTION-0217,apps/web/public/assets/routes/about-qelly.mjs,1,button,Enter live markets,open-live,HANDLER_BOUND,,client DOM/navigation or API response; inspect source,unknown unless endpoint/store proves it,route-specific,route-specific or toast,not consistently implemented,Enter live markets,route-specific end-to-end proof incomplete,eafb11719e67135c7a6fa3b15e1170c5192e4771
ACTION-0218,apps/web/public/assets/routes/about-qelly.mjs,1,button,Launch market command,open-live-2,HANDLER_BOUND,,client DOM/navigation or API response; inspect source,unknown unless endpoint/store proves it,route-specific,route-specific or toast,not consistently implemented,Launch market command,route-specific end-to-end proof incomplete,eafb11719e67135c7a6fa3b15e1170c5192e4771
ACTION-0219,apps/web/public/assets/routes/about-qelly.mjs,1,button,Choose your persona,open-personas,HANDLER_BOUND,,client DOM/navigation or API response; inspect source,unknown unless endpoint/store proves it,route-specific,route-specific or toast,not consistently implemented,Choose your persona,route-specific end-to-end proof incomplete,eafb11719e67135c7a6fa3b15e1170c5192e4771
ACTION-0220,apps/web/public/assets/routes/about-qelly.mjs,1,button,Start with Discovery,start-qelly,HANDLER_BOUND,,client DOM/navigation or API response; inspect source,unknown unless endpoint/store proves it,route-specific,route-specific or toast,not consistently implemented,Start with Discovery,route-specific end-to-end proof incomplete,eafb11719e67135c7a6fa3b15e1170c5192e4771
ACTION-0221,apps/web/public/assets/routes/account-session.mjs,7,button,Rotate session,Rotate session,DEAD_OR_DECORATIVE,/api/v1/auth/logout | /api/v1/auth/refresh | /api/v1/auth/status | /api/v1/jobs | /api/v1/jobs/notifications | /api/v1/production-foundation/status | /api/v1/production-notifications | /api/v1/sessions,client DOM/navigation or API response; inspect source,unknown unless endpoint/store proves it,route-specific,route-specific or toast,not consistently implemented,Rotate session,dead/decorative action,eafb11719e67135c7a6fa3b15e1170c5192e4771
ACTION-0222,apps/web/public/assets/routes/account-session.mjs,7,button,Secure logout,Secure logout,DEAD_OR_DECORATIVE,/api/v1/auth/logout | /api/v1/auth/refresh | /api/v1/auth/status | /api/v1/jobs | /api/v1/jobs/notifications | /api/v1/production-foundation/status | /api/v1/production-notifications | /api/v1/sessions,client DOM/navigation or API response; inspect source,unknown unless endpoint/store proves it,route-specific,route-specific or toast,not consistently implemented,Secure logout,dead/decorative action,eafb11719e67135c7a6fa3b15e1170c5192e4771
ACTION-0223,apps/web/public/assets/routes/account-session.mjs,7,button,Queue notification job,Queue notification job,FORM_SUBMIT,/api/v1/auth/logout | /api/v1/auth/refresh | /api/v1/auth/status | /api/v1/jobs | /api/v1/jobs/notifications | /api/v1/production-foundation/status | /api/v1/production-notifications | /api/v1/sessions,client DOM/navigation or API response; inspect source,unknown unless endpoint/store proves it,route-specific,route-specific or toast,not consistently implemented,Queue notification job,route-specific end-to-end proof incomplete,eafb11719e67135c7a6fa3b15e1170c5192e4771
ACTION-0224,apps/web/public/assets/routes/secret-rotation.mjs,5,button,Rewrap to active key,Rewrap to active key,HANDLER_BOUND,/api/v1/security/secret-protection/rewrap | /api/v1/security/secret-protection/status,client DOM/navigation or API response; inspect source,unknown unless endpoint/store proves it,route-specific,route-specific or toast,not consistently implemented,Rewrap to active key,route-specific end-to-end proof incomplete,eafb11719e67135c7a6fa3b15e1170c5192e4771
ACTION-0225,apps/web/public/assets/routes/formula-screener.mjs,3,button,Evaluate formula,run,HANDLER_BOUND,/api/v1/screeners/formulas/catalog | /api/v1/screeners/formulas/run,client DOM/navigation or API response; inspect source,unknown unless endpoint/store proves it,route-specific,route-specific or toast,not consistently implemented,Evaluate formula,route-specific end-to-end proof incomplete,eafb11719e67135c7a6fa3b15e1170c5192e4771
ACTION-0226,apps/web/public/assets/routes/asset-rankings-premium.mjs,77,button,"${index+1}. ${row.symbol} OI ${percent(row.oiChange)} · funding ${percent(row.funding,4)} $${compactNumber(row.openInterest)}","${index+1}. ${row.symbol} OI ${percent(row.oiChange)} · funding ${percent(row.funding,4)} $${compactNumber(row.openInterest)}",DEAD_OR_DECORATIVE,/api/v1/public/markets/assets?sort=change&direction=desc,client DOM/navigation or API response; inspect source,unknown unless endpoint/store proves it,route-specific,route-specific or toast,not consistently implemented,"${index+1}. ${row.symbol} OI ${percent(row.oiChange)} · funding ${percent(row.funding,4)} $${compactNumber(row.openInterest)}",dead/decorative action,eafb11719e67135c7a6fa3b15e1170c5192e4771
ACTION-0227,apps/web/public/assets/routes/asset-rankings-premium.mjs,88,button,Review boundary,Review boundary,DEAD_OR_DECORATIVE,/api/v1/public/markets/assets?sort=change&direction=desc,client DOM/navigation or API response; inspect source,unknown unless endpoint/store proves it,route-specific,route-specific or toast,not consistently implemented,Review boundary,dead/decorative action,eafb11719e67135c7a6fa3b15e1170c5192e4771
ACTION-0228,apps/web/public/assets/routes/asset-rankings-premium.mjs,93,button,,Close explanation,DEAD_OR_DECORATIVE,/api/v1/public/markets/assets?sort=change&direction=desc,client DOM/navigation or API response; inspect source,unknown unless endpoint/store proves it,route-specific,route-specific or toast,not consistently implemented,Close explanation,dead/decorative action,eafb11719e67135c7a6fa3b15e1170c5192e4771
ACTION-0229,apps/web/public/assets/routes/asset-rankings-premium.mjs,94,button,${icon('close')},Close explanation,DEAD_OR_DECORATIVE,/api/v1/public/markets/assets?sort=change&direction=desc,client DOM/navigation or API response; inspect source,unknown unless endpoint/store proves it,route-specific,route-specific or toast,not consistently implemented,Close explanation,dead/decorative action,eafb11719e67135c7a6fa3b15e1170c5192e4771
ACTION-0230,apps/web/public/assets/routes/asset-rankings-premium.mjs,105,button,Export evidence package,Export evidence package,DEAD_OR_DECORATIVE,/api/v1/public/markets/assets?sort=change&direction=desc,client DOM/navigation or API response; inspect source,unknown unless endpoint/store proves it,route-specific,route-specific or toast,not consistently implemented,Export evidence package,dead/decorative action,eafb11719e67135c7a6fa3b15e1170c5192e4771
ACTION-0231,apps/web/public/assets/routes/asset-rankings-premium.mjs,105,button,Open Decision Provenance,Open Decision Provenance,DEAD_OR_DECORATIVE,/api/v1/public/markets/assets?sort=change&direction=desc,client DOM/navigation or API response; inspect source,unknown unless endpoint/store proves it,route-specific,route-specific or toast,not consistently implemented,Open Decision Provenance,dead/decorative action,eafb11719e67135c7a6fa3b15e1170c5192e4771
ACTION-0232,apps/web/public/assets/routes/asset-rankings-premium.mjs,134,button,${icon(iconName)} ${label},${icon(iconName)} ${label},HANDLER_BOUND,/api/v1/public/markets/assets?sort=change&direction=desc,client DOM/navigation or API response; inspect source,unknown unless endpoint/store proves it,route-specific,route-specific or toast,not consistently implemented,${icon(iconName)} ${label},route-specific end-to-end proof incomplete,eafb11719e67135c7a6fa3b15e1170c5192e4771
ACTION-0233,apps/web/public/assets/routes/import-center.mjs,3,button,Preview import,preview,HANDLER_BOUND,/api/v1/imports | /api/v1/imports/commit | /api/v1/imports/preview | /api/v1/imports/templates,client DOM/navigation or API response; inspect source,unknown unless endpoint/store proves it,route-specific,route-specific or toast,not consistently implemented,Preview import,route-specific end-to-end proof incomplete,eafb11719e67135c7a6fa3b15e1170c5192e4771
ACTION-0234,apps/web/public/assets/routes/import-center.mjs,3,button,Stage import,commit,HANDLER_BOUND,/api/v1/imports | /api/v1/imports/commit | /api/v1/imports/preview | /api/v1/imports/templates,client DOM/navigation or API response; inspect source,unknown unless endpoint/store proves it,route-specific,route-specific or toast,not consistently implemented,Stage import,route-specific end-to-end proof incomplete,eafb11719e67135c7a6fa3b15e1170c5192e4771
ACTION-0235,apps/web/public/assets/routes/security-setup.mjs,3,button,Begin authenticator enrollment,Begin authenticator enrollment,DEAD_OR_DECORATIVE,/api/v1/auth/mfa/confirm | /api/v1/auth/mfa/enroll | /api/v1/auth/mfa/status,client DOM/navigation or API response; inspect source,unknown unless endpoint/store proves it,route-specific,route-specific or toast,not consistently implemented,Begin authenticator enrollment,dead/decorative action,eafb11719e67135c7a6fa3b15e1170c5192e4771
ACTION-0236,apps/web/public/assets/routes/security-setup.mjs,4,button,Confirm MFA,Confirm MFA,DEAD_OR_DECORATIVE,/api/v1/auth/mfa/confirm | /api/v1/auth/mfa/enroll | /api/v1/auth/mfa/status,client DOM/navigation or API response; inspect source,unknown unless endpoint/store proves it,route-specific,route-specific or toast,not consistently implemented,Confirm MFA,dead/decorative action,eafb11719e67135c7a6fa3b15e1170c5192e4771
ACTION-0237,apps/web/public/assets/routes/alert-center.mjs,4,button,Notifications (${notifications.unreadCount}),notifications,HANDLER_BOUND,/api/v1/alerts/evaluate | /api/v1/alerts/rules | /api/v1/notifications?status=unread,client DOM/navigation or API response; inspect source,unknown unless endpoint/store proves it,route-specific,route-specific or toast,not consistently implemented,Notifications (${notifications.unreadCount}),route-specific end-to-end proof incomplete,eafb11719e67135c7a6fa3b15e1170c5192e4771
ACTION-0238,apps/web/public/assets/routes/alert-center.mjs,4,button,Evaluate now,evaluate,HANDLER_BOUND,/api/v1/alerts/evaluate | /api/v1/alerts/rules | /api/v1/notifications?status=unread,client DOM/navigation or API response; inspect source,unknown unless endpoint/store proves it,route-specific,route-specific or toast,not consistently implemented,Evaluate now,route-specific end-to-end proof incomplete,eafb11719e67135c7a6fa3b15e1170c5192e4771
ACTION-0239,apps/web/public/assets/routes/alert-center.mjs,6,button,Create,create-rule,HANDLER_BOUND,/api/v1/alerts/evaluate | /api/v1/alerts/rules | /api/v1/notifications?status=unread,client DOM/navigation or API response; inspect source,unknown unless endpoint/store proves it,route-specific,route-specific or toast,not consistently implemented,Create,route-specific end-to-end proof incomplete,eafb11719e67135c7a6fa3b15e1170c5192e4771
ACTION-0240,apps/web/public/assets/routes/account-recovery.mjs,3,button,Consume recovery code,Consume recovery code,DEAD_OR_DECORATIVE,/api/v1/auth/mfa/recovery/consume | /api/v1/auth/mfa/recovery/regenerate | /api/v1/auth/mfa/status,client DOM/navigation or API response; inspect source,unknown unless endpoint/store proves it,route-specific,route-specific or toast,not consistently implemented,Consume recovery code,dead/decorative action,eafb11719e67135c7a6fa3b15e1170c5192e4771
ACTION-0241,apps/web/public/assets/routes/account-recovery.mjs,3,button,Generate new codes,Generate new codes,DEAD_OR_DECORATIVE,/api/v1/auth/mfa/recovery/consume | /api/v1/auth/mfa/recovery/regenerate | /api/v1/auth/mfa/status,client DOM/navigation or API response; inspect source,unknown unless endpoint/store proves it,route-specific,route-specific or toast,not consistently implemented,Generate new codes,dead/decorative action,eafb11719e67135c7a6fa3b15e1170c5192e4771
ACTION-0242,apps/web/public/assets/app.js,463,data-action,,inspect-market,HANDLER_BOUND,,navigation/command or route action,unknown,route-specific,route-specific,not consistently implemented,inspect rendered element,route-specific end-to-end proof incomplete,eafb11719e67135c7a6fa3b15e1170c5192e4771
ACTION-0243,apps/web/public/assets/app.js,463,data-action,,open-providers,HANDLER_BOUND,,navigation/command or route action,unknown,route-specific,route-specific,not consistently implemented,inspect rendered element,route-specific end-to-end proof incomplete,eafb11719e67135c7a6fa3b15e1170c5192e4771
ACTION-0244,apps/web/public/assets/app.js,463,data-action,,open-rankings,HANDLER_BOUND,,navigation/command or route action,unknown,route-specific,route-specific,not consistently implemented,inspect rendered element,route-specific end-to-end proof incomplete,eafb11719e67135c7a6fa3b15e1170c5192e4771
ACTION-0245,apps/web/public/assets/app.js,470,data-action,,inspect-market,HANDLER_BOUND,,navigation/command or route action,unknown,route-specific,route-specific,not consistently implemented,inspect rendered element,route-specific end-to-end proof incomplete,eafb11719e67135c7a6fa3b15e1170c5192e4771
ACTION-0246,apps/web/public/assets/app.js,471,data-action,,open-providers,HANDLER_BOUND,,navigation/command or route action,unknown,route-specific,route-specific,not consistently implemented,inspect rendered element,route-specific end-to-end proof incomplete,eafb11719e67135c7a6fa3b15e1170c5192e4771
ACTION-0247,apps/web/public/assets/app.js,472,data-action,,open-rankings,HANDLER_BOUND,,navigation/command or route action,unknown,route-specific,route-specific,not consistently implemented,inspect rendered element,route-specific end-to-end proof incomplete,eafb11719e67135c7a6fa3b15e1170c5192e4771
ACTION-0248,apps/web/public/assets/app.js,483,data-action,,reset-filters,HANDLER_BOUND,,navigation/command or route action,unknown,route-specific,route-specific,not consistently implemented,inspect rendered element,route-specific end-to-end proof incomplete,eafb11719e67135c7a6fa3b15e1170c5192e4771
ACTION-0249,apps/web/public/assets/app.js,483,data-action,,export,HANDLER_BOUND,,navigation/command or route action,unknown,route-specific,route-specific,not consistently implemented,inspect rendered element,route-specific end-to-end proof incomplete,eafb11719e67135c7a6fa3b15e1170c5192e4771
ACTION-0250,apps/web/public/assets/app.js,493,data-action,,reset-filters,HANDLER_BOUND,,navigation/command or route action,unknown,route-specific,route-specific,not consistently implemented,inspect rendered element,route-specific end-to-end proof incomplete,eafb11719e67135c7a6fa3b15e1170c5192e4771
ACTION-0251,apps/web/public/assets/app.js,494,data-action,,export,HANDLER_BOUND,,navigation/command or route action,unknown,route-specific,route-specific,not consistently implemented,inspect rendered element,route-specific end-to-end proof incomplete,eafb11719e67135c7a6fa3b15e1170c5192e4771
ACTION-0252,apps/web/public/assets/app.js,498,data-action,,save-search,HANDLER_BOUND,,navigation/command or route action,unknown,route-specific,route-specific,not consistently implemented,inspect rendered element,route-specific end-to-end proof incomplete,eafb11719e67135c7a6fa3b15e1170c5192e4771
ACTION-0253,apps/web/public/assets/app.js,498,data-action,,open-contract,HANDLER_BOUND,,navigation/command or route action,unknown,route-specific,route-specific,not consistently implemented,inspect rendered element,route-specific end-to-end proof incomplete,eafb11719e67135c7a6fa3b15e1170c5192e4771
ACTION-0254,apps/web/public/assets/app.js,509,data-action,,open-contract,HANDLER_BOUND,,navigation/command or route action,unknown,route-specific,route-specific,not consistently implemented,inspect rendered element,route-specific end-to-end proof incomplete,eafb11719e67135c7a6fa3b15e1170c5192e4771
ACTION-0255,apps/web/public/assets/app.js,510,data-action,,save-search,HANDLER_BOUND,,navigation/command or route action,unknown,route-specific,route-specific,not consistently implemented,inspect rendered element,route-specific end-to-end proof incomplete,eafb11719e67135c7a6fa3b15e1170c5192e4771
ACTION-0256,apps/web/public/assets/app.js,521,data-action,,asset-source,HANDLER_BOUND,,navigation/command or route action,unknown,route-specific,route-specific,not consistently implemented,inspect rendered element,route-specific end-to-end proof incomplete,eafb11719e67135c7a6fa3b15e1170c5192e4771
ACTION-0257,apps/web/public/assets/app.js,521,data-action,,signin-action,HANDLER_BOUND,,navigation/command or route action,unknown,route-specific,route-specific,not consistently implemented,inspect rendered element,route-specific end-to-end proof incomplete,eafb11719e67135c7a6fa3b15e1170c5192e4771
ACTION-0258,apps/web/public/assets/app.js,524,data-action,,asset-source,HANDLER_BOUND,,navigation/command or route action,unknown,route-specific,route-specific,not consistently implemented,inspect rendered element,route-specific end-to-end proof incomplete,eafb11719e67135c7a6fa3b15e1170c5192e4771
ACTION-0259,apps/web/public/assets/app.js,525,data-action,,signin-action,HANDLER_BOUND,,navigation/command or route action,unknown,route-specific,route-specific,not consistently implemented,inspect rendered element,route-specific end-to-end proof incomplete,eafb11719e67135c7a6fa3b15e1170c5192e4771
ACTION-0260,apps/web/public/assets/app.js,531,data-action,,new-group,HANDLER_BOUND,,navigation/command or route action,unknown,route-specific,route-specific,not consistently implemented,inspect rendered element,route-specific end-to-end proof incomplete,eafb11719e67135c7a6fa3b15e1170c5192e4771
ACTION-0261,apps/web/public/assets/app.js,531,data-action,,add-asset,HANDLER_BOUND,,navigation/command or route action,unknown,route-specific,route-specific,not consistently implemented,inspect rendered element,route-specific end-to-end proof incomplete,eafb11719e67135c7a6fa3b15e1170c5192e4771
ACTION-0262,apps/web/public/assets/app.js,534,data-action,,new-group,HANDLER_BOUND,,navigation/command or route action,unknown,route-specific,route-specific,not consistently implemented,inspect rendered element,route-specific end-to-end proof incomplete,eafb11719e67135c7a6fa3b15e1170c5192e4771
ACTION-0263,apps/web/public/assets/app.js,535,data-action,,add-asset,HANDLER_BOUND,,navigation/command or route action,unknown,route-specific,route-specific,not consistently implemented,inspect rendered element,route-specific end-to-end proof incomplete,eafb11719e67135c7a6fa3b15e1170c5192e4771
ACTION-0264,apps/web/public/assets/app.js,548,data-action,,reset-theme,HANDLER_BOUND,,navigation/command or route action,unknown,route-specific,route-specific,not consistently implemented,inspect rendered element,route-specific end-to-end proof incomplete,eafb11719e67135c7a6fa3b15e1170c5192e4771
ACTION-0265,apps/web/public/assets/app.js,548,data-action,,export-theme,HANDLER_BOUND,,navigation/command or route action,unknown,route-specific,route-specific,not consistently implemented,inspect rendered element,route-specific end-to-end proof incomplete,eafb11719e67135c7a6fa3b15e1170c5192e4771
ACTION-0266,apps/web/public/assets/app.js,548,data-action,,save-theme,HANDLER_BOUND,,navigation/command or route action,unknown,route-specific,route-specific,not consistently implemented,inspect rendered element,route-specific end-to-end proof incomplete,eafb11719e67135c7a6fa3b15e1170c5192e4771
ACTION-0267,apps/web/public/assets/app.js,558,data-action,,save-theme,HANDLER_BOUND,,navigation/command or route action,unknown,route-specific,route-specific,not consistently implemented,inspect rendered element,route-specific end-to-end proof incomplete,eafb11719e67135c7a6fa3b15e1170c5192e4771
ACTION-0268,apps/web/public/assets/app.js,559,data-action,,reset-theme,HANDLER_BOUND,,navigation/command or route action,unknown,route-specific,route-specific,not consistently implemented,inspect rendered element,route-specific end-to-end proof incomplete,eafb11719e67135c7a6fa3b15e1170c5192e4771
ACTION-0269,apps/web/public/assets/app.js,560,data-action,,export-theme,HANDLER_BOUND,,navigation/command or route action,unknown,route-specific,route-specific,not consistently implemented,inspect rendered element,route-specific end-to-end proof incomplete,eafb11719e67135c7a6fa3b15e1170c5192e4771
ACTION-0270,apps/web/public/assets/app.js,570,data-action,,evaluate-governance,HANDLER_BOUND,,navigation/command or route action,unknown,route-specific,route-specific,not consistently implemented,inspect rendered element,route-specific end-to-end proof incomplete,eafb11719e67135c7a6fa3b15e1170c5192e4771
ACTION-0271,apps/web/public/assets/app.js,570,data-action,,step-up,HANDLER_BOUND,,navigation/command or route action,unknown,route-specific,route-specific,not consistently implemented,inspect rendered element,route-specific end-to-end proof incomplete,eafb11719e67135c7a6fa3b15e1170c5192e4771
ACTION-0272,apps/web/public/assets/app.js,584,data-action,,privacy-inventory,HANDLER_BOUND,,navigation/command or route action,unknown,route-specific,route-specific,not consistently implemented,inspect rendered element,route-specific end-to-end proof incomplete,eafb11719e67135c7a6fa3b15e1170c5192e4771
ACTION-0273,apps/web/public/assets/app.js,588,data-action,,step-up,HANDLER_BOUND,,navigation/command or route action,unknown,route-specific,route-specific,not consistently implemented,inspect rendered element,route-specific end-to-end proof incomplete,eafb11719e67135c7a6fa3b15e1170c5192e4771
ACTION-0274,apps/web/public/assets/app.js,592,data-action,,evaluate-governance,HANDLER_BOUND,,navigation/command or route action,unknown,route-specific,route-specific,not consistently implemented,inspect rendered element,route-specific end-to-end proof incomplete,eafb11719e67135c7a6fa3b15e1170c5192e4771
ACTION-0275,apps/web/public/assets/app.js,605,data-action,,privacy-inventory,HANDLER_BOUND,,navigation/command or route action,unknown,route-specific,route-specific,not consistently implemented,inspect rendered element,route-specific end-to-end proof incomplete,eafb11719e67135c7a6fa3b15e1170c5192e4771
ACTION-0276,apps/web/public/assets/app.js,615,data-action,,test-failover,HANDLER_BOUND,,navigation/command or route action,unknown,route-specific,route-specific,not consistently implemented,inspect rendered element,route-specific end-to-end proof incomplete,eafb11719e67135c7a6fa3b15e1170c5192e4771
ACTION-0277,apps/web/public/assets/app.js,615,data-action,,stream-test,HANDLER_BOUND,,navigation/command or route action,unknown,route-specific,route-specific,not consistently implemented,inspect rendered element,route-specific end-to-end proof incomplete,eafb11719e67135c7a6fa3b15e1170c5192e4771
ACTION-0278,apps/web/public/assets/app.js,615,data-action,,test-quote,HANDLER_BOUND,,navigation/command or route action,unknown,route-specific,route-specific,not consistently implemented,inspect rendered element,route-specific end-to-end proof incomplete,eafb11719e67135c7a6fa3b15e1170c5192e4771
ACTION-0279,apps/web/public/assets/app.js,621,data-action,,entitlement-contract,HANDLER_BOUND,,navigation/command or route action,unknown,route-specific,route-specific,not consistently implemented,inspect rendered element,route-specific end-to-end proof incomplete,eafb11719e67135c7a6fa3b15e1170c5192e4771
ACTION-0280,apps/web/public/assets/app.js,621,data-action,,evaluate-export,HANDLER_BOUND,,navigation/command or route action,unknown,route-specific,route-specific,not consistently implemented,inspect rendered element,route-specific end-to-end proof incomplete,eafb11719e67135c7a6fa3b15e1170c5192e4771
ACTION-0281,apps/web/public/assets/app.js,624,data-action,,test-quote,HANDLER_BOUND,,navigation/command or route action,unknown,route-specific,route-specific,not consistently implemented,inspect rendered element,route-specific end-to-end proof incomplete,eafb11719e67135c7a6fa3b15e1170c5192e4771
ACTION-0282,apps/web/public/assets/app.js,625,data-action,,test-failover,HANDLER_BOUND,,navigation/command or route action,unknown,route-specific,route-specific,not consistently implemented,inspect rendered element,route-specific end-to-end proof incomplete,eafb11719e67135c7a6fa3b15e1170c5192e4771
ACTION-0283,apps/web/public/assets/app.js,626,data-action,,stream-test,HANDLER_BOUND,,navigation/command or route action,unknown,route-specific,route-specific,not consistently implemented,inspect rendered element,route-specific end-to-end proof incomplete,eafb11719e67135c7a6fa3b15e1170c5192e4771
ACTION-0284,apps/web/public/assets/app.js,627,data-action,,entitlement-contract,HANDLER_BOUND,,navigation/command or route action,unknown,route-specific,route-specific,not consistently implemented,inspect rendered element,route-specific end-to-end proof incomplete,eafb11719e67135c7a6fa3b15e1170c5192e4771
ACTION-0285,apps/web/public/assets/app.js,628,data-action,,evaluate-export,HANDLER_BOUND,,navigation/command or route action,unknown,route-specific,route-specific,not consistently implemented,inspect rendered element,route-specific end-to-end proof incomplete,eafb11719e67135c7a6fa3b15e1170c5192e4771
ACTION-0286,apps/web/public/assets/app.js,651,data-action,,resolve-qqqb,HANDLER_BOUND,,navigation/command or route action,unknown,route-specific,route-specific,not consistently implemented,inspect rendered element,route-specific end-to-end proof incomplete,eafb11719e67135c7a6fa3b15e1170c5192e4771
ACTION-0287,apps/web/public/assets/app.js,651,data-action,,inspect-relationship,HANDLER_BOUND,,navigation/command or route action,unknown,route-specific,route-specific,not consistently implemented,inspect rendered element,route-specific end-to-end proof incomplete,eafb11719e67135c7a6fa3b15e1170c5192e4771
ACTION-0288,apps/web/public/assets/app.js,661,data-action,,resolve-qqqb,HANDLER_BOUND,,navigation/command or route action,unknown,route-specific,route-specific,not consistently implemented,inspect rendered element,route-specific end-to-end proof incomplete,eafb11719e67135c7a6fa3b15e1170c5192e4771
ACTION-0289,apps/web/public/assets/app.js,666,data-action,,inspect-relationship,HANDLER_BOUND,,navigation/command or route action,unknown,route-specific,route-specific,not consistently implemented,inspect rendered element,route-specific end-to-end proof incomplete,eafb11719e67135c7a6fa3b15e1170c5192e4771
ACTION-0290,apps/web/public/assets/app.js,679,data-action,,timeseries-contract,HANDLER_BOUND,,navigation/command or route action,unknown,route-specific,route-specific,not consistently implemented,inspect rendered element,route-specific end-to-end proof incomplete,eafb11719e67135c7a6fa3b15e1170c5192e4771
ACTION-0291,apps/web/public/assets/app.js,679,data-action,,refresh-series,HANDLER_BOUND,,navigation/command or route action,unknown,route-specific,route-specific,not consistently implemented,inspect rendered element,route-specific end-to-end proof incomplete,eafb11719e67135c7a6fa3b15e1170c5192e4771
ACTION-0292,apps/web/public/assets/app.js,702,data-action,,refresh-series,HANDLER_BOUND,,navigation/command or route action,unknown,route-specific,route-specific,not consistently implemented,inspect rendered element,route-specific end-to-end proof incomplete,eafb11719e67135c7a6fa3b15e1170c5192e4771
ACTION-0293,apps/web/public/assets/app.js,702,data-action,,timeseries-contract,HANDLER_BOUND,,navigation/command or route action,unknown,route-specific,route-specific,not consistently implemented,inspect rendered element,route-specific end-to-end proof incomplete,eafb11719e67135c7a6fa3b15e1170c5192e4771
ACTION-0294,apps/web/public/assets/app.js,709,data-action,,stream-contract,HANDLER_BOUND,,navigation/command or route action,unknown,route-specific,route-specific,not consistently implemented,inspect rendered element,route-specific end-to-end proof incomplete,eafb11719e67135c7a6fa3b15e1170c5192e4771
ACTION-0295,apps/web/public/assets/app.js,709,data-action,,replay-stream,HANDLER_BOUND,,navigation/command or route action,unknown,route-specific,route-specific,not consistently implemented,inspect rendered element,route-specific end-to-end proof incomplete,eafb11719e67135c7a6fa3b15e1170c5192e4771
ACTION-0296,apps/web/public/assets/app.js,709,data-action,,toggle-stream,HANDLER_BOUND,,navigation/command or route action,unknown,route-specific,route-specific,not consistently implemented,inspect rendered element,route-specific end-to-end proof incomplete,eafb11719e67135c7a6fa3b15e1170c5192e4771
ACTION-0297,apps/web/public/assets/app.js,726,data-action,,toggle-stream,HANDLER_BOUND,,navigation/command or route action,unknown,route-specific,route-specific,not consistently implemented,inspect rendered element,route-specific end-to-end proof incomplete,eafb11719e67135c7a6fa3b15e1170c5192e4771
ACTION-0298,apps/web/public/assets/app.js,727,data-action,,replay-stream,HANDLER_BOUND,,navigation/command or route action,unknown,route-specific,route-specific,not consistently implemented,inspect rendered element,route-specific end-to-end proof incomplete,eafb11719e67135c7a6fa3b15e1170c5192e4771
ACTION-0299,apps/web/public/assets/app.js,728,data-action,,stream-contract,HANDLER_BOUND,,navigation/command or route action,unknown,route-specific,route-specific,not consistently implemented,inspect rendered element,route-specific end-to-end proof incomplete,eafb11719e67135c7a6fa3b15e1170c5192e4771
ACTION-0300,apps/web/public/assets/app.js,735,data-action,,observability-contract,HANDLER_BOUND,,navigation/command or route action,unknown,route-specific,route-specific,not consistently implemented,inspect rendered element,route-specific end-to-end proof incomplete,eafb11719e67135c7a6fa3b15e1170c5192e4771
ACTION-0301,apps/web/public/assets/app.js,735,data-action,,refresh-observability,HANDLER_BOUND,,navigation/command or route action,unknown,route-specific,route-specific,not consistently implemented,inspect rendered element,route-specific end-to-end proof incomplete,eafb11719e67135c7a6fa3b15e1170c5192e4771
ACTION-0302,apps/web/public/assets/app.js,741,data-action,,refresh-observability,HANDLER_BOUND,,navigation/command or route action,unknown,route-specific,route-specific,not consistently implemented,inspect rendered element,route-specific end-to-end proof incomplete,eafb11719e67135c7a6fa3b15e1170c5192e4771
ACTION-0303,apps/web/public/assets/app.js,741,data-action,,observability-contract,HANDLER_BOUND,,navigation/command or route action,unknown,route-specific,route-specific,not consistently implemented,inspect rendered element,route-specific end-to-end proof incomplete,eafb11719e67135c7a6fa3b15e1170c5192e4771
ACTION-0304,apps/web/public/assets/app.js,746,data-action,,save-discovery-screen,HANDLER_BOUND,,navigation/command or route action,unknown,route-specific,route-specific,not consistently implemented,inspect rendered element,route-specific end-to-end proof incomplete,eafb11719e67135c7a6fa3b15e1170c5192e4771
ACTION-0305,apps/web/public/assets/app.js,746,data-action,,discovery-contract,HANDLER_BOUND,,navigation/command or route action,unknown,route-specific,route-specific,not consistently implemented,inspect rendered element,route-specific end-to-end proof incomplete,eafb11719e67135c7a6fa3b15e1170c5192e4771
ACTION-0306,apps/web/public/assets/app.js,746,data-action,,search-all,HANDLER_BOUND,,navigation/command or route action,unknown,route-specific,route-specific,not consistently implemented,inspect rendered element,route-specific end-to-end proof incomplete,eafb11719e67135c7a6fa3b15e1170c5192e4771
ACTION-0307,apps/web/public/assets/app.js,746,data-action,,open-asset-rankings,HANDLER_BOUND,,navigation/command or route action,unknown,route-specific,route-specific,not consistently implemented,inspect rendered element,route-specific end-to-end proof incomplete,eafb11719e67135c7a6fa3b15e1170c5192e4771
ACTION-0308,apps/web/public/assets/app.js,746,data-action,,open-categories,HANDLER_BOUND,,navigation/command or route action,unknown,route-specific,route-specific,not consistently implemented,inspect rendered element,route-specific end-to-end proof incomplete,eafb11719e67135c7a6fa3b15e1170c5192e4771
ACTION-0309,apps/web/public/assets/app.js,746,data-action,,open-news,HANDLER_BOUND,,navigation/command or route action,unknown,route-specific,route-specific,not consistently implemented,inspect rendered element,route-specific end-to-end proof incomplete,eafb11719e67135c7a6fa3b15e1170c5192e4771
ACTION-0310,apps/web/public/assets/app.js,748,data-action,,search-all,HANDLER_BOUND,,navigation/command or route action,unknown,route-specific,route-specific,not consistently implemented,inspect rendered element,route-specific end-to-end proof incomplete,eafb11719e67135c7a6fa3b15e1170c5192e4771
ACTION-0311,apps/web/public/assets/app.js,749,data-action,,open-asset-rankings,HANDLER_BOUND,,navigation/command or route action,unknown,route-specific,route-specific,not consistently implemented,inspect rendered element,route-specific end-to-end proof incomplete,eafb11719e67135c7a6fa3b15e1170c5192e4771
ACTION-0312,apps/web/public/assets/app.js,750,data-action,,open-categories,HANDLER_BOUND,,navigation/command or route action,unknown,route-specific,route-specific,not consistently implemented,inspect rendered element,route-specific end-to-end proof incomplete,eafb11719e67135c7a6fa3b15e1170c5192e4771
ACTION-0313,apps/web/public/assets/app.js,751,data-action,,open-news,HANDLER_BOUND,,navigation/command or route action,unknown,route-specific,route-specific,not consistently implemented,inspect rendered element,route-specific end-to-end proof incomplete,eafb11719e67135c7a6fa3b15e1170c5192e4771
ACTION-0314,apps/web/public/assets/app.js,752,data-action,,discovery-contract,HANDLER_BOUND,,navigation/command or route action,unknown,route-specific,route-specific,not consistently implemented,inspect rendered element,route-specific end-to-end proof incomplete,eafb11719e67135c7a6fa3b15e1170c5192e4771
ACTION-0315,apps/web/public/assets/app.js,753,data-action,,save-discovery-screen,HANDLER_BOUND,,navigation/command or route action,unknown,route-specific,route-specific,not consistently implemented,inspect rendered element,route-specific end-to-end proof incomplete,eafb11719e67135c7a6fa3b15e1170c5192e4771
ACTION-0316,apps/web/public/assets/app.js,773,data-action,,save-ranking,HANDLER_BOUND,,navigation/command or route action,unknown,route-specific,route-specific,not consistently implemented,inspect rendered element,route-specific end-to-end proof incomplete,eafb11719e67135c7a6fa3b15e1170c5192e4771
ACTION-0317,apps/web/public/assets/app.js,773,data-action,,persist-compare,HANDLER_BOUND,,navigation/command or route action,unknown,route-specific,route-specific,not consistently implemented,inspect rendered element,route-specific end-to-end proof incomplete,eafb11719e67135c7a6fa3b15e1170c5192e4771
ACTION-0318,apps/web/public/assets/app.js,777,data-action,,persist-compare,HANDLER_BOUND,,navigation/command or route action,unknown,route-specific,route-specific,not consistently implemented,inspect rendered element,route-specific end-to-end proof incomplete,eafb11719e67135c7a6fa3b15e1170c5192e4771
ACTION-0319,apps/web/public/assets/app.js,778,data-action,,save-ranking,HANDLER_BOUND,,navigation/command or route action,unknown,route-specific,route-specific,not consistently implemented,inspect rendered element,route-specific end-to-end proof incomplete,eafb11719e67135c7a6fa3b15e1170c5192e4771
ACTION-0320,apps/web/public/assets/app.js,783,data-action,,category-method,HANDLER_BOUND,,navigation/command or route action,unknown,route-specific,route-specific,not consistently implemented,inspect rendered element,route-specific end-to-end proof incomplete,eafb11719e67135c7a6fa3b15e1170c5192e4771
ACTION-0321,apps/web/public/assets/app.js,784,data-action,,category-method,HANDLER_BOUND,,navigation/command or route action,unknown,route-specific,route-specific,not consistently implemented,inspect rendered element,route-specific end-to-end proof incomplete,eafb11719e67135c7a6fa3b15e1170c5192e4771
ACTION-0322,apps/web/public/assets/app.js,789,data-action,,back-categories,HANDLER_BOUND,,navigation/command or route action,unknown,route-specific,route-specific,not consistently implemented,inspect rendered element,route-specific end-to-end proof incomplete,eafb11719e67135c7a6fa3b15e1170c5192e4771
ACTION-0323,apps/web/public/assets/app.js,790,data-action,,back-categories,HANDLER_BOUND,,navigation/command or route action,unknown,route-specific,route-specific,not consistently implemented,inspect rendered element,route-specific end-to-end proof incomplete,eafb11719e67135c7a6fa3b15e1170c5192e4771
ACTION-0324,apps/web/public/assets/app.js,795,data-action,,venue-trust,HANDLER_BOUND,,navigation/command or route action,unknown,route-specific,route-specific,not consistently implemented,inspect rendered element,route-specific end-to-end proof incomplete,eafb11719e67135c7a6fa3b15e1170c5192e4771
ACTION-0325,apps/web/public/assets/app.js,796,data-action,,venue-trust,HANDLER_BOUND,,navigation/command or route action,unknown,route-specific,route-specific,not consistently implemented,inspect rendered element,route-specific end-to-end proof incomplete,eafb11719e67135c7a6fa3b15e1170c5192e4771
ACTION-0326,apps/web/public/assets/app.js,801,data-action,,back-venues,HANDLER_BOUND,,navigation/command or route action,unknown,route-specific,route-specific,not consistently implemented,inspect rendered element,route-specific end-to-end proof incomplete,eafb11719e67135c7a6fa3b15e1170c5192e4771
ACTION-0327,apps/web/public/assets/app.js,802,data-action,,back-venues,HANDLER_BOUND,,navigation/command or route action,unknown,route-specific,route-specific,not consistently implemented,inspect rendered element,route-specific end-to-end proof incomplete,eafb11719e67135c7a6fa3b15e1170c5192e4771
ACTION-0328,apps/web/public/assets/app.js,807,data-action,,dex-contract,HANDLER_BOUND,,navigation/command or route action,unknown,route-specific,route-specific,not consistently implemented,inspect rendered element,route-specific end-to-end proof incomplete,eafb11719e67135c7a6fa3b15e1170c5192e4771
ACTION-0329,apps/web/public/assets/app.js,808,data-action,,dex-contract,HANDLER_BOUND,,navigation/command or route action,unknown,route-specific,route-specific,not consistently implemented,inspect rendered element,route-specific end-to-end proof incomplete,eafb11719e67135c7a6fa3b15e1170c5192e4771
ACTION-0330,apps/web/public/assets/app.js,813,data-action,,chart-methodologies,HANDLER_BOUND,,navigation/command or route action,unknown,route-specific,route-specific,not consistently implemented,inspect rendered element,route-specific end-to-end proof incomplete,eafb11719e67135c7a6fa3b15e1170c5192e4771
ACTION-0331,apps/web/public/assets/app.js,814,data-action,,chart-methodologies,HANDLER_BOUND,,navigation/command or route action,unknown,route-specific,route-specific,not consistently implemented,inspect rendered element,route-specific end-to-end proof incomplete,eafb11719e67135c7a6fa3b15e1170c5192e4771
ACTION-0332,apps/web/public/assets/app.js,821,data-action,,converter-method,HANDLER_BOUND,,navigation/command or route action,unknown,route-specific,route-specific,not consistently implemented,inspect rendered element,route-specific end-to-end proof incomplete,eafb11719e67135c7a6fa3b15e1170c5192e4771
ACTION-0333,apps/web/public/assets/app.js,821,data-action,,swap-converter,HANDLER_BOUND,,navigation/command or route action,unknown,route-specific,route-specific,not consistently implemented,inspect rendered element,route-specific end-to-end proof incomplete,eafb11719e67135c7a6fa3b15e1170c5192e4771
ACTION-0334,apps/web/public/assets/app.js,821,data-action,,run-converter,HANDLER_BOUND,,navigation/command or route action,unknown,route-specific,route-specific,not consistently implemented,inspect rendered element,route-specific end-to-end proof incomplete,eafb11719e67135c7a6fa3b15e1170c5192e4771
ACTION-0335,apps/web/public/assets/app.js,823,data-action,,run-converter,HANDLER_BOUND,,navigation/command or route action,unknown,route-specific,route-specific,not consistently implemented,inspect rendered element,route-specific end-to-end proof incomplete,eafb11719e67135c7a6fa3b15e1170c5192e4771
ACTION-0336,apps/web/public/assets/app.js,823,data-action,,swap-converter,HANDLER_BOUND,,navigation/command or route action,unknown,route-specific,route-specific,not consistently implemented,inspect rendered element,route-specific end-to-end proof incomplete,eafb11719e67135c7a6fa3b15e1170c5192e4771
ACTION-0337,apps/web/public/assets/app.js,823,data-action,,converter-method,HANDLER_BOUND,,navigation/command or route action,unknown,route-specific,route-specific,not consistently implemented,inspect rendered element,route-specific end-to-end proof incomplete,eafb11719e67135c7a6fa3b15e1170c5192e4771
ACTION-0338,apps/web/public/assets/app.js,828,data-action,,content-search,HANDLER_BOUND,,navigation/command or route action,unknown,route-specific,route-specific,not consistently implemented,inspect rendered element,route-specific end-to-end proof incomplete,eafb11719e67135c7a6fa3b15e1170c5192e4771
ACTION-0339,apps/web/public/assets/app.js,829,data-action,,content-search,HANDLER_BOUND,,navigation/command or route action,unknown,route-specific,route-specific,not consistently implemented,inspect rendered element,route-specific end-to-end proof incomplete,eafb11719e67135c7a6fa3b15e1170c5192e4771
ACTION-0340,apps/web/public/assets/app.js,834,data-action,,back-research,HANDLER_BOUND,,navigation/command or route action,unknown,route-specific,route-specific,not consistently implemented,inspect rendered element,route-specific end-to-end proof incomplete,eafb11719e67135c7a6fa3b15e1170c5192e4771
ACTION-0341,apps/web/public/assets/app.js,835,data-action,,back-research,HANDLER_BOUND,,navigation/command or route action,unknown,route-specific,route-specific,not consistently implemented,inspect rendered element,route-specific end-to-end proof incomplete,eafb11719e67135c7a6fa3b15e1170c5192e4771
ACTION-0342,apps/web/public/assets/app.js,840,data-action,,audit-evidence,HANDLER_BOUND,,navigation/command or route action,unknown,route-specific,route-specific,not consistently implemented,inspect rendered element,route-specific end-to-end proof incomplete,eafb11719e67135c7a6fa3b15e1170c5192e4771
ACTION-0343,apps/web/public/assets/app.js,840,data-action,,status-json,HANDLER_BOUND,,navigation/command or route action,unknown,route-specific,route-specific,not consistently implemented,inspect rendered element,route-specific end-to-end proof incomplete,eafb11719e67135c7a6fa3b15e1170c5192e4771
ACTION-0344,apps/web/public/assets/app.js,841,data-action,,audit-evidence,HANDLER_BOUND,,navigation/command or route action,unknown,route-specific,route-specific,not consistently implemented,inspect rendered element,route-specific end-to-end proof incomplete,eafb11719e67135c7a6fa3b15e1170c5192e4771
ACTION-0345,apps/web/public/assets/app.js,841,data-action,,status-json,HANDLER_BOUND,,navigation/command or route action,unknown,route-specific,route-specific,not consistently implemented,inspect rendered element,route-specific end-to-end proof incomplete,eafb11719e67135c7a6fa3b15e1170c5192e4771
ACTION-0346,apps/web/public/assets/app.js,847,data-action,,verify-again,HANDLER_BOUND,,navigation/command or route action,unknown,route-specific,route-specific,not consistently implemented,inspect rendered element,route-specific end-to-end proof incomplete,eafb11719e67135c7a6fa3b15e1170c5192e4771
ACTION-0347,apps/web/public/assets/app.js,847,data-action,,identity-contract,HANDLER_BOUND,,navigation/command or route action,unknown,route-specific,route-specific,not consistently implemented,inspect rendered element,route-specific end-to-end proof incomplete,eafb11719e67135c7a6fa3b15e1170c5192e4771
ACTION-0348,apps/web/public/assets/app.js,852,data-action,,verify-again,HANDLER_BOUND,,navigation/command or route action,unknown,route-specific,route-specific,not consistently implemented,inspect rendered element,route-specific end-to-end proof incomplete,eafb11719e67135c7a6fa3b15e1170c5192e4771
ACTION-0349,apps/web/public/assets/app.js,853,data-action,,identity-contract,HANDLER_BOUND,,navigation/command or route action,unknown,route-specific,route-specific,not consistently implemented,inspect rendered element,route-specific end-to-end proof incomplete,eafb11719e67135c7a6fa3b15e1170c5192e4771
ACTION-0350,apps/web/public/assets/theme-intelligence-visual-correction.mjs,50,data-action,,export,HANDLER_BOUND,,navigation/command or route action,unknown,route-specific,route-specific,not consistently implemented,inspect rendered element,route-specific end-to-end proof incomplete,eafb11719e67135c7a6fa3b15e1170c5192e4771
ACTION-0351,apps/web/public/assets/theme-intelligence-visual-correction.mjs,50,data-action,,import,GLOBAL_HANDLER_OR_UNPROVEN,,navigation/command or route action,unknown,route-specific,route-specific,not consistently implemented,inspect rendered element,global binding not proven by static match,eafb11719e67135c7a6fa3b15e1170c5192e4771
ACTION-0352,apps/web/public/assets/theme-intelligence-visual-correction.mjs,50,data-action,,share,GLOBAL_HANDLER_OR_UNPROVEN,,navigation/command or route action,unknown,route-specific,route-specific,not consistently implemented,inspect rendered element,global binding not proven by static match,eafb11719e67135c7a6fa3b15e1170c5192e4771
ACTION-0353,apps/web/public/assets/routes/screener-lab.mjs,6,data-action,,save,HANDLER_BOUND,,navigation/command or route action,unknown,route-specific,route-specific,not consistently implemented,inspect rendered element,route-specific end-to-end proof incomplete,eafb11719e67135c7a6fa3b15e1170c5192e4771
ACTION-0354,apps/web/public/assets/routes/screener-lab.mjs,6,data-action,,run,HANDLER_BOUND,,navigation/command or route action,unknown,route-specific,route-specific,not consistently implemented,inspect rendered element,route-specific end-to-end proof incomplete,eafb11719e67135c7a6fa3b15e1170c5192e4771
ACTION-0355,apps/web/public/assets/routes/screener-lab.mjs,13,data-action,,run,HANDLER_BOUND,,navigation/command or route action,unknown,route-specific,route-specific,not consistently implemented,inspect rendered element,route-specific end-to-end proof incomplete,eafb11719e67135c7a6fa3b15e1170c5192e4771
ACTION-0356,apps/web/public/assets/routes/screener-lab.mjs,14,data-action,,save,HANDLER_BOUND,,navigation/command or route action,unknown,route-specific,route-specific,not consistently implemented,inspect rendered element,route-specific end-to-end proof incomplete,eafb11719e67135c7a6fa3b15e1170c5192e4771
ACTION-0357,apps/web/public/assets/routes/asset-intelligence.mjs,9,data-action,,compare-assets,HANDLER_BOUND,,navigation/command or route action,unknown,route-specific,route-specific,not consistently implemented,inspect rendered element,route-specific end-to-end proof incomplete,eafb11719e67135c7a6fa3b15e1170c5192e4771
ACTION-0358,apps/web/public/assets/routes/asset-intelligence.mjs,9,data-action,,inspect-wave6,HANDLER_BOUND,,navigation/command or route action,unknown,route-specific,route-specific,not consistently implemented,inspect rendered element,route-specific end-to-end proof incomplete,eafb11719e67135c7a6fa3b15e1170c5192e4771
ACTION-0359,apps/web/public/assets/routes/asset-intelligence.mjs,19,data-action,,inspect-wave6,HANDLER_BOUND,,navigation/command or route action,unknown,route-specific,route-specific,not consistently implemented,inspect rendered element,route-specific end-to-end proof incomplete,eafb11719e67135c7a6fa3b15e1170c5192e4771
ACTION-0360,apps/web/public/assets/routes/asset-intelligence.mjs,20,data-action,,compare-assets,HANDLER_BOUND,,navigation/command or route action,unknown,route-specific,route-specific,not consistently implemented,inspect rendered element,route-specific end-to-end proof incomplete,eafb11719e67135c7a6fa3b15e1170c5192e4771
ACTION-0361,apps/web/public/assets/routes/notification-center.mjs,4,data-action,,alerts,HANDLER_BOUND,,navigation/command or route action,unknown,route-specific,route-specific,not consistently implemented,inspect rendered element,route-specific end-to-end proof incomplete,eafb11719e67135c7a6fa3b15e1170c5192e4771
ACTION-0362,apps/web/public/assets/routes/notification-center.mjs,4,data-action,,read-all,HANDLER_BOUND,,navigation/command or route action,unknown,route-specific,route-specific,not consistently implemented,inspect rendered element,route-specific end-to-end proof incomplete,eafb11719e67135c7a6fa3b15e1170c5192e4771
ACTION-0363,apps/web/public/assets/routes/notification-center.mjs,7,data-action,,alerts,HANDLER_BOUND,,navigation/command or route action,unknown,route-specific,route-specific,not consistently implemented,inspect rendered element,route-specific end-to-end proof incomplete,eafb11719e67135c7a6fa3b15e1170c5192e4771
ACTION-0364,apps/web/public/assets/routes/notification-center.mjs,8,data-action,,read-all,HANDLER_BOUND,,navigation/command or route action,unknown,route-specific,route-specific,not consistently implemented,inspect rendered element,route-specific end-to-end proof incomplete,eafb11719e67135c7a6fa3b15e1170c5192e4771
ACTION-0365,apps/web/public/assets/routes/theme-personas.mjs,20,data-action,,reset-persona,HANDLER_BOUND,,navigation/command or route action,unknown,route-specific,route-specific,not consistently implemented,inspect rendered element,route-specific end-to-end proof incomplete,eafb11719e67135c7a6fa3b15e1170c5192e4771
ACTION-0366,apps/web/public/assets/routes/theme-personas.mjs,20,data-action,,preview-persona,HANDLER_BOUND,,navigation/command or route action,unknown,route-specific,route-specific,not consistently implemented,inspect rendered element,route-specific end-to-end proof incomplete,eafb11719e67135c7a6fa3b15e1170c5192e4771
ACTION-0367,apps/web/public/assets/routes/theme-personas.mjs,57,data-action,,reset-persona,HANDLER_BOUND,,navigation/command or route action,unknown,route-specific,route-specific,not consistently implemented,inspect rendered element,route-specific end-to-end proof incomplete,eafb11719e67135c7a6fa3b15e1170c5192e4771
ACTION-0368,apps/web/public/assets/routes/theme-personas.mjs,58,data-action,,preview-persona,HANDLER_BOUND,,navigation/command or route action,unknown,route-specific,route-specific,not consistently implemented,inspect rendered element,route-specific end-to-end proof incomplete,eafb11719e67135c7a6fa3b15e1170c5192e4771
ACTION-0369,apps/web/public/assets/routes/notification-schedules.mjs,3,data-action,,run,HANDLER_BOUND,,navigation/command or route action,unknown,route-specific,route-specific,not consistently implemented,inspect rendered element,route-specific end-to-end proof incomplete,eafb11719e67135c7a6fa3b15e1170c5192e4771
ACTION-0370,apps/web/public/assets/routes/notification-schedules.mjs,3,data-action,,create,HANDLER_BOUND,,navigation/command or route action,unknown,route-specific,route-specific,not consistently implemented,inspect rendered element,route-specific end-to-end proof incomplete,eafb11719e67135c7a6fa3b15e1170c5192e4771
ACTION-0371,apps/web/public/assets/routes/notification-schedules.mjs,7,data-action,,create,HANDLER_BOUND,,navigation/command or route action,unknown,route-specific,route-specific,not consistently implemented,inspect rendered element,route-specific end-to-end proof incomplete,eafb11719e67135c7a6fa3b15e1170c5192e4771
ACTION-0372,apps/web/public/assets/routes/notification-schedules.mjs,8,data-action,,run,HANDLER_BOUND,,navigation/command or route action,unknown,route-specific,route-specific,not consistently implemented,inspect rendered element,route-specific end-to-end proof incomplete,eafb11719e67135c7a6fa3b15e1170c5192e4771
ACTION-0373,apps/web/public/assets/routes/comparison-lab.mjs,3,data-action,,fundamentals,HANDLER_BOUND,,navigation/command or route action,unknown,route-specific,route-specific,not consistently implemented,inspect rendered element,route-specific end-to-end proof incomplete,eafb11719e67135c7a6fa3b15e1170c5192e4771
ACTION-0374,apps/web/public/assets/routes/comparison-lab.mjs,3,data-action,,chart,HANDLER_BOUND,,navigation/command or route action,unknown,route-specific,route-specific,not consistently implemented,inspect rendered element,route-specific end-to-end proof incomplete,eafb11719e67135c7a6fa3b15e1170c5192e4771
ACTION-0375,apps/web/public/assets/routes/advanced-chart.mjs,5,data-action,,open-fundamentals,HANDLER_BOUND,,navigation/command or route action,unknown,route-specific,route-specific,not consistently implemented,inspect rendered element,route-specific end-to-end proof incomplete,eafb11719e67135c7a6fa3b15e1170c5192e4771
ACTION-0376,apps/web/public/assets/routes/advanced-chart.mjs,5,data-action,,save-layout,HANDLER_BOUND,,navigation/command or route action,unknown,route-specific,route-specific,not consistently implemented,inspect rendered element,route-specific end-to-end proof incomplete,eafb11719e67135c7a6fa3b15e1170c5192e4771
ACTION-0377,apps/web/public/assets/routes/filing-workspace.mjs,2,data-action,,events,HANDLER_BOUND,,navigation/command or route action,unknown,route-specific,route-specific,not consistently implemented,inspect rendered element,route-specific end-to-end proof incomplete,eafb11719e67135c7a6fa3b15e1170c5192e4771
ACTION-0378,apps/web/public/assets/routes/filing-workspace.mjs,2,data-action,,fundamentals,HANDLER_BOUND,,navigation/command or route action,unknown,route-specific,route-specific,not consistently implemented,inspect rendered element,route-specific end-to-end proof incomplete,eafb11719e67135c7a6fa3b15e1170c5192e4771
ACTION-0379,apps/web/public/assets/routes/portfolio-analytics.mjs,4,data-action,,research,HANDLER_BOUND,,navigation/command or route action,unknown,route-specific,route-specific,not consistently implemented,inspect rendered element,route-specific end-to-end proof incomplete,eafb11719e67135c7a6fa3b15e1170c5192e4771
ACTION-0380,apps/web/public/assets/routes/portfolio-analytics.mjs,11,data-action,,research,HANDLER_BOUND,,navigation/command or route action,unknown,route-specific,route-specific,not consistently implemented,inspect rendered element,route-specific end-to-end proof incomplete,eafb11719e67135c7a6fa3b15e1170c5192e4771
ACTION-0381,apps/web/public/assets/routes/fundamentals-estimates.mjs,3,data-action,,open-filings,HANDLER_BOUND,,navigation/command or route action,unknown,route-specific,route-specific,not consistently implemented,inspect rendered element,route-specific end-to-end proof incomplete,eafb11719e67135c7a6fa3b15e1170c5192e4771
ACTION-0382,apps/web/public/assets/routes/fundamentals-estimates.mjs,3,data-action,,compare,HANDLER_BOUND,,navigation/command or route action,unknown,route-specific,route-specific,not consistently implemented,inspect rendered element,route-specific end-to-end proof incomplete,eafb11719e67135c7a6fa3b15e1170c5192e4771
ACTION-0383,apps/web/public/assets/routes/research-workspace.mjs,6,data-action,,portfolio,HANDLER_BOUND,,navigation/command or route action,unknown,route-specific,route-specific,not consistently implemented,inspect rendered element,route-specific end-to-end proof incomplete,eafb11719e67135c7a6fa3b15e1170c5192e4771
ACTION-0384,apps/web/public/assets/routes/research-workspace.mjs,6,data-action,,create-workspace,HANDLER_BOUND,,navigation/command or route action,unknown,route-specific,route-specific,not consistently implemented,inspect rendered element,route-specific end-to-end proof incomplete,eafb11719e67135c7a6fa3b15e1170c5192e4771
ACTION-0385,apps/web/public/assets/routes/research-workspace.mjs,8,data-action,,add-research-item,HANDLER_BOUND,,navigation/command or route action,unknown,route-specific,route-specific,not consistently implemented,inspect rendered element,route-specific end-to-end proof incomplete,eafb11719e67135c7a6fa3b15e1170c5192e4771
ACTION-0386,apps/web/public/assets/routes/research-workspace.mjs,10,data-action,,portfolio,HANDLER_BOUND,,navigation/command or route action,unknown,route-specific,route-specific,not consistently implemented,inspect rendered element,route-specific end-to-end proof incomplete,eafb11719e67135c7a6fa3b15e1170c5192e4771
ACTION-0387,apps/web/public/assets/routes/research-workspace.mjs,11,data-action,,create-workspace,HANDLER_BOUND,,navigation/command or route action,unknown,route-specific,route-specific,not consistently implemented,inspect rendered element,route-specific end-to-end proof incomplete,eafb11719e67135c7a6fa3b15e1170c5192e4771
ACTION-0388,apps/web/public/assets/routes/research-workspace.mjs,12,data-action,,add-research-item,HANDLER_BOUND,,navigation/command or route action,unknown,route-specific,route-specific,not consistently implemented,inspect rendered element,route-specific end-to-end proof incomplete,eafb11719e67135c7a6fa3b15e1170c5192e4771
ACTION-0389,apps/web/public/assets/routes/feature-universe.mjs,8,data-action,,about-qelly,HANDLER_BOUND,,navigation/command or route action,unknown,route-specific,route-specific,not consistently implemented,inspect rendered element,route-specific end-to-end proof incomplete,eafb11719e67135c7a6fa3b15e1170c5192e4771
ACTION-0390,apps/web/public/assets/routes/feature-universe.mjs,8,data-action,,open-command,HANDLER_BOUND,,navigation/command or route action,unknown,route-specific,route-specific,not consistently implemented,inspect rendered element,route-specific end-to-end proof incomplete,eafb11719e67135c7a6fa3b15e1170c5192e4771
ACTION-0391,apps/web/public/assets/routes/live-markets.mjs,11,data-action,,about-data,HANDLER_BOUND,,navigation/command or route action,unknown,route-specific,route-specific,not consistently implemented,inspect rendered element,route-specific end-to-end proof incomplete,eafb11719e67135c7a6fa3b15e1170c5192e4771
ACTION-0392,apps/web/public/assets/routes/live-markets.mjs,11,data-action,,refresh-live,HANDLER_BOUND,,navigation/command or route action,unknown,route-specific,route-specific,not consistently implemented,inspect rendered element,route-specific end-to-end proof incomplete,eafb11719e67135c7a6fa3b15e1170c5192e4771
ACTION-0393,apps/web/public/assets/routes/live-markets.mjs,34,data-action,,open-watchlists,HANDLER_BOUND,,navigation/command or route action,unknown,route-specific,route-specific,not consistently implemented,inspect rendered element,route-specific end-to-end proof incomplete,eafb11719e67135c7a6fa3b15e1170c5192e4771
ACTION-0394,apps/web/public/assets/routes/live-markets.mjs,52,data-action,,refresh-live,HANDLER_BOUND,,navigation/command or route action,unknown,route-specific,route-specific,not consistently implemented,inspect rendered element,route-specific end-to-end proof incomplete,eafb11719e67135c7a6fa3b15e1170c5192e4771
ACTION-0395,apps/web/public/assets/routes/live-markets.mjs,52,data-action,,about-data,HANDLER_BOUND,,navigation/command or route action,unknown,route-specific,route-specific,not consistently implemented,inspect rendered element,route-specific end-to-end proof incomplete,eafb11719e67135c7a6fa3b15e1170c5192e4771
ACTION-0396,apps/web/public/assets/routes/live-markets.mjs,52,data-action,,open-watchlists,HANDLER_BOUND,,navigation/command or route action,unknown,route-specific,route-specific,not consistently implemented,inspect rendered element,route-specific end-to-end proof incomplete,eafb11719e67135c7a6fa3b15e1170c5192e4771
ACTION-0397,apps/web/public/assets/routes/onboarding.mjs,5,data-action,,save,HANDLER_BOUND,,navigation/command or route action,unknown,route-specific,route-specific,not consistently implemented,inspect rendered element,route-specific end-to-end proof incomplete,eafb11719e67135c7a6fa3b15e1170c5192e4771
ACTION-0398,apps/web/public/assets/routes/onboarding.mjs,5,data-action,,complete,HANDLER_BOUND,,navigation/command or route action,unknown,route-specific,route-specific,not consistently implemented,inspect rendered element,route-specific end-to-end proof incomplete,eafb11719e67135c7a6fa3b15e1170c5192e4771
ACTION-0399,apps/web/public/assets/routes/onboarding.mjs,11,data-action,,save,HANDLER_BOUND,,navigation/command or route action,unknown,route-specific,route-specific,not consistently implemented,inspect rendered element,route-specific end-to-end proof incomplete,eafb11719e67135c7a6fa3b15e1170c5192e4771
ACTION-0400,apps/web/public/assets/routes/onboarding.mjs,12,data-action,,complete,HANDLER_BOUND,,navigation/command or route action,unknown,route-specific,route-specific,not consistently implemented,inspect rendered element,route-specific end-to-end proof incomplete,eafb11719e67135c7a6fa3b15e1170c5192e4771
ACTION-0401,apps/web/public/assets/routes/event-calendar.mjs,2,data-action,,filings,HANDLER_BOUND,,navigation/command or route action,unknown,route-specific,route-specific,not consistently implemented,inspect rendered element,route-specific end-to-end proof incomplete,eafb11719e67135c7a6fa3b15e1170c5192e4771
ACTION-0402,apps/web/public/assets/routes/event-calendar.mjs,2,data-action,,chart,HANDLER_BOUND,,navigation/command or route action,unknown,route-specific,route-specific,not consistently implemented,inspect rendered element,route-specific end-to-end proof incomplete,eafb11719e67135c7a6fa3b15e1170c5192e4771
ACTION-0403,apps/web/public/assets/routes/workspace-watchlist.mjs,7,data-action,,alerts,HANDLER_BOUND,,navigation/command or route action,unknown,route-specific,route-specific,not consistently implemented,inspect rendered element,route-specific end-to-end proof incomplete,eafb11719e67135c7a6fa3b15e1170c5192e4771
ACTION-0404,apps/web/public/assets/routes/workspace-watchlist.mjs,7,data-action,,create-list,HANDLER_BOUND,,navigation/command or route action,unknown,route-specific,route-specific,not consistently implemented,inspect rendered element,route-specific end-to-end proof incomplete,eafb11719e67135c7a6fa3b15e1170c5192e4771
ACTION-0405,apps/web/public/assets/routes/workspace-watchlist.mjs,9,data-action,,add-item,HANDLER_BOUND,,navigation/command or route action,unknown,route-specific,route-specific,not consistently implemented,inspect rendered element,route-specific end-to-end proof incomplete,eafb11719e67135c7a6fa3b15e1170c5192e4771
ACTION-0406,apps/web/public/assets/routes/workspace-watchlist.mjs,12,data-action,,alerts,HANDLER_BOUND,,navigation/command or route action,unknown,route-specific,route-specific,not consistently implemented,inspect rendered element,route-specific end-to-end proof incomplete,eafb11719e67135c7a6fa3b15e1170c5192e4771
ACTION-0407,apps/web/public/assets/routes/workspace-watchlist.mjs,13,data-action,,create-list,HANDLER_BOUND,,navigation/command or route action,unknown,route-specific,route-specific,not consistently implemented,inspect rendered element,route-specific end-to-end proof incomplete,eafb11719e67135c7a6fa3b15e1170c5192e4771
ACTION-0408,apps/web/public/assets/routes/workspace-watchlist.mjs,14,data-action,,add-item,HANDLER_BOUND,,navigation/command or route action,unknown,route-specific,route-specific,not consistently implemented,inspect rendered element,route-specific end-to-end proof incomplete,eafb11719e67135c7a6fa3b15e1170c5192e4771
ACTION-0409,apps/web/public/assets/routes/research-history.mjs,3,data-action,,capture,HANDLER_BOUND,,navigation/command or route action,unknown,route-specific,route-specific,not consistently implemented,inspect rendered element,route-specific end-to-end proof incomplete,eafb11719e67135c7a6fa3b15e1170c5192e4771
ACTION-0410,apps/web/public/assets/routes/research-history.mjs,6,data-action,,capture,HANDLER_BOUND,,navigation/command or route action,unknown,route-specific,route-specific,not consistently implemented,inspect rendered element,route-specific end-to-end proof incomplete,eafb11719e67135c7a6fa3b15e1170c5192e4771
ACTION-0411,apps/web/public/assets/routes/decision-provenance.mjs,10,data-action,,market,HANDLER_BOUND,,navigation/command or route action,unknown,route-specific,route-specific,not consistently implemented,inspect rendered element,route-specific end-to-end proof incomplete,eafb11719e67135c7a6fa3b15e1170c5192e4771
ACTION-0412,apps/web/public/assets/routes/decision-provenance.mjs,10,data-action,,export,HANDLER_BOUND,,navigation/command or route action,unknown,route-specific,route-specific,not consistently implemented,inspect rendered element,route-specific end-to-end proof incomplete,eafb11719e67135c7a6fa3b15e1170c5192e4771
ACTION-0413,apps/web/public/assets/routes/decision-provenance.mjs,13,data-action,,create,HANDLER_BOUND,,navigation/command or route action,unknown,route-specific,route-specific,not consistently implemented,inspect rendered element,route-specific end-to-end proof incomplete,eafb11719e67135c7a6fa3b15e1170c5192e4771
ACTION-0414,apps/web/public/assets/routes/decision-provenance.mjs,18,data-action,,market,HANDLER_BOUND,,navigation/command or route action,unknown,route-specific,route-specific,not consistently implemented,inspect rendered element,route-specific end-to-end proof incomplete,eafb11719e67135c7a6fa3b15e1170c5192e4771
ACTION-0415,apps/web/public/assets/routes/decision-provenance.mjs,19,data-action,,create,HANDLER_BOUND,,navigation/command or route action,unknown,route-specific,route-specific,not consistently implemented,inspect rendered element,route-specific end-to-end proof incomplete,eafb11719e67135c7a6fa3b15e1170c5192e4771
ACTION-0416,apps/web/public/assets/routes/decision-provenance.mjs,20,data-action,,export,HANDLER_BOUND,,navigation/command or route action,unknown,route-specific,route-specific,not consistently implemented,inspect rendered element,route-specific end-to-end proof incomplete,eafb11719e67135c7a6fa3b15e1170c5192e4771
ACTION-0417,apps/web/public/assets/routes/about-qelly.mjs,1,data-action,,view-universe,HANDLER_BOUND,,navigation/command or route action,unknown,route-specific,route-specific,not consistently implemented,inspect rendered element,route-specific end-to-end proof incomplete,eafb11719e67135c7a6fa3b15e1170c5192e4771
ACTION-0418,apps/web/public/assets/routes/about-qelly.mjs,1,data-action,,open-live,HANDLER_BOUND,,navigation/command or route action,unknown,route-specific,route-specific,not consistently implemented,inspect rendered element,route-specific end-to-end proof incomplete,eafb11719e67135c7a6fa3b15e1170c5192e4771
ACTION-0419,apps/web/public/assets/routes/about-qelly.mjs,1,data-action,,open-live-2,HANDLER_BOUND,,navigation/command or route action,unknown,route-specific,route-specific,not consistently implemented,inspect rendered element,route-specific end-to-end proof incomplete,eafb11719e67135c7a6fa3b15e1170c5192e4771
ACTION-0420,apps/web/public/assets/routes/about-qelly.mjs,1,data-action,,open-personas,HANDLER_BOUND,,navigation/command or route action,unknown,route-specific,route-specific,not consistently implemented,inspect rendered element,route-specific end-to-end proof incomplete,eafb11719e67135c7a6fa3b15e1170c5192e4771
ACTION-0421,apps/web/public/assets/routes/about-qelly.mjs,1,data-action,,start-qelly,HANDLER_BOUND,,navigation/command or route action,unknown,route-specific,route-specific,not consistently implemented,inspect rendered element,route-specific end-to-end proof incomplete,eafb11719e67135c7a6fa3b15e1170c5192e4771
ACTION-0422,apps/web/public/assets/routes/formula-screener.mjs,3,data-action,,run,HANDLER_BOUND,,navigation/command or route action,unknown,route-specific,route-specific,not consistently implemented,inspect rendered element,route-specific end-to-end proof incomplete,eafb11719e67135c7a6fa3b15e1170c5192e4771
ACTION-0423,apps/web/public/assets/routes/formula-screener.mjs,7,data-action,,run,HANDLER_BOUND,,navigation/command or route action,unknown,route-specific,route-specific,not consistently implemented,inspect rendered element,route-specific end-to-end proof incomplete,eafb11719e67135c7a6fa3b15e1170c5192e4771
ACTION-0424,apps/web/public/assets/routes/import-center.mjs,3,data-action,,preview,HANDLER_BOUND,,navigation/command or route action,unknown,route-specific,route-specific,not consistently implemented,inspect rendered element,route-specific end-to-end proof incomplete,eafb11719e67135c7a6fa3b15e1170c5192e4771
ACTION-0425,apps/web/public/assets/routes/import-center.mjs,3,data-action,,commit,HANDLER_BOUND,,navigation/command or route action,unknown,route-specific,route-specific,not consistently implemented,inspect rendered element,route-specific end-to-end proof incomplete,eafb11719e67135c7a6fa3b15e1170c5192e4771
ACTION-0426,apps/web/public/assets/routes/import-center.mjs,8,data-action,,preview,HANDLER_BOUND,,navigation/command or route action,unknown,route-specific,route-specific,not consistently implemented,inspect rendered element,route-specific end-to-end proof incomplete,eafb11719e67135c7a6fa3b15e1170c5192e4771
ACTION-0427,apps/web/public/assets/routes/import-center.mjs,9,data-action,,commit,HANDLER_BOUND,,navigation/command or route action,unknown,route-specific,route-specific,not consistently implemented,inspect rendered element,route-specific end-to-end proof incomplete,eafb11719e67135c7a6fa3b15e1170c5192e4771
ACTION-0428,apps/web/public/assets/routes/alert-center.mjs,4,data-action,,notifications,HANDLER_BOUND,,navigation/command or route action,unknown,route-specific,route-specific,not consistently implemented,inspect rendered element,route-specific end-to-end proof incomplete,eafb11719e67135c7a6fa3b15e1170c5192e4771
ACTION-0429,apps/web/public/assets/routes/alert-center.mjs,4,data-action,,evaluate,HANDLER_BOUND,,navigation/command or route action,unknown,route-specific,route-specific,not consistently implemented,inspect rendered element,route-specific end-to-end proof incomplete,eafb11719e67135c7a6fa3b15e1170c5192e4771
ACTION-0430,apps/web/public/assets/routes/alert-center.mjs,6,data-action,,create-rule,HANDLER_BOUND,,navigation/command or route action,unknown,route-specific,route-specific,not consistently implemented,inspect rendered element,route-specific end-to-end proof incomplete,eafb11719e67135c7a6fa3b15e1170c5192e4771
ACTION-0431,apps/web/public/assets/routes/alert-center.mjs,9,data-action,,notifications,HANDLER_BOUND,,navigation/command or route action,unknown,route-specific,route-specific,not consistently implemented,inspect rendered element,route-specific end-to-end proof incomplete,eafb11719e67135c7a6fa3b15e1170c5192e4771
ACTION-0432,apps/web/public/assets/routes/alert-center.mjs,10,data-action,,evaluate,HANDLER_BOUND,,navigation/command or route action,unknown,route-specific,route-specific,not consistently implemented,inspect rendered element,route-specific end-to-end proof incomplete,eafb11719e67135c7a6fa3b15e1170c5192e4771
ACTION-0433,apps/web/public/assets/routes/alert-center.mjs,11,data-action,,create-rule,HANDLER_BOUND,,navigation/command or route action,unknown,route-specific,route-specific,not consistently implemented,inspect rendered element,route-specific end-to-end proof incomplete,eafb11719e67135c7a6fa3b15e1170c5192e4771
