feature_id,domain,capability,current_status,gap_type,user_value,risk,dependency,effort,release_scope,target_wave,blocker,recommended_action,source_commit,last_verified
foundation.logo,Preserved Prompt 1 registry,Official Qelly logo system,IMPLEMENTED_DETERMINISTIC_LOCAL,none/foundation,CRITICAL,LOW,FOUNDATION,M,PUBLIC_BETA_MUST,WAVE_0,Connected to application shell and assets,preserve and extend with tests,eafb11719e67135c7a6fa3b15e1170c5192e4771,2026-07-29T15:49:53+05:30
foundation.typography,Preserved Prompt 1 registry,IBM Plex Sans Variable,IMPLEMENTED_DETERMINISTIC_LOCAL,none/foundation,CRITICAL,LOW,FOUNDATION,M,PUBLIC_BETA_MUST,WAVE_0,Canonical local font,preserve and extend with tests,eafb11719e67135c7a6fa3b15e1170c5192e4771,2026-07-29T15:49:53+05:30
foundation.theme-intelligence,Preserved Prompt 1 registry,Theme Intelligence and 13 themes,IMPLEMENTED_DETERMINISTIC_LOCAL,none/foundation,CRITICAL,LOW,FOUNDATION,M,PUBLIC_BETA_MUST,WAVE_0,Frozen visual foundation,preserve and extend with tests,eafb11719e67135c7a6fa3b15e1170c5192e4771,2026-07-29T15:49:53+05:30
foundation.asset-rankings,Preserved Prompt 1 registry,Asset Rankings responsive interface,IMPLEMENTED_DETERMINISTIC_LOCAL,none/foundation,CRITICAL,LOW,FOUNDATION,M,PUBLIC_BETA_MUST,WAVE_0,Existing data truth remains unchanged,preserve and extend with tests,eafb11719e67135c7a6fa3b15e1170c5192e4771,2026-07-29T15:49:53+05:30
beta.truth-state,Preserved Prompt 1 registry,Canonical capability truth states,IMPLEMENTED_DETERMINISTIC_LOCAL,none/foundation,CRITICAL,MEDIUM,FOUNDATION,M,PUBLIC_BETA_MUST,WAVE_0,Feature adoption remains Prompt 2 work,preserve and extend with tests,eafb11719e67135c7a6fa3b15e1170c5192e4771,2026-07-29T15:49:53+05:30
beta.evidence-metadata,Preserved Prompt 1 registry,Source freshness lineage metadata,IMPLEMENTED_DETERMINISTIC_LOCAL,none/foundation,CRITICAL,MEDIUM,FOUNDATION,M,PUBLIC_BETA_MUST,WAVE_0,Provider adoption remains pending,preserve and extend with tests,eafb11719e67135c7a6fa3b15e1170c5192e4771,2026-07-29T15:49:53+05:30
beta.environment-model,Preserved Prompt 1 registry,Local test preview staging production model,IMPLEMENTED_DETERMINISTIC_LOCAL,none/foundation,CRITICAL,MEDIUM,FOUNDATION,M,PUBLIC_BETA_MUST,WAVE_0,No production credentials included,preserve and extend with tests,eafb11719e67135c7a6fa3b15e1170c5192e4771,2026-07-29T15:49:53+05:30
beta.feature-flags,Preserved Prompt 1 registry,Governed feature flags and kill boundaries,IMPLEMENTED_DETERMINISTIC_LOCAL,none/foundation,CRITICAL,MEDIUM,FOUNDATION,M,PUBLIC_BETA_MUST,WAVE_0,Execution and custody hard-disabled,preserve and extend with tests,eafb11719e67135c7a6fa3b15e1170c5192e4771,2026-07-29T15:49:53+05:30
beta.provider-interface,Preserved Prompt 1 registry,Provider adapter interface,IMPLEMENTED_DETERMINISTIC_LOCAL,none/foundation,CRITICAL,MEDIUM,FOUNDATION,M,PUBLIC_BETA_MUST,WAVE_0,No real provider connected,preserve and extend with tests,eafb11719e67135c7a6fa3b15e1170c5192e4771,2026-07-29T15:49:53+05:30
beta.observability,Preserved Prompt 1 registry,Redacted observability event interface,IMPLEMENTED_DETERMINISTIC_LOCAL,none/foundation,HIGH,MEDIUM,FOUNDATION,M,POST_BETA,WAVE_0,Backend sink planned,preserve and extend with tests,eafb11719e67135c7a6fa3b15e1170c5192e4771,2026-07-29T15:49:53+05:30
beta.migration-rollback,Preserved Prompt 1 registry,Migration rollback and release dependency structure,IMPLEMENTED_DETERMINISTIC_LOCAL,none/foundation,CRITICAL,MEDIUM,FOUNDATION,M,PUBLIC_BETA_MUST,WAVE_0,No operational migration introduced,preserve and extend with tests,eafb11719e67135c7a6fa3b15e1170c5192e4771,2026-07-29T15:49:53+05:30
beta.inventory,Preserved Prompt 1 registry,Baseline route API schema and contract inventories,IMPLEMENTED_DETERMINISTIC_LOCAL,none/foundation,CRITICAL,MEDIUM,FOUNDATION,M,PUBLIC_BETA_MUST,WAVE_0,Counts are not connectivity proof,preserve and extend with tests,eafb11719e67135c7a6fa3b15e1170c5192e4771,2026-07-29T15:49:53+05:30
providers.market-data,Preserved Prompt 1 registry,Connected market-data providers,PLANNED,implementation-evidence-gap,HIGH,MEDIUM,FOUNDATION,M,POST_BETA,WAVE_2,Terms quotas authorization and redistribution require current verification,implement in WAVE_2 with frontend/backend/data/security/tests together,eafb11719e67135c7a6fa3b15e1170c5192e4771,2026-07-29T15:49:53+05:30
connections.read-only,Preserved Prompt 1 registry,Read-only wallet broker exchange connections,PLANNED,implementation-evidence-gap,HIGH,MEDIUM,FOUNDATION,M,POST_BETA,WAVE_2,Prompt 2 scope,implement in WAVE_2 with frontend/backend/data/security/tests together,eafb11719e67135c7a6fa3b15e1170c5192e4771,2026-07-29T15:49:53+05:30
paper-trading,Preserved Prompt 1 registry,Deterministic paper-trading engine,PLANNED,implementation-evidence-gap,HIGH,MEDIUM,FOUNDATION,M,POST_BETA,WAVE_2,Prompt 2 scope,implement in WAVE_2 with frontend/backend/data/security/tests together,eafb11719e67135c7a6fa3b15e1170c5192e4771,2026-07-29T15:49:53+05:30
marketplace,Preserved Prompt 1 registry,EA and strategy marketplace,PLANNED,implementation-evidence-gap,HIGH,MEDIUM,FOUNDATION,M,POST_BETA,WAVE_2,Prompt 2 scope,implement in WAVE_2 with frontend/backend/data/security/tests together,eafb11719e67135c7a6fa3b15e1170c5192e4771,2026-07-29T15:49:53+05:30
execution.real-money,Preserved Prompt 1 registry,Real-money trading,DEFERRED,disabled-high-risk,HIGH,MEDIUM,FOUNDATION,M,DEFERRED,WAVE_2,Requires separate explicit program,keep disabled,eafb11719e67135c7a6fa3b15e1170c5192e4771,2026-07-29T15:49:53+05:30
custody,Preserved Prompt 1 registry,Custody deposits and withdrawals,DEFERRED,disabled-high-risk,HIGH,MEDIUM,FOUNDATION,M,DEFERRED,WAVE_2,Excluded from public beta,keep disabled,eafb11719e67135c7a6fa3b15e1170c5192e4771,2026-07-29T15:49:53+05:30
secrets.wallet,Preserved Prompt 1 registry,Private-key and seed-phrase storage,DEFERRED,disabled-high-risk,HIGH,MEDIUM,FOUNDATION,M,DEFERRED,WAVE_2,Never request or store,keep disabled,eafb11719e67135c7a6fa3b15e1170c5192e4771,2026-07-29T15:49:53+05:30
deployment.github-pages,Preserved Prompt 1 registry,GitHub Pages static visual preview,IMPLEMENTED_CONNECTED,none/foundation,CRITICAL,MEDIUM,FOUNDATION,M,PUBLIC_BETA_MUST,WAVE_0,Public static/read-only preview; not connected full production,preserve and extend with tests,eafb11719e67135c7a6fa3b15e1170c5192e4771,2026-07-29T15:49:53+05:30
F-D01-public-homepage,PUBLIC DISCOVERY,public homepage,PROTOTYPE,implementation-evidence-gap,HIGH,MEDIUM,DATABASE,M,PUBLIC_BETA_MUST,WAVE_2,implementation and end-to-end evidence,implement in WAVE_2 with frontend/backend/data/security/tests together,eafb11719e67135c7a6fa3b15e1170c5192e4771,2026-07-29T15:49:53+05:30
F-D01-market-overview,PUBLIC DISCOVERY,market overview,PROTOTYPE,implementation-evidence-gap,HIGH,MEDIUM,DATABASE,M,PUBLIC_BETA_MUST,WAVE_2,implementation and end-to-end evidence,implement in WAVE_2 with frontend/backend/data/security/tests together,eafb11719e67135c7a6fa3b15e1170c5192e4771,2026-07-29T15:49:53+05:30
F-D01-asset-rankings,PUBLIC DISCOVERY,asset rankings,PROTOTYPE,implementation-evidence-gap,HIGH,MEDIUM,DATABASE,M,PUBLIC_BETA_MUST,WAVE_2,implementation and end-to-end evidence,implement in WAVE_2 with frontend/backend/data/security/tests together,eafb11719e67135c7a6fa3b15e1170c5192e4771,2026-07-29T15:49:53+05:30
F-D01-gainers-losers,PUBLIC DISCOVERY,gainers/losers,PLANNED,implementation-evidence-gap,MEDIUM,HIGH,SECURITY,L,POST_BETA,WAVE_2,implementation and end-to-end evidence,implement in WAVE_2 with frontend/backend/data/security/tests together,eafb11719e67135c7a6fa3b15e1170c5192e4771,2026-07-29T15:49:53+05:30
F-D01-trending-assets,PUBLIC DISCOVERY,trending assets,PLANNED,implementation-evidence-gap,MEDIUM,MEDIUM,DATABASE,L,POST_BETA,WAVE_2,implementation and end-to-end evidence,implement in WAVE_2 with frontend/backend/data/security/tests together,eafb11719e67135c7a6fa3b15e1170c5192e4771,2026-07-29T15:49:53+05:30
F-D01-new-listings,PUBLIC DISCOVERY,new listings,PLANNED,implementation-evidence-gap,MEDIUM,MEDIUM,DATABASE,PROGRAM,POST_BETA,WAVE_6,implementation and end-to-end evidence,implement in WAVE_6 with frontend/backend/data/security/tests together,eafb11719e67135c7a6fa3b15e1170c5192e4771,2026-07-29T15:49:53+05:30
F-D01-sectors,PUBLIC DISCOVERY,sectors,PLANNED,implementation-evidence-gap,MEDIUM,MEDIUM,DATABASE,L,POST_BETA,WAVE_2,implementation and end-to-end evidence,implement in WAVE_2 with frontend/backend/data/security/tests together,eafb11719e67135c7a6fa3b15e1170c5192e4771,2026-07-29T15:49:53+05:30
F-D01-themes,PUBLIC DISCOVERY,themes,IMPLEMENTED_DETERMINISTIC_LOCAL,none/foundation,HIGH,MEDIUM,FOUNDATION,M,PUBLIC_BETA_MUST,WAVE_2,,preserve and extend with tests,eafb11719e67135c7a6fa3b15e1170c5192e4771,2026-07-29T15:49:53+05:30
F-D01-categories,PUBLIC DISCOVERY,categories,PROTOTYPE,implementation-evidence-gap,HIGH,MEDIUM,DATABASE,M,PUBLIC_BETA_MUST,WAVE_2,implementation and end-to-end evidence,implement in WAVE_2 with frontend/backend/data/security/tests together,eafb11719e67135c7a6fa3b15e1170c5192e4771,2026-07-29T15:49:53+05:30
F-D01-exchange-rankings,PUBLIC DISCOVERY,exchange rankings,PLANNED,implementation-evidence-gap,MEDIUM,HIGH,SECURITY,L,POST_BETA,WAVE_2,implementation and end-to-end evidence,implement in WAVE_2 with frontend/backend/data/security/tests together,eafb11719e67135c7a6fa3b15e1170c5192e4771,2026-07-29T15:49:53+05:30
F-D01-broker-directory,PUBLIC DISCOVERY,broker directory,PLANNED,implementation-evidence-gap,MEDIUM,HIGH,SECURITY,L,POST_BETA,WAVE_2,implementation and end-to-end evidence,implement in WAVE_2 with frontend/backend/data/security/tests together,eafb11719e67135c7a6fa3b15e1170c5192e4771,2026-07-29T15:49:53+05:30
F-D01-provider-directory,PUBLIC DISCOVERY,provider directory,PLANNED,implementation-evidence-gap,MEDIUM,MEDIUM,DATABASE,L,POST_BETA,WAVE_2,implementation and end-to-end evidence,implement in WAVE_2 with frontend/backend/data/security/tests together,eafb11719e67135c7a6fa3b15e1170c5192e4771,2026-07-29T15:49:53+05:30
F-D01-market-status,PUBLIC DISCOVERY,market status,PLANNED,implementation-evidence-gap,MEDIUM,MEDIUM,DATABASE,L,POST_BETA,WAVE_2,implementation and end-to-end evidence,implement in WAVE_2 with frontend/backend/data/security/tests together,eafb11719e67135c7a6fa3b15e1170c5192e4771,2026-07-29T15:49:53+05:30
F-D01-global-sessions,PUBLIC DISCOVERY,global sessions,PLANNED,implementation-evidence-gap,MEDIUM,MEDIUM,DATABASE,L,POST_BETA,WAVE_2,implementation and end-to-end evidence,implement in WAVE_2 with frontend/backend/data/security/tests together,eafb11719e67135c7a6fa3b15e1170c5192e4771,2026-07-29T15:49:53+05:30
F-D01-public-asset-pages,PUBLIC DISCOVERY,public asset pages,PROTOTYPE,implementation-evidence-gap,HIGH,MEDIUM,DATABASE,M,PUBLIC_BETA_MUST,WAVE_2,implementation and end-to-end evidence,implement in WAVE_2 with frontend/backend/data/security/tests together,eafb11719e67135c7a6fa3b15e1170c5192e4771,2026-07-29T15:49:53+05:30
F-D01-public-strategy-pages,PUBLIC DISCOVERY,public strategy pages,PLANNED,implementation-evidence-gap,MEDIUM,MEDIUM,DATABASE,PROGRAM,POST_BETA,WAVE_5,implementation and end-to-end evidence,implement in WAVE_5 with frontend/backend/data/security/tests together,eafb11719e67135c7a6fa3b15e1170c5192e4771,2026-07-29T15:49:53+05:30
F-D01-public-creator-pages,PUBLIC DISCOVERY,public creator pages,PLANNED,implementation-evidence-gap,MEDIUM,MEDIUM,DATABASE,PROGRAM,POST_BETA,WAVE_6,implementation and end-to-end evidence,implement in WAVE_6 with frontend/backend/data/security/tests together,eafb11719e67135c7a6fa3b15e1170c5192e4771,2026-07-29T15:49:53+05:30
F-D01-public-calculator-pages,PUBLIC DISCOVERY,public calculator pages,PLANNED,implementation-evidence-gap,MEDIUM,MEDIUM,DATABASE,L,POST_BETA,WAVE_1,implementation and end-to-end evidence,implement in WAVE_1 with frontend/backend/data/security/tests together,eafb11719e67135c7a6fa3b15e1170c5192e4771,2026-07-29T15:49:53+05:30
F-D01-public-research-pages,PUBLIC DISCOVERY,public research pages,PROTOTYPE,implementation-evidence-gap,HIGH,MEDIUM,DATABASE,M,PUBLIC_BETA_MUST,WAVE_2,implementation and end-to-end evidence,implement in WAVE_2 with frontend/backend/data/security/tests together,eafb11719e67135c7a6fa3b15e1170c5192e4771,2026-07-29T15:49:53+05:30
F-D01-public-news,PUBLIC DISCOVERY,public news,PROTOTYPE,implementation-evidence-gap,HIGH,MEDIUM,PROVIDER,M,PUBLIC_BETA_MUST,WAVE_2,implementation and end-to-end evidence,implement in WAVE_2 with frontend/backend/data/security/tests together,eafb11719e67135c7a6fa3b15e1170c5192e4771,2026-07-29T15:49:53+05:30
F-D01-public-education,PUBLIC DISCOVERY,public education,PLANNED,implementation-evidence-gap,MEDIUM,MEDIUM,DATABASE,L,POST_BETA,WAVE_2,implementation and end-to-end evidence,implement in WAVE_2 with frontend/backend/data/security/tests together,eafb11719e67135c7a6fa3b15e1170c5192e4771,2026-07-29T15:49:53+05:30
F-D01-public-community,PUBLIC DISCOVERY,public community,PLANNED,implementation-evidence-gap,MEDIUM,MEDIUM,DATABASE,L,POST_BETA,WAVE_2,implementation and end-to-end evidence,implement in WAVE_2 with frontend/backend/data/security/tests together,eafb11719e67135c7a6fa3b15e1170c5192e4771,2026-07-29T15:49:53+05:30
F-D01-seo,PUBLIC DISCOVERY,SEO,PLANNED,implementation-evidence-gap,MEDIUM,MEDIUM,DATABASE,L,POST_BETA,WAVE_2,implementation and end-to-end evidence,implement in WAVE_2 with frontend/backend/data/security/tests together,eafb11719e67135c7a6fa3b15e1170c5192e4771,2026-07-29T15:49:53+05:30
F-D01-social-previews,PUBLIC DISCOVERY,social previews,PLANNED,implementation-evidence-gap,MEDIUM,MEDIUM,DATABASE,PROGRAM,POST_BETA,WAVE_6,implementation and end-to-end evidence,implement in WAVE_6 with frontend/backend/data/security/tests together,eafb11719e67135c7a6fa3b15e1170c5192e4771,2026-07-29T15:49:53+05:30
F-D01-share-links,PUBLIC DISCOVERY,share links,PLANNED,implementation-evidence-gap,MEDIUM,MEDIUM,DATABASE,L,POST_BETA,WAVE_2,implementation and end-to-end evidence,implement in WAVE_2 with frontend/backend/data/security/tests together,eafb11719e67135c7a6fa3b15e1170c5192e4771,2026-07-29T15:49:53+05:30
F-D01-public-embeds,PUBLIC DISCOVERY,public embeds.,PLANNED,implementation-evidence-gap,MEDIUM,MEDIUM,DATABASE,L,POST_BETA,WAVE_2,implementation and end-to-end evidence,implement in WAVE_2 with frontend/backend/data/security/tests together,eafb11719e67135c7a6fa3b15e1170c5192e4771,2026-07-29T15:49:53+05:30
F-D02-prices,ASSET INTELLIGENCE,prices,PLANNED,implementation-evidence-gap,MEDIUM,MEDIUM,PROVIDER,L,POST_BETA,WAVE_2,implementation and end-to-end evidence,implement in WAVE_2 with frontend/backend/data/security/tests together,eafb11719e67135c7a6fa3b15e1170c5192e4771,2026-07-29T15:49:53+05:30
F-D02-returns,ASSET INTELLIGENCE,returns,PLANNED,implementation-evidence-gap,MEDIUM,MEDIUM,DATABASE,L,POST_BETA,WAVE_2,implementation and end-to-end evidence,implement in WAVE_2 with frontend/backend/data/security/tests together,eafb11719e67135c7a6fa3b15e1170c5192e4771,2026-07-29T15:49:53+05:30
F-D02-market-capitalization,ASSET INTELLIGENCE,market capitalization,PLANNED,implementation-evidence-gap,MEDIUM,MEDIUM,DATABASE,L,POST_BETA,WAVE_2,implementation and end-to-end evidence,implement in WAVE_2 with frontend/backend/data/security/tests together,eafb11719e67135c7a6fa3b15e1170c5192e4771,2026-07-29T15:49:53+05:30
F-D02-supply,ASSET INTELLIGENCE,supply,PLANNED,implementation-evidence-gap,MEDIUM,MEDIUM,DATABASE,L,POST_BETA,WAVE_2,implementation and end-to-end evidence,implement in WAVE_2 with frontend/backend/data/security/tests together,eafb11719e67135c7a6fa3b15e1170c5192e4771,2026-07-29T15:49:53+05:30
F-D02-volume,ASSET INTELLIGENCE,volume,PROTOTYPE,implementation-evidence-gap,HIGH,MEDIUM,DATABASE,M,PUBLIC_BETA_MUST,WAVE_2,implementation and end-to-end evidence,implement in WAVE_2 with frontend/backend/data/security/tests together,eafb11719e67135c7a6fa3b15e1170c5192e4771,2026-07-29T15:49:53+05:30
F-D02-liquidity,ASSET INTELLIGENCE,liquidity,PLANNED,implementation-evidence-gap,MEDIUM,MEDIUM,DATABASE,L,POST_BETA,WAVE_2,implementation and end-to-end evidence,implement in WAVE_2 with frontend/backend/data/security/tests together,eafb11719e67135c7a6fa3b15e1170c5192e4771,2026-07-29T15:49:53+05:30
F-D02-volatility,ASSET INTELLIGENCE,volatility,PLANNED,implementation-evidence-gap,MEDIUM,MEDIUM,DATABASE,L,POST_BETA,WAVE_1,implementation and end-to-end evidence,implement in WAVE_1 with frontend/backend/data/security/tests together,eafb11719e67135c7a6fa3b15e1170c5192e4771,2026-07-29T15:49:53+05:30
F-D02-fundamentals,ASSET INTELLIGENCE,fundamentals,PLANNED,implementation-evidence-gap,MEDIUM,MEDIUM,DATABASE,L,POST_BETA,WAVE_2,implementation and end-to-end evidence,implement in WAVE_2 with frontend/backend/data/security/tests together,eafb11719e67135c7a6fa3b15e1170c5192e4771,2026-07-29T15:49:53+05:30
F-D02-valuation,ASSET INTELLIGENCE,valuation,PLANNED,implementation-evidence-gap,MEDIUM,MEDIUM,DATABASE,L,POST_BETA,WAVE_2,implementation and end-to-end evidence,implement in WAVE_2 with frontend/backend/data/security/tests together,eafb11719e67135c7a6fa3b15e1170c5192e4771,2026-07-29T15:49:53+05:30
F-D02-financial-statements,ASSET INTELLIGENCE,financial statements,PLANNED,implementation-evidence-gap,MEDIUM,MEDIUM,DATABASE,L,POST_BETA,WAVE_2,implementation and end-to-end evidence,implement in WAVE_2 with frontend/backend/data/security/tests together,eafb11719e67135c7a6fa3b15e1170c5192e4771,2026-07-29T15:49:53+05:30
F-D02-ratios,ASSET INTELLIGENCE,ratios,PLANNED,implementation-evidence-gap,MEDIUM,MEDIUM,DATABASE,L,POST_BETA,WAVE_2,implementation and end-to-end evidence,implement in WAVE_2 with frontend/backend/data/security/tests together,eafb11719e67135c7a6fa3b15e1170c5192e4771,2026-07-29T15:49:53+05:30
F-D02-ownership,ASSET INTELLIGENCE,ownership,PLANNED,implementation-evidence-gap,MEDIUM,MEDIUM,DATABASE,L,POST_BETA,WAVE_2,implementation and end-to-end evidence,implement in WAVE_2 with frontend/backend/data/security/tests together,eafb11719e67135c7a6fa3b15e1170c5192e4771,2026-07-29T15:49:53+05:30
F-D02-analyst-estimates,ASSET INTELLIGENCE,analyst estimates,PLANNED,implementation-evidence-gap,MEDIUM,MEDIUM,DATABASE,L,POST_BETA,WAVE_2,implementation and end-to-end evidence,implement in WAVE_2 with frontend/backend/data/security/tests together,eafb11719e67135c7a6fa3b15e1170c5192e4771,2026-07-29T15:49:53+05:30
F-D02-corporate-actions,ASSET INTELLIGENCE,corporate actions,PLANNED,implementation-evidence-gap,MEDIUM,MEDIUM,DATABASE,L,POST_BETA,WAVE_2,implementation and end-to-end evidence,implement in WAVE_2 with frontend/backend/data/security/tests together,eafb11719e67135c7a6fa3b15e1170c5192e4771,2026-07-29T15:49:53+05:30
F-D02-dividends,ASSET INTELLIGENCE,dividends,PLANNED,implementation-evidence-gap,MEDIUM,MEDIUM,DATABASE,L,POST_BETA,WAVE_2,implementation and end-to-end evidence,implement in WAVE_2 with frontend/backend/data/security/tests together,eafb11719e67135c7a6fa3b15e1170c5192e4771,2026-07-29T15:49:53+05:30
F-D02-splits,ASSET INTELLIGENCE,splits,PLANNED,implementation-evidence-gap,MEDIUM,MEDIUM,DATABASE,L,POST_BETA,WAVE_2,implementation and end-to-end evidence,implement in WAVE_2 with frontend/backend/data/security/tests together,eafb11719e67135c7a6fa3b15e1170c5192e4771,2026-07-29T15:49:53+05:30
F-D02-earnings,ASSET INTELLIGENCE,earnings,PLANNED,implementation-evidence-gap,MEDIUM,MEDIUM,DATABASE,L,POST_BETA,WAVE_2,implementation and end-to-end evidence,implement in WAVE_2 with frontend/backend/data/security/tests together,eafb11719e67135c7a6fa3b15e1170c5192e4771,2026-07-29T15:49:53+05:30
F-D02-filings,ASSET INTELLIGENCE,filings,PLANNED,implementation-evidence-gap,MEDIUM,MEDIUM,PROVIDER,L,POST_BETA,WAVE_2,implementation and end-to-end evidence,implement in WAVE_2 with frontend/backend/data/security/tests together,eafb11719e67135c7a6fa3b15e1170c5192e4771,2026-07-29T15:49:53+05:30
F-D02-events,ASSET INTELLIGENCE,events,PLANNED,implementation-evidence-gap,MEDIUM,MEDIUM,DATABASE,L,POST_BETA,WAVE_2,implementation and end-to-end evidence,implement in WAVE_2 with frontend/backend/data/security/tests together,eafb11719e67135c7a6fa3b15e1170c5192e4771,2026-07-29T15:49:53+05:30
F-D02-peers,ASSET INTELLIGENCE,peers,PLANNED,implementation-evidence-gap,MEDIUM,MEDIUM,DATABASE,L,POST_BETA,WAVE_2,implementation and end-to-end evidence,implement in WAVE_2 with frontend/backend/data/security/tests together,eafb11719e67135c7a6fa3b15e1170c5192e4771,2026-07-29T15:49:53+05:30
F-D02-factors,ASSET INTELLIGENCE,factors,PLANNED,implementation-evidence-gap,MEDIUM,MEDIUM,DATABASE,L,POST_BETA,WAVE_2,implementation and end-to-end evidence,implement in WAVE_2 with frontend/backend/data/security/tests together,eafb11719e67135c7a6fa3b15e1170c5192e4771,2026-07-29T15:49:53+05:30
F-D02-sentiment,ASSET INTELLIGENCE,sentiment,PLANNED,implementation-evidence-gap,MEDIUM,MEDIUM,DATABASE,L,POST_BETA,WAVE_2,implementation and end-to-end evidence,implement in WAVE_2 with frontend/backend/data/security/tests together,eafb11719e67135c7a6fa3b15e1170c5192e4771,2026-07-29T15:49:53+05:30
F-D02-news,ASSET INTELLIGENCE,news,PROTOTYPE,implementation-evidence-gap,HIGH,MEDIUM,PROVIDER,M,PUBLIC_BETA_MUST,WAVE_2,implementation and end-to-end evidence,implement in WAVE_2 with frontend/backend/data/security/tests together,eafb11719e67135c7a6fa3b15e1170c5192e4771,2026-07-29T15:49:53+05:30
F-D02-risk,ASSET INTELLIGENCE,risk,PLANNED,implementation-evidence-gap,MEDIUM,MEDIUM,DATABASE,L,POST_BETA,WAVE_2,implementation and end-to-end evidence,implement in WAVE_2 with frontend/backend/data/security/tests together,eafb11719e67135c7a6fa3b15e1170c5192e4771,2026-07-29T15:49:53+05:30
F-D02-evidence-lineage,ASSET INTELLIGENCE,evidence lineage.,PROTOTYPE,implementation-evidence-gap,HIGH,MEDIUM,DATABASE,M,PUBLIC_BETA_MUST,WAVE_2,implementation and end-to-end evidence,implement in WAVE_2 with frontend/backend/data/security/tests together,eafb11719e67135c7a6fa3b15e1170c5192e4771,2026-07-29T15:49:53+05:30
F-D03-candlestick,CHARTS AND TECHNICAL ANALYSIS,candlestick,PROTOTYPE,implementation-evidence-gap,MEDIUM,MEDIUM,DATABASE,M,POST_BETA,WAVE_2,implementation and end-to-end evidence,implement in WAVE_2 with frontend/backend/data/security/tests together,eafb11719e67135c7a6fa3b15e1170c5192e4771,2026-07-29T15:49:53+05:30
F-D03-line,CHARTS AND TECHNICAL ANALYSIS,line,PROTOTYPE,implementation-evidence-gap,MEDIUM,MEDIUM,DATABASE,M,POST_BETA,WAVE_2,implementation and end-to-end evidence,implement in WAVE_2 with frontend/backend/data/security/tests together,eafb11719e67135c7a6fa3b15e1170c5192e4771,2026-07-29T15:49:53+05:30
F-D03-area,CHARTS AND TECHNICAL ANALYSIS,area,PROTOTYPE,implementation-evidence-gap,MEDIUM,MEDIUM,DATABASE,M,POST_BETA,WAVE_2,implementation and end-to-end evidence,implement in WAVE_2 with frontend/backend/data/security/tests together,eafb11719e67135c7a6fa3b15e1170c5192e4771,2026-07-29T15:49:53+05:30
F-D03-ohlc,CHARTS AND TECHNICAL ANALYSIS,OHLC,PROTOTYPE,implementation-evidence-gap,MEDIUM,MEDIUM,DATABASE,M,POST_BETA,WAVE_2,implementation and end-to-end evidence,implement in WAVE_2 with frontend/backend/data/security/tests together,eafb11719e67135c7a6fa3b15e1170c5192e4771,2026-07-29T15:49:53+05:30
F-D03-heikin-ashi,CHARTS AND TECHNICAL ANALYSIS,Heikin Ashi,PLANNED,implementation-evidence-gap,MEDIUM,MEDIUM,DATABASE,L,POST_BETA,WAVE_2,implementation and end-to-end evidence,implement in WAVE_2 with frontend/backend/data/security/tests together,eafb11719e67135c7a6fa3b15e1170c5192e4771,2026-07-29T15:49:53+05:30
F-D03-renko-where-supported,CHARTS AND TECHNICAL ANALYSIS,Renko where supported,PLANNED,implementation-evidence-gap,MEDIUM,MEDIUM,DATABASE,L,POST_BETA,WAVE_2,implementation and end-to-end evidence,implement in WAVE_2 with frontend/backend/data/security/tests together,eafb11719e67135c7a6fa3b15e1170c5192e4771,2026-07-29T15:49:53+05:30
F-D03-point-and-figure-where-supported,CHARTS AND TECHNICAL ANALYSIS,point-and-figure where supported,PLANNED,implementation-evidence-gap,MEDIUM,MEDIUM,DATABASE,L,POST_BETA,WAVE_2,implementation and end-to-end evidence,implement in WAVE_2 with frontend/backend/data/security/tests together,eafb11719e67135c7a6fa3b15e1170c5192e4771,2026-07-29T15:49:53+05:30
F-D03-overlays,CHARTS AND TECHNICAL ANALYSIS,overlays,PLANNED,implementation-evidence-gap,MEDIUM,MEDIUM,DATABASE,L,POST_BETA,WAVE_2,implementation and end-to-end evidence,implement in WAVE_2 with frontend/backend/data/security/tests together,eafb11719e67135c7a6fa3b15e1170c5192e4771,2026-07-29T15:49:53+05:30
F-D03-drawings,CHARTS AND TECHNICAL ANALYSIS,drawings,PLANNED,implementation-evidence-gap,MEDIUM,MEDIUM,DATABASE,L,POST_BETA,WAVE_2,implementation and end-to-end evidence,implement in WAVE_2 with frontend/backend/data/security/tests together,eafb11719e67135c7a6fa3b15e1170c5192e4771,2026-07-29T15:49:53+05:30
F-D03-annotations,CHARTS AND TECHNICAL ANALYSIS,annotations,PLANNED,implementation-evidence-gap,MEDIUM,MEDIUM,DATABASE,L,POST_BETA,WAVE_2,implementation and end-to-end evidence,implement in WAVE_2 with frontend/backend/data/security/tests together,eafb11719e67135c7a6fa3b15e1170c5192e4771,2026-07-29T15:49:53+05:30
F-D03-multi-chart-layouts,CHARTS AND TECHNICAL ANALYSIS,multi-chart layouts,PLANNED,implementation-evidence-gap,MEDIUM,MEDIUM,DATABASE,L,POST_BETA,WAVE_2,implementation and end-to-end evidence,implement in WAVE_2 with frontend/backend/data/security/tests together,eafb11719e67135c7a6fa3b15e1170c5192e4771,2026-07-29T15:49:53+05:30
F-D03-synchronized-cursors,CHARTS AND TECHNICAL ANALYSIS,synchronized cursors,PLANNED,implementation-evidence-gap,MEDIUM,MEDIUM,DATABASE,L,POST_BETA,WAVE_2,implementation and end-to-end evidence,implement in WAVE_2 with frontend/backend/data/security/tests together,eafb11719e67135c7a6fa3b15e1170c5192e4771,2026-07-29T15:49:53+05:30
F-D03-multi-timeframe,CHARTS AND TECHNICAL ANALYSIS,multi-timeframe,PLANNED,implementation-evidence-gap,MEDIUM,MEDIUM,DATABASE,L,POST_BETA,WAVE_2,implementation and end-to-end evidence,implement in WAVE_2 with frontend/backend/data/security/tests together,eafb11719e67135c7a6fa3b15e1170c5192e4771,2026-07-29T15:49:53+05:30
F-D03-replay,CHARTS AND TECHNICAL ANALYSIS,replay,PLANNED,implementation-evidence-gap,MEDIUM,MEDIUM,DATABASE,L,POST_BETA,WAVE_3,implementation and end-to-end evidence,implement in WAVE_3 with frontend/backend/data/security/tests together,eafb11719e67135c7a6fa3b15e1170c5192e4771,2026-07-29T15:49:53+05:30
F-D03-indicators,CHARTS AND TECHNICAL ANALYSIS,indicators,PLANNED,implementation-evidence-gap,MEDIUM,MEDIUM,DATABASE,L,POST_BETA,WAVE_1,implementation and end-to-end evidence,implement in WAVE_1 with frontend/backend/data/security/tests together,eafb11719e67135c7a6fa3b15e1170c5192e4771,2026-07-29T15:49:53+05:30
F-D03-indicator-builder,CHARTS AND TECHNICAL ANALYSIS,indicator builder,PLANNED,implementation-evidence-gap,MEDIUM,MEDIUM,DATABASE,L,POST_BETA,WAVE_1,implementation and end-to-end evidence,implement in WAVE_1 with frontend/backend/data/security/tests together,eafb11719e67135c7a6fa3b15e1170c5192e4771,2026-07-29T15:49:53+05:30
F-D03-indicator-templates,CHARTS AND TECHNICAL ANALYSIS,indicator templates,PLANNED,implementation-evidence-gap,MEDIUM,MEDIUM,DATABASE,L,POST_BETA,WAVE_1,implementation and end-to-end evidence,implement in WAVE_1 with frontend/backend/data/security/tests together,eafb11719e67135c7a6fa3b15e1170c5192e4771,2026-07-29T15:49:53+05:30
F-D03-alerts-from-chart,CHARTS AND TECHNICAL ANALYSIS,alerts from chart,PROTOTYPE,implementation-evidence-gap,MEDIUM,MEDIUM,DATABASE,M,POST_BETA,WAVE_2,implementation and end-to-end evidence,implement in WAVE_2 with frontend/backend/data/security/tests together,eafb11719e67135c7a6fa3b15e1170c5192e4771,2026-07-29T15:49:53+05:30
F-D03-evidence-source-metadata,CHARTS AND TECHNICAL ANALYSIS,evidence/source metadata.,PLANNED,implementation-evidence-gap,MEDIUM,MEDIUM,DATABASE,L,POST_BETA,WAVE_2,implementation and end-to-end evidence,implement in WAVE_2 with frontend/backend/data/security/tests together,eafb11719e67135c7a6fa3b15e1170c5192e4771,2026-07-29T15:49:53+05:30
F-D04-multiple-watchlists,WATCHLISTS AND SCREENERS,multiple watchlists,PROTOTYPE,implementation-evidence-gap,HIGH,MEDIUM,DATABASE,M,PUBLIC_BETA_MUST,WAVE_2,implementation and end-to-end evidence,implement in WAVE_2 with frontend/backend/data/security/tests together,eafb11719e67135c7a6fa3b15e1170c5192e4771,2026-07-29T15:49:53+05:30
F-D04-folders,WATCHLISTS AND SCREENERS,folders,PLANNED,implementation-evidence-gap,MEDIUM,MEDIUM,DATABASE,L,POST_BETA,WAVE_2,implementation and end-to-end evidence,implement in WAVE_2 with frontend/backend/data/security/tests together,eafb11719e67135c7a6fa3b15e1170c5192e4771,2026-07-29T15:49:53+05:30
F-D04-tags,WATCHLISTS AND SCREENERS,tags,PLANNED,implementation-evidence-gap,MEDIUM,MEDIUM,DATABASE,L,POST_BETA,WAVE_2,implementation and end-to-end evidence,implement in WAVE_2 with frontend/backend/data/security/tests together,eafb11719e67135c7a6fa3b15e1170c5192e4771,2026-07-29T15:49:53+05:30
F-D04-notes,WATCHLISTS AND SCREENERS,notes,PLANNED,implementation-evidence-gap,MEDIUM,MEDIUM,DATABASE,L,POST_BETA,WAVE_2,implementation and end-to-end evidence,implement in WAVE_2 with frontend/backend/data/security/tests together,eafb11719e67135c7a6fa3b15e1170c5192e4771,2026-07-29T15:49:53+05:30
F-D04-shared-watchlists,WATCHLISTS AND SCREENERS,shared watchlists,PROTOTYPE,implementation-evidence-gap,HIGH,MEDIUM,DATABASE,M,PUBLIC_BETA_MUST,WAVE_2,implementation and end-to-end evidence,implement in WAVE_2 with frontend/backend/data/security/tests together,eafb11719e67135c7a6fa3b15e1170c5192e4771,2026-07-29T15:49:53+05:30
F-D04-public-watchlists,WATCHLISTS AND SCREENERS,public watchlists,PROTOTYPE,implementation-evidence-gap,HIGH,MEDIUM,DATABASE,M,PUBLIC_BETA_MUST,WAVE_2,implementation and end-to-end evidence,implement in WAVE_2 with frontend/backend/data/security/tests together,eafb11719e67135c7a6fa3b15e1170c5192e4771,2026-07-29T15:49:53+05:30
F-D04-collaborative-watchlists,WATCHLISTS AND SCREENERS,collaborative watchlists,PROTOTYPE,implementation-evidence-gap,HIGH,MEDIUM,DATABASE,M,PUBLIC_BETA_MUST,WAVE_2,implementation and end-to-end evidence,implement in WAVE_2 with frontend/backend/data/security/tests together,eafb11719e67135c7a6fa3b15e1170c5192e4771,2026-07-29T15:49:53+05:30
F-D04-formula-screeners,WATCHLISTS AND SCREENERS,formula screeners,PROTOTYPE,implementation-evidence-gap,HIGH,MEDIUM,DATABASE,M,PUBLIC_BETA_MUST,WAVE_2,implementation and end-to-end evidence,implement in WAVE_2 with frontend/backend/data/security/tests together,eafb11719e67135c7a6fa3b15e1170c5192e4771,2026-07-29T15:49:53+05:30
F-D04-technical-screeners,WATCHLISTS AND SCREENERS,technical screeners,PROTOTYPE,implementation-evidence-gap,HIGH,MEDIUM,DATABASE,M,PUBLIC_BETA_MUST,WAVE_2,implementation and end-to-end evidence,implement in WAVE_2 with frontend/backend/data/security/tests together,eafb11719e67135c7a6fa3b15e1170c5192e4771,2026-07-29T15:49:53+05:30
F-D04-fundamental-screeners,WATCHLISTS AND SCREENERS,fundamental screeners,PROTOTYPE,implementation-evidence-gap,HIGH,MEDIUM,DATABASE,M,PUBLIC_BETA_MUST,WAVE_2,implementation and end-to-end evidence,implement in WAVE_2 with frontend/backend/data/security/tests together,eafb11719e67135c7a6fa3b15e1170c5192e4771,2026-07-29T15:49:53+05:30
F-D04-derivatives-screeners,WATCHLISTS AND SCREENERS,derivatives screeners,PROTOTYPE,implementation-evidence-gap,HIGH,MEDIUM,DATABASE,M,PUBLIC_BETA_MUST,WAVE_2,implementation and end-to-end evidence,implement in WAVE_2 with frontend/backend/data/security/tests together,eafb11719e67135c7a6fa3b15e1170c5192e4771,2026-07-29T15:49:53+05:30
F-D04-on-chain-screeners,WATCHLISTS AND SCREENERS,on-chain screeners,PROTOTYPE,implementation-evidence-gap,HIGH,HIGH,SECURITY,PROGRAM,PUBLIC_BETA_MUST,WAVE_7,implementation and end-to-end evidence,implement in WAVE_7 with frontend/backend/data/security/tests together,eafb11719e67135c7a6fa3b15e1170c5192e4771,2026-07-29T15:49:53+05:30
F-D04-portfolio-screeners,WATCHLISTS AND SCREENERS,portfolio screeners,PROTOTYPE,implementation-evidence-gap,HIGH,MEDIUM,DATABASE,M,PUBLIC_BETA_MUST,WAVE_2,implementation and end-to-end evidence,implement in WAVE_2 with frontend/backend/data/security/tests together,eafb11719e67135c7a6fa3b15e1170c5192e4771,2026-07-29T15:49:53+05:30
F-D04-saved-filters,WATCHLISTS AND SCREENERS,saved filters,PLANNED,implementation-evidence-gap,MEDIUM,MEDIUM,DATABASE,L,POST_BETA,WAVE_2,implementation and end-to-end evidence,implement in WAVE_2 with frontend/backend/data/security/tests together,eafb11719e67135c7a6fa3b15e1170c5192e4771,2026-07-29T15:49:53+05:30
F-D04-alerts,WATCHLISTS AND SCREENERS,alerts,PROTOTYPE,implementation-evidence-gap,HIGH,MEDIUM,DATABASE,M,PUBLIC_BETA_MUST,WAVE_2,implementation and end-to-end evidence,implement in WAVE_2 with frontend/backend/data/security/tests together,eafb11719e67135c7a6fa3b15e1170c5192e4771,2026-07-29T15:49:53+05:30
F-D04-exports,WATCHLISTS AND SCREENERS,exports,PLANNED,implementation-evidence-gap,MEDIUM,MEDIUM,DATABASE,L,POST_BETA,WAVE_2,implementation and end-to-end evidence,implement in WAVE_2 with frontend/backend/data/security/tests together,eafb11719e67135c7a6fa3b15e1170c5192e4771,2026-07-29T15:49:53+05:30
F-D04-scheduled-reports,WATCHLISTS AND SCREENERS,scheduled reports.,PLANNED,implementation-evidence-gap,MEDIUM,MEDIUM,DATABASE,L,POST_BETA,WAVE_2,implementation and end-to-end evidence,implement in WAVE_2 with frontend/backend/data/security/tests together,eafb11719e67135c7a6fa3b15e1170c5192e4771,2026-07-29T15:49:53+05:30
F-D05-manual-portfolios,PORTFOLIO AND WEALTH,manual portfolios,PLANNED,implementation-evidence-gap,MEDIUM,MEDIUM,DATABASE,L,POST_BETA,WAVE_2,implementation and end-to-end evidence,implement in WAVE_2 with frontend/backend/data/security/tests together,eafb11719e67135c7a6fa3b15e1170c5192e4771,2026-07-29T15:49:53+05:30
F-D05-imported-portfolios,PORTFOLIO AND WEALTH,imported portfolios,PLANNED,implementation-evidence-gap,MEDIUM,MEDIUM,DATABASE,L,POST_BETA,WAVE_2,implementation and end-to-end evidence,implement in WAVE_2 with frontend/backend/data/security/tests together,eafb11719e67135c7a6fa3b15e1170c5192e4771,2026-07-29T15:49:53+05:30
F-D05-broker-connected-portfolios,PORTFOLIO AND WEALTH,broker-connected portfolios,PLANNED,implementation-evidence-gap,MEDIUM,HIGH,SECURITY,L,POST_BETA,WAVE_4,implementation and end-to-end evidence,implement in WAVE_4 with frontend/backend/data/security/tests together,eafb11719e67135c7a6fa3b15e1170c5192e4771,2026-07-29T15:49:53+05:30
F-D05-exchange-connected-portfolios,PORTFOLIO AND WEALTH,exchange-connected portfolios,PLANNED,implementation-evidence-gap,MEDIUM,HIGH,SECURITY,L,POST_BETA,WAVE_2,implementation and end-to-end evidence,implement in WAVE_2 with frontend/backend/data/security/tests together,eafb11719e67135c7a6fa3b15e1170c5192e4771,2026-07-29T15:49:53+05:30
F-D05-wallet-connected-portfolios,PORTFOLIO AND WEALTH,wallet-connected portfolios,PLANNED,implementation-evidence-gap,MEDIUM,HIGH,SECURITY,L,POST_BETA,WAVE_4,implementation and end-to-end evidence,implement in WAVE_4 with frontend/backend/data/security/tests together,eafb11719e67135c7a6fa3b15e1170c5192e4771,2026-07-29T15:49:53+05:30
F-D05-holdings,PORTFOLIO AND WEALTH,holdings,PLANNED,implementation-evidence-gap,MEDIUM,MEDIUM,DATABASE,L,POST_BETA,WAVE_2,implementation and end-to-end evidence,implement in WAVE_2 with frontend/backend/data/security/tests together,eafb11719e67135c7a6fa3b15e1170c5192e4771,2026-07-29T15:49:53+05:30
F-D05-positions,PORTFOLIO AND WEALTH,positions,PLANNED,implementation-evidence-gap,MEDIUM,MEDIUM,DATABASE,L,POST_BETA,WAVE_2,implementation and end-to-end evidence,implement in WAVE_2 with frontend/backend/data/security/tests together,eafb11719e67135c7a6fa3b15e1170c5192e4771,2026-07-29T15:49:53+05:30
F-D05-transactions,PORTFOLIO AND WEALTH,transactions,PLANNED,implementation-evidence-gap,MEDIUM,MEDIUM,DATABASE,L,POST_BETA,WAVE_2,implementation and end-to-end evidence,implement in WAVE_2 with frontend/backend/data/security/tests together,eafb11719e67135c7a6fa3b15e1170c5192e4771,2026-07-29T15:49:53+05:30
F-D05-cash,PORTFOLIO AND WEALTH,cash,PLANNED,implementation-evidence-gap,MEDIUM,MEDIUM,DATABASE,L,POST_BETA,WAVE_2,implementation and end-to-end evidence,implement in WAVE_2 with frontend/backend/data/security/tests together,eafb11719e67135c7a6fa3b15e1170c5192e4771,2026-07-29T15:49:53+05:30
F-D05-multi-currency,PORTFOLIO AND WEALTH,multi-currency,PLANNED,implementation-evidence-gap,MEDIUM,MEDIUM,DATABASE,L,POST_BETA,WAVE_2,implementation and end-to-end evidence,implement in WAVE_2 with frontend/backend/data/security/tests together,eafb11719e67135c7a6fa3b15e1170c5192e4771,2026-07-29T15:49:53+05:30
F-D05-cost-basis,PORTFOLIO AND WEALTH,cost basis,PLANNED,implementation-evidence-gap,MEDIUM,MEDIUM,DATABASE,L,POST_BETA,WAVE_2,implementation and end-to-end evidence,implement in WAVE_2 with frontend/backend/data/security/tests together,eafb11719e67135c7a6fa3b15e1170c5192e4771,2026-07-29T15:49:53+05:30
F-D05-tax-lots,PORTFOLIO AND WEALTH,tax lots,PLANNED,implementation-evidence-gap,MEDIUM,MEDIUM,DATABASE,L,POST_BETA,WAVE_1,implementation and end-to-end evidence,implement in WAVE_1 with frontend/backend/data/security/tests together,eafb11719e67135c7a6fa3b15e1170c5192e4771,2026-07-29T15:49:53+05:30
F-D05-goals,PORTFOLIO AND WEALTH,goals,PLANNED,implementation-evidence-gap,MEDIUM,MEDIUM,DATABASE,L,POST_BETA,WAVE_2,implementation and end-to-end evidence,implement in WAVE_2 with frontend/backend/data/security/tests together,eafb11719e67135c7a6fa3b15e1170c5192e4771,2026-07-29T15:49:53+05:30
F-D05-rebalancing,PORTFOLIO AND WEALTH,rebalancing,PLANNED,implementation-evidence-gap,MEDIUM,MEDIUM,DATABASE,L,POST_BETA,WAVE_2,implementation and end-to-end evidence,implement in WAVE_2 with frontend/backend/data/security/tests together,eafb11719e67135c7a6fa3b15e1170c5192e4771,2026-07-29T15:49:53+05:30
F-D05-allocation,PORTFOLIO AND WEALTH,allocation,PLANNED,implementation-evidence-gap,MEDIUM,MEDIUM,DATABASE,L,POST_BETA,WAVE_2,implementation and end-to-end evidence,implement in WAVE_2 with frontend/backend/data/security/tests together,eafb11719e67135c7a6fa3b15e1170c5192e4771,2026-07-29T15:49:53+05:30
F-D05-performance,PORTFOLIO AND WEALTH,performance,PLANNED,implementation-evidence-gap,MEDIUM,MEDIUM,DATABASE,L,POST_BETA,WAVE_2,implementation and end-to-end evidence,implement in WAVE_2 with frontend/backend/data/security/tests together,eafb11719e67135c7a6fa3b15e1170c5192e4771,2026-07-29T15:49:53+05:30
F-D05-benchmark,PORTFOLIO AND WEALTH,benchmark,PLANNED,implementation-evidence-gap,MEDIUM,MEDIUM,DATABASE,L,POST_BETA,WAVE_2,implementation and end-to-end evidence,implement in WAVE_2 with frontend/backend/data/security/tests together,eafb11719e67135c7a6fa3b15e1170c5192e4771,2026-07-29T15:49:53+05:30
F-D05-reporting,PORTFOLIO AND WEALTH,reporting,PLANNED,implementation-evidence-gap,MEDIUM,MEDIUM,DATABASE,L,POST_BETA,WAVE_2,implementation and end-to-end evidence,implement in WAVE_2 with frontend/backend/data/security/tests together,eafb11719e67135c7a6fa3b15e1170c5192e4771,2026-07-29T15:49:53+05:30
F-D05-net-worth,PORTFOLIO AND WEALTH,net worth,PLANNED,implementation-evidence-gap,MEDIUM,MEDIUM,DATABASE,L,POST_BETA,WAVE_2,implementation and end-to-end evidence,implement in WAVE_2 with frontend/backend/data/security/tests together,eafb11719e67135c7a6fa3b15e1170c5192e4771,2026-07-29T15:49:53+05:30
F-D05-liabilities,PORTFOLIO AND WEALTH,liabilities,PLANNED,implementation-evidence-gap,MEDIUM,MEDIUM,DATABASE,L,POST_BETA,WAVE_2,implementation and end-to-end evidence,implement in WAVE_2 with frontend/backend/data/security/tests together,eafb11719e67135c7a6fa3b15e1170c5192e4771,2026-07-29T15:49:53+05:30
F-D05-retirement,PORTFOLIO AND WEALTH,retirement,PLANNED,implementation-evidence-gap,MEDIUM,MEDIUM,DATABASE,L,POST_BETA,WAVE_2,implementation and end-to-end evidence,implement in WAVE_2 with frontend/backend/data/security/tests together,eafb11719e67135c7a6fa3b15e1170c5192e4771,2026-07-29T15:49:53+05:30
F-D05-fire,PORTFOLIO AND WEALTH,FIRE,PLANNED,implementation-evidence-gap,MEDIUM,MEDIUM,DATABASE,L,POST_BETA,WAVE_2,implementation and end-to-end evidence,implement in WAVE_2 with frontend/backend/data/security/tests together,eafb11719e67135c7a6fa3b15e1170c5192e4771,2026-07-29T15:49:53+05:30
F-D05-indian-investment-products,PORTFOLIO AND WEALTH,Indian investment products.,PLANNED,implementation-evidence-gap,MEDIUM,MEDIUM,DATABASE,L,POST_BETA,WAVE_2,implementation and end-to-end evidence,implement in WAVE_2 with frontend/backend/data/security/tests together,eafb11719e67135c7a6fa3b15e1170c5192e4771,2026-07-29T15:49:53+05:30
F-D06-return-decomposition,PERFORMANCE ATTRIBUTION AND RISK,return decomposition,PLANNED,implementation-evidence-gap,MEDIUM,MEDIUM,DATABASE,L,POST_BETA,WAVE_2,implementation and end-to-end evidence,implement in WAVE_2 with frontend/backend/data/security/tests together,eafb11719e67135c7a6fa3b15e1170c5192e4771,2026-07-29T15:49:53+05:30
F-D06-factor-attribution,PERFORMANCE ATTRIBUTION AND RISK,factor attribution,PLANNED,implementation-evidence-gap,MEDIUM,MEDIUM,DATABASE,L,POST_BETA,WAVE_2,implementation and end-to-end evidence,implement in WAVE_2 with frontend/backend/data/security/tests together,eafb11719e67135c7a6fa3b15e1170c5192e4771,2026-07-29T15:49:53+05:30
F-D06-sector-attribution,PERFORMANCE ATTRIBUTION AND RISK,sector attribution,PLANNED,implementation-evidence-gap,MEDIUM,MEDIUM,DATABASE,L,POST_BETA,WAVE_2,implementation and end-to-end evidence,implement in WAVE_2 with frontend/backend/data/security/tests together,eafb11719e67135c7a6fa3b15e1170c5192e4771,2026-07-29T15:49:53+05:30
F-D06-geography,PERFORMANCE ATTRIBUTION AND RISK,geography,PLANNED,implementation-evidence-gap,MEDIUM,MEDIUM,DATABASE,L,POST_BETA,WAVE_2,implementation and end-to-end evidence,implement in WAVE_2 with frontend/backend/data/security/tests together,eafb11719e67135c7a6fa3b15e1170c5192e4771,2026-07-29T15:49:53+05:30
F-D06-currency,PERFORMANCE ATTRIBUTION AND RISK,currency,PLANNED,implementation-evidence-gap,MEDIUM,MEDIUM,DATABASE,L,POST_BETA,WAVE_2,implementation and end-to-end evidence,implement in WAVE_2 with frontend/backend/data/security/tests together,eafb11719e67135c7a6fa3b15e1170c5192e4771,2026-07-29T15:49:53+05:30
F-D06-venue,PERFORMANCE ATTRIBUTION AND RISK,venue,PLANNED,implementation-evidence-gap,MEDIUM,MEDIUM,DATABASE,L,POST_BETA,WAVE_2,implementation and end-to-end evidence,implement in WAVE_2 with frontend/backend/data/security/tests together,eafb11719e67135c7a6fa3b15e1170c5192e4771,2026-07-29T15:49:53+05:30
F-D06-chain,PERFORMANCE ATTRIBUTION AND RISK,chain,PLANNED,implementation-evidence-gap,MEDIUM,HIGH,SECURITY,L,POST_BETA,WAVE_2,implementation and end-to-end evidence,implement in WAVE_2 with frontend/backend/data/security/tests together,eafb11719e67135c7a6fa3b15e1170c5192e4771,2026-07-29T15:49:53+05:30
F-D06-concentration,PERFORMANCE ATTRIBUTION AND RISK,concentration,PLANNED,implementation-evidence-gap,MEDIUM,MEDIUM,DATABASE,L,POST_BETA,WAVE_2,implementation and end-to-end evidence,implement in WAVE_2 with frontend/backend/data/security/tests together,eafb11719e67135c7a6fa3b15e1170c5192e4771,2026-07-29T15:49:53+05:30
F-D06-beta,PERFORMANCE ATTRIBUTION AND RISK,beta,PLANNED,implementation-evidence-gap,MEDIUM,MEDIUM,DATABASE,L,POST_BETA,WAVE_2,implementation and end-to-end evidence,implement in WAVE_2 with frontend/backend/data/security/tests together,eafb11719e67135c7a6fa3b15e1170c5192e4771,2026-07-29T15:49:53+05:30
F-D06-correlation,PERFORMANCE ATTRIBUTION AND RISK,correlation,PLANNED,implementation-evidence-gap,MEDIUM,MEDIUM,DATABASE,L,POST_BETA,WAVE_2,implementation and end-to-end evidence,implement in WAVE_2 with frontend/backend/data/security/tests together,eafb11719e67135c7a6fa3b15e1170c5192e4771,2026-07-29T15:49:53+05:30
F-D06-drawdown,PERFORMANCE ATTRIBUTION AND RISK,drawdown,PLANNED,implementation-evidence-gap,MEDIUM,MEDIUM,DATABASE,L,POST_BETA,WAVE_2,implementation and end-to-end evidence,implement in WAVE_2 with frontend/backend/data/security/tests together,eafb11719e67135c7a6fa3b15e1170c5192e4771,2026-07-29T15:49:53+05:30
F-D06-var,PERFORMANCE ATTRIBUTION AND RISK,VaR,PLANNED,implementation-evidence-gap,MEDIUM,MEDIUM,DATABASE,L,POST_BETA,WAVE_1,implementation and end-to-end evidence,implement in WAVE_1 with frontend/backend/data/security/tests together,eafb11719e67135c7a6fa3b15e1170c5192e4771,2026-07-29T15:49:53+05:30
F-D06-cvar,PERFORMANCE ATTRIBUTION AND RISK,CVaR,PLANNED,implementation-evidence-gap,MEDIUM,MEDIUM,DATABASE,L,POST_BETA,WAVE_1,implementation and end-to-end evidence,implement in WAVE_1 with frontend/backend/data/security/tests together,eafb11719e67135c7a6fa3b15e1170c5192e4771,2026-07-29T15:49:53+05:30
F-D06-stress-tests,PERFORMANCE ATTRIBUTION AND RISK,stress tests,PLANNED,implementation-evidence-gap,MEDIUM,MEDIUM,DATABASE,L,POST_BETA,WAVE_2,implementation and end-to-end evidence,implement in WAVE_2 with frontend/backend/data/security/tests together,eafb11719e67135c7a6fa3b15e1170c5192e4771,2026-07-29T15:49:53+05:30
F-D06-scenarios,PERFORMANCE ATTRIBUTION AND RISK,scenarios,PLANNED,implementation-evidence-gap,MEDIUM,MEDIUM,DATABASE,L,POST_BETA,WAVE_2,implementation and end-to-end evidence,implement in WAVE_2 with frontend/backend/data/security/tests together,eafb11719e67135c7a6fa3b15e1170c5192e4771,2026-07-29T15:49:53+05:30
F-D06-liquidity-risk,PERFORMANCE ATTRIBUTION AND RISK,liquidity risk,PLANNED,implementation-evidence-gap,MEDIUM,MEDIUM,DATABASE,L,POST_BETA,WAVE_2,implementation and end-to-end evidence,implement in WAVE_2 with frontend/backend/data/security/tests together,eafb11719e67135c7a6fa3b15e1170c5192e4771,2026-07-29T15:49:53+05:30
F-D06-margin-risk,PERFORMANCE ATTRIBUTION AND RISK,margin risk,PLANNED,implementation-evidence-gap,MEDIUM,MEDIUM,DATABASE,L,POST_BETA,WAVE_2,implementation and end-to-end evidence,implement in WAVE_2 with frontend/backend/data/security/tests together,eafb11719e67135c7a6fa3b15e1170c5192e4771,2026-07-29T15:49:53+05:30
F-D06-leverage-risk,PERFORMANCE ATTRIBUTION AND RISK,leverage risk,PLANNED,implementation-evidence-gap,MEDIUM,MEDIUM,DATABASE,L,POST_BETA,WAVE_2,implementation and end-to-end evidence,implement in WAVE_2 with frontend/backend/data/security/tests together,eafb11719e67135c7a6fa3b15e1170c5192e4771,2026-07-29T15:49:53+05:30
F-D06-counterparty-risk,PERFORMANCE ATTRIBUTION AND RISK,counterparty risk,PLANNED,implementation-evidence-gap,MEDIUM,MEDIUM,DATABASE,L,POST_BETA,WAVE_2,implementation and end-to-end evidence,implement in WAVE_2 with frontend/backend/data/security/tests together,eafb11719e67135c7a6fa3b15e1170c5192e4771,2026-07-29T15:49:53+05:30
F-D06-portfolio-digital-twin,PERFORMANCE ATTRIBUTION AND RISK,portfolio digital twin,PLANNED,implementation-evidence-gap,MEDIUM,MEDIUM,DATABASE,PROGRAM,POST_BETA,WAVE_8,implementation and end-to-end evidence,implement in WAVE_8 with frontend/backend/data/security/tests together,eafb11719e67135c7a6fa3b15e1170c5192e4771,2026-07-29T15:49:53+05:30
F-D06-rebalance-proposals,PERFORMANCE ATTRIBUTION AND RISK,rebalance proposals.,PLANNED,implementation-evidence-gap,MEDIUM,MEDIUM,DATABASE,L,POST_BETA,WAVE_2,implementation and end-to-end evidence,implement in WAVE_2 with frontend/backend/data/security/tests together,eafb11719e67135c7a6fa3b15e1170c5192e4771,2026-07-29T15:49:53+05:30
F-D07-research-library,"RESEARCH, DOCUMENTS AND NEWS",research library,PROTOTYPE,implementation-evidence-gap,HIGH,MEDIUM,DATABASE,M,PUBLIC_BETA_MUST,WAVE_2,implementation and end-to-end evidence,implement in WAVE_2 with frontend/backend/data/security/tests together,eafb11719e67135c7a6fa3b15e1170c5192e4771,2026-07-29T15:49:53+05:30
F-D07-document-upload,"RESEARCH, DOCUMENTS AND NEWS",document upload,PLANNED,implementation-evidence-gap,MEDIUM,MEDIUM,DATABASE,L,POST_BETA,WAVE_2,implementation and end-to-end evidence,implement in WAVE_2 with frontend/backend/data/security/tests together,eafb11719e67135c7a6fa3b15e1170c5192e4771,2026-07-29T15:49:53+05:30
F-D07-ocr-where-safe,"RESEARCH, DOCUMENTS AND NEWS",OCR where safe,PLANNED,implementation-evidence-gap,MEDIUM,MEDIUM,DATABASE,L,POST_BETA,WAVE_2,implementation and end-to-end evidence,implement in WAVE_2 with frontend/backend/data/security/tests together,eafb11719e67135c7a6fa3b15e1170c5192e4771,2026-07-29T15:49:53+05:30
F-D07-filing-reader,"RESEARCH, DOCUMENTS AND NEWS",filing reader,PROTOTYPE,implementation-evidence-gap,HIGH,MEDIUM,PROVIDER,M,PUBLIC_BETA_MUST,WAVE_2,implementation and end-to-end evidence,implement in WAVE_2 with frontend/backend/data/security/tests together,eafb11719e67135c7a6fa3b15e1170c5192e4771,2026-07-29T15:49:53+05:30
F-D07-citation-anchors,"RESEARCH, DOCUMENTS AND NEWS",citation anchors,PLANNED,implementation-evidence-gap,MEDIUM,MEDIUM,DATABASE,L,POST_BETA,WAVE_2,implementation and end-to-end evidence,implement in WAVE_2 with frontend/backend/data/security/tests together,eafb11719e67135c7a6fa3b15e1170c5192e4771,2026-07-29T15:49:53+05:30
F-D07-source-shelf,"RESEARCH, DOCUMENTS AND NEWS",source shelf,PLANNED,implementation-evidence-gap,MEDIUM,MEDIUM,DATABASE,L,POST_BETA,WAVE_2,implementation and end-to-end evidence,implement in WAVE_2 with frontend/backend/data/security/tests together,eafb11719e67135c7a6fa3b15e1170c5192e4771,2026-07-29T15:49:53+05:30
F-D07-earnings-transcripts,"RESEARCH, DOCUMENTS AND NEWS",earnings transcripts,PLANNED,implementation-evidence-gap,MEDIUM,MEDIUM,DATABASE,L,POST_BETA,WAVE_2,implementation and end-to-end evidence,implement in WAVE_2 with frontend/backend/data/security/tests together,eafb11719e67135c7a6fa3b15e1170c5192e4771,2026-07-29T15:49:53+05:30
F-D07-annual-reports,"RESEARCH, DOCUMENTS AND NEWS",annual reports,PLANNED,implementation-evidence-gap,MEDIUM,MEDIUM,DATABASE,L,POST_BETA,WAVE_2,implementation and end-to-end evidence,implement in WAVE_2 with frontend/backend/data/security/tests together,eafb11719e67135c7a6fa3b15e1170c5192e4771,2026-07-29T15:49:53+05:30
F-D07-investor-presentations,"RESEARCH, DOCUMENTS AND NEWS",investor presentations,PLANNED,implementation-evidence-gap,MEDIUM,MEDIUM,DATABASE,L,POST_BETA,WAVE_2,implementation and end-to-end evidence,implement in WAVE_2 with frontend/backend/data/security/tests together,eafb11719e67135c7a6fa3b15e1170c5192e4771,2026-07-29T15:49:53+05:30
F-D07-macro-releases,"RESEARCH, DOCUMENTS AND NEWS",macro releases,PLANNED,implementation-evidence-gap,MEDIUM,MEDIUM,DATABASE,L,POST_BETA,WAVE_2,implementation and end-to-end evidence,implement in WAVE_2 with frontend/backend/data/security/tests together,eafb11719e67135c7a6fa3b15e1170c5192e4771,2026-07-29T15:49:53+05:30
F-D07-research-feeds,"RESEARCH, DOCUMENTS AND NEWS",research feeds,PROTOTYPE,implementation-evidence-gap,HIGH,MEDIUM,DATABASE,M,PUBLIC_BETA_MUST,WAVE_2,implementation and end-to-end evidence,implement in WAVE_2 with frontend/backend/data/security/tests together,eafb11719e67135c7a6fa3b15e1170c5192e4771,2026-07-29T15:49:53+05:30
F-D07-market-news,"RESEARCH, DOCUMENTS AND NEWS",market news,PROTOTYPE,implementation-evidence-gap,HIGH,MEDIUM,PROVIDER,M,PUBLIC_BETA_MUST,WAVE_2,implementation and end-to-end evidence,implement in WAVE_2 with frontend/backend/data/security/tests together,eafb11719e67135c7a6fa3b15e1170c5192e4771,2026-07-29T15:49:53+05:30
F-D07-india-news,"RESEARCH, DOCUMENTS AND NEWS",India news,PROTOTYPE,implementation-evidence-gap,HIGH,MEDIUM,PROVIDER,M,PUBLIC_BETA_MUST,WAVE_2,implementation and end-to-end evidence,implement in WAVE_2 with frontend/backend/data/security/tests together,eafb11719e67135c7a6fa3b15e1170c5192e4771,2026-07-29T15:49:53+05:30
F-D07-crypto-news,"RESEARCH, DOCUMENTS AND NEWS",crypto news,PROTOTYPE,implementation-evidence-gap,HIGH,MEDIUM,PROVIDER,M,PUBLIC_BETA_MUST,WAVE_2,implementation and end-to-end evidence,implement in WAVE_2 with frontend/backend/data/security/tests together,eafb11719e67135c7a6fa3b15e1170c5192e4771,2026-07-29T15:49:53+05:30
F-D07-central-bank-news,"RESEARCH, DOCUMENTS AND NEWS",central-bank news,PROTOTYPE,implementation-evidence-gap,HIGH,MEDIUM,PROVIDER,M,PUBLIC_BETA_MUST,WAVE_2,implementation and end-to-end evidence,implement in WAVE_2 with frontend/backend/data/security/tests together,eafb11719e67135c7a6fa3b15e1170c5192e4771,2026-07-29T15:49:53+05:30
F-D07-exchange-announcements,"RESEARCH, DOCUMENTS AND NEWS",exchange announcements,PLANNED,implementation-evidence-gap,MEDIUM,HIGH,SECURITY,L,POST_BETA,WAVE_2,implementation and end-to-end evidence,implement in WAVE_2 with frontend/backend/data/security/tests together,eafb11719e67135c7a6fa3b15e1170c5192e4771,2026-07-29T15:49:53+05:30
F-D07-event-calendars,"RESEARCH, DOCUMENTS AND NEWS",event calendars,PROTOTYPE,implementation-evidence-gap,HIGH,MEDIUM,DATABASE,M,PUBLIC_BETA_MUST,WAVE_2,implementation and end-to-end evidence,implement in WAVE_2 with frontend/backend/data/security/tests together,eafb11719e67135c7a6fa3b15e1170c5192e4771,2026-07-29T15:49:53+05:30
F-D07-entity-mapping,"RESEARCH, DOCUMENTS AND NEWS",entity mapping,PLANNED,implementation-evidence-gap,MEDIUM,MEDIUM,DATABASE,L,POST_BETA,WAVE_2,implementation and end-to-end evidence,implement in WAVE_2 with frontend/backend/data/security/tests together,eafb11719e67135c7a6fa3b15e1170c5192e4771,2026-07-29T15:49:53+05:30
F-D07-deduplication,"RESEARCH, DOCUMENTS AND NEWS",deduplication,PLANNED,implementation-evidence-gap,MEDIUM,MEDIUM,DATABASE,L,POST_BETA,WAVE_2,implementation and end-to-end evidence,implement in WAVE_2 with frontend/backend/data/security/tests together,eafb11719e67135c7a6fa3b15e1170c5192e4771,2026-07-29T15:49:53+05:30
F-D07-saved-searches,"RESEARCH, DOCUMENTS AND NEWS",saved searches,PROTOTYPE,implementation-evidence-gap,HIGH,MEDIUM,DATABASE,M,PUBLIC_BETA_MUST,WAVE_2,implementation and end-to-end evidence,implement in WAVE_2 with frontend/backend/data/security/tests together,eafb11719e67135c7a6fa3b15e1170c5192e4771,2026-07-29T15:49:53+05:30
F-D08-grounded-copilot,RESEARCH AI AND AGENTS,grounded Copilot,PLANNED,implementation-evidence-gap,MEDIUM,MEDIUM,DATABASE,PROGRAM,POST_BETA,WAVE_8,implementation and end-to-end evidence,implement in WAVE_8 with frontend/backend/data/security/tests together,eafb11719e67135c7a6fa3b15e1170c5192e4771,2026-07-29T15:49:53+05:30
F-D08-citation-enforcement,RESEARCH AI AND AGENTS,citation enforcement,PLANNED,implementation-evidence-gap,MEDIUM,MEDIUM,DATABASE,L,POST_BETA,WAVE_2,implementation and end-to-end evidence,implement in WAVE_2 with frontend/backend/data/security/tests together,eafb11719e67135c7a6fa3b15e1170c5192e4771,2026-07-29T15:49:53+05:30
F-D08-source-retrieval,RESEARCH AI AND AGENTS,source retrieval,PLANNED,implementation-evidence-gap,MEDIUM,MEDIUM,DATABASE,L,POST_BETA,WAVE_2,implementation and end-to-end evidence,implement in WAVE_2 with frontend/backend/data/security/tests together,eafb11719e67135c7a6fa3b15e1170c5192e4771,2026-07-29T15:49:53+05:30
F-D08-evidence-gaps,RESEARCH AI AND AGENTS,evidence gaps,PLANNED,implementation-evidence-gap,MEDIUM,MEDIUM,DATABASE,L,POST_BETA,WAVE_2,implementation and end-to-end evidence,implement in WAVE_2 with frontend/backend/data/security/tests together,eafb11719e67135c7a6fa3b15e1170c5192e4771,2026-07-29T15:49:53+05:30
F-D08-source-disagreement,RESEARCH AI AND AGENTS,source disagreement,PLANNED,implementation-evidence-gap,MEDIUM,MEDIUM,DATABASE,L,POST_BETA,WAVE_2,implementation and end-to-end evidence,implement in WAVE_2 with frontend/backend/data/security/tests together,eafb11719e67135c7a6fa3b15e1170c5192e4771,2026-07-29T15:49:53+05:30
F-D08-thesis,RESEARCH AI AND AGENTS,thesis,PLANNED,implementation-evidence-gap,MEDIUM,MEDIUM,DATABASE,L,POST_BETA,WAVE_2,implementation and end-to-end evidence,implement in WAVE_2 with frontend/backend/data/security/tests together,eafb11719e67135c7a6fa3b15e1170c5192e4771,2026-07-29T15:49:53+05:30
F-D08-counter-thesis,RESEARCH AI AND AGENTS,counter-thesis,PLANNED,implementation-evidence-gap,MEDIUM,MEDIUM,DATABASE,L,POST_BETA,WAVE_2,implementation and end-to-end evidence,implement in WAVE_2 with frontend/backend/data/security/tests together,eafb11719e67135c7a6fa3b15e1170c5192e4771,2026-07-29T15:49:53+05:30
F-D08-assumption-tracking,RESEARCH AI AND AGENTS,assumption tracking,PLANNED,implementation-evidence-gap,MEDIUM,MEDIUM,DATABASE,L,POST_BETA,WAVE_2,implementation and end-to-end evidence,implement in WAVE_2 with frontend/backend/data/security/tests together,eafb11719e67135c7a6fa3b15e1170c5192e4771,2026-07-29T15:49:53+05:30
F-D08-portfolio-aware-research,RESEARCH AI AND AGENTS,portfolio-aware research,PROTOTYPE,implementation-evidence-gap,MEDIUM,MEDIUM,DATABASE,PROGRAM,POST_BETA,WAVE_8,implementation and end-to-end evidence,implement in WAVE_8 with frontend/backend/data/security/tests together,eafb11719e67135c7a6fa3b15e1170c5192e4771,2026-07-29T15:49:53+05:30
F-D08-document-summarization,RESEARCH AI AND AGENTS,document summarization,PLANNED,implementation-evidence-gap,MEDIUM,MEDIUM,DATABASE,L,POST_BETA,WAVE_2,implementation and end-to-end evidence,implement in WAVE_2 with frontend/backend/data/security/tests together,eafb11719e67135c7a6fa3b15e1170c5192e4771,2026-07-29T15:49:53+05:30
F-D08-formula-generation,RESEARCH AI AND AGENTS,formula generation,PLANNED,implementation-evidence-gap,MEDIUM,MEDIUM,DATABASE,L,POST_BETA,WAVE_2,implementation and end-to-end evidence,implement in WAVE_2 with frontend/backend/data/security/tests together,eafb11719e67135c7a6fa3b15e1170c5192e4771,2026-07-29T15:49:53+05:30
F-D08-screener-generation,RESEARCH AI AND AGENTS,screener generation,PLANNED,implementation-evidence-gap,MEDIUM,MEDIUM,DATABASE,L,POST_BETA,WAVE_2,implementation and end-to-end evidence,implement in WAVE_2 with frontend/backend/data/security/tests together,eafb11719e67135c7a6fa3b15e1170c5192e4771,2026-07-29T15:49:53+05:30
F-D08-strategy-drafting,RESEARCH AI AND AGENTS,strategy drafting,PLANNED,implementation-evidence-gap,MEDIUM,MEDIUM,DATABASE,PROGRAM,POST_BETA,WAVE_5,implementation and end-to-end evidence,implement in WAVE_5 with frontend/backend/data/security/tests together,eafb11719e67135c7a6fa3b15e1170c5192e4771,2026-07-29T15:49:53+05:30
F-D08-governed-agents,RESEARCH AI AND AGENTS,governed agents,PLANNED,implementation-evidence-gap,MEDIUM,HIGH,SECURITY,PROGRAM,POST_BETA,WAVE_8,implementation and end-to-end evidence,implement in WAVE_8 with frontend/backend/data/security/tests together,eafb11719e67135c7a6fa3b15e1170c5192e4771,2026-07-29T15:49:53+05:30
F-D08-permission-boundaries,RESEARCH AI AND AGENTS,permission boundaries,PLANNED,implementation-evidence-gap,MEDIUM,MEDIUM,DATABASE,L,POST_BETA,WAVE_2,implementation and end-to-end evidence,implement in WAVE_2 with frontend/backend/data/security/tests together,eafb11719e67135c7a6fa3b15e1170c5192e4771,2026-07-29T15:49:53+05:30
F-D08-tool-use-logs,RESEARCH AI AND AGENTS,tool-use logs,PLANNED,implementation-evidence-gap,MEDIUM,MEDIUM,DATABASE,L,POST_BETA,WAVE_2,implementation and end-to-end evidence,implement in WAVE_2 with frontend/backend/data/security/tests together,eafb11719e67135c7a6fa3b15e1170c5192e4771,2026-07-29T15:49:53+05:30
F-D08-human-approval,RESEARCH AI AND AGENTS,human approval,PLANNED,implementation-evidence-gap,MEDIUM,MEDIUM,DATABASE,L,POST_BETA,WAVE_2,implementation and end-to-end evidence,implement in WAVE_2 with frontend/backend/data/security/tests together,eafb11719e67135c7a6fa3b15e1170c5192e4771,2026-07-29T15:49:53+05:30
F-D08-run-audit,RESEARCH AI AND AGENTS,run audit,PLANNED,implementation-evidence-gap,MEDIUM,MEDIUM,DATABASE,L,POST_BETA,WAVE_2,implementation and end-to-end evidence,implement in WAVE_2 with frontend/backend/data/security/tests together,eafb11719e67135c7a6fa3b15e1170c5192e4771,2026-07-29T15:49:53+05:30
F-D08-unsupported-claim-rejection,RESEARCH AI AND AGENTS,unsupported-claim rejection.,PLANNED,implementation-evidence-gap,MEDIUM,HIGH,SECURITY,L,POST_BETA,WAVE_2,implementation and end-to-end evidence,implement in WAVE_2 with frontend/backend/data/security/tests together,eafb11719e67135c7a6fa3b15e1170c5192e4771,2026-07-29T15:49:53+05:30
F-D09-notebooks,QUANT RESEARCH,notebooks,PLANNED,implementation-evidence-gap,MEDIUM,MEDIUM,DATABASE,PROGRAM,POST_BETA,WAVE_5,implementation and end-to-end evidence,implement in WAVE_5 with frontend/backend/data/security/tests together,eafb11719e67135c7a6fa3b15e1170c5192e4771,2026-07-29T15:49:53+05:30
F-D09-datasets,QUANT RESEARCH,datasets,PLANNED,implementation-evidence-gap,MEDIUM,MEDIUM,DATABASE,L,POST_BETA,WAVE_2,implementation and end-to-end evidence,implement in WAVE_2 with frontend/backend/data/security/tests together,eafb11719e67135c7a6fa3b15e1170c5192e4771,2026-07-29T15:49:53+05:30
F-D09-feature-engineering,QUANT RESEARCH,feature engineering,PLANNED,implementation-evidence-gap,MEDIUM,MEDIUM,DATABASE,L,POST_BETA,WAVE_2,implementation and end-to-end evidence,implement in WAVE_2 with frontend/backend/data/security/tests together,eafb11719e67135c7a6fa3b15e1170c5192e4771,2026-07-29T15:49:53+05:30
F-D09-signals,QUANT RESEARCH,signals,PLANNED,implementation-evidence-gap,MEDIUM,MEDIUM,DATABASE,L,POST_BETA,WAVE_2,implementation and end-to-end evidence,implement in WAVE_2 with frontend/backend/data/security/tests together,eafb11719e67135c7a6fa3b15e1170c5192e4771,2026-07-29T15:49:53+05:30
F-D09-strategy-builder,QUANT RESEARCH,strategy builder,PLANNED,implementation-evidence-gap,MEDIUM,MEDIUM,DATABASE,PROGRAM,POST_BETA,WAVE_5,implementation and end-to-end evidence,implement in WAVE_5 with frontend/backend/data/security/tests together,eafb11719e67135c7a6fa3b15e1170c5192e4771,2026-07-29T15:49:53+05:30
F-D09-backtesting,QUANT RESEARCH,backtesting,PLANNED,implementation-evidence-gap,MEDIUM,MEDIUM,DATABASE,PROGRAM,POST_BETA,WAVE_5,implementation and end-to-end evidence,implement in WAVE_5 with frontend/backend/data/security/tests together,eafb11719e67135c7a6fa3b15e1170c5192e4771,2026-07-29T15:49:53+05:30
F-D09-parameter-sweeps,QUANT RESEARCH,parameter sweeps,PLANNED,implementation-evidence-gap,MEDIUM,MEDIUM,DATABASE,L,POST_BETA,WAVE_2,implementation and end-to-end evidence,implement in WAVE_2 with frontend/backend/data/security/tests together,eafb11719e67135c7a6fa3b15e1170c5192e4771,2026-07-29T15:49:53+05:30
F-D09-walk-forward,QUANT RESEARCH,walk-forward,PLANNED,implementation-evidence-gap,MEDIUM,MEDIUM,DATABASE,L,POST_BETA,WAVE_2,implementation and end-to-end evidence,implement in WAVE_2 with frontend/backend/data/security/tests together,eafb11719e67135c7a6fa3b15e1170c5192e4771,2026-07-29T15:49:53+05:30
F-D09-monte-carlo,QUANT RESEARCH,Monte Carlo,PLANNED,implementation-evidence-gap,MEDIUM,MEDIUM,DATABASE,L,POST_BETA,WAVE_2,implementation and end-to-end evidence,implement in WAVE_2 with frontend/backend/data/security/tests together,eafb11719e67135c7a6fa3b15e1170c5192e4771,2026-07-29T15:49:53+05:30
F-D09-stress-testing,QUANT RESEARCH,stress testing,PLANNED,implementation-evidence-gap,MEDIUM,MEDIUM,DATABASE,L,POST_BETA,WAVE_2,implementation and end-to-end evidence,implement in WAVE_2 with frontend/backend/data/security/tests together,eafb11719e67135c7a6fa3b15e1170c5192e4771,2026-07-29T15:49:53+05:30
F-D09-regime-analysis,QUANT RESEARCH,regime analysis,PLANNED,implementation-evidence-gap,MEDIUM,MEDIUM,DATABASE,L,POST_BETA,WAVE_2,implementation and end-to-end evidence,implement in WAVE_2 with frontend/backend/data/security/tests together,eafb11719e67135c7a6fa3b15e1170c5192e4771,2026-07-29T15:49:53+05:30
F-D09-experiment-registry,QUANT RESEARCH,experiment registry,PLANNED,implementation-evidence-gap,MEDIUM,MEDIUM,DATABASE,PROGRAM,POST_BETA,WAVE_5,implementation and end-to-end evidence,implement in WAVE_5 with frontend/backend/data/security/tests together,eafb11719e67135c7a6fa3b15e1170c5192e4771,2026-07-29T15:49:53+05:30
F-D09-model-registry,QUANT RESEARCH,model registry,PLANNED,implementation-evidence-gap,MEDIUM,MEDIUM,DATABASE,PROGRAM,POST_BETA,WAVE_5,implementation and end-to-end evidence,implement in WAVE_5 with frontend/backend/data/security/tests together,eafb11719e67135c7a6fa3b15e1170c5192e4771,2026-07-29T15:49:53+05:30
F-D09-reproducibility,QUANT RESEARCH,reproducibility,PLANNED,implementation-evidence-gap,MEDIUM,MEDIUM,DATABASE,L,POST_BETA,WAVE_2,implementation and end-to-end evidence,implement in WAVE_2 with frontend/backend/data/security/tests together,eafb11719e67135c7a6fa3b15e1170c5192e4771,2026-07-29T15:49:53+05:30
F-D09-data-lineage,QUANT RESEARCH,data lineage,PROTOTYPE,implementation-evidence-gap,MEDIUM,MEDIUM,DATABASE,M,POST_BETA,WAVE_2,implementation and end-to-end evidence,implement in WAVE_2 with frontend/backend/data/security/tests together,eafb11719e67135c7a6fa3b15e1170c5192e4771,2026-07-29T15:49:53+05:30
F-D09-research-templates,QUANT RESEARCH,research templates,PROTOTYPE,implementation-evidence-gap,MEDIUM,MEDIUM,DATABASE,M,POST_BETA,WAVE_2,implementation and end-to-end evidence,implement in WAVE_2 with frontend/backend/data/security/tests together,eafb11719e67135c7a6fa3b15e1170c5192e4771,2026-07-29T15:49:53+05:30
F-D09-collaborative-experiments,QUANT RESEARCH,collaborative experiments.,PLANNED,implementation-evidence-gap,MEDIUM,MEDIUM,DATABASE,PROGRAM,POST_BETA,WAVE_5,implementation and end-to-end evidence,implement in WAVE_5 with frontend/backend/data/security/tests together,eafb11719e67135c7a6fa3b15e1170c5192e4771,2026-07-29T15:49:53+05:30
F-D10-paper-trading,TRADING AND EXECUTION,paper trading,PLANNED,implementation-evidence-gap,MEDIUM,HIGH,SECURITY,L,POST_BETA,WAVE_3,implementation and end-to-end evidence,implement in WAVE_3 with frontend/backend/data/security/tests together,eafb11719e67135c7a6fa3b15e1170c5192e4771,2026-07-29T15:49:53+05:30
F-D10-order-tickets,TRADING AND EXECUTION,order tickets,PLANNED,implementation-evidence-gap,MEDIUM,MEDIUM,DATABASE,L,POST_BETA,WAVE_2,implementation and end-to-end evidence,implement in WAVE_2 with frontend/backend/data/security/tests together,eafb11719e67135c7a6fa3b15e1170c5192e4771,2026-07-29T15:49:53+05:30
F-D10-market,TRADING AND EXECUTION,market,PLANNED,implementation-evidence-gap,MEDIUM,MEDIUM,DATABASE,L,POST_BETA,WAVE_2,implementation and end-to-end evidence,implement in WAVE_2 with frontend/backend/data/security/tests together,eafb11719e67135c7a6fa3b15e1170c5192e4771,2026-07-29T15:49:53+05:30
F-D10-limit,TRADING AND EXECUTION,limit,PLANNED,implementation-evidence-gap,MEDIUM,MEDIUM,DATABASE,L,POST_BETA,WAVE_2,implementation and end-to-end evidence,implement in WAVE_2 with frontend/backend/data/security/tests together,eafb11719e67135c7a6fa3b15e1170c5192e4771,2026-07-29T15:49:53+05:30
F-D10-stop,TRADING AND EXECUTION,stop,PLANNED,implementation-evidence-gap,MEDIUM,MEDIUM,DATABASE,L,POST_BETA,WAVE_2,implementation and end-to-end evidence,implement in WAVE_2 with frontend/backend/data/security/tests together,eafb11719e67135c7a6fa3b15e1170c5192e4771,2026-07-29T15:49:53+05:30
F-D10-stop-limit,TRADING AND EXECUTION,stop-limit,PLANNED,implementation-evidence-gap,MEDIUM,MEDIUM,DATABASE,L,POST_BETA,WAVE_2,implementation and end-to-end evidence,implement in WAVE_2 with frontend/backend/data/security/tests together,eafb11719e67135c7a6fa3b15e1170c5192e4771,2026-07-29T15:49:53+05:30
F-D10-bracket,TRADING AND EXECUTION,bracket,PLANNED,implementation-evidence-gap,MEDIUM,MEDIUM,DATABASE,L,POST_BETA,WAVE_2,implementation and end-to-end evidence,implement in WAVE_2 with frontend/backend/data/security/tests together,eafb11719e67135c7a6fa3b15e1170c5192e4771,2026-07-29T15:49:53+05:30
F-D10-oco,TRADING AND EXECUTION,OCO,PLANNED,implementation-evidence-gap,MEDIUM,MEDIUM,DATABASE,L,POST_BETA,WAVE_2,implementation and end-to-end evidence,implement in WAVE_2 with frontend/backend/data/security/tests together,eafb11719e67135c7a6fa3b15e1170c5192e4771,2026-07-29T15:49:53+05:30
F-D10-trailing-stop,TRADING AND EXECUTION,trailing stop,PLANNED,implementation-evidence-gap,MEDIUM,HIGH,SECURITY,L,POST_BETA,WAVE_2,implementation and end-to-end evidence,implement in WAVE_2 with frontend/backend/data/security/tests together,eafb11719e67135c7a6fa3b15e1170c5192e4771,2026-07-29T15:49:53+05:30
F-D10-time-in-force,TRADING AND EXECUTION,time in force,PLANNED,implementation-evidence-gap,MEDIUM,MEDIUM,DATABASE,L,POST_BETA,WAVE_2,implementation and end-to-end evidence,implement in WAVE_2 with frontend/backend/data/security/tests together,eafb11719e67135c7a6fa3b15e1170c5192e4771,2026-07-29T15:49:53+05:30
F-D10-partial-fills,TRADING AND EXECUTION,partial fills,PLANNED,implementation-evidence-gap,MEDIUM,MEDIUM,DATABASE,L,POST_BETA,WAVE_2,implementation and end-to-end evidence,implement in WAVE_2 with frontend/backend/data/security/tests together,eafb11719e67135c7a6fa3b15e1170c5192e4771,2026-07-29T15:49:53+05:30
F-D10-simulated-fees,TRADING AND EXECUTION,simulated fees,PLANNED,implementation-evidence-gap,MEDIUM,MEDIUM,DATABASE,L,POST_BETA,WAVE_2,implementation and end-to-end evidence,implement in WAVE_2 with frontend/backend/data/security/tests together,eafb11719e67135c7a6fa3b15e1170c5192e4771,2026-07-29T15:49:53+05:30
F-D10-simulated-slippage,TRADING AND EXECUTION,simulated slippage,PLANNED,implementation-evidence-gap,MEDIUM,MEDIUM,DATABASE,L,POST_BETA,WAVE_2,implementation and end-to-end evidence,implement in WAVE_2 with frontend/backend/data/security/tests together,eafb11719e67135c7a6fa3b15e1170c5192e4771,2026-07-29T15:49:53+05:30
F-D10-simulated-latency,TRADING AND EXECUTION,simulated latency,PLANNED,implementation-evidence-gap,MEDIUM,MEDIUM,DATABASE,L,POST_BETA,WAVE_2,implementation and end-to-end evidence,implement in WAVE_2 with frontend/backend/data/security/tests together,eafb11719e67135c7a6fa3b15e1170c5192e4771,2026-07-29T15:49:53+05:30
F-D10-simulated-market-impact,TRADING AND EXECUTION,simulated market impact,PLANNED,implementation-evidence-gap,MEDIUM,MEDIUM,DATABASE,L,POST_BETA,WAVE_2,implementation and end-to-end evidence,implement in WAVE_2 with frontend/backend/data/security/tests together,eafb11719e67135c7a6fa3b15e1170c5192e4771,2026-07-29T15:49:53+05:30
F-D10-margin,TRADING AND EXECUTION,margin,PLANNED,implementation-evidence-gap,MEDIUM,MEDIUM,DATABASE,L,POST_BETA,WAVE_2,implementation and end-to-end evidence,implement in WAVE_2 with frontend/backend/data/security/tests together,eafb11719e67135c7a6fa3b15e1170c5192e4771,2026-07-29T15:49:53+05:30
F-D10-leverage,TRADING AND EXECUTION,leverage,PLANNED,implementation-evidence-gap,MEDIUM,MEDIUM,DATABASE,L,POST_BETA,WAVE_2,implementation and end-to-end evidence,implement in WAVE_2 with frontend/backend/data/security/tests together,eafb11719e67135c7a6fa3b15e1170c5192e4771,2026-07-29T15:49:53+05:30
F-D10-liquidations,TRADING AND EXECUTION,liquidations,PLANNED,implementation-evidence-gap,MEDIUM,MEDIUM,DATABASE,L,POST_BETA,WAVE_3,implementation and end-to-end evidence,implement in WAVE_3 with frontend/backend/data/security/tests together,eafb11719e67135c7a6fa3b15e1170c5192e4771,2026-07-29T15:49:53+05:30
F-D10-journal,TRADING AND EXECUTION,journal,PLANNED,implementation-evidence-gap,MEDIUM,MEDIUM,DATABASE,L,POST_BETA,WAVE_3,implementation and end-to-end evidence,implement in WAVE_3 with frontend/backend/data/security/tests together,eafb11719e67135c7a6fa3b15e1170c5192e4771,2026-07-29T15:49:53+05:30
F-D10-approval-gates,TRADING AND EXECUTION,approval gates,PLANNED,implementation-evidence-gap,MEDIUM,MEDIUM,DATABASE,L,POST_BETA,WAVE_2,implementation and end-to-end evidence,implement in WAVE_2 with frontend/backend/data/security/tests together,eafb11719e67135c7a6fa3b15e1170c5192e4771,2026-07-29T15:49:53+05:30
F-D10-risk-gates,TRADING AND EXECUTION,risk gates,PLANNED,implementation-evidence-gap,MEDIUM,MEDIUM,DATABASE,L,POST_BETA,WAVE_2,implementation and end-to-end evidence,implement in WAVE_2 with frontend/backend/data/security/tests together,eafb11719e67135c7a6fa3b15e1170c5192e4771,2026-07-29T15:49:53+05:30
F-D10-execution-analytics,TRADING AND EXECUTION,execution analytics,PLANNED,implementation-evidence-gap,MEDIUM,MEDIUM,DATABASE,L,POST_BETA,WAVE_2,implementation and end-to-end evidence,implement in WAVE_2 with frontend/backend/data/security/tests together,eafb11719e67135c7a6fa3b15e1170c5192e4771,2026-07-29T15:49:53+05:30
F-D10-real-money-execution-disabled-until-separate-approval,TRADING AND EXECUTION,real-money execution disabled until separate approval.,DEFERRED,disabled-high-risk,MEDIUM,PROHIBITED_FOR_BETA,SECURITY,M,DEFERRED,WAVE_2,separate legal/security approval,keep disabled,eafb11719e67135c7a6fa3b15e1170c5192e4771,2026-07-29T15:49:53+05:30
F-D11-provider-registry,CONNECTIONS AND PROVIDERS,provider registry,PLANNED,implementation-evidence-gap,MEDIUM,MEDIUM,DATABASE,L,POST_BETA,WAVE_2,implementation and end-to-end evidence,implement in WAVE_2 with frontend/backend/data/security/tests together,eafb11719e67135c7a6fa3b15e1170c5192e4771,2026-07-29T15:49:53+05:30
F-D11-oauth,CONNECTIONS AND PROVIDERS,OAuth,PLANNED,implementation-evidence-gap,MEDIUM,MEDIUM,DATABASE,L,POST_BETA,WAVE_4,implementation and end-to-end evidence,implement in WAVE_4 with frontend/backend/data/security/tests together,eafb11719e67135c7a6fa3b15e1170c5192e4771,2026-07-29T15:49:53+05:30
F-D11-api-key-authorization,CONNECTIONS AND PROVIDERS,API key authorization,PLANNED,implementation-evidence-gap,MEDIUM,MEDIUM,DATABASE,L,POST_BETA,WAVE_2,implementation and end-to-end evidence,implement in WAVE_2 with frontend/backend/data/security/tests together,eafb11719e67135c7a6fa3b15e1170c5192e4771,2026-07-29T15:49:53+05:30
F-D11-read-only-scopes,CONNECTIONS AND PROVIDERS,read-only scopes,PLANNED,implementation-evidence-gap,MEDIUM,MEDIUM,DATABASE,L,POST_BETA,WAVE_2,implementation and end-to-end evidence,implement in WAVE_2 with frontend/backend/data/security/tests together,eafb11719e67135c7a6fa3b15e1170c5192e4771,2026-07-29T15:49:53+05:30
F-D11-revocation,CONNECTIONS AND PROVIDERS,revocation,PLANNED,implementation-evidence-gap,MEDIUM,MEDIUM,DATABASE,L,POST_BETA,WAVE_2,implementation and end-to-end evidence,implement in WAVE_2 with frontend/backend/data/security/tests together,eafb11719e67135c7a6fa3b15e1170c5192e4771,2026-07-29T15:49:53+05:30
F-D11-sync-cursors,CONNECTIONS AND PROVIDERS,sync cursors,PLANNED,implementation-evidence-gap,MEDIUM,MEDIUM,DATABASE,L,POST_BETA,WAVE_2,implementation and end-to-end evidence,implement in WAVE_2 with frontend/backend/data/security/tests together,eafb11719e67135c7a6fa3b15e1170c5192e4771,2026-07-29T15:49:53+05:30
F-D11-health,CONNECTIONS AND PROVIDERS,health,PLANNED,implementation-evidence-gap,MEDIUM,MEDIUM,DATABASE,L,POST_BETA,WAVE_2,implementation and end-to-end evidence,implement in WAVE_2 with frontend/backend/data/security/tests together,eafb11719e67135c7a6fa3b15e1170c5192e4771,2026-07-29T15:49:53+05:30
F-D11-quota,CONNECTIONS AND PROVIDERS,quota,PLANNED,implementation-evidence-gap,MEDIUM,MEDIUM,DATABASE,L,POST_BETA,WAVE_2,implementation and end-to-end evidence,implement in WAVE_2 with frontend/backend/data/security/tests together,eafb11719e67135c7a6fa3b15e1170c5192e4771,2026-07-29T15:49:53+05:30
F-D11-rate-limits,CONNECTIONS AND PROVIDERS,rate limits,PARTIAL,implementation-evidence-gap,MEDIUM,MEDIUM,FOUNDATION,M,POST_BETA,WAVE_2,implementation and end-to-end evidence,implement in WAVE_2 with frontend/backend/data/security/tests together,eafb11719e67135c7a6fa3b15e1170c5192e4771,2026-07-29T15:49:53+05:30
F-D11-stale-detection,CONNECTIONS AND PROVIDERS,stale detection,PLANNED,implementation-evidence-gap,MEDIUM,MEDIUM,DATABASE,L,POST_BETA,WAVE_2,implementation and end-to-end evidence,implement in WAVE_2 with frontend/backend/data/security/tests together,eafb11719e67135c7a6fa3b15e1170c5192e4771,2026-07-29T15:49:53+05:30
F-D11-broker-adapters,CONNECTIONS AND PROVIDERS,broker adapters,PLANNED,implementation-evidence-gap,MEDIUM,HIGH,SECURITY,L,POST_BETA,WAVE_4,implementation and end-to-end evidence,implement in WAVE_4 with frontend/backend/data/security/tests together,eafb11719e67135c7a6fa3b15e1170c5192e4771,2026-07-29T15:49:53+05:30
F-D11-exchange-adapters,CONNECTIONS AND PROVIDERS,exchange adapters,PLANNED,implementation-evidence-gap,MEDIUM,HIGH,SECURITY,L,POST_BETA,WAVE_4,implementation and end-to-end evidence,implement in WAVE_4 with frontend/backend/data/security/tests together,eafb11719e67135c7a6fa3b15e1170c5192e4771,2026-07-29T15:49:53+05:30
F-D11-wallet-adapters,CONNECTIONS AND PROVIDERS,wallet adapters,PLANNED,implementation-evidence-gap,MEDIUM,HIGH,SECURITY,L,POST_BETA,WAVE_4,implementation and end-to-end evidence,implement in WAVE_4 with frontend/backend/data/security/tests together,eafb11719e67135c7a6fa3b15e1170c5192e4771,2026-07-29T15:49:53+05:30
F-D11-bank-open-banking-adapters,CONNECTIONS AND PROVIDERS,bank/open-banking adapters,PLANNED,implementation-evidence-gap,MEDIUM,MEDIUM,DATABASE,L,POST_BETA,WAVE_2,implementation and end-to-end evidence,implement in WAVE_2 with frontend/backend/data/security/tests together,eafb11719e67135c7a6fa3b15e1170c5192e4771,2026-07-29T15:49:53+05:30
F-D11-custodians,CONNECTIONS AND PROVIDERS,custodians,PLANNED,implementation-evidence-gap,MEDIUM,MEDIUM,DATABASE,L,POST_BETA,WAVE_2,implementation and end-to-end evidence,implement in WAVE_2 with frontend/backend/data/security/tests together,eafb11719e67135c7a6fa3b15e1170c5192e4771,2026-07-29T15:49:53+05:30
F-D11-research-providers,CONNECTIONS AND PROVIDERS,research providers,PROTOTYPE,implementation-evidence-gap,MEDIUM,MEDIUM,DATABASE,M,POST_BETA,WAVE_2,implementation and end-to-end evidence,implement in WAVE_2 with frontend/backend/data/security/tests together,eafb11719e67135c7a6fa3b15e1170c5192e4771,2026-07-29T15:49:53+05:30
F-D11-news-providers,CONNECTIONS AND PROVIDERS,news providers,PROTOTYPE,implementation-evidence-gap,MEDIUM,MEDIUM,PROVIDER,M,POST_BETA,WAVE_2,implementation and end-to-end evidence,implement in WAVE_2 with frontend/backend/data/security/tests together,eafb11719e67135c7a6fa3b15e1170c5192e4771,2026-07-29T15:49:53+05:30
F-D11-market-data-providers,CONNECTIONS AND PROVIDERS,market-data providers,PLANNED,implementation-evidence-gap,MEDIUM,MEDIUM,PROVIDER,L,POST_BETA,WAVE_2,implementation and end-to-end evidence,implement in WAVE_2 with frontend/backend/data/security/tests together,eafb11719e67135c7a6fa3b15e1170c5192e4771,2026-07-29T15:49:53+05:30
F-D11-observability-providers,CONNECTIONS AND PROVIDERS,observability providers.,PLANNED,implementation-evidence-gap,MEDIUM,MEDIUM,DATABASE,L,POST_BETA,WAVE_2,implementation and end-to-end evidence,implement in WAVE_2 with frontend/backend/data/security/tests together,eafb11719e67135c7a6fa3b15e1170c5192e4771,2026-07-29T15:49:53+05:30
F-D12-walletconnect-reown,WALLET AND ON-CHAIN,WalletConnect/Reown,PLANNED,implementation-evidence-gap,MEDIUM,HIGH,SECURITY,L,POST_BETA,WAVE_4,implementation and end-to-end evidence,implement in WAVE_4 with frontend/backend/data/security/tests together,eafb11719e67135c7a6fa3b15e1170c5192e4771,2026-07-29T15:49:53+05:30
F-D12-metamask,WALLET AND ON-CHAIN,MetaMask,PLANNED,implementation-evidence-gap,MEDIUM,MEDIUM,DATABASE,L,POST_BETA,WAVE_2,implementation and end-to-end evidence,implement in WAVE_2 with frontend/backend/data/security/tests together,eafb11719e67135c7a6fa3b15e1170c5192e4771,2026-07-29T15:49:53+05:30
F-D12-coinbase-wallet,WALLET AND ON-CHAIN,Coinbase Wallet,PLANNED,implementation-evidence-gap,MEDIUM,HIGH,SECURITY,L,POST_BETA,WAVE_4,implementation and end-to-end evidence,implement in WAVE_4 with frontend/backend/data/security/tests together,eafb11719e67135c7a6fa3b15e1170c5192e4771,2026-07-29T15:49:53+05:30
F-D12-rabby,WALLET AND ON-CHAIN,Rabby,PLANNED,implementation-evidence-gap,MEDIUM,MEDIUM,DATABASE,L,POST_BETA,WAVE_2,implementation and end-to-end evidence,implement in WAVE_2 with frontend/backend/data/security/tests together,eafb11719e67135c7a6fa3b15e1170c5192e4771,2026-07-29T15:49:53+05:30
F-D12-phantom,WALLET AND ON-CHAIN,Phantom,PLANNED,implementation-evidence-gap,MEDIUM,MEDIUM,DATABASE,L,POST_BETA,WAVE_2,implementation and end-to-end evidence,implement in WAVE_2 with frontend/backend/data/security/tests together,eafb11719e67135c7a6fa3b15e1170c5192e4771,2026-07-29T15:49:53+05:30
F-D12-hardware-wallet-interfaces,WALLET AND ON-CHAIN,hardware-wallet interfaces,PLANNED,implementation-evidence-gap,MEDIUM,HIGH,SECURITY,L,POST_BETA,WAVE_4,implementation and end-to-end evidence,implement in WAVE_4 with frontend/backend/data/security/tests together,eafb11719e67135c7a6fa3b15e1170c5192e4771,2026-07-29T15:49:53+05:30
F-D12-wallet-balances,WALLET AND ON-CHAIN,wallet balances,PLANNED,implementation-evidence-gap,MEDIUM,HIGH,SECURITY,L,POST_BETA,WAVE_4,implementation and end-to-end evidence,implement in WAVE_4 with frontend/backend/data/security/tests together,eafb11719e67135c7a6fa3b15e1170c5192e4771,2026-07-29T15:49:53+05:30
F-D12-token-holdings,WALLET AND ON-CHAIN,token holdings,PLANNED,implementation-evidence-gap,MEDIUM,MEDIUM,DATABASE,L,POST_BETA,WAVE_2,implementation and end-to-end evidence,implement in WAVE_2 with frontend/backend/data/security/tests together,eafb11719e67135c7a6fa3b15e1170c5192e4771,2026-07-29T15:49:53+05:30
F-D12-nft-holdings-where-relevant,WALLET AND ON-CHAIN,NFT holdings where relevant,PLANNED,implementation-evidence-gap,MEDIUM,MEDIUM,DATABASE,L,POST_BETA,WAVE_2,implementation and end-to-end evidence,implement in WAVE_2 with frontend/backend/data/security/tests together,eafb11719e67135c7a6fa3b15e1170c5192e4771,2026-07-29T15:49:53+05:30
F-D12-defi-positions,WALLET AND ON-CHAIN,DeFi positions,PLANNED,implementation-evidence-gap,MEDIUM,MEDIUM,DATABASE,L,POST_BETA,WAVE_2,implementation and end-to-end evidence,implement in WAVE_2 with frontend/backend/data/security/tests together,eafb11719e67135c7a6fa3b15e1170c5192e4771,2026-07-29T15:49:53+05:30
F-D12-staking,WALLET AND ON-CHAIN,staking,PLANNED,implementation-evidence-gap,MEDIUM,MEDIUM,DATABASE,L,POST_BETA,WAVE_2,implementation and end-to-end evidence,implement in WAVE_2 with frontend/backend/data/security/tests together,eafb11719e67135c7a6fa3b15e1170c5192e4771,2026-07-29T15:49:53+05:30
F-D12-validator-data,WALLET AND ON-CHAIN,validator data,PLANNED,implementation-evidence-gap,MEDIUM,MEDIUM,DATABASE,L,POST_BETA,WAVE_2,implementation and end-to-end evidence,implement in WAVE_2 with frontend/backend/data/security/tests together,eafb11719e67135c7a6fa3b15e1170c5192e4771,2026-07-29T15:49:53+05:30
F-D12-wallet-graph,WALLET AND ON-CHAIN,wallet graph,PLANNED,implementation-evidence-gap,MEDIUM,HIGH,SECURITY,L,POST_BETA,WAVE_4,implementation and end-to-end evidence,implement in WAVE_4 with frontend/backend/data/security/tests together,eafb11719e67135c7a6fa3b15e1170c5192e4771,2026-07-29T15:49:53+05:30
F-D12-entity-clustering,WALLET AND ON-CHAIN,entity clustering,PLANNED,implementation-evidence-gap,MEDIUM,MEDIUM,DATABASE,L,POST_BETA,WAVE_2,implementation and end-to-end evidence,implement in WAVE_2 with frontend/backend/data/security/tests together,eafb11719e67135c7a6fa3b15e1170c5192e4771,2026-07-29T15:49:53+05:30
F-D12-exchange-flows,WALLET AND ON-CHAIN,exchange flows,PLANNED,implementation-evidence-gap,MEDIUM,HIGH,SECURITY,L,POST_BETA,WAVE_2,implementation and end-to-end evidence,implement in WAVE_2 with frontend/backend/data/security/tests together,eafb11719e67135c7a6fa3b15e1170c5192e4771,2026-07-29T15:49:53+05:30
F-D12-whale-transfers,WALLET AND ON-CHAIN,whale transfers,PLANNED,implementation-evidence-gap,MEDIUM,MEDIUM,DATABASE,PROGRAM,POST_BETA,WAVE_7,implementation and end-to-end evidence,implement in WAVE_7 with frontend/backend/data/security/tests together,eafb11719e67135c7a6fa3b15e1170c5192e4771,2026-07-29T15:49:53+05:30
F-D12-bridge-flows,WALLET AND ON-CHAIN,bridge flows,PLANNED,implementation-evidence-gap,MEDIUM,MEDIUM,DATABASE,L,POST_BETA,WAVE_2,implementation and end-to-end evidence,implement in WAVE_2 with frontend/backend/data/security/tests together,eafb11719e67135c7a6fa3b15e1170c5192e4771,2026-07-29T15:49:53+05:30
F-D12-holder-concentration,WALLET AND ON-CHAIN,holder concentration,PLANNED,implementation-evidence-gap,MEDIUM,MEDIUM,DATABASE,L,POST_BETA,WAVE_2,implementation and end-to-end evidence,implement in WAVE_2 with frontend/backend/data/security/tests together,eafb11719e67135c7a6fa3b15e1170c5192e4771,2026-07-29T15:49:53+05:30
F-D12-contract-risk,WALLET AND ON-CHAIN,contract risk,PLANNED,implementation-evidence-gap,MEDIUM,MEDIUM,DATABASE,L,POST_BETA,WAVE_2,implementation and end-to-end evidence,implement in WAVE_2 with frontend/backend/data/security/tests together,eafb11719e67135c7a6fa3b15e1170c5192e4771,2026-07-29T15:49:53+05:30
F-D12-protocol-exposure,WALLET AND ON-CHAIN,protocol exposure,PLANNED,implementation-evidence-gap,MEDIUM,MEDIUM,DATABASE,L,POST_BETA,WAVE_2,implementation and end-to-end evidence,implement in WAVE_2 with frontend/backend/data/security/tests together,eafb11719e67135c7a6fa3b15e1170c5192e4771,2026-07-29T15:49:53+05:30
F-D12-evidence-paths,WALLET AND ON-CHAIN,evidence paths,PLANNED,implementation-evidence-gap,MEDIUM,MEDIUM,DATABASE,L,POST_BETA,WAVE_2,implementation and end-to-end evidence,implement in WAVE_2 with frontend/backend/data/security/tests together,eafb11719e67135c7a6fa3b15e1170c5192e4771,2026-07-29T15:49:53+05:30
F-D12-no-seed-phrase-private-key-custody,WALLET AND ON-CHAIN,no seed phrase/private-key custody.,DEFERRED,disabled-high-risk,MEDIUM,PROHIBITED_FOR_BETA,SECURITY,M,DEFERRED,WAVE_2,separate legal/security approval,keep disabled,eafb11719e67135c7a6fa3b15e1170c5192e4771,2026-07-29T15:49:53+05:30
F-D13-price-alerts,ALERTS AND NOTIFICATIONS,price alerts,PROTOTYPE,implementation-evidence-gap,HIGH,MEDIUM,DATABASE,M,PUBLIC_BETA_MUST,WAVE_2,implementation and end-to-end evidence,implement in WAVE_2 with frontend/backend/data/security/tests together,eafb11719e67135c7a6fa3b15e1170c5192e4771,2026-07-29T15:49:53+05:30
F-D13-percentage-alerts,ALERTS AND NOTIFICATIONS,percentage alerts,PROTOTYPE,implementation-evidence-gap,HIGH,MEDIUM,DATABASE,M,PUBLIC_BETA_MUST,WAVE_2,implementation and end-to-end evidence,implement in WAVE_2 with frontend/backend/data/security/tests together,eafb11719e67135c7a6fa3b15e1170c5192e4771,2026-07-29T15:49:53+05:30
F-D13-volume-alerts,ALERTS AND NOTIFICATIONS,volume alerts,PROTOTYPE,implementation-evidence-gap,HIGH,MEDIUM,DATABASE,M,PUBLIC_BETA_MUST,WAVE_2,implementation and end-to-end evidence,implement in WAVE_2 with frontend/backend/data/security/tests together,eafb11719e67135c7a6fa3b15e1170c5192e4771,2026-07-29T15:49:53+05:30
F-D13-volatility-alerts,ALERTS AND NOTIFICATIONS,volatility alerts,PROTOTYPE,implementation-evidence-gap,HIGH,MEDIUM,DATABASE,M,PUBLIC_BETA_MUST,WAVE_1,implementation and end-to-end evidence,implement in WAVE_1 with frontend/backend/data/security/tests together,eafb11719e67135c7a6fa3b15e1170c5192e4771,2026-07-29T15:49:53+05:30
F-D13-technical-alerts,ALERTS AND NOTIFICATIONS,technical alerts,PROTOTYPE,implementation-evidence-gap,HIGH,MEDIUM,DATABASE,M,PUBLIC_BETA_MUST,WAVE_2,implementation and end-to-end evidence,implement in WAVE_2 with frontend/backend/data/security/tests together,eafb11719e67135c7a6fa3b15e1170c5192e4771,2026-07-29T15:49:53+05:30
F-D13-fundamentals-alerts,ALERTS AND NOTIFICATIONS,fundamentals alerts,PROTOTYPE,implementation-evidence-gap,HIGH,MEDIUM,DATABASE,M,PUBLIC_BETA_MUST,WAVE_2,implementation and end-to-end evidence,implement in WAVE_2 with frontend/backend/data/security/tests together,eafb11719e67135c7a6fa3b15e1170c5192e4771,2026-07-29T15:49:53+05:30
F-D13-news-alerts,ALERTS AND NOTIFICATIONS,news alerts,PROTOTYPE,implementation-evidence-gap,HIGH,MEDIUM,PROVIDER,M,PUBLIC_BETA_MUST,WAVE_2,implementation and end-to-end evidence,implement in WAVE_2 with frontend/backend/data/security/tests together,eafb11719e67135c7a6fa3b15e1170c5192e4771,2026-07-29T15:49:53+05:30
F-D13-event-alerts,ALERTS AND NOTIFICATIONS,event alerts,PROTOTYPE,implementation-evidence-gap,HIGH,MEDIUM,DATABASE,M,PUBLIC_BETA_MUST,WAVE_2,implementation and end-to-end evidence,implement in WAVE_2 with frontend/backend/data/security/tests together,eafb11719e67135c7a6fa3b15e1170c5192e4771,2026-07-29T15:49:53+05:30
F-D13-filing-alerts,ALERTS AND NOTIFICATIONS,filing alerts,PROTOTYPE,implementation-evidence-gap,HIGH,MEDIUM,PROVIDER,M,PUBLIC_BETA_MUST,WAVE_2,implementation and end-to-end evidence,implement in WAVE_2 with frontend/backend/data/security/tests together,eafb11719e67135c7a6fa3b15e1170c5192e4771,2026-07-29T15:49:53+05:30
F-D13-earnings-alerts,ALERTS AND NOTIFICATIONS,earnings alerts,PROTOTYPE,implementation-evidence-gap,HIGH,MEDIUM,DATABASE,M,PUBLIC_BETA_MUST,WAVE_2,implementation and end-to-end evidence,implement in WAVE_2 with frontend/backend/data/security/tests together,eafb11719e67135c7a6fa3b15e1170c5192e4771,2026-07-29T15:49:53+05:30
F-D13-portfolio-alerts,ALERTS AND NOTIFICATIONS,portfolio alerts,PROTOTYPE,implementation-evidence-gap,HIGH,MEDIUM,DATABASE,M,PUBLIC_BETA_MUST,WAVE_2,implementation and end-to-end evidence,implement in WAVE_2 with frontend/backend/data/security/tests together,eafb11719e67135c7a6fa3b15e1170c5192e4771,2026-07-29T15:49:53+05:30
F-D13-risk-alerts,ALERTS AND NOTIFICATIONS,risk alerts,PROTOTYPE,implementation-evidence-gap,HIGH,MEDIUM,DATABASE,M,PUBLIC_BETA_MUST,WAVE_2,implementation and end-to-end evidence,implement in WAVE_2 with frontend/backend/data/security/tests together,eafb11719e67135c7a6fa3b15e1170c5192e4771,2026-07-29T15:49:53+05:30
F-D13-liquidation-alerts,ALERTS AND NOTIFICATIONS,liquidation alerts,PLANNED,implementation-evidence-gap,MEDIUM,MEDIUM,DATABASE,L,POST_BETA,WAVE_3,implementation and end-to-end evidence,implement in WAVE_3 with frontend/backend/data/security/tests together,eafb11719e67135c7a6fa3b15e1170c5192e4771,2026-07-29T15:49:53+05:30
F-D13-whale-alerts,ALERTS AND NOTIFICATIONS,whale alerts,PLANNED,implementation-evidence-gap,MEDIUM,MEDIUM,DATABASE,PROGRAM,POST_BETA,WAVE_7,implementation and end-to-end evidence,implement in WAVE_7 with frontend/backend/data/security/tests together,eafb11719e67135c7a6fa3b15e1170c5192e4771,2026-07-29T15:49:53+05:30
F-D13-on-chain-alerts,ALERTS AND NOTIFICATIONS,on-chain alerts,PROTOTYPE,implementation-evidence-gap,HIGH,HIGH,SECURITY,PROGRAM,PUBLIC_BETA_MUST,WAVE_7,implementation and end-to-end evidence,implement in WAVE_7 with frontend/backend/data/security/tests together,eafb11719e67135c7a6fa3b15e1170c5192e4771,2026-07-29T15:49:53+05:30
F-D13-paper-trading-alerts,ALERTS AND NOTIFICATIONS,paper-trading alerts,PLANNED,implementation-evidence-gap,MEDIUM,HIGH,SECURITY,L,POST_BETA,WAVE_3,implementation and end-to-end evidence,implement in WAVE_3 with frontend/backend/data/security/tests together,eafb11719e67135c7a6fa3b15e1170c5192e4771,2026-07-29T15:49:53+05:30
F-D13-email,ALERTS AND NOTIFICATIONS,email,PLANNED,implementation-evidence-gap,MEDIUM,HIGH,SECURITY,L,POST_BETA,WAVE_2,implementation and end-to-end evidence,implement in WAVE_2 with frontend/backend/data/security/tests together,eafb11719e67135c7a6fa3b15e1170c5192e4771,2026-07-29T15:49:53+05:30
F-D13-push,ALERTS AND NOTIFICATIONS,push,PLANNED,implementation-evidence-gap,MEDIUM,MEDIUM,DATABASE,L,POST_BETA,WAVE_2,implementation and end-to-end evidence,implement in WAVE_2 with frontend/backend/data/security/tests together,eafb11719e67135c7a6fa3b15e1170c5192e4771,2026-07-29T15:49:53+05:30
F-D13-sms-where-approved,ALERTS AND NOTIFICATIONS,SMS where approved,PLANNED,implementation-evidence-gap,MEDIUM,MEDIUM,DATABASE,L,POST_BETA,WAVE_2,implementation and end-to-end evidence,implement in WAVE_2 with frontend/backend/data/security/tests together,eafb11719e67135c7a6fa3b15e1170c5192e4771,2026-07-29T15:49:53+05:30
F-D13-webhooks,ALERTS AND NOTIFICATIONS,webhooks,PLANNED,implementation-evidence-gap,MEDIUM,MEDIUM,DATABASE,L,POST_BETA,WAVE_2,implementation and end-to-end evidence,implement in WAVE_2 with frontend/backend/data/security/tests together,eafb11719e67135c7a6fa3b15e1170c5192e4771,2026-07-29T15:49:53+05:30
F-D13-digest,ALERTS AND NOTIFICATIONS,digest,PLANNED,implementation-evidence-gap,MEDIUM,MEDIUM,DATABASE,L,POST_BETA,WAVE_2,implementation and end-to-end evidence,implement in WAVE_2 with frontend/backend/data/security/tests together,eafb11719e67135c7a6fa3b15e1170c5192e4771,2026-07-29T15:49:53+05:30
F-D13-quiet-hours,ALERTS AND NOTIFICATIONS,quiet hours,PLANNED,implementation-evidence-gap,MEDIUM,MEDIUM,DATABASE,L,POST_BETA,WAVE_2,implementation and end-to-end evidence,implement in WAVE_2 with frontend/backend/data/security/tests together,eafb11719e67135c7a6fa3b15e1170c5192e4771,2026-07-29T15:49:53+05:30
F-D13-delivery-history,ALERTS AND NOTIFICATIONS,delivery history,PLANNED,implementation-evidence-gap,MEDIUM,MEDIUM,DATABASE,L,POST_BETA,WAVE_2,implementation and end-to-end evidence,implement in WAVE_2 with frontend/backend/data/security/tests together,eafb11719e67135c7a6fa3b15e1170c5192e4771,2026-07-29T15:49:53+05:30
F-D13-retry,ALERTS AND NOTIFICATIONS,retry.,PLANNED,implementation-evidence-gap,MEDIUM,MEDIUM,DATABASE,L,POST_BETA,WAVE_2,implementation and end-to-end evidence,implement in WAVE_2 with frontend/backend/data/security/tests together,eafb11719e67135c7a6fa3b15e1170c5192e4771,2026-07-29T15:49:53+05:30
F-D14-registration,IDENTITY AND USER,registration,PLANNED,implementation-evidence-gap,MEDIUM,MEDIUM,DATABASE,L,POST_BETA,WAVE_2,implementation and end-to-end evidence,implement in WAVE_2 with frontend/backend/data/security/tests together,eafb11719e67135c7a6fa3b15e1170c5192e4771,2026-07-29T15:49:53+05:30
F-D14-login,IDENTITY AND USER,login,PLANNED,implementation-evidence-gap,MEDIUM,MEDIUM,DATABASE,L,POST_BETA,WAVE_2,implementation and end-to-end evidence,implement in WAVE_2 with frontend/backend/data/security/tests together,eafb11719e67135c7a6fa3b15e1170c5192e4771,2026-07-29T15:49:53+05:30
F-D14-logout,IDENTITY AND USER,logout,PLANNED,implementation-evidence-gap,MEDIUM,MEDIUM,DATABASE,L,POST_BETA,WAVE_2,implementation and end-to-end evidence,implement in WAVE_2 with frontend/backend/data/security/tests together,eafb11719e67135c7a6fa3b15e1170c5192e4771,2026-07-29T15:49:53+05:30
F-D14-verification,IDENTITY AND USER,verification,PLANNED,implementation-evidence-gap,MEDIUM,MEDIUM,DATABASE,L,POST_BETA,WAVE_2,implementation and end-to-end evidence,implement in WAVE_2 with frontend/backend/data/security/tests together,eafb11719e67135c7a6fa3b15e1170c5192e4771,2026-07-29T15:49:53+05:30
F-D14-password-reset,IDENTITY AND USER,password reset,PLANNED,implementation-evidence-gap,MEDIUM,MEDIUM,DATABASE,L,POST_BETA,WAVE_2,implementation and end-to-end evidence,implement in WAVE_2 with frontend/backend/data/security/tests together,eafb11719e67135c7a6fa3b15e1170c5192e4771,2026-07-29T15:49:53+05:30
F-D14-recovery,IDENTITY AND USER,recovery,PLANNED,implementation-evidence-gap,MEDIUM,MEDIUM,DATABASE,L,POST_BETA,WAVE_2,implementation and end-to-end evidence,implement in WAVE_2 with frontend/backend/data/security/tests together,eafb11719e67135c7a6fa3b15e1170c5192e4771,2026-07-29T15:49:53+05:30
F-D14-mfa,IDENTITY AND USER,MFA,PLANNED,implementation-evidence-gap,MEDIUM,MEDIUM,DATABASE,L,POST_BETA,WAVE_2,implementation and end-to-end evidence,implement in WAVE_2 with frontend/backend/data/security/tests together,eafb11719e67135c7a6fa3b15e1170c5192e4771,2026-07-29T15:49:53+05:30
F-D14-passkeys,IDENTITY AND USER,passkeys,PLANNED,implementation-evidence-gap,MEDIUM,MEDIUM,DATABASE,L,POST_BETA,WAVE_2,implementation and end-to-end evidence,implement in WAVE_2 with frontend/backend/data/security/tests together,eafb11719e67135c7a6fa3b15e1170c5192e4771,2026-07-29T15:49:53+05:30
F-D14-sessions,IDENTITY AND USER,sessions,PARTIAL,implementation-evidence-gap,HIGH,MEDIUM,FOUNDATION,M,PUBLIC_BETA_MUST,WAVE_2,implementation and end-to-end evidence,implement in WAVE_2 with frontend/backend/data/security/tests together,eafb11719e67135c7a6fa3b15e1170c5192e4771,2026-07-29T15:49:53+05:30
F-D14-devices,IDENTITY AND USER,devices,PARTIAL,implementation-evidence-gap,HIGH,MEDIUM,FOUNDATION,M,PUBLIC_BETA_MUST,WAVE_2,implementation and end-to-end evidence,implement in WAVE_2 with frontend/backend/data/security/tests together,eafb11719e67135c7a6fa3b15e1170c5192e4771,2026-07-29T15:49:53+05:30
F-D14-profile,IDENTITY AND USER,profile,PLANNED,implementation-evidence-gap,MEDIUM,MEDIUM,DATABASE,L,POST_BETA,WAVE_2,implementation and end-to-end evidence,implement in WAVE_2 with frontend/backend/data/security/tests together,eafb11719e67135c7a6fa3b15e1170c5192e4771,2026-07-29T15:49:53+05:30
F-D14-preferences,IDENTITY AND USER,preferences,PLANNED,implementation-evidence-gap,MEDIUM,MEDIUM,DATABASE,L,POST_BETA,WAVE_2,implementation and end-to-end evidence,implement in WAVE_2 with frontend/backend/data/security/tests together,eafb11719e67135c7a6fa3b15e1170c5192e4771,2026-07-29T15:49:53+05:30
F-D14-timezone,IDENTITY AND USER,timezone,PLANNED,implementation-evidence-gap,MEDIUM,MEDIUM,DATABASE,L,POST_BETA,WAVE_2,implementation and end-to-end evidence,implement in WAVE_2 with frontend/backend/data/security/tests together,eafb11719e67135c7a6fa3b15e1170c5192e4771,2026-07-29T15:49:53+05:30
F-D14-language,IDENTITY AND USER,language,PLANNED,implementation-evidence-gap,MEDIUM,MEDIUM,DATABASE,L,POST_BETA,WAVE_2,implementation and end-to-end evidence,implement in WAVE_2 with frontend/backend/data/security/tests together,eafb11719e67135c7a6fa3b15e1170c5192e4771,2026-07-29T15:49:53+05:30
F-D14-privacy,IDENTITY AND USER,privacy,PLANNED,implementation-evidence-gap,MEDIUM,MEDIUM,DATABASE,L,POST_BETA,WAVE_2,implementation and end-to-end evidence,implement in WAVE_2 with frontend/backend/data/security/tests together,eafb11719e67135c7a6fa3b15e1170c5192e4771,2026-07-29T15:49:53+05:30
F-D14-data-export,IDENTITY AND USER,data export,PARTIAL,implementation-evidence-gap,HIGH,MEDIUM,FOUNDATION,M,PUBLIC_BETA_MUST,WAVE_2,implementation and end-to-end evidence,implement in WAVE_2 with frontend/backend/data/security/tests together,eafb11719e67135c7a6fa3b15e1170c5192e4771,2026-07-29T15:49:53+05:30
F-D14-deletion,IDENTITY AND USER,deletion,PLANNED,implementation-evidence-gap,MEDIUM,MEDIUM,DATABASE,L,POST_BETA,WAVE_2,implementation and end-to-end evidence,implement in WAVE_2 with frontend/backend/data/security/tests together,eafb11719e67135c7a6fa3b15e1170c5192e4771,2026-07-29T15:49:53+05:30
F-D14-organizations,IDENTITY AND USER,organizations,PARTIAL,implementation-evidence-gap,HIGH,MEDIUM,FOUNDATION,M,PUBLIC_BETA_MUST,WAVE_2,implementation and end-to-end evidence,implement in WAVE_2 with frontend/backend/data/security/tests together,eafb11719e67135c7a6fa3b15e1170c5192e4771,2026-07-29T15:49:53+05:30
F-D14-workspaces,IDENTITY AND USER,workspaces,PARTIAL,implementation-evidence-gap,HIGH,MEDIUM,FOUNDATION,M,PUBLIC_BETA_MUST,WAVE_2,implementation and end-to-end evidence,implement in WAVE_2 with frontend/backend/data/security/tests together,eafb11719e67135c7a6fa3b15e1170c5192e4771,2026-07-29T15:49:53+05:30
F-D14-invitations,IDENTITY AND USER,invitations,PLANNED,implementation-evidence-gap,MEDIUM,MEDIUM,DATABASE,L,POST_BETA,WAVE_2,implementation and end-to-end evidence,implement in WAVE_2 with frontend/backend/data/security/tests together,eafb11719e67135c7a6fa3b15e1170c5192e4771,2026-07-29T15:49:53+05:30
F-D14-roles,IDENTITY AND USER,roles,PARTIAL,implementation-evidence-gap,HIGH,MEDIUM,FOUNDATION,M,PUBLIC_BETA_MUST,WAVE_2,implementation and end-to-end evidence,implement in WAVE_2 with frontend/backend/data/security/tests together,eafb11719e67135c7a6fa3b15e1170c5192e4771,2026-07-29T15:49:53+05:30
F-D14-permissions,IDENTITY AND USER,permissions.,PARTIAL,implementation-evidence-gap,HIGH,MEDIUM,FOUNDATION,M,PUBLIC_BETA_MUST,WAVE_2,implementation and end-to-end evidence,implement in WAVE_2 with frontend/backend/data/security/tests together,eafb11719e67135c7a6fa3b15e1170c5192e4771,2026-07-29T15:49:53+05:30
F-D15-teams,ENTERPRISE GOVERNANCE,teams,PLANNED,implementation-evidence-gap,MEDIUM,MEDIUM,DATABASE,L,POST_BETA,WAVE_2,implementation and end-to-end evidence,implement in WAVE_2 with frontend/backend/data/security/tests together,eafb11719e67135c7a6fa3b15e1170c5192e4771,2026-07-29T15:49:53+05:30
F-D15-rbac,ENTERPRISE GOVERNANCE,RBAC,PLANNED,implementation-evidence-gap,MEDIUM,MEDIUM,DATABASE,L,POST_BETA,WAVE_2,implementation and end-to-end evidence,implement in WAVE_2 with frontend/backend/data/security/tests together,eafb11719e67135c7a6fa3b15e1170c5192e4771,2026-07-29T15:49:53+05:30
F-D15-abac,ENTERPRISE GOVERNANCE,ABAC,PLANNED,implementation-evidence-gap,MEDIUM,MEDIUM,DATABASE,L,POST_BETA,WAVE_2,implementation and end-to-end evidence,implement in WAVE_2 with frontend/backend/data/security/tests together,eafb11719e67135c7a6fa3b15e1170c5192e4771,2026-07-29T15:49:53+05:30
F-D15-approvals,ENTERPRISE GOVERNANCE,approvals,PLANNED,implementation-evidence-gap,MEDIUM,MEDIUM,DATABASE,L,POST_BETA,WAVE_2,implementation and end-to-end evidence,implement in WAVE_2 with frontend/backend/data/security/tests together,eafb11719e67135c7a6fa3b15e1170c5192e4771,2026-07-29T15:49:53+05:30
F-D15-policies,ENTERPRISE GOVERNANCE,policies,PLANNED,implementation-evidence-gap,MEDIUM,MEDIUM,DATABASE,L,POST_BETA,WAVE_2,implementation and end-to-end evidence,implement in WAVE_2 with frontend/backend/data/security/tests together,eafb11719e67135c7a6fa3b15e1170c5192e4771,2026-07-29T15:49:53+05:30
F-D15-data-rooms,ENTERPRISE GOVERNANCE,data rooms,PLANNED,implementation-evidence-gap,MEDIUM,MEDIUM,DATABASE,L,POST_BETA,WAVE_2,implementation and end-to-end evidence,implement in WAVE_2 with frontend/backend/data/security/tests together,eafb11719e67135c7a6fa3b15e1170c5192e4771,2026-07-29T15:49:53+05:30
F-D15-access-reviews,ENTERPRISE GOVERNANCE,access reviews,PLANNED,implementation-evidence-gap,MEDIUM,MEDIUM,DATABASE,PROGRAM,POST_BETA,WAVE_6,implementation and end-to-end evidence,implement in WAVE_6 with frontend/backend/data/security/tests together,eafb11719e67135c7a6fa3b15e1170c5192e4771,2026-07-29T15:49:53+05:30
F-D15-audit-exports,ENTERPRISE GOVERNANCE,audit exports,PLANNED,implementation-evidence-gap,MEDIUM,MEDIUM,DATABASE,L,POST_BETA,WAVE_2,implementation and end-to-end evidence,implement in WAVE_2 with frontend/backend/data/security/tests together,eafb11719e67135c7a6fa3b15e1170c5192e4771,2026-07-29T15:49:53+05:30
F-D15-retention,ENTERPRISE GOVERNANCE,retention,PLANNED,implementation-evidence-gap,MEDIUM,MEDIUM,DATABASE,L,POST_BETA,WAVE_2,implementation and end-to-end evidence,implement in WAVE_2 with frontend/backend/data/security/tests together,eafb11719e67135c7a6fa3b15e1170c5192e4771,2026-07-29T15:49:53+05:30
F-D15-legal-hold,ENTERPRISE GOVERNANCE,legal hold,PLANNED,implementation-evidence-gap,MEDIUM,MEDIUM,DATABASE,L,POST_BETA,WAVE_2,implementation and end-to-end evidence,implement in WAVE_2 with frontend/backend/data/security/tests together,eafb11719e67135c7a6fa3b15e1170c5192e4771,2026-07-29T15:49:53+05:30
F-D15-enterprise-sso,ENTERPRISE GOVERNANCE,enterprise SSO,PLANNED,implementation-evidence-gap,MEDIUM,MEDIUM,DATABASE,L,POST_BETA,WAVE_2,implementation and end-to-end evidence,implement in WAVE_2 with frontend/backend/data/security/tests together,eafb11719e67135c7a6fa3b15e1170c5192e4771,2026-07-29T15:49:53+05:30
F-D15-scim,ENTERPRISE GOVERNANCE,SCIM,PLANNED,implementation-evidence-gap,MEDIUM,MEDIUM,DATABASE,L,POST_BETA,WAVE_2,implementation and end-to-end evidence,implement in WAVE_2 with frontend/backend/data/security/tests together,eafb11719e67135c7a6fa3b15e1170c5192e4771,2026-07-29T15:49:53+05:30
F-D15-support-admin-safeguards,ENTERPRISE GOVERNANCE,support/admin safeguards,PLANNED,implementation-evidence-gap,MEDIUM,MEDIUM,DATABASE,L,POST_BETA,WAVE_2,implementation and end-to-end evidence,implement in WAVE_2 with frontend/backend/data/security/tests together,eafb11719e67135c7a6fa3b15e1170c5192e4771,2026-07-29T15:49:53+05:30
F-D15-separation-of-duties,ENTERPRISE GOVERNANCE,separation of duties.,PLANNED,implementation-evidence-gap,MEDIUM,MEDIUM,DATABASE,L,POST_BETA,WAVE_2,implementation and end-to-end evidence,implement in WAVE_2 with frontend/backend/data/security/tests together,eafb11719e67135c7a6fa3b15e1170c5192e4771,2026-07-29T15:49:53+05:30
F-D16-plans,BILLING AND MARKETPLACE,plans,PLANNED,implementation-evidence-gap,MEDIUM,MEDIUM,DATABASE,L,POST_BETA,WAVE_2,implementation and end-to-end evidence,implement in WAVE_2 with frontend/backend/data/security/tests together,eafb11719e67135c7a6fa3b15e1170c5192e4771,2026-07-29T15:49:53+05:30
F-D16-subscriptions,BILLING AND MARKETPLACE,subscriptions,PLANNED,implementation-evidence-gap,MEDIUM,MEDIUM,DATABASE,L,POST_BETA,WAVE_2,implementation and end-to-end evidence,implement in WAVE_2 with frontend/backend/data/security/tests together,eafb11719e67135c7a6fa3b15e1170c5192e4771,2026-07-29T15:49:53+05:30
F-D16-billing,BILLING AND MARKETPLACE,billing,PLANNED,implementation-evidence-gap,MEDIUM,HIGH,SECURITY,L,POST_BETA,WAVE_2,implementation and end-to-end evidence,implement in WAVE_2 with frontend/backend/data/security/tests together,eafb11719e67135c7a6fa3b15e1170c5192e4771,2026-07-29T15:49:53+05:30
F-D16-invoices,BILLING AND MARKETPLACE,invoices,PLANNED,implementation-evidence-gap,MEDIUM,MEDIUM,DATABASE,L,POST_BETA,WAVE_2,implementation and end-to-end evidence,implement in WAVE_2 with frontend/backend/data/security/tests together,eafb11719e67135c7a6fa3b15e1170c5192e4771,2026-07-29T15:49:53+05:30
F-D16-taxes,BILLING AND MARKETPLACE,taxes,PLANNED,implementation-evidence-gap,MEDIUM,MEDIUM,DATABASE,L,POST_BETA,WAVE_1,implementation and end-to-end evidence,implement in WAVE_1 with frontend/backend/data/security/tests together,eafb11719e67135c7a6fa3b15e1170c5192e4771,2026-07-29T15:49:53+05:30
F-D16-coupons,BILLING AND MARKETPLACE,coupons,PLANNED,implementation-evidence-gap,MEDIUM,MEDIUM,DATABASE,L,POST_BETA,WAVE_2,implementation and end-to-end evidence,implement in WAVE_2 with frontend/backend/data/security/tests together,eafb11719e67135c7a6fa3b15e1170c5192e4771,2026-07-29T15:49:53+05:30
F-D16-trials,BILLING AND MARKETPLACE,trials,PLANNED,implementation-evidence-gap,MEDIUM,MEDIUM,DATABASE,L,POST_BETA,WAVE_2,implementation and end-to-end evidence,implement in WAVE_2 with frontend/backend/data/security/tests together,eafb11719e67135c7a6fa3b15e1170c5192e4771,2026-07-29T15:49:53+05:30
F-D16-usage,BILLING AND MARKETPLACE,usage,PLANNED,implementation-evidence-gap,MEDIUM,MEDIUM,DATABASE,L,POST_BETA,WAVE_2,implementation and end-to-end evidence,implement in WAVE_2 with frontend/backend/data/security/tests together,eafb11719e67135c7a6fa3b15e1170c5192e4771,2026-07-29T15:49:53+05:30
F-D16-entitlements,BILLING AND MARKETPLACE,entitlements,PARTIAL,implementation-evidence-gap,MEDIUM,MEDIUM,FOUNDATION,M,POST_BETA,WAVE_2,implementation and end-to-end evidence,implement in WAVE_2 with frontend/backend/data/security/tests together,eafb11719e67135c7a6fa3b15e1170c5192e4771,2026-07-29T15:49:53+05:30
F-D16-creator-onboarding,BILLING AND MARKETPLACE,creator onboarding,PROTOTYPE,implementation-evidence-gap,MEDIUM,MEDIUM,DATABASE,PROGRAM,POST_BETA,WAVE_6,implementation and end-to-end evidence,implement in WAVE_6 with frontend/backend/data/security/tests together,eafb11719e67135c7a6fa3b15e1170c5192e4771,2026-07-29T15:49:53+05:30
F-D16-seller-verification,BILLING AND MARKETPLACE,seller verification,PLANNED,implementation-evidence-gap,MEDIUM,MEDIUM,DATABASE,PROGRAM,POST_BETA,WAVE_6,implementation and end-to-end evidence,implement in WAVE_6 with frontend/backend/data/security/tests together,eafb11719e67135c7a6fa3b15e1170c5192e4771,2026-07-29T15:49:53+05:30
F-D16-listings,BILLING AND MARKETPLACE,listings,PLANNED,implementation-evidence-gap,MEDIUM,MEDIUM,DATABASE,PROGRAM,POST_BETA,WAVE_6,implementation and end-to-end evidence,implement in WAVE_6 with frontend/backend/data/security/tests together,eafb11719e67135c7a6fa3b15e1170c5192e4771,2026-07-29T15:49:53+05:30
F-D16-licensing,BILLING AND MARKETPLACE,licensing,PLANNED,implementation-evidence-gap,MEDIUM,MEDIUM,DATABASE,L,POST_BETA,WAVE_2,implementation and end-to-end evidence,implement in WAVE_2 with frontend/backend/data/security/tests together,eafb11719e67135c7a6fa3b15e1170c5192e4771,2026-07-29T15:49:53+05:30
F-D16-downloads,BILLING AND MARKETPLACE,downloads,PLANNED,implementation-evidence-gap,MEDIUM,MEDIUM,DATABASE,L,POST_BETA,WAVE_2,implementation and end-to-end evidence,implement in WAVE_2 with frontend/backend/data/security/tests together,eafb11719e67135c7a6fa3b15e1170c5192e4771,2026-07-29T15:49:53+05:30
F-D16-updates,BILLING AND MARKETPLACE,updates,PLANNED,implementation-evidence-gap,MEDIUM,MEDIUM,DATABASE,L,POST_BETA,WAVE_2,implementation and end-to-end evidence,implement in WAVE_2 with frontend/backend/data/security/tests together,eafb11719e67135c7a6fa3b15e1170c5192e4771,2026-07-29T15:49:53+05:30
F-D16-rollbacks,BILLING AND MARKETPLACE,rollbacks,PLANNED,implementation-evidence-gap,MEDIUM,MEDIUM,DATABASE,L,POST_BETA,WAVE_2,implementation and end-to-end evidence,implement in WAVE_2 with frontend/backend/data/security/tests together,eafb11719e67135c7a6fa3b15e1170c5192e4771,2026-07-29T15:49:53+05:30
F-D16-reviews,BILLING AND MARKETPLACE,reviews,PLANNED,implementation-evidence-gap,MEDIUM,MEDIUM,DATABASE,PROGRAM,POST_BETA,WAVE_6,implementation and end-to-end evidence,implement in WAVE_6 with frontend/backend/data/security/tests together,eafb11719e67135c7a6fa3b15e1170c5192e4771,2026-07-29T15:49:53+05:30
F-D16-moderation,BILLING AND MARKETPLACE,moderation,PLANNED,implementation-evidence-gap,MEDIUM,MEDIUM,DATABASE,L,POST_BETA,WAVE_2,implementation and end-to-end evidence,implement in WAVE_2 with frontend/backend/data/security/tests together,eafb11719e67135c7a6fa3b15e1170c5192e4771,2026-07-29T15:49:53+05:30
F-D16-payouts,BILLING AND MARKETPLACE,payouts,PLANNED,implementation-evidence-gap,MEDIUM,MEDIUM,DATABASE,PROGRAM,POST_BETA,WAVE_6,implementation and end-to-end evidence,implement in WAVE_6 with frontend/backend/data/security/tests together,eafb11719e67135c7a6fa3b15e1170c5192e4771,2026-07-29T15:49:53+05:30
F-D16-refunds,BILLING AND MARKETPLACE,refunds,PLANNED,implementation-evidence-gap,MEDIUM,MEDIUM,DATABASE,L,POST_BETA,WAVE_2,implementation and end-to-end evidence,implement in WAVE_2 with frontend/backend/data/security/tests together,eafb11719e67135c7a6fa3b15e1170c5192e4771,2026-07-29T15:49:53+05:30
F-D16-disputes,BILLING AND MARKETPLACE,disputes,PLANNED,implementation-evidence-gap,MEDIUM,MEDIUM,DATABASE,PROGRAM,POST_BETA,WAVE_6,implementation and end-to-end evidence,implement in WAVE_6 with frontend/backend/data/security/tests together,eafb11719e67135c7a6fa3b15e1170c5192e4771,2026-07-29T15:49:53+05:30
F-D16-revenue-share,BILLING AND MARKETPLACE,revenue share,PLANNED,implementation-evidence-gap,MEDIUM,MEDIUM,DATABASE,L,POST_BETA,WAVE_2,implementation and end-to-end evidence,implement in WAVE_2 with frontend/backend/data/security/tests together,eafb11719e67135c7a6fa3b15e1170c5192e4771,2026-07-29T15:49:53+05:30
F-D16-marketplace-analytics,BILLING AND MARKETPLACE,marketplace analytics.,PLANNED,implementation-evidence-gap,MEDIUM,HIGH,SECURITY,PROGRAM,POST_BETA,WAVE_6,implementation and end-to-end evidence,implement in WAVE_6 with frontend/backend/data/security/tests together,eafb11719e67135c7a6fa3b15e1170c5192e4771,2026-07-29T15:49:53+05:30
F-D17-rest-api,DEVELOPER PLATFORM AND SDK,REST API,PLANNED,implementation-evidence-gap,MEDIUM,MEDIUM,DATABASE,L,POST_BETA,WAVE_2,implementation and end-to-end evidence,implement in WAVE_2 with frontend/backend/data/security/tests together,eafb11719e67135c7a6fa3b15e1170c5192e4771,2026-07-29T15:49:53+05:30
F-D17-websocket-api,DEVELOPER PLATFORM AND SDK,WebSocket API,PLANNED,implementation-evidence-gap,MEDIUM,MEDIUM,DATABASE,L,POST_BETA,WAVE_2,implementation and end-to-end evidence,implement in WAVE_2 with frontend/backend/data/security/tests together,eafb11719e67135c7a6fa3b15e1170c5192e4771,2026-07-29T15:49:53+05:30
F-D17-api-keys,DEVELOPER PLATFORM AND SDK,API keys,PLANNED,implementation-evidence-gap,MEDIUM,MEDIUM,DATABASE,L,POST_BETA,WAVE_2,implementation and end-to-end evidence,implement in WAVE_2 with frontend/backend/data/security/tests together,eafb11719e67135c7a6fa3b15e1170c5192e4771,2026-07-29T15:49:53+05:30
F-D17-oauth-apps,DEVELOPER PLATFORM AND SDK,OAuth apps,PLANNED,implementation-evidence-gap,MEDIUM,MEDIUM,DATABASE,L,POST_BETA,WAVE_4,implementation and end-to-end evidence,implement in WAVE_4 with frontend/backend/data/security/tests together,eafb11719e67135c7a6fa3b15e1170c5192e4771,2026-07-29T15:49:53+05:30
F-D17-sdks,DEVELOPER PLATFORM AND SDK,SDKs,PLANNED,implementation-evidence-gap,MEDIUM,MEDIUM,DATABASE,L,POST_BETA,WAVE_2,implementation and end-to-end evidence,implement in WAVE_2 with frontend/backend/data/security/tests together,eafb11719e67135c7a6fa3b15e1170c5192e4771,2026-07-29T15:49:53+05:30
F-D17-python-sdk,DEVELOPER PLATFORM AND SDK,Python SDK,PLANNED,implementation-evidence-gap,MEDIUM,MEDIUM,DATABASE,L,POST_BETA,WAVE_2,implementation and end-to-end evidence,implement in WAVE_2 with frontend/backend/data/security/tests together,eafb11719e67135c7a6fa3b15e1170c5192e4771,2026-07-29T15:49:53+05:30
F-D17-javascript-typescript-sdk,DEVELOPER PLATFORM AND SDK,JavaScript/TypeScript SDK,PLANNED,implementation-evidence-gap,MEDIUM,MEDIUM,DATABASE,L,POST_BETA,WAVE_2,implementation and end-to-end evidence,implement in WAVE_2 with frontend/backend/data/security/tests together,eafb11719e67135c7a6fa3b15e1170c5192e4771,2026-07-29T15:49:53+05:30
F-D17-mql-export,DEVELOPER PLATFORM AND SDK,MQL export,PLANNED,implementation-evidence-gap,MEDIUM,MEDIUM,DATABASE,L,POST_BETA,WAVE_2,implementation and end-to-end evidence,implement in WAVE_2 with frontend/backend/data/security/tests together,eafb11719e67135c7a6fa3b15e1170c5192e4771,2026-07-29T15:49:53+05:30
F-D17-pine-export,DEVELOPER PLATFORM AND SDK,Pine export,PLANNED,implementation-evidence-gap,MEDIUM,MEDIUM,DATABASE,L,POST_BETA,WAVE_2,implementation and end-to-end evidence,implement in WAVE_2 with frontend/backend/data/security/tests together,eafb11719e67135c7a6fa3b15e1170c5192e4771,2026-07-29T15:49:53+05:30
F-D17-ctrader-export,DEVELOPER PLATFORM AND SDK,cTrader export,PLANNED,implementation-evidence-gap,MEDIUM,MEDIUM,DATABASE,L,POST_BETA,WAVE_2,implementation and end-to-end evidence,implement in WAVE_2 with frontend/backend/data/security/tests together,eafb11719e67135c7a6fa3b15e1170c5192e4771,2026-07-29T15:49:53+05:30
F-D17-strategy-manifest,DEVELOPER PLATFORM AND SDK,strategy manifest,PLANNED,implementation-evidence-gap,MEDIUM,MEDIUM,DATABASE,PROGRAM,POST_BETA,WAVE_5,implementation and end-to-end evidence,implement in WAVE_5 with frontend/backend/data/security/tests together,eafb11719e67135c7a6fa3b15e1170c5192e4771,2026-07-29T15:49:53+05:30
F-D17-extension-platform,DEVELOPER PLATFORM AND SDK,extension platform,PLANNED,implementation-evidence-gap,MEDIUM,MEDIUM,DATABASE,L,POST_BETA,WAVE_2,implementation and end-to-end evidence,implement in WAVE_2 with frontend/backend/data/security/tests together,eafb11719e67135c7a6fa3b15e1170c5192e4771,2026-07-29T15:49:53+05:30
F-D17-widgets,DEVELOPER PLATFORM AND SDK,widgets,PLANNED,implementation-evidence-gap,MEDIUM,MEDIUM,DATABASE,L,POST_BETA,WAVE_2,implementation and end-to-end evidence,implement in WAVE_2 with frontend/backend/data/security/tests together,eafb11719e67135c7a6fa3b15e1170c5192e4771,2026-07-29T15:49:53+05:30
F-D17-developer-portal,DEVELOPER PLATFORM AND SDK,developer portal,PLANNED,implementation-evidence-gap,MEDIUM,MEDIUM,DATABASE,L,POST_BETA,WAVE_2,implementation and end-to-end evidence,implement in WAVE_2 with frontend/backend/data/security/tests together,eafb11719e67135c7a6fa3b15e1170c5192e4771,2026-07-29T15:49:53+05:30
F-D17-examples,DEVELOPER PLATFORM AND SDK,examples,PLANNED,implementation-evidence-gap,MEDIUM,MEDIUM,DATABASE,L,POST_BETA,WAVE_2,implementation and end-to-end evidence,implement in WAVE_2 with frontend/backend/data/security/tests together,eafb11719e67135c7a6fa3b15e1170c5192e4771,2026-07-29T15:49:53+05:30
F-D17-sandbox,DEVELOPER PLATFORM AND SDK,sandbox,PLANNED,implementation-evidence-gap,MEDIUM,MEDIUM,DATABASE,L,POST_BETA,WAVE_2,implementation and end-to-end evidence,implement in WAVE_2 with frontend/backend/data/security/tests together,eafb11719e67135c7a6fa3b15e1170c5192e4771,2026-07-29T15:49:53+05:30
F-D17-usage-analytics,DEVELOPER PLATFORM AND SDK,usage analytics.,PLANNED,implementation-evidence-gap,MEDIUM,MEDIUM,DATABASE,L,POST_BETA,WAVE_2,implementation and end-to-end evidence,implement in WAVE_2 with frontend/backend/data/security/tests together,eafb11719e67135c7a6fa3b15e1170c5192e4771,2026-07-29T15:49:53+05:30
F-D18-provider-adapter-interface,DATA MESH AND PROVIDER RUNTIME,provider adapter interface,IMPLEMENTED_DETERMINISTIC_LOCAL,none/foundation,HIGH,MEDIUM,FOUNDATION,M,PUBLIC_BETA_MUST,WAVE_2,,preserve and extend with tests,eafb11719e67135c7a6fa3b15e1170c5192e4771,2026-07-29T15:49:53+05:30
F-D18-source-registry,DATA MESH AND PROVIDER RUNTIME,source registry,PARTIAL,implementation-evidence-gap,HIGH,MEDIUM,FOUNDATION,M,PUBLIC_BETA_MUST,WAVE_2,implementation and end-to-end evidence,implement in WAVE_2 with frontend/backend/data/security/tests together,eafb11719e67135c7a6fa3b15e1170c5192e4771,2026-07-29T15:49:53+05:30
F-D18-schema-validation,DATA MESH AND PROVIDER RUNTIME,schema validation,IMPLEMENTED_DETERMINISTIC_LOCAL,none/foundation,HIGH,MEDIUM,FOUNDATION,M,PUBLIC_BETA_MUST,WAVE_2,,preserve and extend with tests,eafb11719e67135c7a6fa3b15e1170c5192e4771,2026-07-29T15:49:53+05:30
F-D18-canonical-mapping,DATA MESH AND PROVIDER RUNTIME,canonical mapping,PARTIAL,implementation-evidence-gap,HIGH,MEDIUM,FOUNDATION,M,PUBLIC_BETA_MUST,WAVE_2,implementation and end-to-end evidence,implement in WAVE_2 with frontend/backend/data/security/tests together,eafb11719e67135c7a6fa3b15e1170c5192e4771,2026-07-29T15:49:53+05:30
F-D18-normalization,DATA MESH AND PROVIDER RUNTIME,normalization,PARTIAL,implementation-evidence-gap,HIGH,MEDIUM,FOUNDATION,M,PUBLIC_BETA_MUST,WAVE_2,implementation and end-to-end evidence,implement in WAVE_2 with frontend/backend/data/security/tests together,eafb11719e67135c7a6fa3b15e1170c5192e4771,2026-07-29T15:49:53+05:30
F-D18-quality-checks,DATA MESH AND PROVIDER RUNTIME,quality checks,PARTIAL,implementation-evidence-gap,HIGH,MEDIUM,FOUNDATION,M,PUBLIC_BETA_MUST,WAVE_2,implementation and end-to-end evidence,implement in WAVE_2 with frontend/backend/data/security/tests together,eafb11719e67135c7a6fa3b15e1170c5192e4771,2026-07-29T15:49:53+05:30
F-D18-lineage,DATA MESH AND PROVIDER RUNTIME,lineage,PARTIAL,implementation-evidence-gap,HIGH,MEDIUM,FOUNDATION,M,PUBLIC_BETA_MUST,WAVE_2,implementation and end-to-end evidence,implement in WAVE_2 with frontend/backend/data/security/tests together,eafb11719e67135c7a6fa3b15e1170c5192e4771,2026-07-29T15:49:53+05:30
F-D18-freshness,DATA MESH AND PROVIDER RUNTIME,freshness,PARTIAL,implementation-evidence-gap,HIGH,MEDIUM,FOUNDATION,M,PUBLIC_BETA_MUST,WAVE_2,implementation and end-to-end evidence,implement in WAVE_2 with frontend/backend/data/security/tests together,eafb11719e67135c7a6fa3b15e1170c5192e4771,2026-07-29T15:49:53+05:30
F-D18-confidence,DATA MESH AND PROVIDER RUNTIME,confidence,PARTIAL,implementation-evidence-gap,HIGH,MEDIUM,FOUNDATION,M,PUBLIC_BETA_MUST,WAVE_2,implementation and end-to-end evidence,implement in WAVE_2 with frontend/backend/data/security/tests together,eafb11719e67135c7a6fa3b15e1170c5192e4771,2026-07-29T15:49:53+05:30
F-D18-caching,DATA MESH AND PROVIDER RUNTIME,caching,PARTIAL,implementation-evidence-gap,HIGH,MEDIUM,FOUNDATION,M,PUBLIC_BETA_MUST,WAVE_2,implementation and end-to-end evidence,implement in WAVE_2 with frontend/backend/data/security/tests together,eafb11719e67135c7a6fa3b15e1170c5192e4771,2026-07-29T15:49:53+05:30
F-D18-retries,DATA MESH AND PROVIDER RUNTIME,retries,PARTIAL,implementation-evidence-gap,HIGH,MEDIUM,FOUNDATION,M,PUBLIC_BETA_MUST,WAVE_2,implementation and end-to-end evidence,implement in WAVE_2 with frontend/backend/data/security/tests together,eafb11719e67135c7a6fa3b15e1170c5192e4771,2026-07-29T15:49:53+05:30
F-D18-circuit-breakers,DATA MESH AND PROVIDER RUNTIME,circuit breakers,PARTIAL,implementation-evidence-gap,HIGH,MEDIUM,FOUNDATION,M,PUBLIC_BETA_MUST,WAVE_2,implementation and end-to-end evidence,implement in WAVE_2 with frontend/backend/data/security/tests together,eafb11719e67135c7a6fa3b15e1170c5192e4771,2026-07-29T15:49:53+05:30
F-D18-quotas,DATA MESH AND PROVIDER RUNTIME,quotas,PARTIAL,implementation-evidence-gap,HIGH,MEDIUM,FOUNDATION,M,PUBLIC_BETA_MUST,WAVE_2,implementation and end-to-end evidence,implement in WAVE_2 with frontend/backend/data/security/tests together,eafb11719e67135c7a6fa3b15e1170c5192e4771,2026-07-29T15:49:53+05:30
F-D18-kill-switches,DATA MESH AND PROVIDER RUNTIME,kill switches,IMPLEMENTED_DETERMINISTIC_LOCAL,none/foundation,HIGH,MEDIUM,FOUNDATION,M,PUBLIC_BETA_MUST,WAVE_2,,preserve and extend with tests,eafb11719e67135c7a6fa3b15e1170c5192e4771,2026-07-29T15:49:53+05:30
F-D18-fallbacks,DATA MESH AND PROVIDER RUNTIME,fallbacks,PARTIAL,implementation-evidence-gap,HIGH,MEDIUM,FOUNDATION,M,PUBLIC_BETA_MUST,WAVE_2,implementation and end-to-end evidence,implement in WAVE_2 with frontend/backend/data/security/tests together,eafb11719e67135c7a6fa3b15e1170c5192e4771,2026-07-29T15:49:53+05:30
F-D18-provider-health,DATA MESH AND PROVIDER RUNTIME,provider health,PARTIAL,implementation-evidence-gap,HIGH,MEDIUM,FOUNDATION,M,PUBLIC_BETA_MUST,WAVE_2,implementation and end-to-end evidence,implement in WAVE_2 with frontend/backend/data/security/tests together,eafb11719e67135c7a6fa3b15e1170c5192e4771,2026-07-29T15:49:53+05:30
F-D18-reconciliation,DATA MESH AND PROVIDER RUNTIME,reconciliation,PARTIAL,implementation-evidence-gap,HIGH,MEDIUM,FOUNDATION,M,PUBLIC_BETA_MUST,WAVE_2,implementation and end-to-end evidence,implement in WAVE_2 with frontend/backend/data/security/tests together,eafb11719e67135c7a6fa3b15e1170c5192e4771,2026-07-29T15:49:53+05:30
F-D18-correction-events,DATA MESH AND PROVIDER RUNTIME,correction events.,PARTIAL,implementation-evidence-gap,HIGH,MEDIUM,FOUNDATION,M,PUBLIC_BETA_MUST,WAVE_2,implementation and end-to-end evidence,implement in WAVE_2 with frontend/backend/data/security/tests together,eafb11719e67135c7a6fa3b15e1170c5192e4771,2026-07-29T15:49:53+05:30
F-D19-canonical-instruments,INSTRUMENT MASTER AND REFERENCE DATA,canonical instruments,PLANNED,implementation-evidence-gap,MEDIUM,MEDIUM,DATABASE,L,POST_BETA,WAVE_2,implementation and end-to-end evidence,implement in WAVE_2 with frontend/backend/data/security/tests together,eafb11719e67135c7a6fa3b15e1170c5192e4771,2026-07-29T15:49:53+05:30
F-D19-symbols,INSTRUMENT MASTER AND REFERENCE DATA,symbols,PLANNED,implementation-evidence-gap,MEDIUM,MEDIUM,DATABASE,L,POST_BETA,WAVE_2,implementation and end-to-end evidence,implement in WAVE_2 with frontend/backend/data/security/tests together,eafb11719e67135c7a6fa3b15e1170c5192e4771,2026-07-29T15:49:53+05:30
F-D19-venues,INSTRUMENT MASTER AND REFERENCE DATA,venues,PROTOTYPE,implementation-evidence-gap,MEDIUM,MEDIUM,DATABASE,M,POST_BETA,WAVE_2,implementation and end-to-end evidence,implement in WAVE_2 with frontend/backend/data/security/tests together,eafb11719e67135c7a6fa3b15e1170c5192e4771,2026-07-29T15:49:53+05:30
F-D19-isin,INSTRUMENT MASTER AND REFERENCE DATA,ISIN,PLANNED,implementation-evidence-gap,MEDIUM,MEDIUM,DATABASE,L,POST_BETA,WAVE_2,implementation and end-to-end evidence,implement in WAVE_2 with frontend/backend/data/security/tests together,eafb11719e67135c7a6fa3b15e1170c5192e4771,2026-07-29T15:49:53+05:30
F-D19-figi-where-licensed,INSTRUMENT MASTER AND REFERENCE DATA,FIGI where licensed,PLANNED,implementation-evidence-gap,MEDIUM,MEDIUM,DATABASE,L,POST_BETA,WAVE_2,implementation and end-to-end evidence,implement in WAVE_2 with frontend/backend/data/security/tests together,eafb11719e67135c7a6fa3b15e1170c5192e4771,2026-07-29T15:49:53+05:30
F-D19-cusip-where-licensed,INSTRUMENT MASTER AND REFERENCE DATA,CUSIP where licensed,PLANNED,implementation-evidence-gap,MEDIUM,MEDIUM,DATABASE,L,POST_BETA,WAVE_1,implementation and end-to-end evidence,implement in WAVE_1 with frontend/backend/data/security/tests together,eafb11719e67135c7a6fa3b15e1170c5192e4771,2026-07-29T15:49:53+05:30
F-D19-sedol-where-licensed,INSTRUMENT MASTER AND REFERENCE DATA,SEDOL where licensed,PLANNED,implementation-evidence-gap,MEDIUM,MEDIUM,DATABASE,L,POST_BETA,WAVE_2,implementation and end-to-end evidence,implement in WAVE_2 with frontend/backend/data/security/tests together,eafb11719e67135c7a6fa3b15e1170c5192e4771,2026-07-29T15:49:53+05:30
F-D19-crypto-contract-addresses,INSTRUMENT MASTER AND REFERENCE DATA,crypto contract addresses,PLANNED,implementation-evidence-gap,MEDIUM,MEDIUM,DATABASE,L,POST_BETA,WAVE_2,implementation and end-to-end evidence,implement in WAVE_2 with frontend/backend/data/security/tests together,eafb11719e67135c7a6fa3b15e1170c5192e4771,2026-07-29T15:49:53+05:30
F-D19-futures-contracts,INSTRUMENT MASTER AND REFERENCE DATA,futures contracts,PLANNED,implementation-evidence-gap,MEDIUM,MEDIUM,DATABASE,L,POST_BETA,WAVE_2,implementation and end-to-end evidence,implement in WAVE_2 with frontend/backend/data/security/tests together,eafb11719e67135c7a6fa3b15e1170c5192e4771,2026-07-29T15:49:53+05:30
F-D19-options-contracts,INSTRUMENT MASTER AND REFERENCE DATA,options contracts,PLANNED,implementation-evidence-gap,MEDIUM,MEDIUM,DATABASE,PROGRAM,POST_BETA,WAVE_7,implementation and end-to-end evidence,implement in WAVE_7 with frontend/backend/data/security/tests together,eafb11719e67135c7a6fa3b15e1170c5192e4771,2026-07-29T15:49:53+05:30
F-D19-symbol-changes,INSTRUMENT MASTER AND REFERENCE DATA,symbol changes,PLANNED,implementation-evidence-gap,MEDIUM,MEDIUM,DATABASE,L,POST_BETA,WAVE_2,implementation and end-to-end evidence,implement in WAVE_2 with frontend/backend/data/security/tests together,eafb11719e67135c7a6fa3b15e1170c5192e4771,2026-07-29T15:49:53+05:30
F-D19-currencies,INSTRUMENT MASTER AND REFERENCE DATA,currencies,PLANNED,implementation-evidence-gap,MEDIUM,MEDIUM,DATABASE,L,POST_BETA,WAVE_2,implementation and end-to-end evidence,implement in WAVE_2 with frontend/backend/data/security/tests together,eafb11719e67135c7a6fa3b15e1170c5192e4771,2026-07-29T15:49:53+05:30
F-D19-units,INSTRUMENT MASTER AND REFERENCE DATA,units,PLANNED,implementation-evidence-gap,MEDIUM,MEDIUM,DATABASE,L,POST_BETA,WAVE_2,implementation and end-to-end evidence,implement in WAVE_2 with frontend/backend/data/security/tests together,eafb11719e67135c7a6fa3b15e1170c5192e4771,2026-07-29T15:49:53+05:30
F-D19-calendars,INSTRUMENT MASTER AND REFERENCE DATA,calendars,PLANNED,implementation-evidence-gap,MEDIUM,MEDIUM,DATABASE,L,POST_BETA,WAVE_2,implementation and end-to-end evidence,implement in WAVE_2 with frontend/backend/data/security/tests together,eafb11719e67135c7a6fa3b15e1170c5192e4771,2026-07-29T15:49:53+05:30
F-D19-timezones,INSTRUMENT MASTER AND REFERENCE DATA,timezones,PLANNED,implementation-evidence-gap,MEDIUM,MEDIUM,DATABASE,L,POST_BETA,WAVE_2,implementation and end-to-end evidence,implement in WAVE_2 with frontend/backend/data/security/tests together,eafb11719e67135c7a6fa3b15e1170c5192e4771,2026-07-29T15:49:53+05:30
F-D19-classifications,INSTRUMENT MASTER AND REFERENCE DATA,classifications,PLANNED,implementation-evidence-gap,MEDIUM,MEDIUM,DATABASE,L,POST_BETA,WAVE_2,implementation and end-to-end evidence,implement in WAVE_2 with frontend/backend/data/security/tests together,eafb11719e67135c7a6fa3b15e1170c5192e4771,2026-07-29T15:49:53+05:30
F-D19-delistings,INSTRUMENT MASTER AND REFERENCE DATA,delistings.,PLANNED,implementation-evidence-gap,MEDIUM,MEDIUM,DATABASE,PROGRAM,POST_BETA,WAVE_6,implementation and end-to-end evidence,implement in WAVE_6 with frontend/backend/data/security/tests together,eafb11719e67135c7a6fa3b15e1170c5192e4771,2026-07-29T15:49:53+05:30
F-D20-ohlcv,TIME SERIES AND STREAMING,OHLCV,PROTOTYPE,implementation-evidence-gap,MEDIUM,MEDIUM,DATABASE,M,POST_BETA,WAVE_2,implementation and end-to-end evidence,implement in WAVE_2 with frontend/backend/data/security/tests together,eafb11719e67135c7a6fa3b15e1170c5192e4771,2026-07-29T15:49:53+05:30
F-D20-ticks,TIME SERIES AND STREAMING,ticks,PLANNED,implementation-evidence-gap,MEDIUM,MEDIUM,DATABASE,L,POST_BETA,WAVE_2,implementation and end-to-end evidence,implement in WAVE_2 with frontend/backend/data/security/tests together,eafb11719e67135c7a6fa3b15e1170c5192e4771,2026-07-29T15:49:53+05:30
F-D20-trades,TIME SERIES AND STREAMING,trades,PLANNED,implementation-evidence-gap,MEDIUM,MEDIUM,DATABASE,L,POST_BETA,WAVE_2,implementation and end-to-end evidence,implement in WAVE_2 with frontend/backend/data/security/tests together,eafb11719e67135c7a6fa3b15e1170c5192e4771,2026-07-29T15:49:53+05:30
F-D20-quotes,TIME SERIES AND STREAMING,quotes,PLANNED,implementation-evidence-gap,MEDIUM,MEDIUM,PROVIDER,L,POST_BETA,WAVE_2,implementation and end-to-end evidence,implement in WAVE_2 with frontend/backend/data/security/tests together,eafb11719e67135c7a6fa3b15e1170c5192e4771,2026-07-29T15:49:53+05:30
F-D20-order-books,TIME SERIES AND STREAMING,order books,PLANNED,implementation-evidence-gap,MEDIUM,MEDIUM,PROVIDER,PROGRAM,POST_BETA,WAVE_7,implementation and end-to-end evidence,implement in WAVE_7 with frontend/backend/data/security/tests together,eafb11719e67135c7a6fa3b15e1170c5192e4771,2026-07-29T15:49:53+05:30
F-D20-funding,TIME SERIES AND STREAMING,funding,PLANNED,implementation-evidence-gap,MEDIUM,MEDIUM,DATABASE,L,POST_BETA,WAVE_2,implementation and end-to-end evidence,implement in WAVE_2 with frontend/backend/data/security/tests together,eafb11719e67135c7a6fa3b15e1170c5192e4771,2026-07-29T15:49:53+05:30
F-D20-open-interest,TIME SERIES AND STREAMING,open interest,PLANNED,implementation-evidence-gap,MEDIUM,MEDIUM,DATABASE,L,POST_BETA,WAVE_2,implementation and end-to-end evidence,implement in WAVE_2 with frontend/backend/data/security/tests together,eafb11719e67135c7a6fa3b15e1170c5192e4771,2026-07-29T15:49:53+05:30
F-D20-options-chains,TIME SERIES AND STREAMING,options chains,PLANNED,implementation-evidence-gap,MEDIUM,HIGH,SECURITY,PROGRAM,POST_BETA,WAVE_7,implementation and end-to-end evidence,implement in WAVE_7 with frontend/backend/data/security/tests together,eafb11719e67135c7a6fa3b15e1170c5192e4771,2026-07-29T15:49:53+05:30
F-D20-on-chain-events,TIME SERIES AND STREAMING,on-chain events,PLANNED,implementation-evidence-gap,MEDIUM,HIGH,SECURITY,PROGRAM,POST_BETA,WAVE_7,implementation and end-to-end evidence,implement in WAVE_7 with frontend/backend/data/security/tests together,eafb11719e67135c7a6fa3b15e1170c5192e4771,2026-07-29T15:49:53+05:30
F-D20-macro-series,TIME SERIES AND STREAMING,macro series,PLANNED,implementation-evidence-gap,MEDIUM,MEDIUM,DATABASE,L,POST_BETA,WAVE_2,implementation and end-to-end evidence,implement in WAVE_2 with frontend/backend/data/security/tests together,eafb11719e67135c7a6fa3b15e1170c5192e4771,2026-07-29T15:49:53+05:30
F-D20-corporate-fundamentals,TIME SERIES AND STREAMING,corporate fundamentals,PLANNED,implementation-evidence-gap,MEDIUM,MEDIUM,DATABASE,L,POST_BETA,WAVE_2,implementation and end-to-end evidence,implement in WAVE_2 with frontend/backend/data/security/tests together,eafb11719e67135c7a6fa3b15e1170c5192e4771,2026-07-29T15:49:53+05:30
F-D20-snapshots,TIME SERIES AND STREAMING,snapshots,PLANNED,implementation-evidence-gap,MEDIUM,MEDIUM,DATABASE,L,POST_BETA,WAVE_2,implementation and end-to-end evidence,implement in WAVE_2 with frontend/backend/data/security/tests together,eafb11719e67135c7a6fa3b15e1170c5192e4771,2026-07-29T15:49:53+05:30
F-D20-deltas,TIME SERIES AND STREAMING,deltas,PLANNED,implementation-evidence-gap,MEDIUM,MEDIUM,DATABASE,L,POST_BETA,WAVE_2,implementation and end-to-end evidence,implement in WAVE_2 with frontend/backend/data/security/tests together,eafb11719e67135c7a6fa3b15e1170c5192e4771,2026-07-29T15:49:53+05:30
F-D20-sequence-handling,TIME SERIES AND STREAMING,sequence handling,PLANNED,implementation-evidence-gap,MEDIUM,MEDIUM,DATABASE,L,POST_BETA,WAVE_2,implementation and end-to-end evidence,implement in WAVE_2 with frontend/backend/data/security/tests together,eafb11719e67135c7a6fa3b15e1170c5192e4771,2026-07-29T15:49:53+05:30
F-D20-gap-recovery,TIME SERIES AND STREAMING,gap recovery,PLANNED,implementation-evidence-gap,MEDIUM,MEDIUM,DATABASE,L,POST_BETA,WAVE_2,implementation and end-to-end evidence,implement in WAVE_2 with frontend/backend/data/security/tests together,eafb11719e67135c7a6fa3b15e1170c5192e4771,2026-07-29T15:49:53+05:30
F-D20-compaction,TIME SERIES AND STREAMING,compaction,PLANNED,implementation-evidence-gap,MEDIUM,MEDIUM,DATABASE,L,POST_BETA,WAVE_2,implementation and end-to-end evidence,implement in WAVE_2 with frontend/backend/data/security/tests together,eafb11719e67135c7a6fa3b15e1170c5192e4771,2026-07-29T15:49:53+05:30
F-D20-resampling,TIME SERIES AND STREAMING,resampling,PLANNED,implementation-evidence-gap,MEDIUM,MEDIUM,DATABASE,L,POST_BETA,WAVE_2,implementation and end-to-end evidence,implement in WAVE_2 with frontend/backend/data/security/tests together,eafb11719e67135c7a6fa3b15e1170c5192e4771,2026-07-29T15:49:53+05:30
F-D20-adjustments,TIME SERIES AND STREAMING,adjustments,PLANNED,implementation-evidence-gap,MEDIUM,MEDIUM,DATABASE,L,POST_BETA,WAVE_2,implementation and end-to-end evidence,implement in WAVE_2 with frontend/backend/data/security/tests together,eafb11719e67135c7a6fa3b15e1170c5192e4771,2026-07-29T15:49:53+05:30
F-D21-configuration,PLATFORM FOUNDATION,configuration,PARTIAL,implementation-evidence-gap,HIGH,MEDIUM,FOUNDATION,M,PUBLIC_BETA_MUST,WAVE_0,implementation and end-to-end evidence,implement in WAVE_0 with frontend/backend/data/security/tests together,eafb11719e67135c7a6fa3b15e1170c5192e4771,2026-07-29T15:49:53+05:30
F-D21-feature-flags,PLATFORM FOUNDATION,feature flags,IMPLEMENTED_DETERMINISTIC_LOCAL,none/foundation,HIGH,MEDIUM,FOUNDATION,M,PUBLIC_BETA_MUST,WAVE_0,,preserve and extend with tests,eafb11719e67135c7a6fa3b15e1170c5192e4771,2026-07-29T15:49:53+05:30
F-D21-service-discovery,PLATFORM FOUNDATION,service discovery,PARTIAL,implementation-evidence-gap,HIGH,MEDIUM,FOUNDATION,M,PUBLIC_BETA_MUST,WAVE_0,implementation and end-to-end evidence,implement in WAVE_0 with frontend/backend/data/security/tests together,eafb11719e67135c7a6fa3b15e1170c5192e4771,2026-07-29T15:49:53+05:30
F-D21-secrets,PLATFORM FOUNDATION,secrets,PARTIAL,implementation-evidence-gap,HIGH,MEDIUM,FOUNDATION,M,PUBLIC_BETA_MUST,WAVE_0,implementation and end-to-end evidence,implement in WAVE_0 with frontend/backend/data/security/tests together,eafb11719e67135c7a6fa3b15e1170c5192e4771,2026-07-29T15:49:53+05:30
F-D21-kms,PLATFORM FOUNDATION,KMS,PARTIAL,implementation-evidence-gap,HIGH,MEDIUM,FOUNDATION,M,PUBLIC_BETA_MUST,WAVE_0,implementation and end-to-end evidence,implement in WAVE_0 with frontend/backend/data/security/tests together,eafb11719e67135c7a6fa3b15e1170c5192e4771,2026-07-29T15:49:53+05:30
F-D21-databases,PLATFORM FOUNDATION,databases,PARTIAL,implementation-evidence-gap,HIGH,MEDIUM,FOUNDATION,M,PUBLIC_BETA_MUST,WAVE_0,implementation and end-to-end evidence,implement in WAVE_0 with frontend/backend/data/security/tests together,eafb11719e67135c7a6fa3b15e1170c5192e4771,2026-07-29T15:49:53+05:30
F-D21-caches,PLATFORM FOUNDATION,caches,PARTIAL,implementation-evidence-gap,HIGH,MEDIUM,FOUNDATION,M,PUBLIC_BETA_MUST,WAVE_0,implementation and end-to-end evidence,implement in WAVE_0 with frontend/backend/data/security/tests together,eafb11719e67135c7a6fa3b15e1170c5192e4771,2026-07-29T15:49:53+05:30
F-D21-queues,PLATFORM FOUNDATION,queues,PARTIAL,implementation-evidence-gap,HIGH,MEDIUM,FOUNDATION,M,PUBLIC_BETA_MUST,WAVE_0,implementation and end-to-end evidence,implement in WAVE_0 with frontend/backend/data/security/tests together,eafb11719e67135c7a6fa3b15e1170c5192e4771,2026-07-29T15:49:53+05:30
F-D21-storage,PLATFORM FOUNDATION,storage,PARTIAL,implementation-evidence-gap,HIGH,MEDIUM,FOUNDATION,M,PUBLIC_BETA_MUST,WAVE_0,implementation and end-to-end evidence,implement in WAVE_0 with frontend/backend/data/security/tests together,eafb11719e67135c7a6fa3b15e1170c5192e4771,2026-07-29T15:49:53+05:30
F-D21-search,PLATFORM FOUNDATION,search,PROTOTYPE,implementation-evidence-gap,HIGH,MEDIUM,DATABASE,M,PUBLIC_BETA_MUST,WAVE_0,implementation and end-to-end evidence,implement in WAVE_0 with frontend/backend/data/security/tests together,eafb11719e67135c7a6fa3b15e1170c5192e4771,2026-07-29T15:49:53+05:30
F-D21-workers,PLATFORM FOUNDATION,workers,PARTIAL,implementation-evidence-gap,HIGH,MEDIUM,FOUNDATION,M,PUBLIC_BETA_MUST,WAVE_0,implementation and end-to-end evidence,implement in WAVE_0 with frontend/backend/data/security/tests together,eafb11719e67135c7a6fa3b15e1170c5192e4771,2026-07-29T15:49:53+05:30
F-D21-scheduled-jobs,PLATFORM FOUNDATION,scheduled jobs,PARTIAL,implementation-evidence-gap,HIGH,MEDIUM,FOUNDATION,M,PUBLIC_BETA_MUST,WAVE_0,implementation and end-to-end evidence,implement in WAVE_0 with frontend/backend/data/security/tests together,eafb11719e67135c7a6fa3b15e1170c5192e4771,2026-07-29T15:49:53+05:30
F-D21-migrations,PLATFORM FOUNDATION,migrations,IMPLEMENTED_DETERMINISTIC_LOCAL,none/foundation,HIGH,MEDIUM,FOUNDATION,M,PUBLIC_BETA_MUST,WAVE_0,,preserve and extend with tests,eafb11719e67135c7a6fa3b15e1170c5192e4771,2026-07-29T15:49:53+05:30
F-D21-backups,PLATFORM FOUNDATION,backups,PARTIAL,implementation-evidence-gap,HIGH,MEDIUM,FOUNDATION,M,PUBLIC_BETA_MUST,WAVE_0,implementation and end-to-end evidence,implement in WAVE_0 with frontend/backend/data/security/tests together,eafb11719e67135c7a6fa3b15e1170c5192e4771,2026-07-29T15:49:53+05:30
F-D21-restore,PLATFORM FOUNDATION,restore,PARTIAL,implementation-evidence-gap,HIGH,MEDIUM,FOUNDATION,M,PUBLIC_BETA_MUST,WAVE_0,implementation and end-to-end evidence,implement in WAVE_0 with frontend/backend/data/security/tests together,eafb11719e67135c7a6fa3b15e1170c5192e4771,2026-07-29T15:49:53+05:30
F-D21-environments,PLATFORM FOUNDATION,environments,PARTIAL,implementation-evidence-gap,HIGH,MEDIUM,FOUNDATION,M,PUBLIC_BETA_MUST,WAVE_0,implementation and end-to-end evidence,implement in WAVE_0 with frontend/backend/data/security/tests together,eafb11719e67135c7a6fa3b15e1170c5192e4771,2026-07-29T15:49:53+05:30
F-D21-deployments,PLATFORM FOUNDATION,deployments,PARTIAL,implementation-evidence-gap,HIGH,MEDIUM,FOUNDATION,M,PUBLIC_BETA_MUST,WAVE_0,implementation and end-to-end evidence,implement in WAVE_0 with frontend/backend/data/security/tests together,eafb11719e67135c7a6fa3b15e1170c5192e4771,2026-07-29T15:49:53+05:30
F-D21-rollback,PLATFORM FOUNDATION,rollback.,PARTIAL,implementation-evidence-gap,HIGH,MEDIUM,FOUNDATION,M,PUBLIC_BETA_MUST,WAVE_0,implementation and end-to-end evidence,implement in WAVE_0 with frontend/backend/data/security/tests together,eafb11719e67135c7a6fa3b15e1170c5192e4771,2026-07-29T15:49:53+05:30
F-D22-approved-qelly-logo,DESIGN SYSTEM AND UX,approved Qelly logo,IMPLEMENTED_DETERMINISTIC_LOCAL,none/foundation,HIGH,MEDIUM,FOUNDATION,M,PUBLIC_BETA_MUST,WAVE_0,,preserve and extend with tests,eafb11719e67135c7a6fa3b15e1170c5192e4771,2026-07-29T15:49:53+05:30
F-D22-ibm-plex,DESIGN SYSTEM AND UX,IBM Plex,IMPLEMENTED_DETERMINISTIC_LOCAL,none/foundation,HIGH,MEDIUM,FOUNDATION,M,PUBLIC_BETA_MUST,WAVE_0,,preserve and extend with tests,eafb11719e67135c7a6fa3b15e1170c5192e4771,2026-07-29T15:49:53+05:30
F-D22-tokens,DESIGN SYSTEM AND UX,tokens,IMPLEMENTED_DETERMINISTIC_LOCAL,none/foundation,HIGH,MEDIUM,FOUNDATION,M,PUBLIC_BETA_MUST,WAVE_0,,preserve and extend with tests,eafb11719e67135c7a6fa3b15e1170c5192e4771,2026-07-29T15:49:53+05:30
F-D22-dark,DESIGN SYSTEM AND UX,dark,IMPLEMENTED_DETERMINISTIC_LOCAL,none/foundation,HIGH,MEDIUM,FOUNDATION,M,PUBLIC_BETA_MUST,WAVE_0,,preserve and extend with tests,eafb11719e67135c7a6fa3b15e1170c5192e4771,2026-07-29T15:49:53+05:30
F-D22-porcelain-light,DESIGN SYSTEM AND UX,porcelain light,IMPLEMENTED_DETERMINISTIC_LOCAL,none/foundation,HIGH,HIGH,SECURITY,M,PUBLIC_BETA_MUST,WAVE_0,,preserve and extend with tests,eafb11719e67135c7a6fa3b15e1170c5192e4771,2026-07-29T15:49:53+05:30
F-D22-oled,DESIGN SYSTEM AND UX,OLED,IMPLEMENTED_DETERMINISTIC_LOCAL,none/foundation,HIGH,MEDIUM,FOUNDATION,M,PUBLIC_BETA_MUST,WAVE_0,,preserve and extend with tests,eafb11719e67135c7a6fa3b15e1170c5192e4771,2026-07-29T15:49:53+05:30
F-D22-high-contrast,DESIGN SYSTEM AND UX,high contrast,IMPLEMENTED_DETERMINISTIC_LOCAL,none/foundation,HIGH,MEDIUM,FOUNDATION,M,PUBLIC_BETA_MUST,WAVE_0,,preserve and extend with tests,eafb11719e67135c7a6fa3b15e1170c5192e4771,2026-07-29T15:49:53+05:30
F-D22-personas,DESIGN SYSTEM AND UX,personas,IMPLEMENTED_DETERMINISTIC_LOCAL,none/foundation,HIGH,MEDIUM,FOUNDATION,M,PUBLIC_BETA_MUST,WAVE_0,,preserve and extend with tests,eafb11719e67135c7a6fa3b15e1170c5192e4771,2026-07-29T15:49:53+05:30
F-D22-mindsets,DESIGN SYSTEM AND UX,mindsets,IMPLEMENTED_DETERMINISTIC_LOCAL,none/foundation,HIGH,MEDIUM,FOUNDATION,M,PUBLIC_BETA_MUST,WAVE_0,,preserve and extend with tests,eafb11719e67135c7a6fa3b15e1170c5192e4771,2026-07-29T15:49:53+05:30
F-D22-navigation,DESIGN SYSTEM AND UX,navigation,IMPLEMENTED_DETERMINISTIC_LOCAL,none/foundation,HIGH,MEDIUM,FOUNDATION,M,PUBLIC_BETA_MUST,WAVE_0,,preserve and extend with tests,eafb11719e67135c7a6fa3b15e1170c5192e4771,2026-07-29T15:49:53+05:30
F-D22-command-palette,DESIGN SYSTEM AND UX,command palette,IMPLEMENTED_DETERMINISTIC_LOCAL,none/foundation,HIGH,MEDIUM,FOUNDATION,M,PUBLIC_BETA_MUST,WAVE_0,,preserve and extend with tests,eafb11719e67135c7a6fa3b15e1170c5192e4771,2026-07-29T15:49:53+05:30
F-D22-charts,DESIGN SYSTEM AND UX,charts,PROTOTYPE,implementation-evidence-gap,HIGH,MEDIUM,DATABASE,M,PUBLIC_BETA_MUST,WAVE_0,implementation and end-to-end evidence,implement in WAVE_0 with frontend/backend/data/security/tests together,eafb11719e67135c7a6fa3b15e1170c5192e4771,2026-07-29T15:49:53+05:30
F-D22-tables,DESIGN SYSTEM AND UX,tables,IMPLEMENTED_DETERMINISTIC_LOCAL,none/foundation,HIGH,MEDIUM,FOUNDATION,M,PUBLIC_BETA_MUST,WAVE_0,,preserve and extend with tests,eafb11719e67135c7a6fa3b15e1170c5192e4771,2026-07-29T15:49:53+05:30
F-D22-forms,DESIGN SYSTEM AND UX,forms,PARTIAL,implementation-evidence-gap,HIGH,MEDIUM,FOUNDATION,M,PUBLIC_BETA_MUST,WAVE_0,implementation and end-to-end evidence,implement in WAVE_0 with frontend/backend/data/security/tests together,eafb11719e67135c7a6fa3b15e1170c5192e4771,2026-07-29T15:49:53+05:30
F-D22-dialogs,DESIGN SYSTEM AND UX,dialogs,PARTIAL,implementation-evidence-gap,HIGH,MEDIUM,FOUNDATION,M,PUBLIC_BETA_MUST,WAVE_0,implementation and end-to-end evidence,implement in WAVE_0 with frontend/backend/data/security/tests together,eafb11719e67135c7a6fa3b15e1170c5192e4771,2026-07-29T15:49:53+05:30
F-D22-drawers,DESIGN SYSTEM AND UX,drawers,PARTIAL,implementation-evidence-gap,HIGH,MEDIUM,FOUNDATION,M,PUBLIC_BETA_MUST,WAVE_0,implementation and end-to-end evidence,implement in WAVE_0 with frontend/backend/data/security/tests together,eafb11719e67135c7a6fa3b15e1170c5192e4771,2026-07-29T15:49:53+05:30
F-D22-portals,DESIGN SYSTEM AND UX,portals,PARTIAL,implementation-evidence-gap,HIGH,MEDIUM,FOUNDATION,M,PUBLIC_BETA_MUST,WAVE_0,implementation and end-to-end evidence,implement in WAVE_0 with frontend/backend/data/security/tests together,eafb11719e67135c7a6fa3b15e1170c5192e4771,2026-07-29T15:49:53+05:30
F-D22-notifications,DESIGN SYSTEM AND UX,notifications,PARTIAL,implementation-evidence-gap,HIGH,MEDIUM,FOUNDATION,M,PUBLIC_BETA_MUST,WAVE_0,implementation and end-to-end evidence,implement in WAVE_0 with frontend/backend/data/security/tests together,eafb11719e67135c7a6fa3b15e1170c5192e4771,2026-07-29T15:49:53+05:30
F-D22-skeletons,DESIGN SYSTEM AND UX,skeletons,IMPLEMENTED_DETERMINISTIC_LOCAL,none/foundation,HIGH,MEDIUM,FOUNDATION,M,PUBLIC_BETA_MUST,WAVE_0,,preserve and extend with tests,eafb11719e67135c7a6fa3b15e1170c5192e4771,2026-07-29T15:49:53+05:30
F-D22-empty-states,DESIGN SYSTEM AND UX,empty states,IMPLEMENTED_DETERMINISTIC_LOCAL,none/foundation,HIGH,MEDIUM,FOUNDATION,M,PUBLIC_BETA_MUST,WAVE_0,,preserve and extend with tests,eafb11719e67135c7a6fa3b15e1170c5192e4771,2026-07-29T15:49:53+05:30
F-D22-error-states,DESIGN SYSTEM AND UX,error states,IMPLEMENTED_DETERMINISTIC_LOCAL,none/foundation,HIGH,MEDIUM,FOUNDATION,M,PUBLIC_BETA_MUST,WAVE_0,,preserve and extend with tests,eafb11719e67135c7a6fa3b15e1170c5192e4771,2026-07-29T15:49:53+05:30
F-D22-offline-states,DESIGN SYSTEM AND UX,offline states,IMPLEMENTED_DETERMINISTIC_LOCAL,none/foundation,HIGH,MEDIUM,FOUNDATION,M,PUBLIC_BETA_MUST,WAVE_0,,preserve and extend with tests,eafb11719e67135c7a6fa3b15e1170c5192e4771,2026-07-29T15:49:53+05:30
F-D22-accessibility,DESIGN SYSTEM AND UX,accessibility,PARTIAL,implementation-evidence-gap,HIGH,MEDIUM,FOUNDATION,M,PUBLIC_BETA_MUST,WAVE_0,implementation and end-to-end evidence,implement in WAVE_0 with frontend/backend/data/security/tests together,eafb11719e67135c7a6fa3b15e1170c5192e4771,2026-07-29T15:49:53+05:30
F-D22-responsive,DESIGN SYSTEM AND UX,responsive,PARTIAL,implementation-evidence-gap,HIGH,MEDIUM,FOUNDATION,M,PUBLIC_BETA_MUST,WAVE_0,implementation and end-to-end evidence,implement in WAVE_0 with frontend/backend/data/security/tests together,eafb11719e67135c7a6fa3b15e1170c5192e4771,2026-07-29T15:49:53+05:30
F-D22-reduced-motion,DESIGN SYSTEM AND UX,reduced motion,IMPLEMENTED_DETERMINISTIC_LOCAL,none/foundation,HIGH,MEDIUM,FOUNDATION,M,PUBLIC_BETA_MUST,WAVE_0,,preserve and extend with tests,eafb11719e67135c7a6fa3b15e1170c5192e4771,2026-07-29T15:49:53+05:30
F-D22-internationalization,DESIGN SYSTEM AND UX,internationalization.,PARTIAL,implementation-evidence-gap,HIGH,MEDIUM,FOUNDATION,M,PUBLIC_BETA_MUST,WAVE_0,implementation and end-to-end evidence,implement in WAVE_0 with frontend/backend/data/security/tests together,eafb11719e67135c7a6fa3b15e1170c5192e4771,2026-07-29T15:49:53+05:30
F-D23-authentication,SECURITY AND PRIVACY,authentication,PARTIAL,implementation-evidence-gap,HIGH,MEDIUM,FOUNDATION,M,PUBLIC_BETA_MUST,WAVE_0,implementation and end-to-end evidence,implement in WAVE_0 with frontend/backend/data/security/tests together,eafb11719e67135c7a6fa3b15e1170c5192e4771,2026-07-29T15:49:53+05:30
F-D23-authorization,SECURITY AND PRIVACY,authorization,PARTIAL,implementation-evidence-gap,HIGH,MEDIUM,FOUNDATION,M,PUBLIC_BETA_MUST,WAVE_0,implementation and end-to-end evidence,implement in WAVE_0 with frontend/backend/data/security/tests together,eafb11719e67135c7a6fa3b15e1170c5192e4771,2026-07-29T15:49:53+05:30
F-D23-tenant-isolation,SECURITY AND PRIVACY,tenant isolation,PARTIAL,implementation-evidence-gap,HIGH,MEDIUM,FOUNDATION,M,PUBLIC_BETA_MUST,WAVE_0,implementation and end-to-end evidence,implement in WAVE_0 with frontend/backend/data/security/tests together,eafb11719e67135c7a6fa3b15e1170c5192e4771,2026-07-29T15:49:53+05:30
F-D23-encryption,SECURITY AND PRIVACY,encryption,PARTIAL,implementation-evidence-gap,HIGH,MEDIUM,FOUNDATION,M,PUBLIC_BETA_MUST,WAVE_0,implementation and end-to-end evidence,implement in WAVE_0 with frontend/backend/data/security/tests together,eafb11719e67135c7a6fa3b15e1170c5192e4771,2026-07-29T15:49:53+05:30
F-D23-secret-rotation,SECURITY AND PRIVACY,secret rotation,PARTIAL,implementation-evidence-gap,HIGH,MEDIUM,FOUNDATION,M,PUBLIC_BETA_MUST,WAVE_0,implementation and end-to-end evidence,implement in WAVE_0 with frontend/backend/data/security/tests together,eafb11719e67135c7a6fa3b15e1170c5192e4771,2026-07-29T15:49:53+05:30
F-D23-secure-cookies,SECURITY AND PRIVACY,secure cookies,PARTIAL,implementation-evidence-gap,HIGH,MEDIUM,FOUNDATION,M,PUBLIC_BETA_MUST,WAVE_0,implementation and end-to-end evidence,implement in WAVE_0 with frontend/backend/data/security/tests together,eafb11719e67135c7a6fa3b15e1170c5192e4771,2026-07-29T15:49:53+05:30
F-D23-csrf,SECURITY AND PRIVACY,CSRF,PARTIAL,implementation-evidence-gap,HIGH,MEDIUM,FOUNDATION,M,PUBLIC_BETA_MUST,WAVE_0,implementation and end-to-end evidence,implement in WAVE_0 with frontend/backend/data/security/tests together,eafb11719e67135c7a6fa3b15e1170c5192e4771,2026-07-29T15:49:53+05:30
F-D23-csp,SECURITY AND PRIVACY,CSP,PARTIAL,implementation-evidence-gap,HIGH,MEDIUM,FOUNDATION,M,PUBLIC_BETA_MUST,WAVE_0,implementation and end-to-end evidence,implement in WAVE_0 with frontend/backend/data/security/tests together,eafb11719e67135c7a6fa3b15e1170c5192e4771,2026-07-29T15:49:53+05:30
F-D23-cors,SECURITY AND PRIVACY,CORS,PARTIAL,implementation-evidence-gap,HIGH,MEDIUM,FOUNDATION,M,PUBLIC_BETA_MUST,WAVE_0,implementation and end-to-end evidence,implement in WAVE_0 with frontend/backend/data/security/tests together,eafb11719e67135c7a6fa3b15e1170c5192e4771,2026-07-29T15:49:53+05:30
F-D23-abuse-prevention,SECURITY AND PRIVACY,abuse prevention,PARTIAL,implementation-evidence-gap,HIGH,MEDIUM,FOUNDATION,M,PUBLIC_BETA_MUST,WAVE_0,implementation and end-to-end evidence,implement in WAVE_0 with frontend/backend/data/security/tests together,eafb11719e67135c7a6fa3b15e1170c5192e4771,2026-07-29T15:49:53+05:30
F-D23-file-scanning,SECURITY AND PRIVACY,file scanning,PARTIAL,implementation-evidence-gap,HIGH,MEDIUM,FOUNDATION,M,PUBLIC_BETA_MUST,WAVE_0,implementation and end-to-end evidence,implement in WAVE_0 with frontend/backend/data/security/tests together,eafb11719e67135c7a6fa3b15e1170c5192e4771,2026-07-29T15:49:53+05:30
F-D23-webhook-signatures,SECURITY AND PRIVACY,webhook signatures,PARTIAL,implementation-evidence-gap,HIGH,MEDIUM,FOUNDATION,M,PUBLIC_BETA_MUST,WAVE_0,implementation and end-to-end evidence,implement in WAVE_0 with frontend/backend/data/security/tests together,eafb11719e67135c7a6fa3b15e1170c5192e4771,2026-07-29T15:49:53+05:30
F-D23-audit,SECURITY AND PRIVACY,audit,PARTIAL,implementation-evidence-gap,HIGH,MEDIUM,FOUNDATION,M,PUBLIC_BETA_MUST,WAVE_0,implementation and end-to-end evidence,implement in WAVE_0 with frontend/backend/data/security/tests together,eafb11719e67135c7a6fa3b15e1170c5192e4771,2026-07-29T15:49:53+05:30
F-D23-pii-minimization,SECURITY AND PRIVACY,PII minimization,PARTIAL,implementation-evidence-gap,HIGH,MEDIUM,FOUNDATION,M,PUBLIC_BETA_MUST,WAVE_0,implementation and end-to-end evidence,implement in WAVE_0 with frontend/backend/data/security/tests together,eafb11719e67135c7a6fa3b15e1170c5192e4771,2026-07-29T15:49:53+05:30
F-D23-consent,SECURITY AND PRIVACY,consent,PARTIAL,implementation-evidence-gap,HIGH,MEDIUM,FOUNDATION,M,PUBLIC_BETA_MUST,WAVE_0,implementation and end-to-end evidence,implement in WAVE_0 with frontend/backend/data/security/tests together,eafb11719e67135c7a6fa3b15e1170c5192e4771,2026-07-29T15:49:53+05:30
F-D23-privacy-settings,SECURITY AND PRIVACY,privacy settings,PARTIAL,implementation-evidence-gap,HIGH,MEDIUM,FOUNDATION,M,PUBLIC_BETA_MUST,WAVE_0,implementation and end-to-end evidence,implement in WAVE_0 with frontend/backend/data/security/tests together,eafb11719e67135c7a6fa3b15e1170c5192e4771,2026-07-29T15:49:53+05:30
F-D23-security-monitoring,SECURITY AND PRIVACY,security monitoring.,PARTIAL,implementation-evidence-gap,HIGH,MEDIUM,FOUNDATION,M,PUBLIC_BETA_MUST,WAVE_0,implementation and end-to-end evidence,implement in WAVE_0 with frontend/backend/data/security/tests together,eafb11719e67135c7a6fa3b15e1170c5192e4771,2026-07-29T15:49:53+05:30
F-D24-audit-logs,"COMPLIANCE, AUDIT AND DATA GOVERNANCE",audit logs,PARTIAL,implementation-evidence-gap,HIGH,MEDIUM,FOUNDATION,M,PUBLIC_BETA_MUST,WAVE_2,implementation and end-to-end evidence,implement in WAVE_2 with frontend/backend/data/security/tests together,eafb11719e67135c7a6fa3b15e1170c5192e4771,2026-07-29T15:49:53+05:30
F-D24-evidence-chain,"COMPLIANCE, AUDIT AND DATA GOVERNANCE",evidence chain,PARTIAL,implementation-evidence-gap,HIGH,HIGH,SECURITY,M,PUBLIC_BETA_MUST,WAVE_2,implementation and end-to-end evidence,implement in WAVE_2 with frontend/backend/data/security/tests together,eafb11719e67135c7a6fa3b15e1170c5192e4771,2026-07-29T15:49:53+05:30
F-D24-source-terms,"COMPLIANCE, AUDIT AND DATA GOVERNANCE",source terms,PLANNED,implementation-evidence-gap,MEDIUM,MEDIUM,DATABASE,L,POST_BETA,WAVE_2,implementation and end-to-end evidence,implement in WAVE_2 with frontend/backend/data/security/tests together,eafb11719e67135c7a6fa3b15e1170c5192e4771,2026-07-29T15:49:53+05:30
F-D24-data-licenses,"COMPLIANCE, AUDIT AND DATA GOVERNANCE",data licenses,PLANNED,implementation-evidence-gap,MEDIUM,MEDIUM,DATABASE,L,POST_BETA,WAVE_2,implementation and end-to-end evidence,implement in WAVE_2 with frontend/backend/data/security/tests together,eafb11719e67135c7a6fa3b15e1170c5192e4771,2026-07-29T15:49:53+05:30
F-D24-attribution,"COMPLIANCE, AUDIT AND DATA GOVERNANCE",attribution,PLANNED,implementation-evidence-gap,MEDIUM,MEDIUM,DATABASE,L,POST_BETA,WAVE_2,implementation and end-to-end evidence,implement in WAVE_2 with frontend/backend/data/security/tests together,eafb11719e67135c7a6fa3b15e1170c5192e4771,2026-07-29T15:49:53+05:30
F-D24-redistribution,"COMPLIANCE, AUDIT AND DATA GOVERNANCE",redistribution,PLANNED,implementation-evidence-gap,MEDIUM,MEDIUM,DATABASE,L,POST_BETA,WAVE_2,implementation and end-to-end evidence,implement in WAVE_2 with frontend/backend/data/security/tests together,eafb11719e67135c7a6fa3b15e1170c5192e4771,2026-07-29T15:49:53+05:30
F-D24-effective-date-rules,"COMPLIANCE, AUDIT AND DATA GOVERNANCE",effective-date rules,PLANNED,implementation-evidence-gap,MEDIUM,MEDIUM,DATABASE,L,POST_BETA,WAVE_2,implementation and end-to-end evidence,implement in WAVE_2 with frontend/backend/data/security/tests together,eafb11719e67135c7a6fa3b15e1170c5192e4771,2026-07-29T15:49:53+05:30
F-D24-financial-disclaimers,"COMPLIANCE, AUDIT AND DATA GOVERNANCE",financial disclaimers,PLANNED,implementation-evidence-gap,MEDIUM,HIGH,SECURITY,L,POST_BETA,WAVE_2,implementation and end-to-end evidence,implement in WAVE_2 with frontend/backend/data/security/tests together,eafb11719e67135c7a6fa3b15e1170c5192e4771,2026-07-29T15:49:53+05:30
F-D24-affiliate-disclosure,"COMPLIANCE, AUDIT AND DATA GOVERNANCE",affiliate disclosure,PLANNED,implementation-evidence-gap,MEDIUM,MEDIUM,DATABASE,L,POST_BETA,WAVE_2,implementation and end-to-end evidence,implement in WAVE_2 with frontend/backend/data/security/tests together,eafb11719e67135c7a6fa3b15e1170c5192e4771,2026-07-29T15:49:53+05:30
F-D24-regional-restrictions,"COMPLIANCE, AUDIT AND DATA GOVERNANCE",regional restrictions,PLANNED,implementation-evidence-gap,MEDIUM,MEDIUM,DATABASE,L,POST_BETA,WAVE_2,implementation and end-to-end evidence,implement in WAVE_2 with frontend/backend/data/security/tests together,eafb11719e67135c7a6fa3b15e1170c5192e4771,2026-07-29T15:49:53+05:30
F-D24-provider-terms,"COMPLIANCE, AUDIT AND DATA GOVERNANCE",provider terms,PLANNED,implementation-evidence-gap,MEDIUM,MEDIUM,DATABASE,L,POST_BETA,WAVE_2,implementation and end-to-end evidence,implement in WAVE_2 with frontend/backend/data/security/tests together,eafb11719e67135c7a6fa3b15e1170c5192e4771,2026-07-29T15:49:53+05:30
F-D24-model-governance,"COMPLIANCE, AUDIT AND DATA GOVERNANCE",model governance,PLANNED,implementation-evidence-gap,MEDIUM,MEDIUM,DATABASE,L,POST_BETA,WAVE_2,implementation and end-to-end evidence,implement in WAVE_2 with frontend/backend/data/security/tests together,eafb11719e67135c7a6fa3b15e1170c5192e4771,2026-07-29T15:49:53+05:30
F-D24-ai-disclosure,"COMPLIANCE, AUDIT AND DATA GOVERNANCE",AI disclosure,PLANNED,implementation-evidence-gap,MEDIUM,HIGH,SECURITY,L,POST_BETA,WAVE_2,implementation and end-to-end evidence,implement in WAVE_2 with frontend/backend/data/security/tests together,eafb11719e67135c7a6fa3b15e1170c5192e4771,2026-07-29T15:49:53+05:30
F-D24-decision-history,"COMPLIANCE, AUDIT AND DATA GOVERNANCE",decision history,PLANNED,implementation-evidence-gap,MEDIUM,MEDIUM,DATABASE,L,POST_BETA,WAVE_2,implementation and end-to-end evidence,implement in WAVE_2 with frontend/backend/data/security/tests together,eafb11719e67135c7a6fa3b15e1170c5192e4771,2026-07-29T15:49:53+05:30
F-D24-approval-records,"COMPLIANCE, AUDIT AND DATA GOVERNANCE",approval records.,PLANNED,implementation-evidence-gap,MEDIUM,MEDIUM,DATABASE,L,POST_BETA,WAVE_2,implementation and end-to-end evidence,implement in WAVE_2 with frontend/backend/data/security/tests together,eafb11719e67135c7a6fa3b15e1170c5192e4771,2026-07-29T15:49:53+05:30
F-D25-structured-logs,"OBSERVABILITY, SRE AND OPERATIONS",structured logs,PARTIAL,implementation-evidence-gap,HIGH,MEDIUM,FOUNDATION,M,PUBLIC_BETA_MUST,WAVE_0,implementation and end-to-end evidence,implement in WAVE_0 with frontend/backend/data/security/tests together,eafb11719e67135c7a6fa3b15e1170c5192e4771,2026-07-29T15:49:53+05:30
F-D25-metrics,"OBSERVABILITY, SRE AND OPERATIONS",metrics,PARTIAL,implementation-evidence-gap,HIGH,MEDIUM,FOUNDATION,M,PUBLIC_BETA_MUST,WAVE_0,implementation and end-to-end evidence,implement in WAVE_0 with frontend/backend/data/security/tests together,eafb11719e67135c7a6fa3b15e1170c5192e4771,2026-07-29T15:49:53+05:30
F-D25-tracing,"OBSERVABILITY, SRE AND OPERATIONS",tracing,PARTIAL,implementation-evidence-gap,HIGH,MEDIUM,FOUNDATION,M,PUBLIC_BETA_MUST,WAVE_0,implementation and end-to-end evidence,implement in WAVE_0 with frontend/backend/data/security/tests together,eafb11719e67135c7a6fa3b15e1170c5192e4771,2026-07-29T15:49:53+05:30
F-D25-dashboards,"OBSERVABILITY, SRE AND OPERATIONS",dashboards,PARTIAL,implementation-evidence-gap,HIGH,MEDIUM,FOUNDATION,M,PUBLIC_BETA_MUST,WAVE_0,implementation and end-to-end evidence,implement in WAVE_0 with frontend/backend/data/security/tests together,eafb11719e67135c7a6fa3b15e1170c5192e4771,2026-07-29T15:49:53+05:30
F-D25-quota-alerts,"OBSERVABILITY, SRE AND OPERATIONS",quota alerts,PROTOTYPE,implementation-evidence-gap,HIGH,MEDIUM,DATABASE,M,PUBLIC_BETA_MUST,WAVE_0,implementation and end-to-end evidence,implement in WAVE_0 with frontend/backend/data/security/tests together,eafb11719e67135c7a6fa3b15e1170c5192e4771,2026-07-29T15:49:53+05:30
F-D25-stale-data-alerts,"OBSERVABILITY, SRE AND OPERATIONS",stale-data alerts,PROTOTYPE,implementation-evidence-gap,HIGH,MEDIUM,DATABASE,M,PUBLIC_BETA_MUST,WAVE_0,implementation and end-to-end evidence,implement in WAVE_0 with frontend/backend/data/security/tests together,eafb11719e67135c7a6fa3b15e1170c5192e4771,2026-07-29T15:49:53+05:30
F-D25-job-alerts,"OBSERVABILITY, SRE AND OPERATIONS",job alerts,PROTOTYPE,implementation-evidence-gap,HIGH,MEDIUM,DATABASE,M,PUBLIC_BETA_MUST,WAVE_0,implementation and end-to-end evidence,implement in WAVE_0 with frontend/backend/data/security/tests together,eafb11719e67135c7a6fa3b15e1170c5192e4771,2026-07-29T15:49:53+05:30
F-D25-queue-alerts,"OBSERVABILITY, SRE AND OPERATIONS",queue alerts,PROTOTYPE,implementation-evidence-gap,HIGH,MEDIUM,DATABASE,M,PUBLIC_BETA_MUST,WAVE_0,implementation and end-to-end evidence,implement in WAVE_0 with frontend/backend/data/security/tests together,eafb11719e67135c7a6fa3b15e1170c5192e4771,2026-07-29T15:49:53+05:30
F-D25-synthetic-monitoring,"OBSERVABILITY, SRE AND OPERATIONS",synthetic monitoring,PARTIAL,implementation-evidence-gap,HIGH,MEDIUM,FOUNDATION,M,PUBLIC_BETA_MUST,WAVE_0,implementation and end-to-end evidence,implement in WAVE_0 with frontend/backend/data/security/tests together,eafb11719e67135c7a6fa3b15e1170c5192e4771,2026-07-29T15:49:53+05:30
F-D25-uptime,"OBSERVABILITY, SRE AND OPERATIONS",uptime,PARTIAL,implementation-evidence-gap,HIGH,MEDIUM,FOUNDATION,M,PUBLIC_BETA_MUST,WAVE_0,implementation and end-to-end evidence,implement in WAVE_0 with frontend/backend/data/security/tests together,eafb11719e67135c7a6fa3b15e1170c5192e4771,2026-07-29T15:49:53+05:30
F-D25-deployment-markers,"OBSERVABILITY, SRE AND OPERATIONS",deployment markers,PARTIAL,implementation-evidence-gap,HIGH,MEDIUM,FOUNDATION,M,PUBLIC_BETA_MUST,WAVE_0,implementation and end-to-end evidence,implement in WAVE_0 with frontend/backend/data/security/tests together,eafb11719e67135c7a6fa3b15e1170c5192e4771,2026-07-29T15:49:53+05:30
F-D25-incident-response,"OBSERVABILITY, SRE AND OPERATIONS",incident response,PARTIAL,implementation-evidence-gap,HIGH,MEDIUM,FOUNDATION,M,PUBLIC_BETA_MUST,WAVE_0,implementation and end-to-end evidence,implement in WAVE_0 with frontend/backend/data/security/tests together,eafb11719e67135c7a6fa3b15e1170c5192e4771,2026-07-29T15:49:53+05:30
F-D25-status-page,"OBSERVABILITY, SRE AND OPERATIONS",status page,PARTIAL,implementation-evidence-gap,HIGH,MEDIUM,FOUNDATION,M,PUBLIC_BETA_MUST,WAVE_0,implementation and end-to-end evidence,implement in WAVE_0 with frontend/backend/data/security/tests together,eafb11719e67135c7a6fa3b15e1170c5192e4771,2026-07-29T15:49:53+05:30
F-D25-runbooks,"OBSERVABILITY, SRE AND OPERATIONS",runbooks,PARTIAL,implementation-evidence-gap,HIGH,MEDIUM,FOUNDATION,M,PUBLIC_BETA_MUST,WAVE_0,implementation and end-to-end evidence,implement in WAVE_0 with frontend/backend/data/security/tests together,eafb11719e67135c7a6fa3b15e1170c5192e4771,2026-07-29T15:49:53+05:30
F-D25-slos,"OBSERVABILITY, SRE AND OPERATIONS",SLOs,PARTIAL,implementation-evidence-gap,HIGH,MEDIUM,FOUNDATION,M,PUBLIC_BETA_MUST,WAVE_0,implementation and end-to-end evidence,implement in WAVE_0 with frontend/backend/data/security/tests together,eafb11719e67135c7a6fa3b15e1170c5192e4771,2026-07-29T15:49:53+05:30
F-D25-error-budgets,"OBSERVABILITY, SRE AND OPERATIONS",error budgets,PARTIAL,implementation-evidence-gap,HIGH,MEDIUM,FOUNDATION,M,PUBLIC_BETA_MUST,WAVE_0,implementation and end-to-end evidence,implement in WAVE_0 with frontend/backend/data/security/tests together,eafb11719e67135c7a6fa3b15e1170c5192e4771,2026-07-29T15:49:53+05:30
F-D25-capacity,"OBSERVABILITY, SRE AND OPERATIONS",capacity,PARTIAL,implementation-evidence-gap,HIGH,MEDIUM,FOUNDATION,M,PUBLIC_BETA_MUST,WAVE_0,implementation and end-to-end evidence,implement in WAVE_0 with frontend/backend/data/security/tests together,eafb11719e67135c7a6fa3b15e1170c5192e4771,2026-07-29T15:49:53+05:30
F-D25-cost-monitoring,"OBSERVABILITY, SRE AND OPERATIONS",cost monitoring.,PARTIAL,implementation-evidence-gap,HIGH,MEDIUM,FOUNDATION,M,PUBLIC_BETA_MUST,WAVE_0,implementation and end-to-end evidence,implement in WAVE_0 with frontend/backend/data/security/tests together,eafb11719e67135c7a6fa3b15e1170c5192e4771,2026-07-29T15:49:53+05:30
F-D26-responsive-web,"MOBILE, PWA AND DESKTOP",responsive web,IMPLEMENTED_DETERMINISTIC_LOCAL,none/foundation,HIGH,MEDIUM,FOUNDATION,M,PUBLIC_BETA_MUST,WAVE_2,,preserve and extend with tests,eafb11719e67135c7a6fa3b15e1170c5192e4771,2026-07-29T15:49:53+05:30
F-D26-pwa,"MOBILE, PWA AND DESKTOP",PWA,PLANNED,implementation-evidence-gap,MEDIUM,MEDIUM,DATABASE,L,POST_BETA,WAVE_2,implementation and end-to-end evidence,implement in WAVE_2 with frontend/backend/data/security/tests together,eafb11719e67135c7a6fa3b15e1170c5192e4771,2026-07-29T15:49:53+05:30
F-D26-installability,"MOBILE, PWA AND DESKTOP",installability,PLANNED,implementation-evidence-gap,MEDIUM,MEDIUM,DATABASE,L,POST_BETA,WAVE_2,implementation and end-to-end evidence,implement in WAVE_2 with frontend/backend/data/security/tests together,eafb11719e67135c7a6fa3b15e1170c5192e4771,2026-07-29T15:49:53+05:30
F-D26-offline,"MOBILE, PWA AND DESKTOP",offline,PROTOTYPE,implementation-evidence-gap,HIGH,MEDIUM,DATABASE,M,PUBLIC_BETA_MUST,WAVE_2,implementation and end-to-end evidence,implement in WAVE_2 with frontend/backend/data/security/tests together,eafb11719e67135c7a6fa3b15e1170c5192e4771,2026-07-29T15:49:53+05:30
F-D26-service-worker,"MOBILE, PWA AND DESKTOP",service worker,PARTIAL,implementation-evidence-gap,HIGH,MEDIUM,FOUNDATION,M,PUBLIC_BETA_MUST,WAVE_2,implementation and end-to-end evidence,implement in WAVE_2 with frontend/backend/data/security/tests together,eafb11719e67135c7a6fa3b15e1170c5192e4771,2026-07-29T15:49:53+05:30
F-D26-background-sync-where-supported,"MOBILE, PWA AND DESKTOP",background sync where supported,PLANNED,implementation-evidence-gap,MEDIUM,MEDIUM,DATABASE,L,POST_BETA,WAVE_2,implementation and end-to-end evidence,implement in WAVE_2 with frontend/backend/data/security/tests together,eafb11719e67135c7a6fa3b15e1170c5192e4771,2026-07-29T15:49:53+05:30
F-D26-mobile-navigation,"MOBILE, PWA AND DESKTOP",mobile navigation,IMPLEMENTED_DETERMINISTIC_LOCAL,none/foundation,HIGH,MEDIUM,FOUNDATION,M,PUBLIC_BETA_MUST,WAVE_2,,preserve and extend with tests,eafb11719e67135c7a6fa3b15e1170c5192e4771,2026-07-29T15:49:53+05:30
F-D26-touch,"MOBILE, PWA AND DESKTOP",touch,PLANNED,implementation-evidence-gap,MEDIUM,MEDIUM,DATABASE,L,POST_BETA,WAVE_2,implementation and end-to-end evidence,implement in WAVE_2 with frontend/backend/data/security/tests together,eafb11719e67135c7a6fa3b15e1170c5192e4771,2026-07-29T15:49:53+05:30
F-D26-device-security,"MOBILE, PWA AND DESKTOP",device security,PLANNED,implementation-evidence-gap,MEDIUM,MEDIUM,DATABASE,L,POST_BETA,WAVE_2,implementation and end-to-end evidence,implement in WAVE_2 with frontend/backend/data/security/tests together,eafb11719e67135c7a6fa3b15e1170c5192e4771,2026-07-29T15:49:53+05:30
F-D26-deep-links,"MOBILE, PWA AND DESKTOP",deep links,PLANNED,implementation-evidence-gap,MEDIUM,MEDIUM,DATABASE,L,POST_BETA,WAVE_2,implementation and end-to-end evidence,implement in WAVE_2 with frontend/backend/data/security/tests together,eafb11719e67135c7a6fa3b15e1170c5192e4771,2026-07-29T15:49:53+05:30
F-D26-desktop-wrapper-if-planned,"MOBILE, PWA AND DESKTOP",desktop wrapper if planned,PLANNED,implementation-evidence-gap,MEDIUM,MEDIUM,DATABASE,L,POST_BETA,WAVE_2,implementation and end-to-end evidence,implement in WAVE_2 with frontend/backend/data/security/tests together,eafb11719e67135c7a6fa3b15e1170c5192e4771,2026-07-29T15:49:53+05:30
F-D26-app-update-behavior,"MOBILE, PWA AND DESKTOP",app update behavior.,PLANNED,implementation-evidence-gap,MEDIUM,MEDIUM,DATABASE,L,POST_BETA,WAVE_2,implementation and end-to-end evidence,implement in WAVE_2 with frontend/backend/data/security/tests together,eafb11719e67135c7a6fa3b15e1170c5192e4771,2026-07-29T15:49:53+05:30
F-D27-release-gates,"RELEASE, BCP, DR AND GO-LIVE",release gates,PARTIAL,implementation-evidence-gap,HIGH,MEDIUM,FOUNDATION,M,PUBLIC_BETA_MUST,WAVE_0,implementation and end-to-end evidence,implement in WAVE_0 with frontend/backend/data/security/tests together,eafb11719e67135c7a6fa3b15e1170c5192e4771,2026-07-29T15:49:53+05:30
F-D27-staging,"RELEASE, BCP, DR AND GO-LIVE",staging,PARTIAL,implementation-evidence-gap,HIGH,MEDIUM,FOUNDATION,M,PUBLIC_BETA_MUST,WAVE_0,implementation and end-to-end evidence,implement in WAVE_0 with frontend/backend/data/security/tests together,eafb11719e67135c7a6fa3b15e1170c5192e4771,2026-07-29T15:49:53+05:30
F-D27-canary,"RELEASE, BCP, DR AND GO-LIVE",canary,PARTIAL,implementation-evidence-gap,HIGH,MEDIUM,FOUNDATION,M,PUBLIC_BETA_MUST,WAVE_0,implementation and end-to-end evidence,implement in WAVE_0 with frontend/backend/data/security/tests together,eafb11719e67135c7a6fa3b15e1170c5192e4771,2026-07-29T15:49:53+05:30
F-D27-database-migration,"RELEASE, BCP, DR AND GO-LIVE",database migration,PARTIAL,implementation-evidence-gap,HIGH,MEDIUM,FOUNDATION,M,PUBLIC_BETA_MUST,WAVE_0,implementation and end-to-end evidence,implement in WAVE_0 with frontend/backend/data/security/tests together,eafb11719e67135c7a6fa3b15e1170c5192e4771,2026-07-29T15:49:53+05:30
F-D27-backup,"RELEASE, BCP, DR AND GO-LIVE",backup,PARTIAL,implementation-evidence-gap,HIGH,MEDIUM,FOUNDATION,M,PUBLIC_BETA_MUST,WAVE_0,implementation and end-to-end evidence,implement in WAVE_0 with frontend/backend/data/security/tests together,eafb11719e67135c7a6fa3b15e1170c5192e4771,2026-07-29T15:49:53+05:30
F-D27-rpo,"RELEASE, BCP, DR AND GO-LIVE",RPO,PARTIAL,implementation-evidence-gap,HIGH,MEDIUM,FOUNDATION,M,PUBLIC_BETA_MUST,WAVE_0,implementation and end-to-end evidence,implement in WAVE_0 with frontend/backend/data/security/tests together,eafb11719e67135c7a6fa3b15e1170c5192e4771,2026-07-29T15:49:53+05:30
F-D27-rto,"RELEASE, BCP, DR AND GO-LIVE",RTO,PARTIAL,implementation-evidence-gap,HIGH,MEDIUM,FOUNDATION,M,PUBLIC_BETA_MUST,WAVE_0,implementation and end-to-end evidence,implement in WAVE_0 with frontend/backend/data/security/tests together,eafb11719e67135c7a6fa3b15e1170c5192e4771,2026-07-29T15:49:53+05:30
F-D27-disaster-recovery,"RELEASE, BCP, DR AND GO-LIVE",disaster recovery,PARTIAL,implementation-evidence-gap,HIGH,MEDIUM,FOUNDATION,M,PUBLIC_BETA_MUST,WAVE_0,implementation and end-to-end evidence,implement in WAVE_0 with frontend/backend/data/security/tests together,eafb11719e67135c7a6fa3b15e1170c5192e4771,2026-07-29T15:49:53+05:30
F-D27-business-continuity,"RELEASE, BCP, DR AND GO-LIVE",business continuity,PARTIAL,implementation-evidence-gap,HIGH,MEDIUM,FOUNDATION,M,PUBLIC_BETA_MUST,WAVE_0,implementation and end-to-end evidence,implement in WAVE_0 with frontend/backend/data/security/tests together,eafb11719e67135c7a6fa3b15e1170c5192e4771,2026-07-29T15:49:53+05:30
F-D27-incident-communication,"RELEASE, BCP, DR AND GO-LIVE",incident communication,PARTIAL,implementation-evidence-gap,HIGH,MEDIUM,FOUNDATION,M,PUBLIC_BETA_MUST,WAVE_0,implementation and end-to-end evidence,implement in WAVE_0 with frontend/backend/data/security/tests together,eafb11719e67135c7a6fa3b15e1170c5192e4771,2026-07-29T15:49:53+05:30
F-D27-provider-outage-plans,"RELEASE, BCP, DR AND GO-LIVE",provider outage plans,PARTIAL,implementation-evidence-gap,HIGH,MEDIUM,FOUNDATION,M,PUBLIC_BETA_MUST,WAVE_0,implementation and end-to-end evidence,implement in WAVE_0 with frontend/backend/data/security/tests together,eafb11719e67135c7a6fa3b15e1170c5192e4771,2026-07-29T15:49:53+05:30
F-D27-legal-checks,"RELEASE, BCP, DR AND GO-LIVE",legal checks,PARTIAL,implementation-evidence-gap,HIGH,MEDIUM,FOUNDATION,M,PUBLIC_BETA_MUST,WAVE_0,implementation and end-to-end evidence,implement in WAVE_0 with frontend/backend/data/security/tests together,eafb11719e67135c7a6fa3b15e1170c5192e4771,2026-07-29T15:49:53+05:30
F-D27-security-review,"RELEASE, BCP, DR AND GO-LIVE",security review,PARTIAL,implementation-evidence-gap,HIGH,MEDIUM,FOUNDATION,M,PUBLIC_BETA_MUST,WAVE_0,implementation and end-to-end evidence,implement in WAVE_0 with frontend/backend/data/security/tests together,eafb11719e67135c7a6fa3b15e1170c5192e4771,2026-07-29T15:49:53+05:30
F-D27-beta-controls,"RELEASE, BCP, DR AND GO-LIVE",beta controls,PARTIAL,implementation-evidence-gap,HIGH,MEDIUM,FOUNDATION,M,PUBLIC_BETA_MUST,WAVE_0,implementation and end-to-end evidence,implement in WAVE_0 with frontend/backend/data/security/tests together,eafb11719e67135c7a6fa3b15e1170c5192e4771,2026-07-29T15:49:53+05:30
F-D27-go-live-checklist,"RELEASE, BCP, DR AND GO-LIVE",go-live checklist.,PARTIAL,implementation-evidence-gap,HIGH,MEDIUM,FOUNDATION,M,PUBLIC_BETA_MUST,WAVE_0,implementation and end-to-end evidence,implement in WAVE_0 with frontend/backend/data/security/tests together,eafb11719e67135c7a6fa3b15e1170c5192e4771,2026-07-29T15:49:53+05:30
