feature_id,domain_id,domain,capability,aliases,status,frontend_status,backend_status,data_status,persistence_status,security_status,provider,route,api,database_entity,event_worker,tests,evidence,blocker,dependency,target_wave,owner,user_value,risk,effort,release_scope,public_beta_safe,last_verified,source_commit,notes
foundation.logo,LEGACY-STABLE-ID,Preserved Prompt 1 registry,Official Qelly logo system,,IMPLEMENTED_DETERMINISTIC_LOCAL,IMPLEMENTED_DETERMINISTIC_LOCAL,PARTIAL,IMPLEMENTED_DETERMINISTIC_LOCAL,PARTIAL,PARTIAL,see provider registry,see route registry,see API registry,see DB inventory,see worker inventory,Prompt 1 workflow evidence; Wave 0 reclassification,PR #13 merged; browser evidence,Connected to application shell and assets,FOUNDATION,WAVE_0,unassigned,CRITICAL,LOW,M,PUBLIC_BETA_MUST,yes/conditional,2026-07-29T15:49:53+05:30,eafb11719e67135c7a6fa3b15e1170c5192e4771,Existing stable feature ID preserved; classification corrected to Prompt 2A vocabulary.
foundation.typography,LEGACY-STABLE-ID,Preserved Prompt 1 registry,IBM Plex Sans Variable,,IMPLEMENTED_DETERMINISTIC_LOCAL,IMPLEMENTED_DETERMINISTIC_LOCAL,PARTIAL,IMPLEMENTED_DETERMINISTIC_LOCAL,PARTIAL,PARTIAL,see provider registry,see route registry,see API registry,see DB inventory,see worker inventory,Prompt 1 workflow evidence; Wave 0 reclassification,Typography governance workflows and public font probe,Canonical local font,FOUNDATION,WAVE_0,unassigned,CRITICAL,LOW,M,PUBLIC_BETA_MUST,yes/conditional,2026-07-29T15:49:53+05:30,eafb11719e67135c7a6fa3b15e1170c5192e4771,Existing stable feature ID preserved; classification corrected to Prompt 2A vocabulary.
foundation.theme-intelligence,LEGACY-STABLE-ID,Preserved Prompt 1 registry,Theme Intelligence and 13 themes,,IMPLEMENTED_DETERMINISTIC_LOCAL,IMPLEMENTED_DETERMINISTIC_LOCAL,PARTIAL,IMPLEMENTED_DETERMINISTIC_LOCAL,PARTIAL,PARTIAL,see provider registry,see route registry,see API registry,see DB inventory,see worker inventory,Prompt 1 workflow evidence; Wave 0 reclassification,Theme specialist workflow,Frozen visual foundation,FOUNDATION,WAVE_0,unassigned,CRITICAL,LOW,M,PUBLIC_BETA_MUST,yes/conditional,2026-07-29T15:49:53+05:30,eafb11719e67135c7a6fa3b15e1170c5192e4771,Existing stable feature ID preserved; classification corrected to Prompt 2A vocabulary.
foundation.asset-rankings,LEGACY-STABLE-ID,Preserved Prompt 1 registry,Asset Rankings responsive interface,,IMPLEMENTED_DETERMINISTIC_LOCAL,IMPLEMENTED_DETERMINISTIC_LOCAL,PARTIAL,DEMO,PARTIAL,PARTIAL,see provider registry,see route registry,see API registry,see DB inventory,see worker inventory,Prompt 1 workflow evidence; Wave 0 reclassification,UI and browser artifacts,Existing data truth remains unchanged,FOUNDATION,WAVE_0,unassigned,CRITICAL,LOW,M,PUBLIC_BETA_MUST,yes/conditional,2026-07-29T15:49:53+05:30,eafb11719e67135c7a6fa3b15e1170c5192e4771,Existing stable feature ID preserved; classification corrected to Prompt 2A vocabulary.
beta.truth-state,LEGACY-STABLE-ID,Preserved Prompt 1 registry,Canonical capability truth states,,IMPLEMENTED_DETERMINISTIC_LOCAL,IMPLEMENTED_DETERMINISTIC_LOCAL,PARTIAL,IMPLEMENTED_DETERMINISTIC_LOCAL,PARTIAL,PARTIAL,see provider registry,see route registry,see API registry,see DB inventory,see worker inventory,Prompt 1 workflow evidence; Wave 0 reclassification,13-state schema module and tests,Feature adoption remains Prompt 2 work,FOUNDATION,WAVE_0,unassigned,CRITICAL,MEDIUM,M,PUBLIC_BETA_MUST,yes/conditional,2026-07-29T15:49:53+05:30,eafb11719e67135c7a6fa3b15e1170c5192e4771,Existing stable feature ID preserved; classification corrected to Prompt 2A vocabulary.
beta.evidence-metadata,LEGACY-STABLE-ID,Preserved Prompt 1 registry,Source freshness lineage metadata,,IMPLEMENTED_DETERMINISTIC_LOCAL,IMPLEMENTED_DETERMINISTIC_LOCAL,PARTIAL,IMPLEMENTED_DETERMINISTIC_LOCAL,PARTIAL,PARTIAL,see provider registry,see route registry,see API registry,see DB inventory,see worker inventory,Prompt 1 workflow evidence; Wave 0 reclassification,Schema and tests,Provider adoption remains pending,FOUNDATION,WAVE_0,unassigned,CRITICAL,MEDIUM,M,PUBLIC_BETA_MUST,yes/conditional,2026-07-29T15:49:53+05:30,eafb11719e67135c7a6fa3b15e1170c5192e4771,Existing stable feature ID preserved; classification corrected to Prompt 2A vocabulary.
beta.environment-model,LEGACY-STABLE-ID,Preserved Prompt 1 registry,Local test preview staging production model,,IMPLEMENTED_DETERMINISTIC_LOCAL,IMPLEMENTED_DETERMINISTIC_LOCAL,PARTIAL,IMPLEMENTED_DETERMINISTIC_LOCAL,PARTIAL,PARTIAL,see provider registry,see route registry,see API registry,see DB inventory,see worker inventory,Prompt 1 workflow evidence; Wave 0 reclassification,Config and tests,No production credentials included,FOUNDATION,WAVE_0,unassigned,CRITICAL,MEDIUM,M,PUBLIC_BETA_MUST,yes/conditional,2026-07-29T15:49:53+05:30,eafb11719e67135c7a6fa3b15e1170c5192e4771,Existing stable feature ID preserved; classification corrected to Prompt 2A vocabulary.
beta.feature-flags,LEGACY-STABLE-ID,Preserved Prompt 1 registry,Governed feature flags and kill boundaries,,IMPLEMENTED_DETERMINISTIC_LOCAL,IMPLEMENTED_DETERMINISTIC_LOCAL,PARTIAL,IMPLEMENTED_DETERMINISTIC_LOCAL,PARTIAL,PARTIAL,see provider registry,see route registry,see API registry,see DB inventory,see worker inventory,Prompt 1 workflow evidence; Wave 0 reclassification,Config and tests,Execution and custody hard-disabled,FOUNDATION,WAVE_0,unassigned,CRITICAL,MEDIUM,M,PUBLIC_BETA_MUST,yes/conditional,2026-07-29T15:49:53+05:30,eafb11719e67135c7a6fa3b15e1170c5192e4771,Existing stable feature ID preserved; classification corrected to Prompt 2A vocabulary.
beta.provider-interface,LEGACY-STABLE-ID,Preserved Prompt 1 registry,Provider adapter interface,,IMPLEMENTED_DETERMINISTIC_LOCAL,IMPLEMENTED_DETERMINISTIC_LOCAL,PARTIAL,IMPLEMENTED_DETERMINISTIC_LOCAL,PARTIAL,PARTIAL,see provider registry,see route registry,see API registry,see DB inventory,see worker inventory,Prompt 1 workflow evidence; Wave 0 reclassification,Timeout abort health kill-switch contract and tests,No real provider connected,FOUNDATION,WAVE_0,unassigned,CRITICAL,MEDIUM,M,PUBLIC_BETA_MUST,yes/conditional,2026-07-29T15:49:53+05:30,eafb11719e67135c7a6fa3b15e1170c5192e4771,Existing stable feature ID preserved; classification corrected to Prompt 2A vocabulary.
beta.observability,LEGACY-STABLE-ID,Preserved Prompt 1 registry,Redacted observability event interface,,IMPLEMENTED_DETERMINISTIC_LOCAL,IMPLEMENTED_DETERMINISTIC_LOCAL,PARTIAL,IMPLEMENTED_DETERMINISTIC_LOCAL,PARTIAL,PARTIAL,see provider registry,see route registry,see API registry,see DB inventory,see worker inventory,Prompt 1 workflow evidence; Wave 0 reclassification,Module and tests,Backend sink planned,FOUNDATION,WAVE_0,unassigned,HIGH,MEDIUM,M,POST_BETA,yes/conditional,2026-07-29T15:49:53+05:30,eafb11719e67135c7a6fa3b15e1170c5192e4771,Existing stable feature ID preserved; classification corrected to Prompt 2A vocabulary.
beta.migration-rollback,LEGACY-STABLE-ID,Preserved Prompt 1 registry,Migration rollback and release dependency structure,,IMPLEMENTED_DETERMINISTIC_LOCAL,IMPLEMENTED_DETERMINISTIC_LOCAL,PARTIAL,IMPLEMENTED_DETERMINISTIC_LOCAL,PARTIAL,PARTIAL,see provider registry,see route registry,see API registry,see DB inventory,see worker inventory,Prompt 1 workflow evidence; Wave 0 reclassification,Architecture documents and release graph,No operational migration introduced,FOUNDATION,WAVE_0,unassigned,CRITICAL,MEDIUM,M,PUBLIC_BETA_MUST,yes/conditional,2026-07-29T15:49:53+05:30,eafb11719e67135c7a6fa3b15e1170c5192e4771,Existing stable feature ID preserved; classification corrected to Prompt 2A vocabulary.
beta.inventory,LEGACY-STABLE-ID,Preserved Prompt 1 registry,Baseline route API schema and contract inventories,,IMPLEMENTED_DETERMINISTIC_LOCAL,IMPLEMENTED_DETERMINISTIC_LOCAL,PARTIAL,IMPLEMENTED_DETERMINISTIC_LOCAL,PARTIAL,PARTIAL,see provider registry,see route registry,see API registry,see DB inventory,see worker inventory,Prompt 1 workflow evidence; Wave 0 reclassification,61 routes; 276 API references; 67 schemas; 187 server contracts; 17 families,Counts are not connectivity proof,FOUNDATION,WAVE_0,unassigned,CRITICAL,MEDIUM,M,PUBLIC_BETA_MUST,yes/conditional,2026-07-29T15:49:53+05:30,eafb11719e67135c7a6fa3b15e1170c5192e4771,Existing stable feature ID preserved; classification corrected to Prompt 2A vocabulary.
providers.market-data,LEGACY-STABLE-ID,Preserved Prompt 1 registry,Connected market-data providers,,PLANNED,PLANNED,PARTIAL,PLANNED,PARTIAL,PARTIAL,see provider registry,see route registry,see API registry,see DB inventory,see worker inventory,Prompt 1 workflow evidence; Wave 0 reclassification,No authorized integration test,Terms quotas authorization and redistribution require current verification,FOUNDATION,WAVE_2,unassigned,HIGH,MEDIUM,M,POST_BETA,yes/conditional,2026-07-29T15:49:53+05:30,eafb11719e67135c7a6fa3b15e1170c5192e4771,Existing stable feature ID preserved; classification corrected to Prompt 2A vocabulary.
connections.read-only,LEGACY-STABLE-ID,Preserved Prompt 1 registry,Read-only wallet broker exchange connections,,PLANNED,PLANNED,PARTIAL,PLANNED,PARTIAL,PARTIAL,see provider registry,see route registry,see API registry,see DB inventory,see worker inventory,Prompt 1 workflow evidence; Wave 0 reclassification,No authorization flow,Prompt 2 scope,FOUNDATION,WAVE_2,unassigned,HIGH,MEDIUM,M,POST_BETA,yes/conditional,2026-07-29T15:49:53+05:30,eafb11719e67135c7a6fa3b15e1170c5192e4771,Existing stable feature ID preserved; classification corrected to Prompt 2A vocabulary.
paper-trading,LEGACY-STABLE-ID,Preserved Prompt 1 registry,Deterministic paper-trading engine,,PLANNED,PLANNED,PARTIAL,PLANNED,PARTIAL,PARTIAL,see provider registry,see route registry,see API registry,see DB inventory,see worker inventory,Prompt 1 workflow evidence; Wave 0 reclassification,No Prompt 1 implementation evidence,Prompt 2 scope,FOUNDATION,WAVE_2,unassigned,HIGH,MEDIUM,M,POST_BETA,yes/conditional,2026-07-29T15:49:53+05:30,eafb11719e67135c7a6fa3b15e1170c5192e4771,Existing stable feature ID preserved; classification corrected to Prompt 2A vocabulary.
marketplace,LEGACY-STABLE-ID,Preserved Prompt 1 registry,EA and strategy marketplace,,PLANNED,PLANNED,PARTIAL,PLANNED,PARTIAL,PARTIAL,see provider registry,see route registry,see API registry,see DB inventory,see worker inventory,Prompt 1 workflow evidence; Wave 0 reclassification,No executable marketplace evidence,Prompt 2 scope,FOUNDATION,WAVE_2,unassigned,HIGH,MEDIUM,M,POST_BETA,yes/conditional,2026-07-29T15:49:53+05:30,eafb11719e67135c7a6fa3b15e1170c5192e4771,Existing stable feature ID preserved; classification corrected to Prompt 2A vocabulary.
execution.real-money,LEGACY-STABLE-ID,Preserved Prompt 1 registry,Real-money trading,,DEFERRED,DEFERRED,PARTIAL,DEFERRED,PARTIAL,PARTIAL,see provider registry,see route registry,see API registry,see DB inventory,see worker inventory,Prompt 1 workflow evidence; Wave 0 reclassification,Runtime safety invariant,Requires separate explicit program,FOUNDATION,WAVE_2,unassigned,HIGH,MEDIUM,M,DEFERRED,no,2026-07-29T15:49:53+05:30,eafb11719e67135c7a6fa3b15e1170c5192e4771,Existing stable feature ID preserved; classification corrected to Prompt 2A vocabulary.
custody,LEGACY-STABLE-ID,Preserved Prompt 1 registry,Custody deposits and withdrawals,,DEFERRED,DEFERRED,PARTIAL,DEFERRED,PARTIAL,PARTIAL,see provider registry,see route registry,see API registry,see DB inventory,see worker inventory,Prompt 1 workflow evidence; Wave 0 reclassification,Runtime safety invariant,Excluded from public beta,FOUNDATION,WAVE_2,unassigned,HIGH,MEDIUM,M,DEFERRED,no,2026-07-29T15:49:53+05:30,eafb11719e67135c7a6fa3b15e1170c5192e4771,Existing stable feature ID preserved; classification corrected to Prompt 2A vocabulary.
secrets.wallet,LEGACY-STABLE-ID,Preserved Prompt 1 registry,Private-key and seed-phrase storage,,DEFERRED,DEFERRED,PARTIAL,DEFERRED,PARTIAL,PARTIAL,see provider registry,see route registry,see API registry,see DB inventory,see worker inventory,Prompt 1 workflow evidence; Wave 0 reclassification,Runtime safety invariant,Never request or store,FOUNDATION,WAVE_2,unassigned,HIGH,MEDIUM,M,DEFERRED,no,2026-07-29T15:49:53+05:30,eafb11719e67135c7a6fa3b15e1170c5192e4771,Existing stable feature ID preserved; classification corrected to Prompt 2A vocabulary.
deployment.github-pages,LEGACY-STABLE-ID,Preserved Prompt 1 registry,GitHub Pages static visual preview,,IMPLEMENTED_CONNECTED,IMPLEMENTED_CONNECTED,PARTIAL,DEMO,PARTIAL,PARTIAL,see provider registry,see route registry,see API registry,see DB inventory,see worker inventory,Prompt 1 workflow evidence; Wave 0 reclassification,Deployment 5654166920 on commit 46233298031372c51bb433229bd7f9d1aff70568; public resource probes,Public static/read-only preview; not connected full production,FOUNDATION,WAVE_0,unassigned,CRITICAL,MEDIUM,M,PUBLIC_BETA_MUST,yes/conditional,2026-07-29T15:49:53+05:30,eafb11719e67135c7a6fa3b15e1170c5192e4771,Existing stable feature ID preserved; classification corrected to Prompt 2A vocabulary.
F-D01-public-homepage,D01,PUBLIC DISCOVERY,public homepage,,PROTOTYPE,PROTOTYPE,PARTIAL,SIMULATED,PARTIAL,PARTIAL,none/local or TBD,TBD/mapped in route inventory,TBD/mapped in API inventory,TBD/mapped in DB inventory,TBD/mapped in worker inventory,see QELLY_TEST_COVERAGE_MATRIX.csv,exact source audit; registry/route presence is not completion,implementation and end-to-end evidence,DATABASE,WAVE_2,unassigned,HIGH,MEDIUM,M,PUBLIC_BETA_MUST,yes,2026-07-29T15:49:53+05:30,eafb11719e67135c7a6fa3b15e1170c5192e4771,Conservative classification; no feature-count inflation.
F-D01-market-overview,D01,PUBLIC DISCOVERY,market overview,,PROTOTYPE,PROTOTYPE,PARTIAL,SIMULATED,PARTIAL,PARTIAL,none/local or TBD,TBD/mapped in route inventory,TBD/mapped in API inventory,TBD/mapped in DB inventory,TBD/mapped in worker inventory,see QELLY_TEST_COVERAGE_MATRIX.csv,exact source audit; registry/route presence is not completion,implementation and end-to-end evidence,DATABASE,WAVE_2,unassigned,HIGH,MEDIUM,M,PUBLIC_BETA_MUST,yes,2026-07-29T15:49:53+05:30,eafb11719e67135c7a6fa3b15e1170c5192e4771,Conservative classification; no feature-count inflation.
F-D01-asset-rankings,D01,PUBLIC DISCOVERY,asset rankings,,PROTOTYPE,PROTOTYPE,PARTIAL,SIMULATED,PARTIAL,PARTIAL,none/local or TBD,TBD/mapped in route inventory,TBD/mapped in API inventory,TBD/mapped in DB inventory,TBD/mapped in worker inventory,see QELLY_TEST_COVERAGE_MATRIX.csv,exact source audit; registry/route presence is not completion,implementation and end-to-end evidence,DATABASE,WAVE_2,unassigned,HIGH,MEDIUM,M,PUBLIC_BETA_MUST,yes,2026-07-29T15:49:53+05:30,eafb11719e67135c7a6fa3b15e1170c5192e4771,Conservative classification; no feature-count inflation.
F-D01-gainers-losers,D01,PUBLIC DISCOVERY,gainers/losers,,PLANNED,PLANNED,PLANNED,UNAVAILABLE,UNAVAILABLE,PARTIAL,none/local or TBD,TBD/mapped in route inventory,TBD/mapped in API inventory,TBD/mapped in DB inventory,TBD/mapped in worker inventory,see QELLY_TEST_COVERAGE_MATRIX.csv,exact source audit; registry/route presence is not completion,implementation and end-to-end evidence,SECURITY,WAVE_2,unassigned,MEDIUM,HIGH,L,POST_BETA,conditional,2026-07-29T15:49:53+05:30,eafb11719e67135c7a6fa3b15e1170c5192e4771,Conservative classification; no feature-count inflation.
F-D01-trending-assets,D01,PUBLIC DISCOVERY,trending assets,,PLANNED,PLANNED,PLANNED,UNAVAILABLE,UNAVAILABLE,PARTIAL,none/local or TBD,TBD/mapped in route inventory,TBD/mapped in API inventory,TBD/mapped in DB inventory,TBD/mapped in worker inventory,see QELLY_TEST_COVERAGE_MATRIX.csv,exact source audit; registry/route presence is not completion,implementation and end-to-end evidence,DATABASE,WAVE_2,unassigned,MEDIUM,MEDIUM,L,POST_BETA,yes,2026-07-29T15:49:53+05:30,eafb11719e67135c7a6fa3b15e1170c5192e4771,Conservative classification; no feature-count inflation.
F-D01-new-listings,D01,PUBLIC DISCOVERY,new listings,,PLANNED,PLANNED,PLANNED,UNAVAILABLE,UNAVAILABLE,PARTIAL,none/local or TBD,TBD/mapped in route inventory,TBD/mapped in API inventory,TBD/mapped in DB inventory,TBD/mapped in worker inventory,see QELLY_TEST_COVERAGE_MATRIX.csv,exact source audit; registry/route presence is not completion,implementation and end-to-end evidence,DATABASE,WAVE_6,unassigned,MEDIUM,MEDIUM,PROGRAM,POST_BETA,yes,2026-07-29T15:49:53+05:30,eafb11719e67135c7a6fa3b15e1170c5192e4771,Conservative classification; no feature-count inflation.
F-D01-sectors,D01,PUBLIC DISCOVERY,sectors,,PLANNED,PLANNED,PLANNED,UNAVAILABLE,UNAVAILABLE,PARTIAL,none/local or TBD,TBD/mapped in route inventory,TBD/mapped in API inventory,TBD/mapped in DB inventory,TBD/mapped in worker inventory,see QELLY_TEST_COVERAGE_MATRIX.csv,exact source audit; registry/route presence is not completion,implementation and end-to-end evidence,DATABASE,WAVE_2,unassigned,MEDIUM,MEDIUM,L,POST_BETA,yes,2026-07-29T15:49:53+05:30,eafb11719e67135c7a6fa3b15e1170c5192e4771,Conservative classification; no feature-count inflation.
F-D01-themes,D01,PUBLIC DISCOVERY,themes,D02:ASSET INTELLIGENCE|D22:DESIGN SYSTEM AND UX,IMPLEMENTED_DETERMINISTIC_LOCAL,IMPLEMENTED_DETERMINISTIC_LOCAL,IMPLEMENTED_DETERMINISTIC_LOCAL,IMPLEMENTED_DETERMINISTIC_LOCAL,IMPLEMENTED_DETERMINISTIC_LOCAL,PARTIAL,none/local or TBD,TBD/mapped in route inventory,TBD/mapped in API inventory,TBD/mapped in DB inventory,TBD/mapped in worker inventory,see QELLY_TEST_COVERAGE_MATRIX.csv,exact source audit; registry/route presence is not completion,,FOUNDATION,WAVE_2,unassigned,HIGH,MEDIUM,M,PUBLIC_BETA_MUST,yes,2026-07-29T15:49:53+05:30,eafb11719e67135c7a6fa3b15e1170c5192e4771,Conservative classification; no feature-count inflation.
F-D01-categories,D01,PUBLIC DISCOVERY,categories,,PROTOTYPE,PROTOTYPE,PARTIAL,SIMULATED,PARTIAL,PARTIAL,none/local or TBD,TBD/mapped in route inventory,TBD/mapped in API inventory,TBD/mapped in DB inventory,TBD/mapped in worker inventory,see QELLY_TEST_COVERAGE_MATRIX.csv,exact source audit; registry/route presence is not completion,implementation and end-to-end evidence,DATABASE,WAVE_2,unassigned,HIGH,MEDIUM,M,PUBLIC_BETA_MUST,yes,2026-07-29T15:49:53+05:30,eafb11719e67135c7a6fa3b15e1170c5192e4771,Conservative classification; no feature-count inflation.
F-D01-exchange-rankings,D01,PUBLIC DISCOVERY,exchange rankings,,PLANNED,PLANNED,PLANNED,UNAVAILABLE,UNAVAILABLE,PARTIAL,none/local or TBD,TBD/mapped in route inventory,TBD/mapped in API inventory,TBD/mapped in DB inventory,TBD/mapped in worker inventory,see QELLY_TEST_COVERAGE_MATRIX.csv,exact source audit; registry/route presence is not completion,implementation and end-to-end evidence,SECURITY,WAVE_2,unassigned,MEDIUM,HIGH,L,POST_BETA,conditional,2026-07-29T15:49:53+05:30,eafb11719e67135c7a6fa3b15e1170c5192e4771,Conservative classification; no feature-count inflation.
F-D01-broker-directory,D01,PUBLIC DISCOVERY,broker directory,,PLANNED,PLANNED,PLANNED,UNAVAILABLE,UNAVAILABLE,PARTIAL,none/local or TBD,TBD/mapped in route inventory,TBD/mapped in API inventory,TBD/mapped in DB inventory,TBD/mapped in worker inventory,see QELLY_TEST_COVERAGE_MATRIX.csv,exact source audit; registry/route presence is not completion,implementation and end-to-end evidence,SECURITY,WAVE_2,unassigned,MEDIUM,HIGH,L,POST_BETA,conditional,2026-07-29T15:49:53+05:30,eafb11719e67135c7a6fa3b15e1170c5192e4771,Conservative classification; no feature-count inflation.
F-D01-provider-directory,D01,PUBLIC DISCOVERY,provider directory,,PLANNED,PLANNED,PLANNED,UNAVAILABLE,UNAVAILABLE,PARTIAL,none/local or TBD,TBD/mapped in route inventory,TBD/mapped in API inventory,TBD/mapped in DB inventory,TBD/mapped in worker inventory,see QELLY_TEST_COVERAGE_MATRIX.csv,exact source audit; registry/route presence is not completion,implementation and end-to-end evidence,DATABASE,WAVE_2,unassigned,MEDIUM,MEDIUM,L,POST_BETA,yes,2026-07-29T15:49:53+05:30,eafb11719e67135c7a6fa3b15e1170c5192e4771,Conservative classification; no feature-count inflation.
F-D01-market-status,D01,PUBLIC DISCOVERY,market status,,PLANNED,PLANNED,PLANNED,UNAVAILABLE,UNAVAILABLE,PARTIAL,none/local or TBD,TBD/mapped in route inventory,TBD/mapped in API inventory,TBD/mapped in DB inventory,TBD/mapped in worker inventory,see QELLY_TEST_COVERAGE_MATRIX.csv,exact source audit; registry/route presence is not completion,implementation and end-to-end evidence,DATABASE,WAVE_2,unassigned,MEDIUM,MEDIUM,L,POST_BETA,yes,2026-07-29T15:49:53+05:30,eafb11719e67135c7a6fa3b15e1170c5192e4771,Conservative classification; no feature-count inflation.
F-D01-global-sessions,D01,PUBLIC DISCOVERY,global sessions,,PLANNED,PLANNED,PLANNED,UNAVAILABLE,UNAVAILABLE,PARTIAL,none/local or TBD,TBD/mapped in route inventory,TBD/mapped in API inventory,TBD/mapped in DB inventory,TBD/mapped in worker inventory,see QELLY_TEST_COVERAGE_MATRIX.csv,exact source audit; registry/route presence is not completion,implementation and end-to-end evidence,DATABASE,WAVE_2,unassigned,MEDIUM,MEDIUM,L,POST_BETA,yes,2026-07-29T15:49:53+05:30,eafb11719e67135c7a6fa3b15e1170c5192e4771,Conservative classification; no feature-count inflation.
F-D01-public-asset-pages,D01,PUBLIC DISCOVERY,public asset pages,,PROTOTYPE,PROTOTYPE,PARTIAL,SIMULATED,PARTIAL,PARTIAL,none/local or TBD,TBD/mapped in route inventory,TBD/mapped in API inventory,TBD/mapped in DB inventory,TBD/mapped in worker inventory,see QELLY_TEST_COVERAGE_MATRIX.csv,exact source audit; registry/route presence is not completion,implementation and end-to-end evidence,DATABASE,WAVE_2,unassigned,HIGH,MEDIUM,M,PUBLIC_BETA_MUST,yes,2026-07-29T15:49:53+05:30,eafb11719e67135c7a6fa3b15e1170c5192e4771,Conservative classification; no feature-count inflation.
F-D01-public-strategy-pages,D01,PUBLIC DISCOVERY,public strategy pages,,PLANNED,PLANNED,PLANNED,UNAVAILABLE,UNAVAILABLE,PARTIAL,none/local or TBD,TBD/mapped in route inventory,TBD/mapped in API inventory,TBD/mapped in DB inventory,TBD/mapped in worker inventory,see QELLY_TEST_COVERAGE_MATRIX.csv,exact source audit; registry/route presence is not completion,implementation and end-to-end evidence,DATABASE,WAVE_5,unassigned,MEDIUM,MEDIUM,PROGRAM,POST_BETA,yes,2026-07-29T15:49:53+05:30,eafb11719e67135c7a6fa3b15e1170c5192e4771,Conservative classification; no feature-count inflation.
F-D01-public-creator-pages,D01,PUBLIC DISCOVERY,public creator pages,,PLANNED,PLANNED,PLANNED,UNAVAILABLE,UNAVAILABLE,PARTIAL,none/local or TBD,TBD/mapped in route inventory,TBD/mapped in API inventory,TBD/mapped in DB inventory,TBD/mapped in worker inventory,see QELLY_TEST_COVERAGE_MATRIX.csv,exact source audit; registry/route presence is not completion,implementation and end-to-end evidence,DATABASE,WAVE_6,unassigned,MEDIUM,MEDIUM,PROGRAM,POST_BETA,yes,2026-07-29T15:49:53+05:30,eafb11719e67135c7a6fa3b15e1170c5192e4771,Conservative classification; no feature-count inflation.
F-D01-public-calculator-pages,D01,PUBLIC DISCOVERY,public calculator pages,,PLANNED,PLANNED,PLANNED,UNAVAILABLE,UNAVAILABLE,PARTIAL,none/local or TBD,TBD/mapped in route inventory,TBD/mapped in API inventory,TBD/mapped in DB inventory,TBD/mapped in worker inventory,see QELLY_TEST_COVERAGE_MATRIX.csv,exact source audit; registry/route presence is not completion,implementation and end-to-end evidence,DATABASE,WAVE_1,unassigned,MEDIUM,MEDIUM,L,POST_BETA,yes,2026-07-29T15:49:53+05:30,eafb11719e67135c7a6fa3b15e1170c5192e4771,Conservative classification; no feature-count inflation.
F-D01-public-research-pages,D01,PUBLIC DISCOVERY,public research pages,,PROTOTYPE,PROTOTYPE,PARTIAL,SIMULATED,PARTIAL,PARTIAL,none/local or TBD,TBD/mapped in route inventory,TBD/mapped in API inventory,TBD/mapped in DB inventory,TBD/mapped in worker inventory,see QELLY_TEST_COVERAGE_MATRIX.csv,exact source audit; registry/route presence is not completion,implementation and end-to-end evidence,DATABASE,WAVE_2,unassigned,HIGH,MEDIUM,M,PUBLIC_BETA_MUST,yes,2026-07-29T15:49:53+05:30,eafb11719e67135c7a6fa3b15e1170c5192e4771,Conservative classification; no feature-count inflation.
F-D01-public-news,D01,PUBLIC DISCOVERY,public news,,PROTOTYPE,PROTOTYPE,PARTIAL,SIMULATED,PARTIAL,PARTIAL,none/local or TBD,TBD/mapped in route inventory,TBD/mapped in API inventory,TBD/mapped in DB inventory,TBD/mapped in worker inventory,see QELLY_TEST_COVERAGE_MATRIX.csv,exact source audit; registry/route presence is not completion,implementation and end-to-end evidence,PROVIDER,WAVE_2,unassigned,HIGH,MEDIUM,M,PUBLIC_BETA_MUST,yes,2026-07-29T15:49:53+05:30,eafb11719e67135c7a6fa3b15e1170c5192e4771,Conservative classification; no feature-count inflation.
F-D01-public-education,D01,PUBLIC DISCOVERY,public education,,PLANNED,PLANNED,PLANNED,UNAVAILABLE,UNAVAILABLE,PARTIAL,none/local or TBD,TBD/mapped in route inventory,TBD/mapped in API inventory,TBD/mapped in DB inventory,TBD/mapped in worker inventory,see QELLY_TEST_COVERAGE_MATRIX.csv,exact source audit; registry/route presence is not completion,implementation and end-to-end evidence,DATABASE,WAVE_2,unassigned,MEDIUM,MEDIUM,L,POST_BETA,yes,2026-07-29T15:49:53+05:30,eafb11719e67135c7a6fa3b15e1170c5192e4771,Conservative classification; no feature-count inflation.
F-D01-public-community,D01,PUBLIC DISCOVERY,public community,,PLANNED,PLANNED,PLANNED,UNAVAILABLE,UNAVAILABLE,PARTIAL,none/local or TBD,TBD/mapped in route inventory,TBD/mapped in API inventory,TBD/mapped in DB inventory,TBD/mapped in worker inventory,see QELLY_TEST_COVERAGE_MATRIX.csv,exact source audit; registry/route presence is not completion,implementation and end-to-end evidence,DATABASE,WAVE_2,unassigned,MEDIUM,MEDIUM,L,POST_BETA,yes,2026-07-29T15:49:53+05:30,eafb11719e67135c7a6fa3b15e1170c5192e4771,Conservative classification; no feature-count inflation.
F-D01-seo,D01,PUBLIC DISCOVERY,SEO,,PLANNED,PLANNED,PLANNED,UNAVAILABLE,UNAVAILABLE,PARTIAL,none/local or TBD,TBD/mapped in route inventory,TBD/mapped in API inventory,TBD/mapped in DB inventory,TBD/mapped in worker inventory,see QELLY_TEST_COVERAGE_MATRIX.csv,exact source audit; registry/route presence is not completion,implementation and end-to-end evidence,DATABASE,WAVE_2,unassigned,MEDIUM,MEDIUM,L,POST_BETA,yes,2026-07-29T15:49:53+05:30,eafb11719e67135c7a6fa3b15e1170c5192e4771,Conservative classification; no feature-count inflation.
F-D01-social-previews,D01,PUBLIC DISCOVERY,social previews,,PLANNED,PLANNED,PLANNED,UNAVAILABLE,UNAVAILABLE,PARTIAL,none/local or TBD,TBD/mapped in route inventory,TBD/mapped in API inventory,TBD/mapped in DB inventory,TBD/mapped in worker inventory,see QELLY_TEST_COVERAGE_MATRIX.csv,exact source audit; registry/route presence is not completion,implementation and end-to-end evidence,DATABASE,WAVE_6,unassigned,MEDIUM,MEDIUM,PROGRAM,POST_BETA,yes,2026-07-29T15:49:53+05:30,eafb11719e67135c7a6fa3b15e1170c5192e4771,Conservative classification; no feature-count inflation.
F-D01-share-links,D01,PUBLIC DISCOVERY,share links,,PLANNED,PLANNED,PLANNED,UNAVAILABLE,UNAVAILABLE,PARTIAL,none/local or TBD,TBD/mapped in route inventory,TBD/mapped in API inventory,TBD/mapped in DB inventory,TBD/mapped in worker inventory,see QELLY_TEST_COVERAGE_MATRIX.csv,exact source audit; registry/route presence is not completion,implementation and end-to-end evidence,DATABASE,WAVE_2,unassigned,MEDIUM,MEDIUM,L,POST_BETA,yes,2026-07-29T15:49:53+05:30,eafb11719e67135c7a6fa3b15e1170c5192e4771,Conservative classification; no feature-count inflation.
F-D01-public-embeds,D01,PUBLIC DISCOVERY,public embeds.,,PLANNED,PLANNED,PLANNED,UNAVAILABLE,UNAVAILABLE,PARTIAL,none/local or TBD,TBD/mapped in route inventory,TBD/mapped in API inventory,TBD/mapped in DB inventory,TBD/mapped in worker inventory,see QELLY_TEST_COVERAGE_MATRIX.csv,exact source audit; registry/route presence is not completion,implementation and end-to-end evidence,DATABASE,WAVE_2,unassigned,MEDIUM,MEDIUM,L,POST_BETA,yes,2026-07-29T15:49:53+05:30,eafb11719e67135c7a6fa3b15e1170c5192e4771,Conservative classification; no feature-count inflation.
F-D02-prices,D02,ASSET INTELLIGENCE,prices,,PLANNED,PLANNED,PLANNED,UNAVAILABLE,UNAVAILABLE,PARTIAL,none/local or TBD,TBD/mapped in route inventory,TBD/mapped in API inventory,TBD/mapped in DB inventory,TBD/mapped in worker inventory,see QELLY_TEST_COVERAGE_MATRIX.csv,exact source audit; registry/route presence is not completion,implementation and end-to-end evidence,PROVIDER,WAVE_2,unassigned,MEDIUM,MEDIUM,L,POST_BETA,yes,2026-07-29T15:49:53+05:30,eafb11719e67135c7a6fa3b15e1170c5192e4771,Conservative classification; no feature-count inflation.
F-D02-returns,D02,ASSET INTELLIGENCE,returns,,PLANNED,PLANNED,PLANNED,UNAVAILABLE,UNAVAILABLE,PARTIAL,none/local or TBD,TBD/mapped in route inventory,TBD/mapped in API inventory,TBD/mapped in DB inventory,TBD/mapped in worker inventory,see QELLY_TEST_COVERAGE_MATRIX.csv,exact source audit; registry/route presence is not completion,implementation and end-to-end evidence,DATABASE,WAVE_2,unassigned,MEDIUM,MEDIUM,L,POST_BETA,yes,2026-07-29T15:49:53+05:30,eafb11719e67135c7a6fa3b15e1170c5192e4771,Conservative classification; no feature-count inflation.
F-D02-market-capitalization,D02,ASSET INTELLIGENCE,market capitalization,,PLANNED,PLANNED,PLANNED,UNAVAILABLE,UNAVAILABLE,PARTIAL,none/local or TBD,TBD/mapped in route inventory,TBD/mapped in API inventory,TBD/mapped in DB inventory,TBD/mapped in worker inventory,see QELLY_TEST_COVERAGE_MATRIX.csv,exact source audit; registry/route presence is not completion,implementation and end-to-end evidence,DATABASE,WAVE_2,unassigned,MEDIUM,MEDIUM,L,POST_BETA,yes,2026-07-29T15:49:53+05:30,eafb11719e67135c7a6fa3b15e1170c5192e4771,Conservative classification; no feature-count inflation.
F-D02-supply,D02,ASSET INTELLIGENCE,supply,,PLANNED,PLANNED,PLANNED,UNAVAILABLE,UNAVAILABLE,PARTIAL,none/local or TBD,TBD/mapped in route inventory,TBD/mapped in API inventory,TBD/mapped in DB inventory,TBD/mapped in worker inventory,see QELLY_TEST_COVERAGE_MATRIX.csv,exact source audit; registry/route presence is not completion,implementation and end-to-end evidence,DATABASE,WAVE_2,unassigned,MEDIUM,MEDIUM,L,POST_BETA,yes,2026-07-29T15:49:53+05:30,eafb11719e67135c7a6fa3b15e1170c5192e4771,Conservative classification; no feature-count inflation.
F-D02-volume,D02,ASSET INTELLIGENCE,volume,D03:CHARTS AND TECHNICAL ANALYSIS,PROTOTYPE,PROTOTYPE,PARTIAL,SIMULATED,PARTIAL,PARTIAL,none/local or TBD,TBD/mapped in route inventory,TBD/mapped in API inventory,TBD/mapped in DB inventory,TBD/mapped in worker inventory,see QELLY_TEST_COVERAGE_MATRIX.csv,exact source audit; registry/route presence is not completion,implementation and end-to-end evidence,DATABASE,WAVE_2,unassigned,HIGH,MEDIUM,M,PUBLIC_BETA_MUST,yes,2026-07-29T15:49:53+05:30,eafb11719e67135c7a6fa3b15e1170c5192e4771,Conservative classification; no feature-count inflation.
F-D02-liquidity,D02,ASSET INTELLIGENCE,liquidity,,PLANNED,PLANNED,PLANNED,UNAVAILABLE,UNAVAILABLE,PARTIAL,none/local or TBD,TBD/mapped in route inventory,TBD/mapped in API inventory,TBD/mapped in DB inventory,TBD/mapped in worker inventory,see QELLY_TEST_COVERAGE_MATRIX.csv,exact source audit; registry/route presence is not completion,implementation and end-to-end evidence,DATABASE,WAVE_2,unassigned,MEDIUM,MEDIUM,L,POST_BETA,yes,2026-07-29T15:49:53+05:30,eafb11719e67135c7a6fa3b15e1170c5192e4771,Conservative classification; no feature-count inflation.
F-D02-volatility,D02,ASSET INTELLIGENCE,volatility,D06:PERFORMANCE ATTRIBUTION AND RISK,PLANNED,PLANNED,PLANNED,UNAVAILABLE,UNAVAILABLE,PARTIAL,none/local or TBD,TBD/mapped in route inventory,TBD/mapped in API inventory,TBD/mapped in DB inventory,TBD/mapped in worker inventory,see QELLY_TEST_COVERAGE_MATRIX.csv,exact source audit; registry/route presence is not completion,implementation and end-to-end evidence,DATABASE,WAVE_1,unassigned,MEDIUM,MEDIUM,L,POST_BETA,yes,2026-07-29T15:49:53+05:30,eafb11719e67135c7a6fa3b15e1170c5192e4771,Conservative classification; no feature-count inflation.
F-D02-fundamentals,D02,ASSET INTELLIGENCE,fundamentals,,PLANNED,PLANNED,PLANNED,UNAVAILABLE,UNAVAILABLE,PARTIAL,none/local or TBD,TBD/mapped in route inventory,TBD/mapped in API inventory,TBD/mapped in DB inventory,TBD/mapped in worker inventory,see QELLY_TEST_COVERAGE_MATRIX.csv,exact source audit; registry/route presence is not completion,implementation and end-to-end evidence,DATABASE,WAVE_2,unassigned,MEDIUM,MEDIUM,L,POST_BETA,yes,2026-07-29T15:49:53+05:30,eafb11719e67135c7a6fa3b15e1170c5192e4771,Conservative classification; no feature-count inflation.
F-D02-valuation,D02,ASSET INTELLIGENCE,valuation,,PLANNED,PLANNED,PLANNED,UNAVAILABLE,UNAVAILABLE,PARTIAL,none/local or TBD,TBD/mapped in route inventory,TBD/mapped in API inventory,TBD/mapped in DB inventory,TBD/mapped in worker inventory,see QELLY_TEST_COVERAGE_MATRIX.csv,exact source audit; registry/route presence is not completion,implementation and end-to-end evidence,DATABASE,WAVE_2,unassigned,MEDIUM,MEDIUM,L,POST_BETA,yes,2026-07-29T15:49:53+05:30,eafb11719e67135c7a6fa3b15e1170c5192e4771,Conservative classification; no feature-count inflation.
F-D02-financial-statements,D02,ASSET INTELLIGENCE,financial statements,,PLANNED,PLANNED,PLANNED,UNAVAILABLE,UNAVAILABLE,PARTIAL,none/local or TBD,TBD/mapped in route inventory,TBD/mapped in API inventory,TBD/mapped in DB inventory,TBD/mapped in worker inventory,see QELLY_TEST_COVERAGE_MATRIX.csv,exact source audit; registry/route presence is not completion,implementation and end-to-end evidence,DATABASE,WAVE_2,unassigned,MEDIUM,MEDIUM,L,POST_BETA,yes,2026-07-29T15:49:53+05:30,eafb11719e67135c7a6fa3b15e1170c5192e4771,Conservative classification; no feature-count inflation.
F-D02-ratios,D02,ASSET INTELLIGENCE,ratios,,PLANNED,PLANNED,PLANNED,UNAVAILABLE,UNAVAILABLE,PARTIAL,none/local or TBD,TBD/mapped in route inventory,TBD/mapped in API inventory,TBD/mapped in DB inventory,TBD/mapped in worker inventory,see QELLY_TEST_COVERAGE_MATRIX.csv,exact source audit; registry/route presence is not completion,implementation and end-to-end evidence,DATABASE,WAVE_2,unassigned,MEDIUM,MEDIUM,L,POST_BETA,yes,2026-07-29T15:49:53+05:30,eafb11719e67135c7a6fa3b15e1170c5192e4771,Conservative classification; no feature-count inflation.
F-D02-ownership,D02,ASSET INTELLIGENCE,ownership,,PLANNED,PLANNED,PLANNED,UNAVAILABLE,UNAVAILABLE,PARTIAL,none/local or TBD,TBD/mapped in route inventory,TBD/mapped in API inventory,TBD/mapped in DB inventory,TBD/mapped in worker inventory,see QELLY_TEST_COVERAGE_MATRIX.csv,exact source audit; registry/route presence is not completion,implementation and end-to-end evidence,DATABASE,WAVE_2,unassigned,MEDIUM,MEDIUM,L,POST_BETA,yes,2026-07-29T15:49:53+05:30,eafb11719e67135c7a6fa3b15e1170c5192e4771,Conservative classification; no feature-count inflation.
F-D02-analyst-estimates,D02,ASSET INTELLIGENCE,analyst estimates,,PLANNED,PLANNED,PLANNED,UNAVAILABLE,UNAVAILABLE,PARTIAL,none/local or TBD,TBD/mapped in route inventory,TBD/mapped in API inventory,TBD/mapped in DB inventory,TBD/mapped in worker inventory,see QELLY_TEST_COVERAGE_MATRIX.csv,exact source audit; registry/route presence is not completion,implementation and end-to-end evidence,DATABASE,WAVE_2,unassigned,MEDIUM,MEDIUM,L,POST_BETA,yes,2026-07-29T15:49:53+05:30,eafb11719e67135c7a6fa3b15e1170c5192e4771,Conservative classification; no feature-count inflation.
F-D02-corporate-actions,D02,ASSET INTELLIGENCE,corporate actions,D05:PORTFOLIO AND WEALTH|D19:INSTRUMENT MASTER AND REFERENCE DATA,PLANNED,PLANNED,PLANNED,UNAVAILABLE,UNAVAILABLE,PARTIAL,none/local or TBD,TBD/mapped in route inventory,TBD/mapped in API inventory,TBD/mapped in DB inventory,TBD/mapped in worker inventory,see QELLY_TEST_COVERAGE_MATRIX.csv,exact source audit; registry/route presence is not completion,implementation and end-to-end evidence,DATABASE,WAVE_2,unassigned,MEDIUM,MEDIUM,L,POST_BETA,yes,2026-07-29T15:49:53+05:30,eafb11719e67135c7a6fa3b15e1170c5192e4771,Conservative classification; no feature-count inflation.
F-D02-dividends,D02,ASSET INTELLIGENCE,dividends,D05:PORTFOLIO AND WEALTH,PLANNED,PLANNED,PLANNED,UNAVAILABLE,UNAVAILABLE,PARTIAL,none/local or TBD,TBD/mapped in route inventory,TBD/mapped in API inventory,TBD/mapped in DB inventory,TBD/mapped in worker inventory,see QELLY_TEST_COVERAGE_MATRIX.csv,exact source audit; registry/route presence is not completion,implementation and end-to-end evidence,DATABASE,WAVE_2,unassigned,MEDIUM,MEDIUM,L,POST_BETA,yes,2026-07-29T15:49:53+05:30,eafb11719e67135c7a6fa3b15e1170c5192e4771,Conservative classification; no feature-count inflation.
F-D02-splits,D02,ASSET INTELLIGENCE,splits,,PLANNED,PLANNED,PLANNED,UNAVAILABLE,UNAVAILABLE,PARTIAL,none/local or TBD,TBD/mapped in route inventory,TBD/mapped in API inventory,TBD/mapped in DB inventory,TBD/mapped in worker inventory,see QELLY_TEST_COVERAGE_MATRIX.csv,exact source audit; registry/route presence is not completion,implementation and end-to-end evidence,DATABASE,WAVE_2,unassigned,MEDIUM,MEDIUM,L,POST_BETA,yes,2026-07-29T15:49:53+05:30,eafb11719e67135c7a6fa3b15e1170c5192e4771,Conservative classification; no feature-count inflation.
F-D02-earnings,D02,ASSET INTELLIGENCE,earnings,,PLANNED,PLANNED,PLANNED,UNAVAILABLE,UNAVAILABLE,PARTIAL,none/local or TBD,TBD/mapped in route inventory,TBD/mapped in API inventory,TBD/mapped in DB inventory,TBD/mapped in worker inventory,see QELLY_TEST_COVERAGE_MATRIX.csv,exact source audit; registry/route presence is not completion,implementation and end-to-end evidence,DATABASE,WAVE_2,unassigned,MEDIUM,MEDIUM,L,POST_BETA,yes,2026-07-29T15:49:53+05:30,eafb11719e67135c7a6fa3b15e1170c5192e4771,Conservative classification; no feature-count inflation.
F-D02-filings,D02,ASSET INTELLIGENCE,filings,,PLANNED,PLANNED,PLANNED,UNAVAILABLE,UNAVAILABLE,PARTIAL,none/local or TBD,TBD/mapped in route inventory,TBD/mapped in API inventory,TBD/mapped in DB inventory,TBD/mapped in worker inventory,see QELLY_TEST_COVERAGE_MATRIX.csv,exact source audit; registry/route presence is not completion,implementation and end-to-end evidence,PROVIDER,WAVE_2,unassigned,MEDIUM,MEDIUM,L,POST_BETA,yes,2026-07-29T15:49:53+05:30,eafb11719e67135c7a6fa3b15e1170c5192e4771,Conservative classification; no feature-count inflation.
F-D02-events,D02,ASSET INTELLIGENCE,events,,PLANNED,PLANNED,PLANNED,UNAVAILABLE,UNAVAILABLE,PARTIAL,none/local or TBD,TBD/mapped in route inventory,TBD/mapped in API inventory,TBD/mapped in DB inventory,TBD/mapped in worker inventory,see QELLY_TEST_COVERAGE_MATRIX.csv,exact source audit; registry/route presence is not completion,implementation and end-to-end evidence,DATABASE,WAVE_2,unassigned,MEDIUM,MEDIUM,L,POST_BETA,yes,2026-07-29T15:49:53+05:30,eafb11719e67135c7a6fa3b15e1170c5192e4771,Conservative classification; no feature-count inflation.
F-D02-peers,D02,ASSET INTELLIGENCE,peers,,PLANNED,PLANNED,PLANNED,UNAVAILABLE,UNAVAILABLE,PARTIAL,none/local or TBD,TBD/mapped in route inventory,TBD/mapped in API inventory,TBD/mapped in DB inventory,TBD/mapped in worker inventory,see QELLY_TEST_COVERAGE_MATRIX.csv,exact source audit; registry/route presence is not completion,implementation and end-to-end evidence,DATABASE,WAVE_2,unassigned,MEDIUM,MEDIUM,L,POST_BETA,yes,2026-07-29T15:49:53+05:30,eafb11719e67135c7a6fa3b15e1170c5192e4771,Conservative classification; no feature-count inflation.
F-D02-factors,D02,ASSET INTELLIGENCE,factors,D09:QUANT RESEARCH,PLANNED,PLANNED,PLANNED,UNAVAILABLE,UNAVAILABLE,PARTIAL,none/local or TBD,TBD/mapped in route inventory,TBD/mapped in API inventory,TBD/mapped in DB inventory,TBD/mapped in worker inventory,see QELLY_TEST_COVERAGE_MATRIX.csv,exact source audit; registry/route presence is not completion,implementation and end-to-end evidence,DATABASE,WAVE_2,unassigned,MEDIUM,MEDIUM,L,POST_BETA,yes,2026-07-29T15:49:53+05:30,eafb11719e67135c7a6fa3b15e1170c5192e4771,Conservative classification; no feature-count inflation.
F-D02-sentiment,D02,ASSET INTELLIGENCE,sentiment,"D07:RESEARCH, DOCUMENTS AND NEWS",PLANNED,PLANNED,PLANNED,UNAVAILABLE,UNAVAILABLE,PARTIAL,none/local or TBD,TBD/mapped in route inventory,TBD/mapped in API inventory,TBD/mapped in DB inventory,TBD/mapped in worker inventory,see QELLY_TEST_COVERAGE_MATRIX.csv,exact source audit; registry/route presence is not completion,implementation and end-to-end evidence,DATABASE,WAVE_2,unassigned,MEDIUM,MEDIUM,L,POST_BETA,yes,2026-07-29T15:49:53+05:30,eafb11719e67135c7a6fa3b15e1170c5192e4771,Conservative classification; no feature-count inflation.
F-D02-news,D02,ASSET INTELLIGENCE,news,,PROTOTYPE,PROTOTYPE,PARTIAL,SIMULATED,PARTIAL,PARTIAL,none/local or TBD,TBD/mapped in route inventory,TBD/mapped in API inventory,TBD/mapped in DB inventory,TBD/mapped in worker inventory,see QELLY_TEST_COVERAGE_MATRIX.csv,exact source audit; registry/route presence is not completion,implementation and end-to-end evidence,PROVIDER,WAVE_2,unassigned,HIGH,MEDIUM,M,PUBLIC_BETA_MUST,yes,2026-07-29T15:49:53+05:30,eafb11719e67135c7a6fa3b15e1170c5192e4771,Conservative classification; no feature-count inflation.
F-D02-risk,D02,ASSET INTELLIGENCE,risk,,PLANNED,PLANNED,PLANNED,UNAVAILABLE,UNAVAILABLE,PARTIAL,none/local or TBD,TBD/mapped in route inventory,TBD/mapped in API inventory,TBD/mapped in DB inventory,TBD/mapped in worker inventory,see QELLY_TEST_COVERAGE_MATRIX.csv,exact source audit; registry/route presence is not completion,implementation and end-to-end evidence,DATABASE,WAVE_2,unassigned,MEDIUM,MEDIUM,L,POST_BETA,yes,2026-07-29T15:49:53+05:30,eafb11719e67135c7a6fa3b15e1170c5192e4771,Conservative classification; no feature-count inflation.
F-D02-evidence-lineage,D02,ASSET INTELLIGENCE,evidence lineage.,,PROTOTYPE,PROTOTYPE,PARTIAL,SIMULATED,PARTIAL,PARTIAL,none/local or TBD,TBD/mapped in route inventory,TBD/mapped in API inventory,TBD/mapped in DB inventory,TBD/mapped in worker inventory,see QELLY_TEST_COVERAGE_MATRIX.csv,exact source audit; registry/route presence is not completion,implementation and end-to-end evidence,DATABASE,WAVE_2,unassigned,HIGH,MEDIUM,M,PUBLIC_BETA_MUST,yes,2026-07-29T15:49:53+05:30,eafb11719e67135c7a6fa3b15e1170c5192e4771,Conservative classification; no feature-count inflation.
F-D03-candlestick,D03,CHARTS AND TECHNICAL ANALYSIS,candlestick,,PROTOTYPE,PROTOTYPE,PARTIAL,SIMULATED,PARTIAL,PARTIAL,none/local or TBD,TBD/mapped in route inventory,TBD/mapped in API inventory,TBD/mapped in DB inventory,TBD/mapped in worker inventory,see QELLY_TEST_COVERAGE_MATRIX.csv,exact source audit; registry/route presence is not completion,implementation and end-to-end evidence,DATABASE,WAVE_2,unassigned,MEDIUM,MEDIUM,M,POST_BETA,yes,2026-07-29T15:49:53+05:30,eafb11719e67135c7a6fa3b15e1170c5192e4771,Conservative classification; no feature-count inflation.
F-D03-line,D03,CHARTS AND TECHNICAL ANALYSIS,line,,PROTOTYPE,PROTOTYPE,PARTIAL,SIMULATED,PARTIAL,PARTIAL,none/local or TBD,TBD/mapped in route inventory,TBD/mapped in API inventory,TBD/mapped in DB inventory,TBD/mapped in worker inventory,see QELLY_TEST_COVERAGE_MATRIX.csv,exact source audit; registry/route presence is not completion,implementation and end-to-end evidence,DATABASE,WAVE_2,unassigned,MEDIUM,MEDIUM,M,POST_BETA,yes,2026-07-29T15:49:53+05:30,eafb11719e67135c7a6fa3b15e1170c5192e4771,Conservative classification; no feature-count inflation.
F-D03-area,D03,CHARTS AND TECHNICAL ANALYSIS,area,,PROTOTYPE,PROTOTYPE,PARTIAL,SIMULATED,PARTIAL,PARTIAL,none/local or TBD,TBD/mapped in route inventory,TBD/mapped in API inventory,TBD/mapped in DB inventory,TBD/mapped in worker inventory,see QELLY_TEST_COVERAGE_MATRIX.csv,exact source audit; registry/route presence is not completion,implementation and end-to-end evidence,DATABASE,WAVE_2,unassigned,MEDIUM,MEDIUM,M,POST_BETA,yes,2026-07-29T15:49:53+05:30,eafb11719e67135c7a6fa3b15e1170c5192e4771,Conservative classification; no feature-count inflation.
F-D03-ohlc,D03,CHARTS AND TECHNICAL ANALYSIS,OHLC,,PROTOTYPE,PROTOTYPE,PARTIAL,SIMULATED,PARTIAL,PARTIAL,none/local or TBD,TBD/mapped in route inventory,TBD/mapped in API inventory,TBD/mapped in DB inventory,TBD/mapped in worker inventory,see QELLY_TEST_COVERAGE_MATRIX.csv,exact source audit; registry/route presence is not completion,implementation and end-to-end evidence,DATABASE,WAVE_2,unassigned,MEDIUM,MEDIUM,M,POST_BETA,yes,2026-07-29T15:49:53+05:30,eafb11719e67135c7a6fa3b15e1170c5192e4771,Conservative classification; no feature-count inflation.
F-D03-heikin-ashi,D03,CHARTS AND TECHNICAL ANALYSIS,Heikin Ashi,,PLANNED,PLANNED,PLANNED,UNAVAILABLE,UNAVAILABLE,PARTIAL,none/local or TBD,TBD/mapped in route inventory,TBD/mapped in API inventory,TBD/mapped in DB inventory,TBD/mapped in worker inventory,see QELLY_TEST_COVERAGE_MATRIX.csv,exact source audit; registry/route presence is not completion,implementation and end-to-end evidence,DATABASE,WAVE_2,unassigned,MEDIUM,MEDIUM,L,POST_BETA,yes,2026-07-29T15:49:53+05:30,eafb11719e67135c7a6fa3b15e1170c5192e4771,Conservative classification; no feature-count inflation.
F-D03-renko-where-supported,D03,CHARTS AND TECHNICAL ANALYSIS,Renko where supported,,PLANNED,PLANNED,PLANNED,UNAVAILABLE,UNAVAILABLE,PARTIAL,none/local or TBD,TBD/mapped in route inventory,TBD/mapped in API inventory,TBD/mapped in DB inventory,TBD/mapped in worker inventory,see QELLY_TEST_COVERAGE_MATRIX.csv,exact source audit; registry/route presence is not completion,implementation and end-to-end evidence,DATABASE,WAVE_2,unassigned,MEDIUM,MEDIUM,L,POST_BETA,yes,2026-07-29T15:49:53+05:30,eafb11719e67135c7a6fa3b15e1170c5192e4771,Conservative classification; no feature-count inflation.
F-D03-point-and-figure-where-supported,D03,CHARTS AND TECHNICAL ANALYSIS,point-and-figure where supported,,PLANNED,PLANNED,PLANNED,UNAVAILABLE,UNAVAILABLE,PARTIAL,none/local or TBD,TBD/mapped in route inventory,TBD/mapped in API inventory,TBD/mapped in DB inventory,TBD/mapped in worker inventory,see QELLY_TEST_COVERAGE_MATRIX.csv,exact source audit; registry/route presence is not completion,implementation and end-to-end evidence,DATABASE,WAVE_2,unassigned,MEDIUM,MEDIUM,L,POST_BETA,yes,2026-07-29T15:49:53+05:30,eafb11719e67135c7a6fa3b15e1170c5192e4771,Conservative classification; no feature-count inflation.
F-D03-overlays,D03,CHARTS AND TECHNICAL ANALYSIS,overlays,,PLANNED,PLANNED,PLANNED,UNAVAILABLE,UNAVAILABLE,PARTIAL,none/local or TBD,TBD/mapped in route inventory,TBD/mapped in API inventory,TBD/mapped in DB inventory,TBD/mapped in worker inventory,see QELLY_TEST_COVERAGE_MATRIX.csv,exact source audit; registry/route presence is not completion,implementation and end-to-end evidence,DATABASE,WAVE_2,unassigned,MEDIUM,MEDIUM,L,POST_BETA,yes,2026-07-29T15:49:53+05:30,eafb11719e67135c7a6fa3b15e1170c5192e4771,Conservative classification; no feature-count inflation.
F-D03-drawings,D03,CHARTS AND TECHNICAL ANALYSIS,drawings,,PLANNED,PLANNED,PLANNED,UNAVAILABLE,UNAVAILABLE,PARTIAL,none/local or TBD,TBD/mapped in route inventory,TBD/mapped in API inventory,TBD/mapped in DB inventory,TBD/mapped in worker inventory,see QELLY_TEST_COVERAGE_MATRIX.csv,exact source audit; registry/route presence is not completion,implementation and end-to-end evidence,DATABASE,WAVE_2,unassigned,MEDIUM,MEDIUM,L,POST_BETA,yes,2026-07-29T15:49:53+05:30,eafb11719e67135c7a6fa3b15e1170c5192e4771,Conservative classification; no feature-count inflation.
F-D03-annotations,D03,CHARTS AND TECHNICAL ANALYSIS,annotations,,PLANNED,PLANNED,PLANNED,UNAVAILABLE,UNAVAILABLE,PARTIAL,none/local or TBD,TBD/mapped in route inventory,TBD/mapped in API inventory,TBD/mapped in DB inventory,TBD/mapped in worker inventory,see QELLY_TEST_COVERAGE_MATRIX.csv,exact source audit; registry/route presence is not completion,implementation and end-to-end evidence,DATABASE,WAVE_2,unassigned,MEDIUM,MEDIUM,L,POST_BETA,yes,2026-07-29T15:49:53+05:30,eafb11719e67135c7a6fa3b15e1170c5192e4771,Conservative classification; no feature-count inflation.
F-D03-multi-chart-layouts,D03,CHARTS AND TECHNICAL ANALYSIS,multi-chart layouts,,PLANNED,PLANNED,PLANNED,UNAVAILABLE,UNAVAILABLE,PARTIAL,none/local or TBD,TBD/mapped in route inventory,TBD/mapped in API inventory,TBD/mapped in DB inventory,TBD/mapped in worker inventory,see QELLY_TEST_COVERAGE_MATRIX.csv,exact source audit; registry/route presence is not completion,implementation and end-to-end evidence,DATABASE,WAVE_2,unassigned,MEDIUM,MEDIUM,L,POST_BETA,yes,2026-07-29T15:49:53+05:30,eafb11719e67135c7a6fa3b15e1170c5192e4771,Conservative classification; no feature-count inflation.
F-D03-synchronized-cursors,D03,CHARTS AND TECHNICAL ANALYSIS,synchronized cursors,,PLANNED,PLANNED,PLANNED,UNAVAILABLE,UNAVAILABLE,PARTIAL,none/local or TBD,TBD/mapped in route inventory,TBD/mapped in API inventory,TBD/mapped in DB inventory,TBD/mapped in worker inventory,see QELLY_TEST_COVERAGE_MATRIX.csv,exact source audit; registry/route presence is not completion,implementation and end-to-end evidence,DATABASE,WAVE_2,unassigned,MEDIUM,MEDIUM,L,POST_BETA,yes,2026-07-29T15:49:53+05:30,eafb11719e67135c7a6fa3b15e1170c5192e4771,Conservative classification; no feature-count inflation.
F-D03-multi-timeframe,D03,CHARTS AND TECHNICAL ANALYSIS,multi-timeframe,,PLANNED,PLANNED,PLANNED,UNAVAILABLE,UNAVAILABLE,PARTIAL,none/local or TBD,TBD/mapped in route inventory,TBD/mapped in API inventory,TBD/mapped in DB inventory,TBD/mapped in worker inventory,see QELLY_TEST_COVERAGE_MATRIX.csv,exact source audit; registry/route presence is not completion,implementation and end-to-end evidence,DATABASE,WAVE_2,unassigned,MEDIUM,MEDIUM,L,POST_BETA,yes,2026-07-29T15:49:53+05:30,eafb11719e67135c7a6fa3b15e1170c5192e4771,Conservative classification; no feature-count inflation.
F-D03-replay,D03,CHARTS AND TECHNICAL ANALYSIS,replay,D10:TRADING AND EXECUTION|D20:TIME SERIES AND STREAMING,PLANNED,PLANNED,PLANNED,UNAVAILABLE,UNAVAILABLE,PARTIAL,none/local or TBD,TBD/mapped in route inventory,TBD/mapped in API inventory,TBD/mapped in DB inventory,TBD/mapped in worker inventory,see QELLY_TEST_COVERAGE_MATRIX.csv,exact source audit; registry/route presence is not completion,implementation and end-to-end evidence,DATABASE,WAVE_3,unassigned,MEDIUM,MEDIUM,L,POST_BETA,yes,2026-07-29T15:49:53+05:30,eafb11719e67135c7a6fa3b15e1170c5192e4771,Conservative classification; no feature-count inflation.
F-D03-indicators,D03,CHARTS AND TECHNICAL ANALYSIS,indicators,,PLANNED,PLANNED,PLANNED,UNAVAILABLE,UNAVAILABLE,PARTIAL,none/local or TBD,TBD/mapped in route inventory,TBD/mapped in API inventory,TBD/mapped in DB inventory,TBD/mapped in worker inventory,see QELLY_TEST_COVERAGE_MATRIX.csv,exact source audit; registry/route presence is not completion,implementation and end-to-end evidence,DATABASE,WAVE_1,unassigned,MEDIUM,MEDIUM,L,POST_BETA,yes,2026-07-29T15:49:53+05:30,eafb11719e67135c7a6fa3b15e1170c5192e4771,Conservative classification; no feature-count inflation.
F-D03-indicator-builder,D03,CHARTS AND TECHNICAL ANALYSIS,indicator builder,,PLANNED,PLANNED,PLANNED,UNAVAILABLE,UNAVAILABLE,PARTIAL,none/local or TBD,TBD/mapped in route inventory,TBD/mapped in API inventory,TBD/mapped in DB inventory,TBD/mapped in worker inventory,see QELLY_TEST_COVERAGE_MATRIX.csv,exact source audit; registry/route presence is not completion,implementation and end-to-end evidence,DATABASE,WAVE_1,unassigned,MEDIUM,MEDIUM,L,POST_BETA,yes,2026-07-29T15:49:53+05:30,eafb11719e67135c7a6fa3b15e1170c5192e4771,Conservative classification; no feature-count inflation.
F-D03-indicator-templates,D03,CHARTS AND TECHNICAL ANALYSIS,indicator templates,,PLANNED,PLANNED,PLANNED,UNAVAILABLE,UNAVAILABLE,PARTIAL,none/local or TBD,TBD/mapped in route inventory,TBD/mapped in API inventory,TBD/mapped in DB inventory,TBD/mapped in worker inventory,see QELLY_TEST_COVERAGE_MATRIX.csv,exact source audit; registry/route presence is not completion,implementation and end-to-end evidence,DATABASE,WAVE_1,unassigned,MEDIUM,MEDIUM,L,POST_BETA,yes,2026-07-29T15:49:53+05:30,eafb11719e67135c7a6fa3b15e1170c5192e4771,Conservative classification; no feature-count inflation.
F-D03-alerts-from-chart,D03,CHARTS AND TECHNICAL ANALYSIS,alerts from chart,,PROTOTYPE,PROTOTYPE,PARTIAL,SIMULATED,PARTIAL,PARTIAL,none/local or TBD,TBD/mapped in route inventory,TBD/mapped in API inventory,TBD/mapped in DB inventory,TBD/mapped in worker inventory,see QELLY_TEST_COVERAGE_MATRIX.csv,exact source audit; registry/route presence is not completion,implementation and end-to-end evidence,DATABASE,WAVE_2,unassigned,MEDIUM,MEDIUM,M,POST_BETA,yes,2026-07-29T15:49:53+05:30,eafb11719e67135c7a6fa3b15e1170c5192e4771,Conservative classification; no feature-count inflation.
F-D03-evidence-source-metadata,D03,CHARTS AND TECHNICAL ANALYSIS,evidence/source metadata.,,PLANNED,PLANNED,PLANNED,UNAVAILABLE,UNAVAILABLE,PARTIAL,none/local or TBD,TBD/mapped in route inventory,TBD/mapped in API inventory,TBD/mapped in DB inventory,TBD/mapped in worker inventory,see QELLY_TEST_COVERAGE_MATRIX.csv,exact source audit; registry/route presence is not completion,implementation and end-to-end evidence,DATABASE,WAVE_2,unassigned,MEDIUM,MEDIUM,L,POST_BETA,yes,2026-07-29T15:49:53+05:30,eafb11719e67135c7a6fa3b15e1170c5192e4771,Conservative classification; no feature-count inflation.
F-D04-multiple-watchlists,D04,WATCHLISTS AND SCREENERS,multiple watchlists,,PROTOTYPE,PROTOTYPE,PARTIAL,SIMULATED,PARTIAL,PARTIAL,none/local or TBD,TBD/mapped in route inventory,TBD/mapped in API inventory,TBD/mapped in DB inventory,TBD/mapped in worker inventory,see QELLY_TEST_COVERAGE_MATRIX.csv,exact source audit; registry/route presence is not completion,implementation and end-to-end evidence,DATABASE,WAVE_2,unassigned,HIGH,MEDIUM,M,PUBLIC_BETA_MUST,yes,2026-07-29T15:49:53+05:30,eafb11719e67135c7a6fa3b15e1170c5192e4771,Conservative classification; no feature-count inflation.
F-D04-folders,D04,WATCHLISTS AND SCREENERS,folders,"D07:RESEARCH, DOCUMENTS AND NEWS",PLANNED,PLANNED,PLANNED,UNAVAILABLE,UNAVAILABLE,PARTIAL,none/local or TBD,TBD/mapped in route inventory,TBD/mapped in API inventory,TBD/mapped in DB inventory,TBD/mapped in worker inventory,see QELLY_TEST_COVERAGE_MATRIX.csv,exact source audit; registry/route presence is not completion,implementation and end-to-end evidence,DATABASE,WAVE_2,unassigned,MEDIUM,MEDIUM,L,POST_BETA,yes,2026-07-29T15:49:53+05:30,eafb11719e67135c7a6fa3b15e1170c5192e4771,Conservative classification; no feature-count inflation.
F-D04-tags,D04,WATCHLISTS AND SCREENERS,tags,"D07:RESEARCH, DOCUMENTS AND NEWS",PLANNED,PLANNED,PLANNED,UNAVAILABLE,UNAVAILABLE,PARTIAL,none/local or TBD,TBD/mapped in route inventory,TBD/mapped in API inventory,TBD/mapped in DB inventory,TBD/mapped in worker inventory,see QELLY_TEST_COVERAGE_MATRIX.csv,exact source audit; registry/route presence is not completion,implementation and end-to-end evidence,DATABASE,WAVE_2,unassigned,MEDIUM,MEDIUM,L,POST_BETA,yes,2026-07-29T15:49:53+05:30,eafb11719e67135c7a6fa3b15e1170c5192e4771,Conservative classification; no feature-count inflation.
F-D04-notes,D04,WATCHLISTS AND SCREENERS,notes,"D07:RESEARCH, DOCUMENTS AND NEWS",PLANNED,PLANNED,PLANNED,UNAVAILABLE,UNAVAILABLE,PARTIAL,none/local or TBD,TBD/mapped in route inventory,TBD/mapped in API inventory,TBD/mapped in DB inventory,TBD/mapped in worker inventory,see QELLY_TEST_COVERAGE_MATRIX.csv,exact source audit; registry/route presence is not completion,implementation and end-to-end evidence,DATABASE,WAVE_2,unassigned,MEDIUM,MEDIUM,L,POST_BETA,yes,2026-07-29T15:49:53+05:30,eafb11719e67135c7a6fa3b15e1170c5192e4771,Conservative classification; no feature-count inflation.
F-D04-shared-watchlists,D04,WATCHLISTS AND SCREENERS,shared watchlists,,PROTOTYPE,PROTOTYPE,PARTIAL,SIMULATED,PARTIAL,PARTIAL,none/local or TBD,TBD/mapped in route inventory,TBD/mapped in API inventory,TBD/mapped in DB inventory,TBD/mapped in worker inventory,see QELLY_TEST_COVERAGE_MATRIX.csv,exact source audit; registry/route presence is not completion,implementation and end-to-end evidence,DATABASE,WAVE_2,unassigned,HIGH,MEDIUM,M,PUBLIC_BETA_MUST,yes,2026-07-29T15:49:53+05:30,eafb11719e67135c7a6fa3b15e1170c5192e4771,Conservative classification; no feature-count inflation.
F-D04-public-watchlists,D04,WATCHLISTS AND SCREENERS,public watchlists,,PROTOTYPE,PROTOTYPE,PARTIAL,SIMULATED,PARTIAL,PARTIAL,none/local or TBD,TBD/mapped in route inventory,TBD/mapped in API inventory,TBD/mapped in DB inventory,TBD/mapped in worker inventory,see QELLY_TEST_COVERAGE_MATRIX.csv,exact source audit; registry/route presence is not completion,implementation and end-to-end evidence,DATABASE,WAVE_2,unassigned,HIGH,MEDIUM,M,PUBLIC_BETA_MUST,yes,2026-07-29T15:49:53+05:30,eafb11719e67135c7a6fa3b15e1170c5192e4771,Conservative classification; no feature-count inflation.
F-D04-collaborative-watchlists,D04,WATCHLISTS AND SCREENERS,collaborative watchlists,,PROTOTYPE,PROTOTYPE,PARTIAL,SIMULATED,PARTIAL,PARTIAL,none/local or TBD,TBD/mapped in route inventory,TBD/mapped in API inventory,TBD/mapped in DB inventory,TBD/mapped in worker inventory,see QELLY_TEST_COVERAGE_MATRIX.csv,exact source audit; registry/route presence is not completion,implementation and end-to-end evidence,DATABASE,WAVE_2,unassigned,HIGH,MEDIUM,M,PUBLIC_BETA_MUST,yes,2026-07-29T15:49:53+05:30,eafb11719e67135c7a6fa3b15e1170c5192e4771,Conservative classification; no feature-count inflation.
F-D04-formula-screeners,D04,WATCHLISTS AND SCREENERS,formula screeners,,PROTOTYPE,PROTOTYPE,PARTIAL,SIMULATED,PARTIAL,PARTIAL,none/local or TBD,TBD/mapped in route inventory,TBD/mapped in API inventory,TBD/mapped in DB inventory,TBD/mapped in worker inventory,see QELLY_TEST_COVERAGE_MATRIX.csv,exact source audit; registry/route presence is not completion,implementation and end-to-end evidence,DATABASE,WAVE_2,unassigned,HIGH,MEDIUM,M,PUBLIC_BETA_MUST,yes,2026-07-29T15:49:53+05:30,eafb11719e67135c7a6fa3b15e1170c5192e4771,Conservative classification; no feature-count inflation.
F-D04-technical-screeners,D04,WATCHLISTS AND SCREENERS,technical screeners,,PROTOTYPE,PROTOTYPE,PARTIAL,SIMULATED,PARTIAL,PARTIAL,none/local or TBD,TBD/mapped in route inventory,TBD/mapped in API inventory,TBD/mapped in DB inventory,TBD/mapped in worker inventory,see QELLY_TEST_COVERAGE_MATRIX.csv,exact source audit; registry/route presence is not completion,implementation and end-to-end evidence,DATABASE,WAVE_2,unassigned,HIGH,MEDIUM,M,PUBLIC_BETA_MUST,yes,2026-07-29T15:49:53+05:30,eafb11719e67135c7a6fa3b15e1170c5192e4771,Conservative classification; no feature-count inflation.
F-D04-fundamental-screeners,D04,WATCHLISTS AND SCREENERS,fundamental screeners,,PROTOTYPE,PROTOTYPE,PARTIAL,SIMULATED,PARTIAL,PARTIAL,none/local or TBD,TBD/mapped in route inventory,TBD/mapped in API inventory,TBD/mapped in DB inventory,TBD/mapped in worker inventory,see QELLY_TEST_COVERAGE_MATRIX.csv,exact source audit; registry/route presence is not completion,implementation and end-to-end evidence,DATABASE,WAVE_2,unassigned,HIGH,MEDIUM,M,PUBLIC_BETA_MUST,yes,2026-07-29T15:49:53+05:30,eafb11719e67135c7a6fa3b15e1170c5192e4771,Conservative classification; no feature-count inflation.
F-D04-derivatives-screeners,D04,WATCHLISTS AND SCREENERS,derivatives screeners,,PROTOTYPE,PROTOTYPE,PARTIAL,SIMULATED,PARTIAL,PARTIAL,none/local or TBD,TBD/mapped in route inventory,TBD/mapped in API inventory,TBD/mapped in DB inventory,TBD/mapped in worker inventory,see QELLY_TEST_COVERAGE_MATRIX.csv,exact source audit; registry/route presence is not completion,implementation and end-to-end evidence,DATABASE,WAVE_2,unassigned,HIGH,MEDIUM,M,PUBLIC_BETA_MUST,yes,2026-07-29T15:49:53+05:30,eafb11719e67135c7a6fa3b15e1170c5192e4771,Conservative classification; no feature-count inflation.
F-D04-on-chain-screeners,D04,WATCHLISTS AND SCREENERS,on-chain screeners,,PROTOTYPE,PROTOTYPE,PARTIAL,SIMULATED,PARTIAL,PARTIAL,none/local or TBD,TBD/mapped in route inventory,TBD/mapped in API inventory,TBD/mapped in DB inventory,TBD/mapped in worker inventory,see QELLY_TEST_COVERAGE_MATRIX.csv,exact source audit; registry/route presence is not completion,implementation and end-to-end evidence,SECURITY,WAVE_7,unassigned,HIGH,HIGH,PROGRAM,PUBLIC_BETA_MUST,conditional,2026-07-29T15:49:53+05:30,eafb11719e67135c7a6fa3b15e1170c5192e4771,Conservative classification; no feature-count inflation.
F-D04-portfolio-screeners,D04,WATCHLISTS AND SCREENERS,portfolio screeners,,PROTOTYPE,PROTOTYPE,PARTIAL,SIMULATED,PARTIAL,PARTIAL,none/local or TBD,TBD/mapped in route inventory,TBD/mapped in API inventory,TBD/mapped in DB inventory,TBD/mapped in worker inventory,see QELLY_TEST_COVERAGE_MATRIX.csv,exact source audit; registry/route presence is not completion,implementation and end-to-end evidence,DATABASE,WAVE_2,unassigned,HIGH,MEDIUM,M,PUBLIC_BETA_MUST,yes,2026-07-29T15:49:53+05:30,eafb11719e67135c7a6fa3b15e1170c5192e4771,Conservative classification; no feature-count inflation.
F-D04-saved-filters,D04,WATCHLISTS AND SCREENERS,saved filters,,PLANNED,PLANNED,PLANNED,UNAVAILABLE,UNAVAILABLE,PARTIAL,none/local or TBD,TBD/mapped in route inventory,TBD/mapped in API inventory,TBD/mapped in DB inventory,TBD/mapped in worker inventory,see QELLY_TEST_COVERAGE_MATRIX.csv,exact source audit; registry/route presence is not completion,implementation and end-to-end evidence,DATABASE,WAVE_2,unassigned,MEDIUM,MEDIUM,L,POST_BETA,yes,2026-07-29T15:49:53+05:30,eafb11719e67135c7a6fa3b15e1170c5192e4771,Conservative classification; no feature-count inflation.
F-D04-alerts,D04,WATCHLISTS AND SCREENERS,alerts,"D07:RESEARCH, DOCUMENTS AND NEWS|D25:OBSERVABILITY, SRE AND OPERATIONS",PROTOTYPE,PROTOTYPE,PARTIAL,SIMULATED,PARTIAL,PARTIAL,none/local or TBD,TBD/mapped in route inventory,TBD/mapped in API inventory,TBD/mapped in DB inventory,TBD/mapped in worker inventory,see QELLY_TEST_COVERAGE_MATRIX.csv,exact source audit; registry/route presence is not completion,implementation and end-to-end evidence,DATABASE,WAVE_2,unassigned,HIGH,MEDIUM,M,PUBLIC_BETA_MUST,yes,2026-07-29T15:49:53+05:30,eafb11719e67135c7a6fa3b15e1170c5192e4771,Conservative classification; no feature-count inflation.
F-D04-exports,D04,WATCHLISTS AND SCREENERS,exports,"D07:RESEARCH, DOCUMENTS AND NEWS",PLANNED,PLANNED,PLANNED,UNAVAILABLE,UNAVAILABLE,PARTIAL,none/local or TBD,TBD/mapped in route inventory,TBD/mapped in API inventory,TBD/mapped in DB inventory,TBD/mapped in worker inventory,see QELLY_TEST_COVERAGE_MATRIX.csv,exact source audit; registry/route presence is not completion,implementation and end-to-end evidence,DATABASE,WAVE_2,unassigned,MEDIUM,MEDIUM,L,POST_BETA,yes,2026-07-29T15:49:53+05:30,eafb11719e67135c7a6fa3b15e1170c5192e4771,Conservative classification; no feature-count inflation.
F-D04-scheduled-reports,D04,WATCHLISTS AND SCREENERS,scheduled reports.,,PLANNED,PLANNED,PLANNED,UNAVAILABLE,UNAVAILABLE,PARTIAL,none/local or TBD,TBD/mapped in route inventory,TBD/mapped in API inventory,TBD/mapped in DB inventory,TBD/mapped in worker inventory,see QELLY_TEST_COVERAGE_MATRIX.csv,exact source audit; registry/route presence is not completion,implementation and end-to-end evidence,DATABASE,WAVE_2,unassigned,MEDIUM,MEDIUM,L,POST_BETA,yes,2026-07-29T15:49:53+05:30,eafb11719e67135c7a6fa3b15e1170c5192e4771,Conservative classification; no feature-count inflation.
F-D05-manual-portfolios,D05,PORTFOLIO AND WEALTH,manual portfolios,,PLANNED,PLANNED,PLANNED,UNAVAILABLE,UNAVAILABLE,PARTIAL,none/local or TBD,TBD/mapped in route inventory,TBD/mapped in API inventory,TBD/mapped in DB inventory,TBD/mapped in worker inventory,see QELLY_TEST_COVERAGE_MATRIX.csv,exact source audit; registry/route presence is not completion,implementation and end-to-end evidence,DATABASE,WAVE_2,unassigned,MEDIUM,MEDIUM,L,POST_BETA,yes,2026-07-29T15:49:53+05:30,eafb11719e67135c7a6fa3b15e1170c5192e4771,Conservative classification; no feature-count inflation.
F-D05-imported-portfolios,D05,PORTFOLIO AND WEALTH,imported portfolios,,PLANNED,PLANNED,PLANNED,UNAVAILABLE,UNAVAILABLE,PARTIAL,none/local or TBD,TBD/mapped in route inventory,TBD/mapped in API inventory,TBD/mapped in DB inventory,TBD/mapped in worker inventory,see QELLY_TEST_COVERAGE_MATRIX.csv,exact source audit; registry/route presence is not completion,implementation and end-to-end evidence,DATABASE,WAVE_2,unassigned,MEDIUM,MEDIUM,L,POST_BETA,yes,2026-07-29T15:49:53+05:30,eafb11719e67135c7a6fa3b15e1170c5192e4771,Conservative classification; no feature-count inflation.
F-D05-broker-connected-portfolios,D05,PORTFOLIO AND WEALTH,broker-connected portfolios,,PLANNED,PLANNED,PLANNED,UNAVAILABLE,UNAVAILABLE,PARTIAL,none/local or TBD,TBD/mapped in route inventory,TBD/mapped in API inventory,TBD/mapped in DB inventory,TBD/mapped in worker inventory,see QELLY_TEST_COVERAGE_MATRIX.csv,exact source audit; registry/route presence is not completion,implementation and end-to-end evidence,SECURITY,WAVE_4,unassigned,MEDIUM,HIGH,L,POST_BETA,conditional,2026-07-29T15:49:53+05:30,eafb11719e67135c7a6fa3b15e1170c5192e4771,Conservative classification; no feature-count inflation.
F-D05-exchange-connected-portfolios,D05,PORTFOLIO AND WEALTH,exchange-connected portfolios,,PLANNED,PLANNED,PLANNED,UNAVAILABLE,UNAVAILABLE,PARTIAL,none/local or TBD,TBD/mapped in route inventory,TBD/mapped in API inventory,TBD/mapped in DB inventory,TBD/mapped in worker inventory,see QELLY_TEST_COVERAGE_MATRIX.csv,exact source audit; registry/route presence is not completion,implementation and end-to-end evidence,SECURITY,WAVE_2,unassigned,MEDIUM,HIGH,L,POST_BETA,conditional,2026-07-29T15:49:53+05:30,eafb11719e67135c7a6fa3b15e1170c5192e4771,Conservative classification; no feature-count inflation.
F-D05-wallet-connected-portfolios,D05,PORTFOLIO AND WEALTH,wallet-connected portfolios,,PLANNED,PLANNED,PLANNED,UNAVAILABLE,UNAVAILABLE,PARTIAL,none/local or TBD,TBD/mapped in route inventory,TBD/mapped in API inventory,TBD/mapped in DB inventory,TBD/mapped in worker inventory,see QELLY_TEST_COVERAGE_MATRIX.csv,exact source audit; registry/route presence is not completion,implementation and end-to-end evidence,SECURITY,WAVE_4,unassigned,MEDIUM,HIGH,L,POST_BETA,conditional,2026-07-29T15:49:53+05:30,eafb11719e67135c7a6fa3b15e1170c5192e4771,Conservative classification; no feature-count inflation.
F-D05-holdings,D05,PORTFOLIO AND WEALTH,holdings,,PLANNED,PLANNED,PLANNED,UNAVAILABLE,UNAVAILABLE,PARTIAL,none/local or TBD,TBD/mapped in route inventory,TBD/mapped in API inventory,TBD/mapped in DB inventory,TBD/mapped in worker inventory,see QELLY_TEST_COVERAGE_MATRIX.csv,exact source audit; registry/route presence is not completion,implementation and end-to-end evidence,DATABASE,WAVE_2,unassigned,MEDIUM,MEDIUM,L,POST_BETA,yes,2026-07-29T15:49:53+05:30,eafb11719e67135c7a6fa3b15e1170c5192e4771,Conservative classification; no feature-count inflation.
F-D05-positions,D05,PORTFOLIO AND WEALTH,positions,,PLANNED,PLANNED,PLANNED,UNAVAILABLE,UNAVAILABLE,PARTIAL,none/local or TBD,TBD/mapped in route inventory,TBD/mapped in API inventory,TBD/mapped in DB inventory,TBD/mapped in worker inventory,see QELLY_TEST_COVERAGE_MATRIX.csv,exact source audit; registry/route presence is not completion,implementation and end-to-end evidence,DATABASE,WAVE_2,unassigned,MEDIUM,MEDIUM,L,POST_BETA,yes,2026-07-29T15:49:53+05:30,eafb11719e67135c7a6fa3b15e1170c5192e4771,Conservative classification; no feature-count inflation.
F-D05-transactions,D05,PORTFOLIO AND WEALTH,transactions,D12:WALLET AND ON-CHAIN,PLANNED,PLANNED,PLANNED,UNAVAILABLE,UNAVAILABLE,PARTIAL,none/local or TBD,TBD/mapped in route inventory,TBD/mapped in API inventory,TBD/mapped in DB inventory,TBD/mapped in worker inventory,see QELLY_TEST_COVERAGE_MATRIX.csv,exact source audit; registry/route presence is not completion,implementation and end-to-end evidence,DATABASE,WAVE_2,unassigned,MEDIUM,MEDIUM,L,POST_BETA,yes,2026-07-29T15:49:53+05:30,eafb11719e67135c7a6fa3b15e1170c5192e4771,Conservative classification; no feature-count inflation.
F-D05-cash,D05,PORTFOLIO AND WEALTH,cash,,PLANNED,PLANNED,PLANNED,UNAVAILABLE,UNAVAILABLE,PARTIAL,none/local or TBD,TBD/mapped in route inventory,TBD/mapped in API inventory,TBD/mapped in DB inventory,TBD/mapped in worker inventory,see QELLY_TEST_COVERAGE_MATRIX.csv,exact source audit; registry/route presence is not completion,implementation and end-to-end evidence,DATABASE,WAVE_2,unassigned,MEDIUM,MEDIUM,L,POST_BETA,yes,2026-07-29T15:49:53+05:30,eafb11719e67135c7a6fa3b15e1170c5192e4771,Conservative classification; no feature-count inflation.
F-D05-multi-currency,D05,PORTFOLIO AND WEALTH,multi-currency,,PLANNED,PLANNED,PLANNED,UNAVAILABLE,UNAVAILABLE,PARTIAL,none/local or TBD,TBD/mapped in route inventory,TBD/mapped in API inventory,TBD/mapped in DB inventory,TBD/mapped in worker inventory,see QELLY_TEST_COVERAGE_MATRIX.csv,exact source audit; registry/route presence is not completion,implementation and end-to-end evidence,DATABASE,WAVE_2,unassigned,MEDIUM,MEDIUM,L,POST_BETA,yes,2026-07-29T15:49:53+05:30,eafb11719e67135c7a6fa3b15e1170c5192e4771,Conservative classification; no feature-count inflation.
F-D05-cost-basis,D05,PORTFOLIO AND WEALTH,cost basis,,PLANNED,PLANNED,PLANNED,UNAVAILABLE,UNAVAILABLE,PARTIAL,none/local or TBD,TBD/mapped in route inventory,TBD/mapped in API inventory,TBD/mapped in DB inventory,TBD/mapped in worker inventory,see QELLY_TEST_COVERAGE_MATRIX.csv,exact source audit; registry/route presence is not completion,implementation and end-to-end evidence,DATABASE,WAVE_2,unassigned,MEDIUM,MEDIUM,L,POST_BETA,yes,2026-07-29T15:49:53+05:30,eafb11719e67135c7a6fa3b15e1170c5192e4771,Conservative classification; no feature-count inflation.
F-D05-tax-lots,D05,PORTFOLIO AND WEALTH,tax lots,,PLANNED,PLANNED,PLANNED,UNAVAILABLE,UNAVAILABLE,PARTIAL,none/local or TBD,TBD/mapped in route inventory,TBD/mapped in API inventory,TBD/mapped in DB inventory,TBD/mapped in worker inventory,see QELLY_TEST_COVERAGE_MATRIX.csv,exact source audit; registry/route presence is not completion,implementation and end-to-end evidence,DATABASE,WAVE_1,unassigned,MEDIUM,MEDIUM,L,POST_BETA,yes,2026-07-29T15:49:53+05:30,eafb11719e67135c7a6fa3b15e1170c5192e4771,Conservative classification; no feature-count inflation.
F-D05-goals,D05,PORTFOLIO AND WEALTH,goals,,PLANNED,PLANNED,PLANNED,UNAVAILABLE,UNAVAILABLE,PARTIAL,none/local or TBD,TBD/mapped in route inventory,TBD/mapped in API inventory,TBD/mapped in DB inventory,TBD/mapped in worker inventory,see QELLY_TEST_COVERAGE_MATRIX.csv,exact source audit; registry/route presence is not completion,implementation and end-to-end evidence,DATABASE,WAVE_2,unassigned,MEDIUM,MEDIUM,L,POST_BETA,yes,2026-07-29T15:49:53+05:30,eafb11719e67135c7a6fa3b15e1170c5192e4771,Conservative classification; no feature-count inflation.
F-D05-rebalancing,D05,PORTFOLIO AND WEALTH,rebalancing,,PLANNED,PLANNED,PLANNED,UNAVAILABLE,UNAVAILABLE,PARTIAL,none/local or TBD,TBD/mapped in route inventory,TBD/mapped in API inventory,TBD/mapped in DB inventory,TBD/mapped in worker inventory,see QELLY_TEST_COVERAGE_MATRIX.csv,exact source audit; registry/route presence is not completion,implementation and end-to-end evidence,DATABASE,WAVE_2,unassigned,MEDIUM,MEDIUM,L,POST_BETA,yes,2026-07-29T15:49:53+05:30,eafb11719e67135c7a6fa3b15e1170c5192e4771,Conservative classification; no feature-count inflation.
F-D05-allocation,D05,PORTFOLIO AND WEALTH,allocation,,PLANNED,PLANNED,PLANNED,UNAVAILABLE,UNAVAILABLE,PARTIAL,none/local or TBD,TBD/mapped in route inventory,TBD/mapped in API inventory,TBD/mapped in DB inventory,TBD/mapped in worker inventory,see QELLY_TEST_COVERAGE_MATRIX.csv,exact source audit; registry/route presence is not completion,implementation and end-to-end evidence,DATABASE,WAVE_2,unassigned,MEDIUM,MEDIUM,L,POST_BETA,yes,2026-07-29T15:49:53+05:30,eafb11719e67135c7a6fa3b15e1170c5192e4771,Conservative classification; no feature-count inflation.
F-D05-performance,D05,PORTFOLIO AND WEALTH,performance,,PLANNED,PLANNED,PLANNED,UNAVAILABLE,UNAVAILABLE,PARTIAL,none/local or TBD,TBD/mapped in route inventory,TBD/mapped in API inventory,TBD/mapped in DB inventory,TBD/mapped in worker inventory,see QELLY_TEST_COVERAGE_MATRIX.csv,exact source audit; registry/route presence is not completion,implementation and end-to-end evidence,DATABASE,WAVE_2,unassigned,MEDIUM,MEDIUM,L,POST_BETA,yes,2026-07-29T15:49:53+05:30,eafb11719e67135c7a6fa3b15e1170c5192e4771,Conservative classification; no feature-count inflation.
F-D05-benchmark,D05,PORTFOLIO AND WEALTH,benchmark,,PLANNED,PLANNED,PLANNED,UNAVAILABLE,UNAVAILABLE,PARTIAL,none/local or TBD,TBD/mapped in route inventory,TBD/mapped in API inventory,TBD/mapped in DB inventory,TBD/mapped in worker inventory,see QELLY_TEST_COVERAGE_MATRIX.csv,exact source audit; registry/route presence is not completion,implementation and end-to-end evidence,DATABASE,WAVE_2,unassigned,MEDIUM,MEDIUM,L,POST_BETA,yes,2026-07-29T15:49:53+05:30,eafb11719e67135c7a6fa3b15e1170c5192e4771,Conservative classification; no feature-count inflation.
F-D05-reporting,D05,PORTFOLIO AND WEALTH,reporting,,PLANNED,PLANNED,PLANNED,UNAVAILABLE,UNAVAILABLE,PARTIAL,none/local or TBD,TBD/mapped in route inventory,TBD/mapped in API inventory,TBD/mapped in DB inventory,TBD/mapped in worker inventory,see QELLY_TEST_COVERAGE_MATRIX.csv,exact source audit; registry/route presence is not completion,implementation and end-to-end evidence,DATABASE,WAVE_2,unassigned,MEDIUM,MEDIUM,L,POST_BETA,yes,2026-07-29T15:49:53+05:30,eafb11719e67135c7a6fa3b15e1170c5192e4771,Conservative classification; no feature-count inflation.
F-D05-net-worth,D05,PORTFOLIO AND WEALTH,net worth,,PLANNED,PLANNED,PLANNED,UNAVAILABLE,UNAVAILABLE,PARTIAL,none/local or TBD,TBD/mapped in route inventory,TBD/mapped in API inventory,TBD/mapped in DB inventory,TBD/mapped in worker inventory,see QELLY_TEST_COVERAGE_MATRIX.csv,exact source audit; registry/route presence is not completion,implementation and end-to-end evidence,DATABASE,WAVE_2,unassigned,MEDIUM,MEDIUM,L,POST_BETA,yes,2026-07-29T15:49:53+05:30,eafb11719e67135c7a6fa3b15e1170c5192e4771,Conservative classification; no feature-count inflation.
F-D05-liabilities,D05,PORTFOLIO AND WEALTH,liabilities,,PLANNED,PLANNED,PLANNED,UNAVAILABLE,UNAVAILABLE,PARTIAL,none/local or TBD,TBD/mapped in route inventory,TBD/mapped in API inventory,TBD/mapped in DB inventory,TBD/mapped in worker inventory,see QELLY_TEST_COVERAGE_MATRIX.csv,exact source audit; registry/route presence is not completion,implementation and end-to-end evidence,DATABASE,WAVE_2,unassigned,MEDIUM,MEDIUM,L,POST_BETA,yes,2026-07-29T15:49:53+05:30,eafb11719e67135c7a6fa3b15e1170c5192e4771,Conservative classification; no feature-count inflation.
F-D05-retirement,D05,PORTFOLIO AND WEALTH,retirement,,PLANNED,PLANNED,PLANNED,UNAVAILABLE,UNAVAILABLE,PARTIAL,none/local or TBD,TBD/mapped in route inventory,TBD/mapped in API inventory,TBD/mapped in DB inventory,TBD/mapped in worker inventory,see QELLY_TEST_COVERAGE_MATRIX.csv,exact source audit; registry/route presence is not completion,implementation and end-to-end evidence,DATABASE,WAVE_2,unassigned,MEDIUM,MEDIUM,L,POST_BETA,yes,2026-07-29T15:49:53+05:30,eafb11719e67135c7a6fa3b15e1170c5192e4771,Conservative classification; no feature-count inflation.
F-D05-fire,D05,PORTFOLIO AND WEALTH,FIRE,,PLANNED,PLANNED,PLANNED,UNAVAILABLE,UNAVAILABLE,PARTIAL,none/local or TBD,TBD/mapped in route inventory,TBD/mapped in API inventory,TBD/mapped in DB inventory,TBD/mapped in worker inventory,see QELLY_TEST_COVERAGE_MATRIX.csv,exact source audit; registry/route presence is not completion,implementation and end-to-end evidence,DATABASE,WAVE_2,unassigned,MEDIUM,MEDIUM,L,POST_BETA,yes,2026-07-29T15:49:53+05:30,eafb11719e67135c7a6fa3b15e1170c5192e4771,Conservative classification; no feature-count inflation.
F-D05-indian-investment-products,D05,PORTFOLIO AND WEALTH,Indian investment products.,,PLANNED,PLANNED,PLANNED,UNAVAILABLE,UNAVAILABLE,PARTIAL,none/local or TBD,TBD/mapped in route inventory,TBD/mapped in API inventory,TBD/mapped in DB inventory,TBD/mapped in worker inventory,see QELLY_TEST_COVERAGE_MATRIX.csv,exact source audit; registry/route presence is not completion,implementation and end-to-end evidence,DATABASE,WAVE_2,unassigned,MEDIUM,MEDIUM,L,POST_BETA,yes,2026-07-29T15:49:53+05:30,eafb11719e67135c7a6fa3b15e1170c5192e4771,Conservative classification; no feature-count inflation.
F-D06-return-decomposition,D06,PERFORMANCE ATTRIBUTION AND RISK,return decomposition,,PLANNED,PLANNED,PLANNED,UNAVAILABLE,UNAVAILABLE,PARTIAL,none/local or TBD,TBD/mapped in route inventory,TBD/mapped in API inventory,TBD/mapped in DB inventory,TBD/mapped in worker inventory,see QELLY_TEST_COVERAGE_MATRIX.csv,exact source audit; registry/route presence is not completion,implementation and end-to-end evidence,DATABASE,WAVE_2,unassigned,MEDIUM,MEDIUM,L,POST_BETA,yes,2026-07-29T15:49:53+05:30,eafb11719e67135c7a6fa3b15e1170c5192e4771,Conservative classification; no feature-count inflation.
F-D06-factor-attribution,D06,PERFORMANCE ATTRIBUTION AND RISK,factor attribution,,PLANNED,PLANNED,PLANNED,UNAVAILABLE,UNAVAILABLE,PARTIAL,none/local or TBD,TBD/mapped in route inventory,TBD/mapped in API inventory,TBD/mapped in DB inventory,TBD/mapped in worker inventory,see QELLY_TEST_COVERAGE_MATRIX.csv,exact source audit; registry/route presence is not completion,implementation and end-to-end evidence,DATABASE,WAVE_2,unassigned,MEDIUM,MEDIUM,L,POST_BETA,yes,2026-07-29T15:49:53+05:30,eafb11719e67135c7a6fa3b15e1170c5192e4771,Conservative classification; no feature-count inflation.
F-D06-sector-attribution,D06,PERFORMANCE ATTRIBUTION AND RISK,sector attribution,,PLANNED,PLANNED,PLANNED,UNAVAILABLE,UNAVAILABLE,PARTIAL,none/local or TBD,TBD/mapped in route inventory,TBD/mapped in API inventory,TBD/mapped in DB inventory,TBD/mapped in worker inventory,see QELLY_TEST_COVERAGE_MATRIX.csv,exact source audit; registry/route presence is not completion,implementation and end-to-end evidence,DATABASE,WAVE_2,unassigned,MEDIUM,MEDIUM,L,POST_BETA,yes,2026-07-29T15:49:53+05:30,eafb11719e67135c7a6fa3b15e1170c5192e4771,Conservative classification; no feature-count inflation.
F-D06-geography,D06,PERFORMANCE ATTRIBUTION AND RISK,geography,,PLANNED,PLANNED,PLANNED,UNAVAILABLE,UNAVAILABLE,PARTIAL,none/local or TBD,TBD/mapped in route inventory,TBD/mapped in API inventory,TBD/mapped in DB inventory,TBD/mapped in worker inventory,see QELLY_TEST_COVERAGE_MATRIX.csv,exact source audit; registry/route presence is not completion,implementation and end-to-end evidence,DATABASE,WAVE_2,unassigned,MEDIUM,MEDIUM,L,POST_BETA,yes,2026-07-29T15:49:53+05:30,eafb11719e67135c7a6fa3b15e1170c5192e4771,Conservative classification; no feature-count inflation.
F-D06-currency,D06,PERFORMANCE ATTRIBUTION AND RISK,currency,D14:IDENTITY AND USER,PLANNED,PLANNED,PLANNED,UNAVAILABLE,UNAVAILABLE,PARTIAL,none/local or TBD,TBD/mapped in route inventory,TBD/mapped in API inventory,TBD/mapped in DB inventory,TBD/mapped in worker inventory,see QELLY_TEST_COVERAGE_MATRIX.csv,exact source audit; registry/route presence is not completion,implementation and end-to-end evidence,DATABASE,WAVE_2,unassigned,MEDIUM,MEDIUM,L,POST_BETA,yes,2026-07-29T15:49:53+05:30,eafb11719e67135c7a6fa3b15e1170c5192e4771,Conservative classification; no feature-count inflation.
F-D06-venue,D06,PERFORMANCE ATTRIBUTION AND RISK,venue,,PLANNED,PLANNED,PLANNED,UNAVAILABLE,UNAVAILABLE,PARTIAL,none/local or TBD,TBD/mapped in route inventory,TBD/mapped in API inventory,TBD/mapped in DB inventory,TBD/mapped in worker inventory,see QELLY_TEST_COVERAGE_MATRIX.csv,exact source audit; registry/route presence is not completion,implementation and end-to-end evidence,DATABASE,WAVE_2,unassigned,MEDIUM,MEDIUM,L,POST_BETA,yes,2026-07-29T15:49:53+05:30,eafb11719e67135c7a6fa3b15e1170c5192e4771,Conservative classification; no feature-count inflation.
F-D06-chain,D06,PERFORMANCE ATTRIBUTION AND RISK,chain,,PLANNED,PLANNED,PLANNED,UNAVAILABLE,UNAVAILABLE,PARTIAL,none/local or TBD,TBD/mapped in route inventory,TBD/mapped in API inventory,TBD/mapped in DB inventory,TBD/mapped in worker inventory,see QELLY_TEST_COVERAGE_MATRIX.csv,exact source audit; registry/route presence is not completion,implementation and end-to-end evidence,SECURITY,WAVE_2,unassigned,MEDIUM,HIGH,L,POST_BETA,conditional,2026-07-29T15:49:53+05:30,eafb11719e67135c7a6fa3b15e1170c5192e4771,Conservative classification; no feature-count inflation.
F-D06-concentration,D06,PERFORMANCE ATTRIBUTION AND RISK,concentration,,PLANNED,PLANNED,PLANNED,UNAVAILABLE,UNAVAILABLE,PARTIAL,none/local or TBD,TBD/mapped in route inventory,TBD/mapped in API inventory,TBD/mapped in DB inventory,TBD/mapped in worker inventory,see QELLY_TEST_COVERAGE_MATRIX.csv,exact source audit; registry/route presence is not completion,implementation and end-to-end evidence,DATABASE,WAVE_2,unassigned,MEDIUM,MEDIUM,L,POST_BETA,yes,2026-07-29T15:49:53+05:30,eafb11719e67135c7a6fa3b15e1170c5192e4771,Conservative classification; no feature-count inflation.
F-D06-beta,D06,PERFORMANCE ATTRIBUTION AND RISK,beta,,PLANNED,PLANNED,PLANNED,UNAVAILABLE,UNAVAILABLE,PARTIAL,none/local or TBD,TBD/mapped in route inventory,TBD/mapped in API inventory,TBD/mapped in DB inventory,TBD/mapped in worker inventory,see QELLY_TEST_COVERAGE_MATRIX.csv,exact source audit; registry/route presence is not completion,implementation and end-to-end evidence,DATABASE,WAVE_2,unassigned,MEDIUM,MEDIUM,L,POST_BETA,yes,2026-07-29T15:49:53+05:30,eafb11719e67135c7a6fa3b15e1170c5192e4771,Conservative classification; no feature-count inflation.
F-D06-correlation,D06,PERFORMANCE ATTRIBUTION AND RISK,correlation,,PLANNED,PLANNED,PLANNED,UNAVAILABLE,UNAVAILABLE,PARTIAL,none/local or TBD,TBD/mapped in route inventory,TBD/mapped in API inventory,TBD/mapped in DB inventory,TBD/mapped in worker inventory,see QELLY_TEST_COVERAGE_MATRIX.csv,exact source audit; registry/route presence is not completion,implementation and end-to-end evidence,DATABASE,WAVE_2,unassigned,MEDIUM,MEDIUM,L,POST_BETA,yes,2026-07-29T15:49:53+05:30,eafb11719e67135c7a6fa3b15e1170c5192e4771,Conservative classification; no feature-count inflation.
F-D06-drawdown,D06,PERFORMANCE ATTRIBUTION AND RISK,drawdown,,PLANNED,PLANNED,PLANNED,UNAVAILABLE,UNAVAILABLE,PARTIAL,none/local or TBD,TBD/mapped in route inventory,TBD/mapped in API inventory,TBD/mapped in DB inventory,TBD/mapped in worker inventory,see QELLY_TEST_COVERAGE_MATRIX.csv,exact source audit; registry/route presence is not completion,implementation and end-to-end evidence,DATABASE,WAVE_2,unassigned,MEDIUM,MEDIUM,L,POST_BETA,yes,2026-07-29T15:49:53+05:30,eafb11719e67135c7a6fa3b15e1170c5192e4771,Conservative classification; no feature-count inflation.
F-D06-var,D06,PERFORMANCE ATTRIBUTION AND RISK,VaR,,PLANNED,PLANNED,PLANNED,UNAVAILABLE,UNAVAILABLE,PARTIAL,none/local or TBD,TBD/mapped in route inventory,TBD/mapped in API inventory,TBD/mapped in DB inventory,TBD/mapped in worker inventory,see QELLY_TEST_COVERAGE_MATRIX.csv,exact source audit; registry/route presence is not completion,implementation and end-to-end evidence,DATABASE,WAVE_1,unassigned,MEDIUM,MEDIUM,L,POST_BETA,yes,2026-07-29T15:49:53+05:30,eafb11719e67135c7a6fa3b15e1170c5192e4771,Conservative classification; no feature-count inflation.
F-D06-cvar,D06,PERFORMANCE ATTRIBUTION AND RISK,CVaR,,PLANNED,PLANNED,PLANNED,UNAVAILABLE,UNAVAILABLE,PARTIAL,none/local or TBD,TBD/mapped in route inventory,TBD/mapped in API inventory,TBD/mapped in DB inventory,TBD/mapped in worker inventory,see QELLY_TEST_COVERAGE_MATRIX.csv,exact source audit; registry/route presence is not completion,implementation and end-to-end evidence,DATABASE,WAVE_1,unassigned,MEDIUM,MEDIUM,L,POST_BETA,yes,2026-07-29T15:49:53+05:30,eafb11719e67135c7a6fa3b15e1170c5192e4771,Conservative classification; no feature-count inflation.
F-D06-stress-tests,D06,PERFORMANCE ATTRIBUTION AND RISK,stress tests,,PLANNED,PLANNED,PLANNED,UNAVAILABLE,UNAVAILABLE,PARTIAL,none/local or TBD,TBD/mapped in route inventory,TBD/mapped in API inventory,TBD/mapped in DB inventory,TBD/mapped in worker inventory,see QELLY_TEST_COVERAGE_MATRIX.csv,exact source audit; registry/route presence is not completion,implementation and end-to-end evidence,DATABASE,WAVE_2,unassigned,MEDIUM,MEDIUM,L,POST_BETA,yes,2026-07-29T15:49:53+05:30,eafb11719e67135c7a6fa3b15e1170c5192e4771,Conservative classification; no feature-count inflation.
F-D06-scenarios,D06,PERFORMANCE ATTRIBUTION AND RISK,scenarios,,PLANNED,PLANNED,PLANNED,UNAVAILABLE,UNAVAILABLE,PARTIAL,none/local or TBD,TBD/mapped in route inventory,TBD/mapped in API inventory,TBD/mapped in DB inventory,TBD/mapped in worker inventory,see QELLY_TEST_COVERAGE_MATRIX.csv,exact source audit; registry/route presence is not completion,implementation and end-to-end evidence,DATABASE,WAVE_2,unassigned,MEDIUM,MEDIUM,L,POST_BETA,yes,2026-07-29T15:49:53+05:30,eafb11719e67135c7a6fa3b15e1170c5192e4771,Conservative classification; no feature-count inflation.
F-D06-liquidity-risk,D06,PERFORMANCE ATTRIBUTION AND RISK,liquidity risk,,PLANNED,PLANNED,PLANNED,UNAVAILABLE,UNAVAILABLE,PARTIAL,none/local or TBD,TBD/mapped in route inventory,TBD/mapped in API inventory,TBD/mapped in DB inventory,TBD/mapped in worker inventory,see QELLY_TEST_COVERAGE_MATRIX.csv,exact source audit; registry/route presence is not completion,implementation and end-to-end evidence,DATABASE,WAVE_2,unassigned,MEDIUM,MEDIUM,L,POST_BETA,yes,2026-07-29T15:49:53+05:30,eafb11719e67135c7a6fa3b15e1170c5192e4771,Conservative classification; no feature-count inflation.
F-D06-margin-risk,D06,PERFORMANCE ATTRIBUTION AND RISK,margin risk,,PLANNED,PLANNED,PLANNED,UNAVAILABLE,UNAVAILABLE,PARTIAL,none/local or TBD,TBD/mapped in route inventory,TBD/mapped in API inventory,TBD/mapped in DB inventory,TBD/mapped in worker inventory,see QELLY_TEST_COVERAGE_MATRIX.csv,exact source audit; registry/route presence is not completion,implementation and end-to-end evidence,DATABASE,WAVE_2,unassigned,MEDIUM,MEDIUM,L,POST_BETA,yes,2026-07-29T15:49:53+05:30,eafb11719e67135c7a6fa3b15e1170c5192e4771,Conservative classification; no feature-count inflation.
F-D06-leverage-risk,D06,PERFORMANCE ATTRIBUTION AND RISK,leverage risk,,PLANNED,PLANNED,PLANNED,UNAVAILABLE,UNAVAILABLE,PARTIAL,none/local or TBD,TBD/mapped in route inventory,TBD/mapped in API inventory,TBD/mapped in DB inventory,TBD/mapped in worker inventory,see QELLY_TEST_COVERAGE_MATRIX.csv,exact source audit; registry/route presence is not completion,implementation and end-to-end evidence,DATABASE,WAVE_2,unassigned,MEDIUM,MEDIUM,L,POST_BETA,yes,2026-07-29T15:49:53+05:30,eafb11719e67135c7a6fa3b15e1170c5192e4771,Conservative classification; no feature-count inflation.
F-D06-counterparty-risk,D06,PERFORMANCE ATTRIBUTION AND RISK,counterparty risk,,PLANNED,PLANNED,PLANNED,UNAVAILABLE,UNAVAILABLE,PARTIAL,none/local or TBD,TBD/mapped in route inventory,TBD/mapped in API inventory,TBD/mapped in DB inventory,TBD/mapped in worker inventory,see QELLY_TEST_COVERAGE_MATRIX.csv,exact source audit; registry/route presence is not completion,implementation and end-to-end evidence,DATABASE,WAVE_2,unassigned,MEDIUM,MEDIUM,L,POST_BETA,yes,2026-07-29T15:49:53+05:30,eafb11719e67135c7a6fa3b15e1170c5192e4771,Conservative classification; no feature-count inflation.
F-D06-portfolio-digital-twin,D06,PERFORMANCE ATTRIBUTION AND RISK,portfolio digital twin,,PLANNED,PLANNED,PLANNED,UNAVAILABLE,UNAVAILABLE,PARTIAL,none/local or TBD,TBD/mapped in route inventory,TBD/mapped in API inventory,TBD/mapped in DB inventory,TBD/mapped in worker inventory,see QELLY_TEST_COVERAGE_MATRIX.csv,exact source audit; registry/route presence is not completion,implementation and end-to-end evidence,DATABASE,WAVE_8,unassigned,MEDIUM,MEDIUM,PROGRAM,POST_BETA,yes,2026-07-29T15:49:53+05:30,eafb11719e67135c7a6fa3b15e1170c5192e4771,Conservative classification; no feature-count inflation.
F-D06-rebalance-proposals,D06,PERFORMANCE ATTRIBUTION AND RISK,rebalance proposals.,,PLANNED,PLANNED,PLANNED,UNAVAILABLE,UNAVAILABLE,PARTIAL,none/local or TBD,TBD/mapped in route inventory,TBD/mapped in API inventory,TBD/mapped in DB inventory,TBD/mapped in worker inventory,see QELLY_TEST_COVERAGE_MATRIX.csv,exact source audit; registry/route presence is not completion,implementation and end-to-end evidence,DATABASE,WAVE_2,unassigned,MEDIUM,MEDIUM,L,POST_BETA,yes,2026-07-29T15:49:53+05:30,eafb11719e67135c7a6fa3b15e1170c5192e4771,Conservative classification; no feature-count inflation.
F-D07-research-library,D07,"RESEARCH, DOCUMENTS AND NEWS",research library,,PROTOTYPE,PROTOTYPE,PARTIAL,SIMULATED,PARTIAL,PARTIAL,none/local or TBD,TBD/mapped in route inventory,TBD/mapped in API inventory,TBD/mapped in DB inventory,TBD/mapped in worker inventory,see QELLY_TEST_COVERAGE_MATRIX.csv,exact source audit; registry/route presence is not completion,implementation and end-to-end evidence,DATABASE,WAVE_2,unassigned,HIGH,MEDIUM,M,PUBLIC_BETA_MUST,yes,2026-07-29T15:49:53+05:30,eafb11719e67135c7a6fa3b15e1170c5192e4771,Conservative classification; no feature-count inflation.
F-D07-document-upload,D07,"RESEARCH, DOCUMENTS AND NEWS",document upload,,PLANNED,PLANNED,PLANNED,UNAVAILABLE,UNAVAILABLE,PARTIAL,none/local or TBD,TBD/mapped in route inventory,TBD/mapped in API inventory,TBD/mapped in DB inventory,TBD/mapped in worker inventory,see QELLY_TEST_COVERAGE_MATRIX.csv,exact source audit; registry/route presence is not completion,implementation and end-to-end evidence,DATABASE,WAVE_2,unassigned,MEDIUM,MEDIUM,L,POST_BETA,yes,2026-07-29T15:49:53+05:30,eafb11719e67135c7a6fa3b15e1170c5192e4771,Conservative classification; no feature-count inflation.
F-D07-ocr-where-safe,D07,"RESEARCH, DOCUMENTS AND NEWS",OCR where safe,,PLANNED,PLANNED,PLANNED,UNAVAILABLE,UNAVAILABLE,PARTIAL,none/local or TBD,TBD/mapped in route inventory,TBD/mapped in API inventory,TBD/mapped in DB inventory,TBD/mapped in worker inventory,see QELLY_TEST_COVERAGE_MATRIX.csv,exact source audit; registry/route presence is not completion,implementation and end-to-end evidence,DATABASE,WAVE_2,unassigned,MEDIUM,MEDIUM,L,POST_BETA,yes,2026-07-29T15:49:53+05:30,eafb11719e67135c7a6fa3b15e1170c5192e4771,Conservative classification; no feature-count inflation.
F-D07-filing-reader,D07,"RESEARCH, DOCUMENTS AND NEWS",filing reader,,PROTOTYPE,PROTOTYPE,PARTIAL,SIMULATED,PARTIAL,PARTIAL,none/local or TBD,TBD/mapped in route inventory,TBD/mapped in API inventory,TBD/mapped in DB inventory,TBD/mapped in worker inventory,see QELLY_TEST_COVERAGE_MATRIX.csv,exact source audit; registry/route presence is not completion,implementation and end-to-end evidence,PROVIDER,WAVE_2,unassigned,HIGH,MEDIUM,M,PUBLIC_BETA_MUST,yes,2026-07-29T15:49:53+05:30,eafb11719e67135c7a6fa3b15e1170c5192e4771,Conservative classification; no feature-count inflation.
F-D07-citation-anchors,D07,"RESEARCH, DOCUMENTS AND NEWS",citation anchors,,PLANNED,PLANNED,PLANNED,UNAVAILABLE,UNAVAILABLE,PARTIAL,none/local or TBD,TBD/mapped in route inventory,TBD/mapped in API inventory,TBD/mapped in DB inventory,TBD/mapped in worker inventory,see QELLY_TEST_COVERAGE_MATRIX.csv,exact source audit; registry/route presence is not completion,implementation and end-to-end evidence,DATABASE,WAVE_2,unassigned,MEDIUM,MEDIUM,L,POST_BETA,yes,2026-07-29T15:49:53+05:30,eafb11719e67135c7a6fa3b15e1170c5192e4771,Conservative classification; no feature-count inflation.
F-D07-source-shelf,D07,"RESEARCH, DOCUMENTS AND NEWS",source shelf,,PLANNED,PLANNED,PLANNED,UNAVAILABLE,UNAVAILABLE,PARTIAL,none/local or TBD,TBD/mapped in route inventory,TBD/mapped in API inventory,TBD/mapped in DB inventory,TBD/mapped in worker inventory,see QELLY_TEST_COVERAGE_MATRIX.csv,exact source audit; registry/route presence is not completion,implementation and end-to-end evidence,DATABASE,WAVE_2,unassigned,MEDIUM,MEDIUM,L,POST_BETA,yes,2026-07-29T15:49:53+05:30,eafb11719e67135c7a6fa3b15e1170c5192e4771,Conservative classification; no feature-count inflation.
F-D07-earnings-transcripts,D07,"RESEARCH, DOCUMENTS AND NEWS",earnings transcripts,,PLANNED,PLANNED,PLANNED,UNAVAILABLE,UNAVAILABLE,PARTIAL,none/local or TBD,TBD/mapped in route inventory,TBD/mapped in API inventory,TBD/mapped in DB inventory,TBD/mapped in worker inventory,see QELLY_TEST_COVERAGE_MATRIX.csv,exact source audit; registry/route presence is not completion,implementation and end-to-end evidence,DATABASE,WAVE_2,unassigned,MEDIUM,MEDIUM,L,POST_BETA,yes,2026-07-29T15:49:53+05:30,eafb11719e67135c7a6fa3b15e1170c5192e4771,Conservative classification; no feature-count inflation.
F-D07-annual-reports,D07,"RESEARCH, DOCUMENTS AND NEWS",annual reports,,PLANNED,PLANNED,PLANNED,UNAVAILABLE,UNAVAILABLE,PARTIAL,none/local or TBD,TBD/mapped in route inventory,TBD/mapped in API inventory,TBD/mapped in DB inventory,TBD/mapped in worker inventory,see QELLY_TEST_COVERAGE_MATRIX.csv,exact source audit; registry/route presence is not completion,implementation and end-to-end evidence,DATABASE,WAVE_2,unassigned,MEDIUM,MEDIUM,L,POST_BETA,yes,2026-07-29T15:49:53+05:30,eafb11719e67135c7a6fa3b15e1170c5192e4771,Conservative classification; no feature-count inflation.
F-D07-investor-presentations,D07,"RESEARCH, DOCUMENTS AND NEWS",investor presentations,,PLANNED,PLANNED,PLANNED,UNAVAILABLE,UNAVAILABLE,PARTIAL,none/local or TBD,TBD/mapped in route inventory,TBD/mapped in API inventory,TBD/mapped in DB inventory,TBD/mapped in worker inventory,see QELLY_TEST_COVERAGE_MATRIX.csv,exact source audit; registry/route presence is not completion,implementation and end-to-end evidence,DATABASE,WAVE_2,unassigned,MEDIUM,MEDIUM,L,POST_BETA,yes,2026-07-29T15:49:53+05:30,eafb11719e67135c7a6fa3b15e1170c5192e4771,Conservative classification; no feature-count inflation.
F-D07-macro-releases,D07,"RESEARCH, DOCUMENTS AND NEWS",macro releases,,PLANNED,PLANNED,PLANNED,UNAVAILABLE,UNAVAILABLE,PARTIAL,none/local or TBD,TBD/mapped in route inventory,TBD/mapped in API inventory,TBD/mapped in DB inventory,TBD/mapped in worker inventory,see QELLY_TEST_COVERAGE_MATRIX.csv,exact source audit; registry/route presence is not completion,implementation and end-to-end evidence,DATABASE,WAVE_2,unassigned,MEDIUM,MEDIUM,L,POST_BETA,yes,2026-07-29T15:49:53+05:30,eafb11719e67135c7a6fa3b15e1170c5192e4771,Conservative classification; no feature-count inflation.
F-D07-research-feeds,D07,"RESEARCH, DOCUMENTS AND NEWS",research feeds,,PROTOTYPE,PROTOTYPE,PARTIAL,SIMULATED,PARTIAL,PARTIAL,none/local or TBD,TBD/mapped in route inventory,TBD/mapped in API inventory,TBD/mapped in DB inventory,TBD/mapped in worker inventory,see QELLY_TEST_COVERAGE_MATRIX.csv,exact source audit; registry/route presence is not completion,implementation and end-to-end evidence,DATABASE,WAVE_2,unassigned,HIGH,MEDIUM,M,PUBLIC_BETA_MUST,yes,2026-07-29T15:49:53+05:30,eafb11719e67135c7a6fa3b15e1170c5192e4771,Conservative classification; no feature-count inflation.
F-D07-market-news,D07,"RESEARCH, DOCUMENTS AND NEWS",market news,,PROTOTYPE,PROTOTYPE,PARTIAL,SIMULATED,PARTIAL,PARTIAL,none/local or TBD,TBD/mapped in route inventory,TBD/mapped in API inventory,TBD/mapped in DB inventory,TBD/mapped in worker inventory,see QELLY_TEST_COVERAGE_MATRIX.csv,exact source audit; registry/route presence is not completion,implementation and end-to-end evidence,PROVIDER,WAVE_2,unassigned,HIGH,MEDIUM,M,PUBLIC_BETA_MUST,yes,2026-07-29T15:49:53+05:30,eafb11719e67135c7a6fa3b15e1170c5192e4771,Conservative classification; no feature-count inflation.
F-D07-india-news,D07,"RESEARCH, DOCUMENTS AND NEWS",India news,,PROTOTYPE,PROTOTYPE,PARTIAL,SIMULATED,PARTIAL,PARTIAL,none/local or TBD,TBD/mapped in route inventory,TBD/mapped in API inventory,TBD/mapped in DB inventory,TBD/mapped in worker inventory,see QELLY_TEST_COVERAGE_MATRIX.csv,exact source audit; registry/route presence is not completion,implementation and end-to-end evidence,PROVIDER,WAVE_2,unassigned,HIGH,MEDIUM,M,PUBLIC_BETA_MUST,yes,2026-07-29T15:49:53+05:30,eafb11719e67135c7a6fa3b15e1170c5192e4771,Conservative classification; no feature-count inflation.
F-D07-crypto-news,D07,"RESEARCH, DOCUMENTS AND NEWS",crypto news,,PROTOTYPE,PROTOTYPE,PARTIAL,SIMULATED,PARTIAL,PARTIAL,none/local or TBD,TBD/mapped in route inventory,TBD/mapped in API inventory,TBD/mapped in DB inventory,TBD/mapped in worker inventory,see QELLY_TEST_COVERAGE_MATRIX.csv,exact source audit; registry/route presence is not completion,implementation and end-to-end evidence,PROVIDER,WAVE_2,unassigned,HIGH,MEDIUM,M,PUBLIC_BETA_MUST,yes,2026-07-29T15:49:53+05:30,eafb11719e67135c7a6fa3b15e1170c5192e4771,Conservative classification; no feature-count inflation.
F-D07-central-bank-news,D07,"RESEARCH, DOCUMENTS AND NEWS",central-bank news,,PROTOTYPE,PROTOTYPE,PARTIAL,SIMULATED,PARTIAL,PARTIAL,none/local or TBD,TBD/mapped in route inventory,TBD/mapped in API inventory,TBD/mapped in DB inventory,TBD/mapped in worker inventory,see QELLY_TEST_COVERAGE_MATRIX.csv,exact source audit; registry/route presence is not completion,implementation and end-to-end evidence,PROVIDER,WAVE_2,unassigned,HIGH,MEDIUM,M,PUBLIC_BETA_MUST,yes,2026-07-29T15:49:53+05:30,eafb11719e67135c7a6fa3b15e1170c5192e4771,Conservative classification; no feature-count inflation.
F-D07-exchange-announcements,D07,"RESEARCH, DOCUMENTS AND NEWS",exchange announcements,,PLANNED,PLANNED,PLANNED,UNAVAILABLE,UNAVAILABLE,PARTIAL,none/local or TBD,TBD/mapped in route inventory,TBD/mapped in API inventory,TBD/mapped in DB inventory,TBD/mapped in worker inventory,see QELLY_TEST_COVERAGE_MATRIX.csv,exact source audit; registry/route presence is not completion,implementation and end-to-end evidence,SECURITY,WAVE_2,unassigned,MEDIUM,HIGH,L,POST_BETA,conditional,2026-07-29T15:49:53+05:30,eafb11719e67135c7a6fa3b15e1170c5192e4771,Conservative classification; no feature-count inflation.
F-D07-event-calendars,D07,"RESEARCH, DOCUMENTS AND NEWS",event calendars,,PROTOTYPE,PROTOTYPE,PARTIAL,SIMULATED,PARTIAL,PARTIAL,none/local or TBD,TBD/mapped in route inventory,TBD/mapped in API inventory,TBD/mapped in DB inventory,TBD/mapped in worker inventory,see QELLY_TEST_COVERAGE_MATRIX.csv,exact source audit; registry/route presence is not completion,implementation and end-to-end evidence,DATABASE,WAVE_2,unassigned,HIGH,MEDIUM,M,PUBLIC_BETA_MUST,yes,2026-07-29T15:49:53+05:30,eafb11719e67135c7a6fa3b15e1170c5192e4771,Conservative classification; no feature-count inflation.
F-D07-entity-mapping,D07,"RESEARCH, DOCUMENTS AND NEWS",entity mapping,,PLANNED,PLANNED,PLANNED,UNAVAILABLE,UNAVAILABLE,PARTIAL,none/local or TBD,TBD/mapped in route inventory,TBD/mapped in API inventory,TBD/mapped in DB inventory,TBD/mapped in worker inventory,see QELLY_TEST_COVERAGE_MATRIX.csv,exact source audit; registry/route presence is not completion,implementation and end-to-end evidence,DATABASE,WAVE_2,unassigned,MEDIUM,MEDIUM,L,POST_BETA,yes,2026-07-29T15:49:53+05:30,eafb11719e67135c7a6fa3b15e1170c5192e4771,Conservative classification; no feature-count inflation.
F-D07-deduplication,D07,"RESEARCH, DOCUMENTS AND NEWS",deduplication,,PLANNED,PLANNED,PLANNED,UNAVAILABLE,UNAVAILABLE,PARTIAL,none/local or TBD,TBD/mapped in route inventory,TBD/mapped in API inventory,TBD/mapped in DB inventory,TBD/mapped in worker inventory,see QELLY_TEST_COVERAGE_MATRIX.csv,exact source audit; registry/route presence is not completion,implementation and end-to-end evidence,DATABASE,WAVE_2,unassigned,MEDIUM,MEDIUM,L,POST_BETA,yes,2026-07-29T15:49:53+05:30,eafb11719e67135c7a6fa3b15e1170c5192e4771,Conservative classification; no feature-count inflation.
F-D07-saved-searches,D07,"RESEARCH, DOCUMENTS AND NEWS",saved searches,,PROTOTYPE,PROTOTYPE,PARTIAL,SIMULATED,PARTIAL,PARTIAL,none/local or TBD,TBD/mapped in route inventory,TBD/mapped in API inventory,TBD/mapped in DB inventory,TBD/mapped in worker inventory,see QELLY_TEST_COVERAGE_MATRIX.csv,exact source audit; registry/route presence is not completion,implementation and end-to-end evidence,DATABASE,WAVE_2,unassigned,HIGH,MEDIUM,M,PUBLIC_BETA_MUST,yes,2026-07-29T15:49:53+05:30,eafb11719e67135c7a6fa3b15e1170c5192e4771,Conservative classification; no feature-count inflation.
F-D08-grounded-copilot,D08,RESEARCH AI AND AGENTS,grounded Copilot,,PLANNED,PLANNED,PLANNED,UNAVAILABLE,UNAVAILABLE,PARTIAL,none/local or TBD,TBD/mapped in route inventory,TBD/mapped in API inventory,TBD/mapped in DB inventory,TBD/mapped in worker inventory,see QELLY_TEST_COVERAGE_MATRIX.csv,exact source audit; registry/route presence is not completion,implementation and end-to-end evidence,DATABASE,WAVE_8,unassigned,MEDIUM,MEDIUM,PROGRAM,POST_BETA,yes,2026-07-29T15:49:53+05:30,eafb11719e67135c7a6fa3b15e1170c5192e4771,Conservative classification; no feature-count inflation.
F-D08-citation-enforcement,D08,RESEARCH AI AND AGENTS,citation enforcement,,PLANNED,PLANNED,PLANNED,UNAVAILABLE,UNAVAILABLE,PARTIAL,none/local or TBD,TBD/mapped in route inventory,TBD/mapped in API inventory,TBD/mapped in DB inventory,TBD/mapped in worker inventory,see QELLY_TEST_COVERAGE_MATRIX.csv,exact source audit; registry/route presence is not completion,implementation and end-to-end evidence,DATABASE,WAVE_2,unassigned,MEDIUM,MEDIUM,L,POST_BETA,yes,2026-07-29T15:49:53+05:30,eafb11719e67135c7a6fa3b15e1170c5192e4771,Conservative classification; no feature-count inflation.
F-D08-source-retrieval,D08,RESEARCH AI AND AGENTS,source retrieval,,PLANNED,PLANNED,PLANNED,UNAVAILABLE,UNAVAILABLE,PARTIAL,none/local or TBD,TBD/mapped in route inventory,TBD/mapped in API inventory,TBD/mapped in DB inventory,TBD/mapped in worker inventory,see QELLY_TEST_COVERAGE_MATRIX.csv,exact source audit; registry/route presence is not completion,implementation and end-to-end evidence,DATABASE,WAVE_2,unassigned,MEDIUM,MEDIUM,L,POST_BETA,yes,2026-07-29T15:49:53+05:30,eafb11719e67135c7a6fa3b15e1170c5192e4771,Conservative classification; no feature-count inflation.
F-D08-evidence-gaps,D08,RESEARCH AI AND AGENTS,evidence gaps,,PLANNED,PLANNED,PLANNED,UNAVAILABLE,UNAVAILABLE,PARTIAL,none/local or TBD,TBD/mapped in route inventory,TBD/mapped in API inventory,TBD/mapped in DB inventory,TBD/mapped in worker inventory,see QELLY_TEST_COVERAGE_MATRIX.csv,exact source audit; registry/route presence is not completion,implementation and end-to-end evidence,DATABASE,WAVE_2,unassigned,MEDIUM,MEDIUM,L,POST_BETA,yes,2026-07-29T15:49:53+05:30,eafb11719e67135c7a6fa3b15e1170c5192e4771,Conservative classification; no feature-count inflation.
F-D08-source-disagreement,D08,RESEARCH AI AND AGENTS,source disagreement,,PLANNED,PLANNED,PLANNED,UNAVAILABLE,UNAVAILABLE,PARTIAL,none/local or TBD,TBD/mapped in route inventory,TBD/mapped in API inventory,TBD/mapped in DB inventory,TBD/mapped in worker inventory,see QELLY_TEST_COVERAGE_MATRIX.csv,exact source audit; registry/route presence is not completion,implementation and end-to-end evidence,DATABASE,WAVE_2,unassigned,MEDIUM,MEDIUM,L,POST_BETA,yes,2026-07-29T15:49:53+05:30,eafb11719e67135c7a6fa3b15e1170c5192e4771,Conservative classification; no feature-count inflation.
F-D08-thesis,D08,RESEARCH AI AND AGENTS,thesis,,PLANNED,PLANNED,PLANNED,UNAVAILABLE,UNAVAILABLE,PARTIAL,none/local or TBD,TBD/mapped in route inventory,TBD/mapped in API inventory,TBD/mapped in DB inventory,TBD/mapped in worker inventory,see QELLY_TEST_COVERAGE_MATRIX.csv,exact source audit; registry/route presence is not completion,implementation and end-to-end evidence,DATABASE,WAVE_2,unassigned,MEDIUM,MEDIUM,L,POST_BETA,yes,2026-07-29T15:49:53+05:30,eafb11719e67135c7a6fa3b15e1170c5192e4771,Conservative classification; no feature-count inflation.
F-D08-counter-thesis,D08,RESEARCH AI AND AGENTS,counter-thesis,,PLANNED,PLANNED,PLANNED,UNAVAILABLE,UNAVAILABLE,PARTIAL,none/local or TBD,TBD/mapped in route inventory,TBD/mapped in API inventory,TBD/mapped in DB inventory,TBD/mapped in worker inventory,see QELLY_TEST_COVERAGE_MATRIX.csv,exact source audit; registry/route presence is not completion,implementation and end-to-end evidence,DATABASE,WAVE_2,unassigned,MEDIUM,MEDIUM,L,POST_BETA,yes,2026-07-29T15:49:53+05:30,eafb11719e67135c7a6fa3b15e1170c5192e4771,Conservative classification; no feature-count inflation.
F-D08-assumption-tracking,D08,RESEARCH AI AND AGENTS,assumption tracking,,PLANNED,PLANNED,PLANNED,UNAVAILABLE,UNAVAILABLE,PARTIAL,none/local or TBD,TBD/mapped in route inventory,TBD/mapped in API inventory,TBD/mapped in DB inventory,TBD/mapped in worker inventory,see QELLY_TEST_COVERAGE_MATRIX.csv,exact source audit; registry/route presence is not completion,implementation and end-to-end evidence,DATABASE,WAVE_2,unassigned,MEDIUM,MEDIUM,L,POST_BETA,yes,2026-07-29T15:49:53+05:30,eafb11719e67135c7a6fa3b15e1170c5192e4771,Conservative classification; no feature-count inflation.
F-D08-portfolio-aware-research,D08,RESEARCH AI AND AGENTS,portfolio-aware research,,PROTOTYPE,PROTOTYPE,PARTIAL,SIMULATED,PARTIAL,PARTIAL,none/local or TBD,TBD/mapped in route inventory,TBD/mapped in API inventory,TBD/mapped in DB inventory,TBD/mapped in worker inventory,see QELLY_TEST_COVERAGE_MATRIX.csv,exact source audit; registry/route presence is not completion,implementation and end-to-end evidence,DATABASE,WAVE_8,unassigned,MEDIUM,MEDIUM,PROGRAM,POST_BETA,yes,2026-07-29T15:49:53+05:30,eafb11719e67135c7a6fa3b15e1170c5192e4771,Conservative classification; no feature-count inflation.
F-D08-document-summarization,D08,RESEARCH AI AND AGENTS,document summarization,,PLANNED,PLANNED,PLANNED,UNAVAILABLE,UNAVAILABLE,PARTIAL,none/local or TBD,TBD/mapped in route inventory,TBD/mapped in API inventory,TBD/mapped in DB inventory,TBD/mapped in worker inventory,see QELLY_TEST_COVERAGE_MATRIX.csv,exact source audit; registry/route presence is not completion,implementation and end-to-end evidence,DATABASE,WAVE_2,unassigned,MEDIUM,MEDIUM,L,POST_BETA,yes,2026-07-29T15:49:53+05:30,eafb11719e67135c7a6fa3b15e1170c5192e4771,Conservative classification; no feature-count inflation.
F-D08-formula-generation,D08,RESEARCH AI AND AGENTS,formula generation,,PLANNED,PLANNED,PLANNED,UNAVAILABLE,UNAVAILABLE,PARTIAL,none/local or TBD,TBD/mapped in route inventory,TBD/mapped in API inventory,TBD/mapped in DB inventory,TBD/mapped in worker inventory,see QELLY_TEST_COVERAGE_MATRIX.csv,exact source audit; registry/route presence is not completion,implementation and end-to-end evidence,DATABASE,WAVE_2,unassigned,MEDIUM,MEDIUM,L,POST_BETA,yes,2026-07-29T15:49:53+05:30,eafb11719e67135c7a6fa3b15e1170c5192e4771,Conservative classification; no feature-count inflation.
F-D08-screener-generation,D08,RESEARCH AI AND AGENTS,screener generation,,PLANNED,PLANNED,PLANNED,UNAVAILABLE,UNAVAILABLE,PARTIAL,none/local or TBD,TBD/mapped in route inventory,TBD/mapped in API inventory,TBD/mapped in DB inventory,TBD/mapped in worker inventory,see QELLY_TEST_COVERAGE_MATRIX.csv,exact source audit; registry/route presence is not completion,implementation and end-to-end evidence,DATABASE,WAVE_2,unassigned,MEDIUM,MEDIUM,L,POST_BETA,yes,2026-07-29T15:49:53+05:30,eafb11719e67135c7a6fa3b15e1170c5192e4771,Conservative classification; no feature-count inflation.
F-D08-strategy-drafting,D08,RESEARCH AI AND AGENTS,strategy drafting,,PLANNED,PLANNED,PLANNED,UNAVAILABLE,UNAVAILABLE,PARTIAL,none/local or TBD,TBD/mapped in route inventory,TBD/mapped in API inventory,TBD/mapped in DB inventory,TBD/mapped in worker inventory,see QELLY_TEST_COVERAGE_MATRIX.csv,exact source audit; registry/route presence is not completion,implementation and end-to-end evidence,DATABASE,WAVE_5,unassigned,MEDIUM,MEDIUM,PROGRAM,POST_BETA,yes,2026-07-29T15:49:53+05:30,eafb11719e67135c7a6fa3b15e1170c5192e4771,Conservative classification; no feature-count inflation.
F-D08-governed-agents,D08,RESEARCH AI AND AGENTS,governed agents,,PLANNED,PLANNED,PLANNED,UNAVAILABLE,UNAVAILABLE,PARTIAL,none/local or TBD,TBD/mapped in route inventory,TBD/mapped in API inventory,TBD/mapped in DB inventory,TBD/mapped in worker inventory,see QELLY_TEST_COVERAGE_MATRIX.csv,exact source audit; registry/route presence is not completion,implementation and end-to-end evidence,SECURITY,WAVE_8,unassigned,MEDIUM,HIGH,PROGRAM,POST_BETA,conditional,2026-07-29T15:49:53+05:30,eafb11719e67135c7a6fa3b15e1170c5192e4771,Conservative classification; no feature-count inflation.
F-D08-permission-boundaries,D08,RESEARCH AI AND AGENTS,permission boundaries,,PLANNED,PLANNED,PLANNED,UNAVAILABLE,UNAVAILABLE,PARTIAL,none/local or TBD,TBD/mapped in route inventory,TBD/mapped in API inventory,TBD/mapped in DB inventory,TBD/mapped in worker inventory,see QELLY_TEST_COVERAGE_MATRIX.csv,exact source audit; registry/route presence is not completion,implementation and end-to-end evidence,DATABASE,WAVE_2,unassigned,MEDIUM,MEDIUM,L,POST_BETA,yes,2026-07-29T15:49:53+05:30,eafb11719e67135c7a6fa3b15e1170c5192e4771,Conservative classification; no feature-count inflation.
F-D08-tool-use-logs,D08,RESEARCH AI AND AGENTS,tool-use logs,,PLANNED,PLANNED,PLANNED,UNAVAILABLE,UNAVAILABLE,PARTIAL,none/local or TBD,TBD/mapped in route inventory,TBD/mapped in API inventory,TBD/mapped in DB inventory,TBD/mapped in worker inventory,see QELLY_TEST_COVERAGE_MATRIX.csv,exact source audit; registry/route presence is not completion,implementation and end-to-end evidence,DATABASE,WAVE_2,unassigned,MEDIUM,MEDIUM,L,POST_BETA,yes,2026-07-29T15:49:53+05:30,eafb11719e67135c7a6fa3b15e1170c5192e4771,Conservative classification; no feature-count inflation.
F-D08-human-approval,D08,RESEARCH AI AND AGENTS,human approval,,PLANNED,PLANNED,PLANNED,UNAVAILABLE,UNAVAILABLE,PARTIAL,none/local or TBD,TBD/mapped in route inventory,TBD/mapped in API inventory,TBD/mapped in DB inventory,TBD/mapped in worker inventory,see QELLY_TEST_COVERAGE_MATRIX.csv,exact source audit; registry/route presence is not completion,implementation and end-to-end evidence,DATABASE,WAVE_2,unassigned,MEDIUM,MEDIUM,L,POST_BETA,yes,2026-07-29T15:49:53+05:30,eafb11719e67135c7a6fa3b15e1170c5192e4771,Conservative classification; no feature-count inflation.
F-D08-run-audit,D08,RESEARCH AI AND AGENTS,run audit,,PLANNED,PLANNED,PLANNED,UNAVAILABLE,UNAVAILABLE,PARTIAL,none/local or TBD,TBD/mapped in route inventory,TBD/mapped in API inventory,TBD/mapped in DB inventory,TBD/mapped in worker inventory,see QELLY_TEST_COVERAGE_MATRIX.csv,exact source audit; registry/route presence is not completion,implementation and end-to-end evidence,DATABASE,WAVE_2,unassigned,MEDIUM,MEDIUM,L,POST_BETA,yes,2026-07-29T15:49:53+05:30,eafb11719e67135c7a6fa3b15e1170c5192e4771,Conservative classification; no feature-count inflation.
F-D08-unsupported-claim-rejection,D08,RESEARCH AI AND AGENTS,unsupported-claim rejection.,,PLANNED,PLANNED,PLANNED,UNAVAILABLE,UNAVAILABLE,PARTIAL,none/local or TBD,TBD/mapped in route inventory,TBD/mapped in API inventory,TBD/mapped in DB inventory,TBD/mapped in worker inventory,see QELLY_TEST_COVERAGE_MATRIX.csv,exact source audit; registry/route presence is not completion,implementation and end-to-end evidence,SECURITY,WAVE_2,unassigned,MEDIUM,HIGH,L,POST_BETA,conditional,2026-07-29T15:49:53+05:30,eafb11719e67135c7a6fa3b15e1170c5192e4771,Conservative classification; no feature-count inflation.
F-D09-notebooks,D09,QUANT RESEARCH,notebooks,,PLANNED,PLANNED,PLANNED,UNAVAILABLE,UNAVAILABLE,PARTIAL,none/local or TBD,TBD/mapped in route inventory,TBD/mapped in API inventory,TBD/mapped in DB inventory,TBD/mapped in worker inventory,see QELLY_TEST_COVERAGE_MATRIX.csv,exact source audit; registry/route presence is not completion,implementation and end-to-end evidence,DATABASE,WAVE_5,unassigned,MEDIUM,MEDIUM,PROGRAM,POST_BETA,yes,2026-07-29T15:49:53+05:30,eafb11719e67135c7a6fa3b15e1170c5192e4771,Conservative classification; no feature-count inflation.
F-D09-datasets,D09,QUANT RESEARCH,datasets,,PLANNED,PLANNED,PLANNED,UNAVAILABLE,UNAVAILABLE,PARTIAL,none/local or TBD,TBD/mapped in route inventory,TBD/mapped in API inventory,TBD/mapped in DB inventory,TBD/mapped in worker inventory,see QELLY_TEST_COVERAGE_MATRIX.csv,exact source audit; registry/route presence is not completion,implementation and end-to-end evidence,DATABASE,WAVE_2,unassigned,MEDIUM,MEDIUM,L,POST_BETA,yes,2026-07-29T15:49:53+05:30,eafb11719e67135c7a6fa3b15e1170c5192e4771,Conservative classification; no feature-count inflation.
F-D09-feature-engineering,D09,QUANT RESEARCH,feature engineering,,PLANNED,PLANNED,PLANNED,UNAVAILABLE,UNAVAILABLE,PARTIAL,none/local or TBD,TBD/mapped in route inventory,TBD/mapped in API inventory,TBD/mapped in DB inventory,TBD/mapped in worker inventory,see QELLY_TEST_COVERAGE_MATRIX.csv,exact source audit; registry/route presence is not completion,implementation and end-to-end evidence,DATABASE,WAVE_2,unassigned,MEDIUM,MEDIUM,L,POST_BETA,yes,2026-07-29T15:49:53+05:30,eafb11719e67135c7a6fa3b15e1170c5192e4771,Conservative classification; no feature-count inflation.
F-D09-signals,D09,QUANT RESEARCH,signals,,PLANNED,PLANNED,PLANNED,UNAVAILABLE,UNAVAILABLE,PARTIAL,none/local or TBD,TBD/mapped in route inventory,TBD/mapped in API inventory,TBD/mapped in DB inventory,TBD/mapped in worker inventory,see QELLY_TEST_COVERAGE_MATRIX.csv,exact source audit; registry/route presence is not completion,implementation and end-to-end evidence,DATABASE,WAVE_2,unassigned,MEDIUM,MEDIUM,L,POST_BETA,yes,2026-07-29T15:49:53+05:30,eafb11719e67135c7a6fa3b15e1170c5192e4771,Conservative classification; no feature-count inflation.
F-D09-strategy-builder,D09,QUANT RESEARCH,strategy builder,,PLANNED,PLANNED,PLANNED,UNAVAILABLE,UNAVAILABLE,PARTIAL,none/local or TBD,TBD/mapped in route inventory,TBD/mapped in API inventory,TBD/mapped in DB inventory,TBD/mapped in worker inventory,see QELLY_TEST_COVERAGE_MATRIX.csv,exact source audit; registry/route presence is not completion,implementation and end-to-end evidence,DATABASE,WAVE_5,unassigned,MEDIUM,MEDIUM,PROGRAM,POST_BETA,yes,2026-07-29T15:49:53+05:30,eafb11719e67135c7a6fa3b15e1170c5192e4771,Conservative classification; no feature-count inflation.
F-D09-backtesting,D09,QUANT RESEARCH,backtesting,,PLANNED,PLANNED,PLANNED,UNAVAILABLE,UNAVAILABLE,PARTIAL,none/local or TBD,TBD/mapped in route inventory,TBD/mapped in API inventory,TBD/mapped in DB inventory,TBD/mapped in worker inventory,see QELLY_TEST_COVERAGE_MATRIX.csv,exact source audit; registry/route presence is not completion,implementation and end-to-end evidence,DATABASE,WAVE_5,unassigned,MEDIUM,MEDIUM,PROGRAM,POST_BETA,yes,2026-07-29T15:49:53+05:30,eafb11719e67135c7a6fa3b15e1170c5192e4771,Conservative classification; no feature-count inflation.
F-D09-parameter-sweeps,D09,QUANT RESEARCH,parameter sweeps,,PLANNED,PLANNED,PLANNED,UNAVAILABLE,UNAVAILABLE,PARTIAL,none/local or TBD,TBD/mapped in route inventory,TBD/mapped in API inventory,TBD/mapped in DB inventory,TBD/mapped in worker inventory,see QELLY_TEST_COVERAGE_MATRIX.csv,exact source audit; registry/route presence is not completion,implementation and end-to-end evidence,DATABASE,WAVE_2,unassigned,MEDIUM,MEDIUM,L,POST_BETA,yes,2026-07-29T15:49:53+05:30,eafb11719e67135c7a6fa3b15e1170c5192e4771,Conservative classification; no feature-count inflation.
F-D09-walk-forward,D09,QUANT RESEARCH,walk-forward,,PLANNED,PLANNED,PLANNED,UNAVAILABLE,UNAVAILABLE,PARTIAL,none/local or TBD,TBD/mapped in route inventory,TBD/mapped in API inventory,TBD/mapped in DB inventory,TBD/mapped in worker inventory,see QELLY_TEST_COVERAGE_MATRIX.csv,exact source audit; registry/route presence is not completion,implementation and end-to-end evidence,DATABASE,WAVE_2,unassigned,MEDIUM,MEDIUM,L,POST_BETA,yes,2026-07-29T15:49:53+05:30,eafb11719e67135c7a6fa3b15e1170c5192e4771,Conservative classification; no feature-count inflation.
F-D09-monte-carlo,D09,QUANT RESEARCH,Monte Carlo,,PLANNED,PLANNED,PLANNED,UNAVAILABLE,UNAVAILABLE,PARTIAL,none/local or TBD,TBD/mapped in route inventory,TBD/mapped in API inventory,TBD/mapped in DB inventory,TBD/mapped in worker inventory,see QELLY_TEST_COVERAGE_MATRIX.csv,exact source audit; registry/route presence is not completion,implementation and end-to-end evidence,DATABASE,WAVE_2,unassigned,MEDIUM,MEDIUM,L,POST_BETA,yes,2026-07-29T15:49:53+05:30,eafb11719e67135c7a6fa3b15e1170c5192e4771,Conservative classification; no feature-count inflation.
F-D09-stress-testing,D09,QUANT RESEARCH,stress testing,,PLANNED,PLANNED,PLANNED,UNAVAILABLE,UNAVAILABLE,PARTIAL,none/local or TBD,TBD/mapped in route inventory,TBD/mapped in API inventory,TBD/mapped in DB inventory,TBD/mapped in worker inventory,see QELLY_TEST_COVERAGE_MATRIX.csv,exact source audit; registry/route presence is not completion,implementation and end-to-end evidence,DATABASE,WAVE_2,unassigned,MEDIUM,MEDIUM,L,POST_BETA,yes,2026-07-29T15:49:53+05:30,eafb11719e67135c7a6fa3b15e1170c5192e4771,Conservative classification; no feature-count inflation.
F-D09-regime-analysis,D09,QUANT RESEARCH,regime analysis,,PLANNED,PLANNED,PLANNED,UNAVAILABLE,UNAVAILABLE,PARTIAL,none/local or TBD,TBD/mapped in route inventory,TBD/mapped in API inventory,TBD/mapped in DB inventory,TBD/mapped in worker inventory,see QELLY_TEST_COVERAGE_MATRIX.csv,exact source audit; registry/route presence is not completion,implementation and end-to-end evidence,DATABASE,WAVE_2,unassigned,MEDIUM,MEDIUM,L,POST_BETA,yes,2026-07-29T15:49:53+05:30,eafb11719e67135c7a6fa3b15e1170c5192e4771,Conservative classification; no feature-count inflation.
F-D09-experiment-registry,D09,QUANT RESEARCH,experiment registry,,PLANNED,PLANNED,PLANNED,UNAVAILABLE,UNAVAILABLE,PARTIAL,none/local or TBD,TBD/mapped in route inventory,TBD/mapped in API inventory,TBD/mapped in DB inventory,TBD/mapped in worker inventory,see QELLY_TEST_COVERAGE_MATRIX.csv,exact source audit; registry/route presence is not completion,implementation and end-to-end evidence,DATABASE,WAVE_5,unassigned,MEDIUM,MEDIUM,PROGRAM,POST_BETA,yes,2026-07-29T15:49:53+05:30,eafb11719e67135c7a6fa3b15e1170c5192e4771,Conservative classification; no feature-count inflation.
F-D09-model-registry,D09,QUANT RESEARCH,model registry,,PLANNED,PLANNED,PLANNED,UNAVAILABLE,UNAVAILABLE,PARTIAL,none/local or TBD,TBD/mapped in route inventory,TBD/mapped in API inventory,TBD/mapped in DB inventory,TBD/mapped in worker inventory,see QELLY_TEST_COVERAGE_MATRIX.csv,exact source audit; registry/route presence is not completion,implementation and end-to-end evidence,DATABASE,WAVE_5,unassigned,MEDIUM,MEDIUM,PROGRAM,POST_BETA,yes,2026-07-29T15:49:53+05:30,eafb11719e67135c7a6fa3b15e1170c5192e4771,Conservative classification; no feature-count inflation.
F-D09-reproducibility,D09,QUANT RESEARCH,reproducibility,,PLANNED,PLANNED,PLANNED,UNAVAILABLE,UNAVAILABLE,PARTIAL,none/local or TBD,TBD/mapped in route inventory,TBD/mapped in API inventory,TBD/mapped in DB inventory,TBD/mapped in worker inventory,see QELLY_TEST_COVERAGE_MATRIX.csv,exact source audit; registry/route presence is not completion,implementation and end-to-end evidence,DATABASE,WAVE_2,unassigned,MEDIUM,MEDIUM,L,POST_BETA,yes,2026-07-29T15:49:53+05:30,eafb11719e67135c7a6fa3b15e1170c5192e4771,Conservative classification; no feature-count inflation.
F-D09-data-lineage,D09,QUANT RESEARCH,data lineage,,PROTOTYPE,PROTOTYPE,PARTIAL,SIMULATED,PARTIAL,PARTIAL,none/local or TBD,TBD/mapped in route inventory,TBD/mapped in API inventory,TBD/mapped in DB inventory,TBD/mapped in worker inventory,see QELLY_TEST_COVERAGE_MATRIX.csv,exact source audit; registry/route presence is not completion,implementation and end-to-end evidence,DATABASE,WAVE_2,unassigned,MEDIUM,MEDIUM,M,POST_BETA,yes,2026-07-29T15:49:53+05:30,eafb11719e67135c7a6fa3b15e1170c5192e4771,Conservative classification; no feature-count inflation.
F-D09-research-templates,D09,QUANT RESEARCH,research templates,,PROTOTYPE,PROTOTYPE,PARTIAL,SIMULATED,PARTIAL,PARTIAL,none/local or TBD,TBD/mapped in route inventory,TBD/mapped in API inventory,TBD/mapped in DB inventory,TBD/mapped in worker inventory,see QELLY_TEST_COVERAGE_MATRIX.csv,exact source audit; registry/route presence is not completion,implementation and end-to-end evidence,DATABASE,WAVE_2,unassigned,MEDIUM,MEDIUM,M,POST_BETA,yes,2026-07-29T15:49:53+05:30,eafb11719e67135c7a6fa3b15e1170c5192e4771,Conservative classification; no feature-count inflation.
F-D09-collaborative-experiments,D09,QUANT RESEARCH,collaborative experiments.,,PLANNED,PLANNED,PLANNED,UNAVAILABLE,UNAVAILABLE,PARTIAL,none/local or TBD,TBD/mapped in route inventory,TBD/mapped in API inventory,TBD/mapped in DB inventory,TBD/mapped in worker inventory,see QELLY_TEST_COVERAGE_MATRIX.csv,exact source audit; registry/route presence is not completion,implementation and end-to-end evidence,DATABASE,WAVE_5,unassigned,MEDIUM,MEDIUM,PROGRAM,POST_BETA,yes,2026-07-29T15:49:53+05:30,eafb11719e67135c7a6fa3b15e1170c5192e4771,Conservative classification; no feature-count inflation.
F-D10-paper-trading,D10,TRADING AND EXECUTION,paper trading,,PLANNED,PLANNED,PLANNED,UNAVAILABLE,UNAVAILABLE,PARTIAL,none/local or TBD,TBD/mapped in route inventory,TBD/mapped in API inventory,TBD/mapped in DB inventory,TBD/mapped in worker inventory,see QELLY_TEST_COVERAGE_MATRIX.csv,exact source audit; registry/route presence is not completion,implementation and end-to-end evidence,SECURITY,WAVE_3,unassigned,MEDIUM,HIGH,L,POST_BETA,conditional,2026-07-29T15:49:53+05:30,eafb11719e67135c7a6fa3b15e1170c5192e4771,Conservative classification; no feature-count inflation.
F-D10-order-tickets,D10,TRADING AND EXECUTION,order tickets,,PLANNED,PLANNED,PLANNED,UNAVAILABLE,UNAVAILABLE,PARTIAL,none/local or TBD,TBD/mapped in route inventory,TBD/mapped in API inventory,TBD/mapped in DB inventory,TBD/mapped in worker inventory,see QELLY_TEST_COVERAGE_MATRIX.csv,exact source audit; registry/route presence is not completion,implementation and end-to-end evidence,DATABASE,WAVE_2,unassigned,MEDIUM,MEDIUM,L,POST_BETA,yes,2026-07-29T15:49:53+05:30,eafb11719e67135c7a6fa3b15e1170c5192e4771,Conservative classification; no feature-count inflation.
F-D10-market,D10,TRADING AND EXECUTION,market,,PLANNED,PLANNED,PLANNED,UNAVAILABLE,UNAVAILABLE,PARTIAL,none/local or TBD,TBD/mapped in route inventory,TBD/mapped in API inventory,TBD/mapped in DB inventory,TBD/mapped in worker inventory,see QELLY_TEST_COVERAGE_MATRIX.csv,exact source audit; registry/route presence is not completion,implementation and end-to-end evidence,DATABASE,WAVE_2,unassigned,MEDIUM,MEDIUM,L,POST_BETA,yes,2026-07-29T15:49:53+05:30,eafb11719e67135c7a6fa3b15e1170c5192e4771,Conservative classification; no feature-count inflation.
F-D10-limit,D10,TRADING AND EXECUTION,limit,,PLANNED,PLANNED,PLANNED,UNAVAILABLE,UNAVAILABLE,PARTIAL,none/local or TBD,TBD/mapped in route inventory,TBD/mapped in API inventory,TBD/mapped in DB inventory,TBD/mapped in worker inventory,see QELLY_TEST_COVERAGE_MATRIX.csv,exact source audit; registry/route presence is not completion,implementation and end-to-end evidence,DATABASE,WAVE_2,unassigned,MEDIUM,MEDIUM,L,POST_BETA,yes,2026-07-29T15:49:53+05:30,eafb11719e67135c7a6fa3b15e1170c5192e4771,Conservative classification; no feature-count inflation.
F-D10-stop,D10,TRADING AND EXECUTION,stop,,PLANNED,PLANNED,PLANNED,UNAVAILABLE,UNAVAILABLE,PARTIAL,none/local or TBD,TBD/mapped in route inventory,TBD/mapped in API inventory,TBD/mapped in DB inventory,TBD/mapped in worker inventory,see QELLY_TEST_COVERAGE_MATRIX.csv,exact source audit; registry/route presence is not completion,implementation and end-to-end evidence,DATABASE,WAVE_2,unassigned,MEDIUM,MEDIUM,L,POST_BETA,yes,2026-07-29T15:49:53+05:30,eafb11719e67135c7a6fa3b15e1170c5192e4771,Conservative classification; no feature-count inflation.
F-D10-stop-limit,D10,TRADING AND EXECUTION,stop-limit,,PLANNED,PLANNED,PLANNED,UNAVAILABLE,UNAVAILABLE,PARTIAL,none/local or TBD,TBD/mapped in route inventory,TBD/mapped in API inventory,TBD/mapped in DB inventory,TBD/mapped in worker inventory,see QELLY_TEST_COVERAGE_MATRIX.csv,exact source audit; registry/route presence is not completion,implementation and end-to-end evidence,DATABASE,WAVE_2,unassigned,MEDIUM,MEDIUM,L,POST_BETA,yes,2026-07-29T15:49:53+05:30,eafb11719e67135c7a6fa3b15e1170c5192e4771,Conservative classification; no feature-count inflation.
F-D10-bracket,D10,TRADING AND EXECUTION,bracket,,PLANNED,PLANNED,PLANNED,UNAVAILABLE,UNAVAILABLE,PARTIAL,none/local or TBD,TBD/mapped in route inventory,TBD/mapped in API inventory,TBD/mapped in DB inventory,TBD/mapped in worker inventory,see QELLY_TEST_COVERAGE_MATRIX.csv,exact source audit; registry/route presence is not completion,implementation and end-to-end evidence,DATABASE,WAVE_2,unassigned,MEDIUM,MEDIUM,L,POST_BETA,yes,2026-07-29T15:49:53+05:30,eafb11719e67135c7a6fa3b15e1170c5192e4771,Conservative classification; no feature-count inflation.
F-D10-oco,D10,TRADING AND EXECUTION,OCO,,PLANNED,PLANNED,PLANNED,UNAVAILABLE,UNAVAILABLE,PARTIAL,none/local or TBD,TBD/mapped in route inventory,TBD/mapped in API inventory,TBD/mapped in DB inventory,TBD/mapped in worker inventory,see QELLY_TEST_COVERAGE_MATRIX.csv,exact source audit; registry/route presence is not completion,implementation and end-to-end evidence,DATABASE,WAVE_2,unassigned,MEDIUM,MEDIUM,L,POST_BETA,yes,2026-07-29T15:49:53+05:30,eafb11719e67135c7a6fa3b15e1170c5192e4771,Conservative classification; no feature-count inflation.
F-D10-trailing-stop,D10,TRADING AND EXECUTION,trailing stop,,PLANNED,PLANNED,PLANNED,UNAVAILABLE,UNAVAILABLE,PARTIAL,none/local or TBD,TBD/mapped in route inventory,TBD/mapped in API inventory,TBD/mapped in DB inventory,TBD/mapped in worker inventory,see QELLY_TEST_COVERAGE_MATRIX.csv,exact source audit; registry/route presence is not completion,implementation and end-to-end evidence,SECURITY,WAVE_2,unassigned,MEDIUM,HIGH,L,POST_BETA,conditional,2026-07-29T15:49:53+05:30,eafb11719e67135c7a6fa3b15e1170c5192e4771,Conservative classification; no feature-count inflation.
F-D10-time-in-force,D10,TRADING AND EXECUTION,time in force,,PLANNED,PLANNED,PLANNED,UNAVAILABLE,UNAVAILABLE,PARTIAL,none/local or TBD,TBD/mapped in route inventory,TBD/mapped in API inventory,TBD/mapped in DB inventory,TBD/mapped in worker inventory,see QELLY_TEST_COVERAGE_MATRIX.csv,exact source audit; registry/route presence is not completion,implementation and end-to-end evidence,DATABASE,WAVE_2,unassigned,MEDIUM,MEDIUM,L,POST_BETA,yes,2026-07-29T15:49:53+05:30,eafb11719e67135c7a6fa3b15e1170c5192e4771,Conservative classification; no feature-count inflation.
F-D10-partial-fills,D10,TRADING AND EXECUTION,partial fills,,PLANNED,PLANNED,PLANNED,UNAVAILABLE,UNAVAILABLE,PARTIAL,none/local or TBD,TBD/mapped in route inventory,TBD/mapped in API inventory,TBD/mapped in DB inventory,TBD/mapped in worker inventory,see QELLY_TEST_COVERAGE_MATRIX.csv,exact source audit; registry/route presence is not completion,implementation and end-to-end evidence,DATABASE,WAVE_2,unassigned,MEDIUM,MEDIUM,L,POST_BETA,yes,2026-07-29T15:49:53+05:30,eafb11719e67135c7a6fa3b15e1170c5192e4771,Conservative classification; no feature-count inflation.
F-D10-simulated-fees,D10,TRADING AND EXECUTION,simulated fees,,PLANNED,PLANNED,PLANNED,UNAVAILABLE,UNAVAILABLE,PARTIAL,none/local or TBD,TBD/mapped in route inventory,TBD/mapped in API inventory,TBD/mapped in DB inventory,TBD/mapped in worker inventory,see QELLY_TEST_COVERAGE_MATRIX.csv,exact source audit; registry/route presence is not completion,implementation and end-to-end evidence,DATABASE,WAVE_2,unassigned,MEDIUM,MEDIUM,L,POST_BETA,yes,2026-07-29T15:49:53+05:30,eafb11719e67135c7a6fa3b15e1170c5192e4771,Conservative classification; no feature-count inflation.
F-D10-simulated-slippage,D10,TRADING AND EXECUTION,simulated slippage,,PLANNED,PLANNED,PLANNED,UNAVAILABLE,UNAVAILABLE,PARTIAL,none/local or TBD,TBD/mapped in route inventory,TBD/mapped in API inventory,TBD/mapped in DB inventory,TBD/mapped in worker inventory,see QELLY_TEST_COVERAGE_MATRIX.csv,exact source audit; registry/route presence is not completion,implementation and end-to-end evidence,DATABASE,WAVE_2,unassigned,MEDIUM,MEDIUM,L,POST_BETA,yes,2026-07-29T15:49:53+05:30,eafb11719e67135c7a6fa3b15e1170c5192e4771,Conservative classification; no feature-count inflation.
F-D10-simulated-latency,D10,TRADING AND EXECUTION,simulated latency,,PLANNED,PLANNED,PLANNED,UNAVAILABLE,UNAVAILABLE,PARTIAL,none/local or TBD,TBD/mapped in route inventory,TBD/mapped in API inventory,TBD/mapped in DB inventory,TBD/mapped in worker inventory,see QELLY_TEST_COVERAGE_MATRIX.csv,exact source audit; registry/route presence is not completion,implementation and end-to-end evidence,DATABASE,WAVE_2,unassigned,MEDIUM,MEDIUM,L,POST_BETA,yes,2026-07-29T15:49:53+05:30,eafb11719e67135c7a6fa3b15e1170c5192e4771,Conservative classification; no feature-count inflation.
F-D10-simulated-market-impact,D10,TRADING AND EXECUTION,simulated market impact,,PLANNED,PLANNED,PLANNED,UNAVAILABLE,UNAVAILABLE,PARTIAL,none/local or TBD,TBD/mapped in route inventory,TBD/mapped in API inventory,TBD/mapped in DB inventory,TBD/mapped in worker inventory,see QELLY_TEST_COVERAGE_MATRIX.csv,exact source audit; registry/route presence is not completion,implementation and end-to-end evidence,DATABASE,WAVE_2,unassigned,MEDIUM,MEDIUM,L,POST_BETA,yes,2026-07-29T15:49:53+05:30,eafb11719e67135c7a6fa3b15e1170c5192e4771,Conservative classification; no feature-count inflation.
F-D10-margin,D10,TRADING AND EXECUTION,margin,,PLANNED,PLANNED,PLANNED,UNAVAILABLE,UNAVAILABLE,PARTIAL,none/local or TBD,TBD/mapped in route inventory,TBD/mapped in API inventory,TBD/mapped in DB inventory,TBD/mapped in worker inventory,see QELLY_TEST_COVERAGE_MATRIX.csv,exact source audit; registry/route presence is not completion,implementation and end-to-end evidence,DATABASE,WAVE_2,unassigned,MEDIUM,MEDIUM,L,POST_BETA,yes,2026-07-29T15:49:53+05:30,eafb11719e67135c7a6fa3b15e1170c5192e4771,Conservative classification; no feature-count inflation.
F-D10-leverage,D10,TRADING AND EXECUTION,leverage,,PLANNED,PLANNED,PLANNED,UNAVAILABLE,UNAVAILABLE,PARTIAL,none/local or TBD,TBD/mapped in route inventory,TBD/mapped in API inventory,TBD/mapped in DB inventory,TBD/mapped in worker inventory,see QELLY_TEST_COVERAGE_MATRIX.csv,exact source audit; registry/route presence is not completion,implementation and end-to-end evidence,DATABASE,WAVE_2,unassigned,MEDIUM,MEDIUM,L,POST_BETA,yes,2026-07-29T15:49:53+05:30,eafb11719e67135c7a6fa3b15e1170c5192e4771,Conservative classification; no feature-count inflation.
F-D10-liquidations,D10,TRADING AND EXECUTION,liquidations,,PLANNED,PLANNED,PLANNED,UNAVAILABLE,UNAVAILABLE,PARTIAL,none/local or TBD,TBD/mapped in route inventory,TBD/mapped in API inventory,TBD/mapped in DB inventory,TBD/mapped in worker inventory,see QELLY_TEST_COVERAGE_MATRIX.csv,exact source audit; registry/route presence is not completion,implementation and end-to-end evidence,DATABASE,WAVE_3,unassigned,MEDIUM,MEDIUM,L,POST_BETA,yes,2026-07-29T15:49:53+05:30,eafb11719e67135c7a6fa3b15e1170c5192e4771,Conservative classification; no feature-count inflation.
F-D10-journal,D10,TRADING AND EXECUTION,journal,,PLANNED,PLANNED,PLANNED,UNAVAILABLE,UNAVAILABLE,PARTIAL,none/local or TBD,TBD/mapped in route inventory,TBD/mapped in API inventory,TBD/mapped in DB inventory,TBD/mapped in worker inventory,see QELLY_TEST_COVERAGE_MATRIX.csv,exact source audit; registry/route presence is not completion,implementation and end-to-end evidence,DATABASE,WAVE_3,unassigned,MEDIUM,MEDIUM,L,POST_BETA,yes,2026-07-29T15:49:53+05:30,eafb11719e67135c7a6fa3b15e1170c5192e4771,Conservative classification; no feature-count inflation.
F-D10-approval-gates,D10,TRADING AND EXECUTION,approval gates,,PLANNED,PLANNED,PLANNED,UNAVAILABLE,UNAVAILABLE,PARTIAL,none/local or TBD,TBD/mapped in route inventory,TBD/mapped in API inventory,TBD/mapped in DB inventory,TBD/mapped in worker inventory,see QELLY_TEST_COVERAGE_MATRIX.csv,exact source audit; registry/route presence is not completion,implementation and end-to-end evidence,DATABASE,WAVE_2,unassigned,MEDIUM,MEDIUM,L,POST_BETA,yes,2026-07-29T15:49:53+05:30,eafb11719e67135c7a6fa3b15e1170c5192e4771,Conservative classification; no feature-count inflation.
F-D10-risk-gates,D10,TRADING AND EXECUTION,risk gates,,PLANNED,PLANNED,PLANNED,UNAVAILABLE,UNAVAILABLE,PARTIAL,none/local or TBD,TBD/mapped in route inventory,TBD/mapped in API inventory,TBD/mapped in DB inventory,TBD/mapped in worker inventory,see QELLY_TEST_COVERAGE_MATRIX.csv,exact source audit; registry/route presence is not completion,implementation and end-to-end evidence,DATABASE,WAVE_2,unassigned,MEDIUM,MEDIUM,L,POST_BETA,yes,2026-07-29T15:49:53+05:30,eafb11719e67135c7a6fa3b15e1170c5192e4771,Conservative classification; no feature-count inflation.
F-D10-execution-analytics,D10,TRADING AND EXECUTION,execution analytics,,PLANNED,PLANNED,PLANNED,UNAVAILABLE,UNAVAILABLE,PARTIAL,none/local or TBD,TBD/mapped in route inventory,TBD/mapped in API inventory,TBD/mapped in DB inventory,TBD/mapped in worker inventory,see QELLY_TEST_COVERAGE_MATRIX.csv,exact source audit; registry/route presence is not completion,implementation and end-to-end evidence,DATABASE,WAVE_2,unassigned,MEDIUM,MEDIUM,L,POST_BETA,yes,2026-07-29T15:49:53+05:30,eafb11719e67135c7a6fa3b15e1170c5192e4771,Conservative classification; no feature-count inflation.
F-D10-real-money-execution-disabled-until-separate-approval,D10,TRADING AND EXECUTION,real-money execution disabled until separate approval.,,DEFERRED,DEFERRED,DEFERRED,UNAVAILABLE,UNAVAILABLE,BLOCKED_SECURITY,none/local or TBD,TBD/mapped in route inventory,TBD/mapped in API inventory,TBD/mapped in DB inventory,TBD/mapped in worker inventory,see QELLY_TEST_COVERAGE_MATRIX.csv,exact source audit; registry/route presence is not completion,separate legal/security approval,SECURITY,WAVE_2,unassigned,MEDIUM,PROHIBITED_FOR_BETA,M,DEFERRED,no,2026-07-29T15:49:53+05:30,eafb11719e67135c7a6fa3b15e1170c5192e4771,Conservative classification; no feature-count inflation.
F-D11-provider-registry,D11,CONNECTIONS AND PROVIDERS,provider registry,,PLANNED,PLANNED,PLANNED,UNAVAILABLE,UNAVAILABLE,PARTIAL,none/local or TBD,TBD/mapped in route inventory,TBD/mapped in API inventory,TBD/mapped in DB inventory,TBD/mapped in worker inventory,see QELLY_TEST_COVERAGE_MATRIX.csv,exact source audit; registry/route presence is not completion,implementation and end-to-end evidence,DATABASE,WAVE_2,unassigned,MEDIUM,MEDIUM,L,POST_BETA,yes,2026-07-29T15:49:53+05:30,eafb11719e67135c7a6fa3b15e1170c5192e4771,Conservative classification; no feature-count inflation.
F-D11-oauth,D11,CONNECTIONS AND PROVIDERS,OAuth,,PLANNED,PLANNED,PLANNED,UNAVAILABLE,UNAVAILABLE,PARTIAL,none/local or TBD,TBD/mapped in route inventory,TBD/mapped in API inventory,TBD/mapped in DB inventory,TBD/mapped in worker inventory,see QELLY_TEST_COVERAGE_MATRIX.csv,exact source audit; registry/route presence is not completion,implementation and end-to-end evidence,DATABASE,WAVE_4,unassigned,MEDIUM,MEDIUM,L,POST_BETA,yes,2026-07-29T15:49:53+05:30,eafb11719e67135c7a6fa3b15e1170c5192e4771,Conservative classification; no feature-count inflation.
F-D11-api-key-authorization,D11,CONNECTIONS AND PROVIDERS,API key authorization,,PLANNED,PLANNED,PLANNED,UNAVAILABLE,UNAVAILABLE,PARTIAL,none/local or TBD,TBD/mapped in route inventory,TBD/mapped in API inventory,TBD/mapped in DB inventory,TBD/mapped in worker inventory,see QELLY_TEST_COVERAGE_MATRIX.csv,exact source audit; registry/route presence is not completion,implementation and end-to-end evidence,DATABASE,WAVE_2,unassigned,MEDIUM,MEDIUM,L,POST_BETA,yes,2026-07-29T15:49:53+05:30,eafb11719e67135c7a6fa3b15e1170c5192e4771,Conservative classification; no feature-count inflation.
F-D11-read-only-scopes,D11,CONNECTIONS AND PROVIDERS,read-only scopes,,PLANNED,PLANNED,PLANNED,UNAVAILABLE,UNAVAILABLE,PARTIAL,none/local or TBD,TBD/mapped in route inventory,TBD/mapped in API inventory,TBD/mapped in DB inventory,TBD/mapped in worker inventory,see QELLY_TEST_COVERAGE_MATRIX.csv,exact source audit; registry/route presence is not completion,implementation and end-to-end evidence,DATABASE,WAVE_2,unassigned,MEDIUM,MEDIUM,L,POST_BETA,yes,2026-07-29T15:49:53+05:30,eafb11719e67135c7a6fa3b15e1170c5192e4771,Conservative classification; no feature-count inflation.
F-D11-revocation,D11,CONNECTIONS AND PROVIDERS,revocation,,PLANNED,PLANNED,PLANNED,UNAVAILABLE,UNAVAILABLE,PARTIAL,none/local or TBD,TBD/mapped in route inventory,TBD/mapped in API inventory,TBD/mapped in DB inventory,TBD/mapped in worker inventory,see QELLY_TEST_COVERAGE_MATRIX.csv,exact source audit; registry/route presence is not completion,implementation and end-to-end evidence,DATABASE,WAVE_2,unassigned,MEDIUM,MEDIUM,L,POST_BETA,yes,2026-07-29T15:49:53+05:30,eafb11719e67135c7a6fa3b15e1170c5192e4771,Conservative classification; no feature-count inflation.
F-D11-sync-cursors,D11,CONNECTIONS AND PROVIDERS,sync cursors,,PLANNED,PLANNED,PLANNED,UNAVAILABLE,UNAVAILABLE,PARTIAL,none/local or TBD,TBD/mapped in route inventory,TBD/mapped in API inventory,TBD/mapped in DB inventory,TBD/mapped in worker inventory,see QELLY_TEST_COVERAGE_MATRIX.csv,exact source audit; registry/route presence is not completion,implementation and end-to-end evidence,DATABASE,WAVE_2,unassigned,MEDIUM,MEDIUM,L,POST_BETA,yes,2026-07-29T15:49:53+05:30,eafb11719e67135c7a6fa3b15e1170c5192e4771,Conservative classification; no feature-count inflation.
F-D11-health,D11,CONNECTIONS AND PROVIDERS,health,,PLANNED,PLANNED,PLANNED,UNAVAILABLE,UNAVAILABLE,PARTIAL,none/local or TBD,TBD/mapped in route inventory,TBD/mapped in API inventory,TBD/mapped in DB inventory,TBD/mapped in worker inventory,see QELLY_TEST_COVERAGE_MATRIX.csv,exact source audit; registry/route presence is not completion,implementation and end-to-end evidence,DATABASE,WAVE_2,unassigned,MEDIUM,MEDIUM,L,POST_BETA,yes,2026-07-29T15:49:53+05:30,eafb11719e67135c7a6fa3b15e1170c5192e4771,Conservative classification; no feature-count inflation.
F-D11-quota,D11,CONNECTIONS AND PROVIDERS,quota,,PLANNED,PLANNED,PLANNED,UNAVAILABLE,UNAVAILABLE,PARTIAL,none/local or TBD,TBD/mapped in route inventory,TBD/mapped in API inventory,TBD/mapped in DB inventory,TBD/mapped in worker inventory,see QELLY_TEST_COVERAGE_MATRIX.csv,exact source audit; registry/route presence is not completion,implementation and end-to-end evidence,DATABASE,WAVE_2,unassigned,MEDIUM,MEDIUM,L,POST_BETA,yes,2026-07-29T15:49:53+05:30,eafb11719e67135c7a6fa3b15e1170c5192e4771,Conservative classification; no feature-count inflation.
F-D11-rate-limits,D11,CONNECTIONS AND PROVIDERS,rate limits,D17:DEVELOPER PLATFORM AND SDK|D23:SECURITY AND PRIVACY,PARTIAL,PARTIAL,PARTIAL,PARTIAL,PARTIAL,PARTIAL,none/local or TBD,TBD/mapped in route inventory,TBD/mapped in API inventory,TBD/mapped in DB inventory,TBD/mapped in worker inventory,see QELLY_TEST_COVERAGE_MATRIX.csv,exact source audit; registry/route presence is not completion,implementation and end-to-end evidence,FOUNDATION,WAVE_2,unassigned,MEDIUM,MEDIUM,M,POST_BETA,yes,2026-07-29T15:49:53+05:30,eafb11719e67135c7a6fa3b15e1170c5192e4771,Conservative classification; no feature-count inflation.
F-D11-stale-detection,D11,CONNECTIONS AND PROVIDERS,stale detection,,PLANNED,PLANNED,PLANNED,UNAVAILABLE,UNAVAILABLE,PARTIAL,none/local or TBD,TBD/mapped in route inventory,TBD/mapped in API inventory,TBD/mapped in DB inventory,TBD/mapped in worker inventory,see QELLY_TEST_COVERAGE_MATRIX.csv,exact source audit; registry/route presence is not completion,implementation and end-to-end evidence,DATABASE,WAVE_2,unassigned,MEDIUM,MEDIUM,L,POST_BETA,yes,2026-07-29T15:49:53+05:30,eafb11719e67135c7a6fa3b15e1170c5192e4771,Conservative classification; no feature-count inflation.
F-D11-broker-adapters,D11,CONNECTIONS AND PROVIDERS,broker adapters,,PLANNED,PLANNED,PLANNED,UNAVAILABLE,UNAVAILABLE,PARTIAL,none/local or TBD,TBD/mapped in route inventory,TBD/mapped in API inventory,TBD/mapped in DB inventory,TBD/mapped in worker inventory,see QELLY_TEST_COVERAGE_MATRIX.csv,exact source audit; registry/route presence is not completion,implementation and end-to-end evidence,SECURITY,WAVE_4,unassigned,MEDIUM,HIGH,L,POST_BETA,conditional,2026-07-29T15:49:53+05:30,eafb11719e67135c7a6fa3b15e1170c5192e4771,Conservative classification; no feature-count inflation.
F-D11-exchange-adapters,D11,CONNECTIONS AND PROVIDERS,exchange adapters,,PLANNED,PLANNED,PLANNED,UNAVAILABLE,UNAVAILABLE,PARTIAL,none/local or TBD,TBD/mapped in route inventory,TBD/mapped in API inventory,TBD/mapped in DB inventory,TBD/mapped in worker inventory,see QELLY_TEST_COVERAGE_MATRIX.csv,exact source audit; registry/route presence is not completion,implementation and end-to-end evidence,SECURITY,WAVE_4,unassigned,MEDIUM,HIGH,L,POST_BETA,conditional,2026-07-29T15:49:53+05:30,eafb11719e67135c7a6fa3b15e1170c5192e4771,Conservative classification; no feature-count inflation.
F-D11-wallet-adapters,D11,CONNECTIONS AND PROVIDERS,wallet adapters,,PLANNED,PLANNED,PLANNED,UNAVAILABLE,UNAVAILABLE,PARTIAL,none/local or TBD,TBD/mapped in route inventory,TBD/mapped in API inventory,TBD/mapped in DB inventory,TBD/mapped in worker inventory,see QELLY_TEST_COVERAGE_MATRIX.csv,exact source audit; registry/route presence is not completion,implementation and end-to-end evidence,SECURITY,WAVE_4,unassigned,MEDIUM,HIGH,L,POST_BETA,conditional,2026-07-29T15:49:53+05:30,eafb11719e67135c7a6fa3b15e1170c5192e4771,Conservative classification; no feature-count inflation.
F-D11-bank-open-banking-adapters,D11,CONNECTIONS AND PROVIDERS,bank/open-banking adapters,,PLANNED,PLANNED,PLANNED,UNAVAILABLE,UNAVAILABLE,PARTIAL,none/local or TBD,TBD/mapped in route inventory,TBD/mapped in API inventory,TBD/mapped in DB inventory,TBD/mapped in worker inventory,see QELLY_TEST_COVERAGE_MATRIX.csv,exact source audit; registry/route presence is not completion,implementation and end-to-end evidence,DATABASE,WAVE_2,unassigned,MEDIUM,MEDIUM,L,POST_BETA,yes,2026-07-29T15:49:53+05:30,eafb11719e67135c7a6fa3b15e1170c5192e4771,Conservative classification; no feature-count inflation.
F-D11-custodians,D11,CONNECTIONS AND PROVIDERS,custodians,,PLANNED,PLANNED,PLANNED,UNAVAILABLE,UNAVAILABLE,PARTIAL,none/local or TBD,TBD/mapped in route inventory,TBD/mapped in API inventory,TBD/mapped in DB inventory,TBD/mapped in worker inventory,see QELLY_TEST_COVERAGE_MATRIX.csv,exact source audit; registry/route presence is not completion,implementation and end-to-end evidence,DATABASE,WAVE_2,unassigned,MEDIUM,MEDIUM,L,POST_BETA,yes,2026-07-29T15:49:53+05:30,eafb11719e67135c7a6fa3b15e1170c5192e4771,Conservative classification; no feature-count inflation.
F-D11-research-providers,D11,CONNECTIONS AND PROVIDERS,research providers,,PROTOTYPE,PROTOTYPE,PARTIAL,SIMULATED,PARTIAL,PARTIAL,none/local or TBD,TBD/mapped in route inventory,TBD/mapped in API inventory,TBD/mapped in DB inventory,TBD/mapped in worker inventory,see QELLY_TEST_COVERAGE_MATRIX.csv,exact source audit; registry/route presence is not completion,implementation and end-to-end evidence,DATABASE,WAVE_2,unassigned,MEDIUM,MEDIUM,M,POST_BETA,yes,2026-07-29T15:49:53+05:30,eafb11719e67135c7a6fa3b15e1170c5192e4771,Conservative classification; no feature-count inflation.
F-D11-news-providers,D11,CONNECTIONS AND PROVIDERS,news providers,,PROTOTYPE,PROTOTYPE,PARTIAL,SIMULATED,PARTIAL,PARTIAL,none/local or TBD,TBD/mapped in route inventory,TBD/mapped in API inventory,TBD/mapped in DB inventory,TBD/mapped in worker inventory,see QELLY_TEST_COVERAGE_MATRIX.csv,exact source audit; registry/route presence is not completion,implementation and end-to-end evidence,PROVIDER,WAVE_2,unassigned,MEDIUM,MEDIUM,M,POST_BETA,yes,2026-07-29T15:49:53+05:30,eafb11719e67135c7a6fa3b15e1170c5192e4771,Conservative classification; no feature-count inflation.
F-D11-market-data-providers,D11,CONNECTIONS AND PROVIDERS,market-data providers,,PLANNED,PLANNED,PLANNED,UNAVAILABLE,UNAVAILABLE,PARTIAL,none/local or TBD,TBD/mapped in route inventory,TBD/mapped in API inventory,TBD/mapped in DB inventory,TBD/mapped in worker inventory,see QELLY_TEST_COVERAGE_MATRIX.csv,exact source audit; registry/route presence is not completion,implementation and end-to-end evidence,PROVIDER,WAVE_2,unassigned,MEDIUM,MEDIUM,L,POST_BETA,yes,2026-07-29T15:49:53+05:30,eafb11719e67135c7a6fa3b15e1170c5192e4771,Conservative classification; no feature-count inflation.
F-D11-observability-providers,D11,CONNECTIONS AND PROVIDERS,observability providers.,,PLANNED,PLANNED,PLANNED,UNAVAILABLE,UNAVAILABLE,PARTIAL,none/local or TBD,TBD/mapped in route inventory,TBD/mapped in API inventory,TBD/mapped in DB inventory,TBD/mapped in worker inventory,see QELLY_TEST_COVERAGE_MATRIX.csv,exact source audit; registry/route presence is not completion,implementation and end-to-end evidence,DATABASE,WAVE_2,unassigned,MEDIUM,MEDIUM,L,POST_BETA,yes,2026-07-29T15:49:53+05:30,eafb11719e67135c7a6fa3b15e1170c5192e4771,Conservative classification; no feature-count inflation.
F-D12-walletconnect-reown,D12,WALLET AND ON-CHAIN,WalletConnect/Reown,,PLANNED,PLANNED,PLANNED,UNAVAILABLE,UNAVAILABLE,PARTIAL,none/local or TBD,TBD/mapped in route inventory,TBD/mapped in API inventory,TBD/mapped in DB inventory,TBD/mapped in worker inventory,see QELLY_TEST_COVERAGE_MATRIX.csv,exact source audit; registry/route presence is not completion,implementation and end-to-end evidence,SECURITY,WAVE_4,unassigned,MEDIUM,HIGH,L,POST_BETA,conditional,2026-07-29T15:49:53+05:30,eafb11719e67135c7a6fa3b15e1170c5192e4771,Conservative classification; no feature-count inflation.
F-D12-metamask,D12,WALLET AND ON-CHAIN,MetaMask,,PLANNED,PLANNED,PLANNED,UNAVAILABLE,UNAVAILABLE,PARTIAL,none/local or TBD,TBD/mapped in route inventory,TBD/mapped in API inventory,TBD/mapped in DB inventory,TBD/mapped in worker inventory,see QELLY_TEST_COVERAGE_MATRIX.csv,exact source audit; registry/route presence is not completion,implementation and end-to-end evidence,DATABASE,WAVE_2,unassigned,MEDIUM,MEDIUM,L,POST_BETA,yes,2026-07-29T15:49:53+05:30,eafb11719e67135c7a6fa3b15e1170c5192e4771,Conservative classification; no feature-count inflation.
F-D12-coinbase-wallet,D12,WALLET AND ON-CHAIN,Coinbase Wallet,,PLANNED,PLANNED,PLANNED,UNAVAILABLE,UNAVAILABLE,PARTIAL,none/local or TBD,TBD/mapped in route inventory,TBD/mapped in API inventory,TBD/mapped in DB inventory,TBD/mapped in worker inventory,see QELLY_TEST_COVERAGE_MATRIX.csv,exact source audit; registry/route presence is not completion,implementation and end-to-end evidence,SECURITY,WAVE_4,unassigned,MEDIUM,HIGH,L,POST_BETA,conditional,2026-07-29T15:49:53+05:30,eafb11719e67135c7a6fa3b15e1170c5192e4771,Conservative classification; no feature-count inflation.
F-D12-rabby,D12,WALLET AND ON-CHAIN,Rabby,,PLANNED,PLANNED,PLANNED,UNAVAILABLE,UNAVAILABLE,PARTIAL,none/local or TBD,TBD/mapped in route inventory,TBD/mapped in API inventory,TBD/mapped in DB inventory,TBD/mapped in worker inventory,see QELLY_TEST_COVERAGE_MATRIX.csv,exact source audit; registry/route presence is not completion,implementation and end-to-end evidence,DATABASE,WAVE_2,unassigned,MEDIUM,MEDIUM,L,POST_BETA,yes,2026-07-29T15:49:53+05:30,eafb11719e67135c7a6fa3b15e1170c5192e4771,Conservative classification; no feature-count inflation.
F-D12-phantom,D12,WALLET AND ON-CHAIN,Phantom,,PLANNED,PLANNED,PLANNED,UNAVAILABLE,UNAVAILABLE,PARTIAL,none/local or TBD,TBD/mapped in route inventory,TBD/mapped in API inventory,TBD/mapped in DB inventory,TBD/mapped in worker inventory,see QELLY_TEST_COVERAGE_MATRIX.csv,exact source audit; registry/route presence is not completion,implementation and end-to-end evidence,DATABASE,WAVE_2,unassigned,MEDIUM,MEDIUM,L,POST_BETA,yes,2026-07-29T15:49:53+05:30,eafb11719e67135c7a6fa3b15e1170c5192e4771,Conservative classification; no feature-count inflation.
F-D12-hardware-wallet-interfaces,D12,WALLET AND ON-CHAIN,hardware-wallet interfaces,,PLANNED,PLANNED,PLANNED,UNAVAILABLE,UNAVAILABLE,PARTIAL,none/local or TBD,TBD/mapped in route inventory,TBD/mapped in API inventory,TBD/mapped in DB inventory,TBD/mapped in worker inventory,see QELLY_TEST_COVERAGE_MATRIX.csv,exact source audit; registry/route presence is not completion,implementation and end-to-end evidence,SECURITY,WAVE_4,unassigned,MEDIUM,HIGH,L,POST_BETA,conditional,2026-07-29T15:49:53+05:30,eafb11719e67135c7a6fa3b15e1170c5192e4771,Conservative classification; no feature-count inflation.
F-D12-wallet-balances,D12,WALLET AND ON-CHAIN,wallet balances,,PLANNED,PLANNED,PLANNED,UNAVAILABLE,UNAVAILABLE,PARTIAL,none/local or TBD,TBD/mapped in route inventory,TBD/mapped in API inventory,TBD/mapped in DB inventory,TBD/mapped in worker inventory,see QELLY_TEST_COVERAGE_MATRIX.csv,exact source audit; registry/route presence is not completion,implementation and end-to-end evidence,SECURITY,WAVE_4,unassigned,MEDIUM,HIGH,L,POST_BETA,conditional,2026-07-29T15:49:53+05:30,eafb11719e67135c7a6fa3b15e1170c5192e4771,Conservative classification; no feature-count inflation.
F-D12-token-holdings,D12,WALLET AND ON-CHAIN,token holdings,,PLANNED,PLANNED,PLANNED,UNAVAILABLE,UNAVAILABLE,PARTIAL,none/local or TBD,TBD/mapped in route inventory,TBD/mapped in API inventory,TBD/mapped in DB inventory,TBD/mapped in worker inventory,see QELLY_TEST_COVERAGE_MATRIX.csv,exact source audit; registry/route presence is not completion,implementation and end-to-end evidence,DATABASE,WAVE_2,unassigned,MEDIUM,MEDIUM,L,POST_BETA,yes,2026-07-29T15:49:53+05:30,eafb11719e67135c7a6fa3b15e1170c5192e4771,Conservative classification; no feature-count inflation.
F-D12-nft-holdings-where-relevant,D12,WALLET AND ON-CHAIN,NFT holdings where relevant,,PLANNED,PLANNED,PLANNED,UNAVAILABLE,UNAVAILABLE,PARTIAL,none/local or TBD,TBD/mapped in route inventory,TBD/mapped in API inventory,TBD/mapped in DB inventory,TBD/mapped in worker inventory,see QELLY_TEST_COVERAGE_MATRIX.csv,exact source audit; registry/route presence is not completion,implementation and end-to-end evidence,DATABASE,WAVE_2,unassigned,MEDIUM,MEDIUM,L,POST_BETA,yes,2026-07-29T15:49:53+05:30,eafb11719e67135c7a6fa3b15e1170c5192e4771,Conservative classification; no feature-count inflation.
F-D12-defi-positions,D12,WALLET AND ON-CHAIN,DeFi positions,,PLANNED,PLANNED,PLANNED,UNAVAILABLE,UNAVAILABLE,PARTIAL,none/local or TBD,TBD/mapped in route inventory,TBD/mapped in API inventory,TBD/mapped in DB inventory,TBD/mapped in worker inventory,see QELLY_TEST_COVERAGE_MATRIX.csv,exact source audit; registry/route presence is not completion,implementation and end-to-end evidence,DATABASE,WAVE_2,unassigned,MEDIUM,MEDIUM,L,POST_BETA,yes,2026-07-29T15:49:53+05:30,eafb11719e67135c7a6fa3b15e1170c5192e4771,Conservative classification; no feature-count inflation.
F-D12-staking,D12,WALLET AND ON-CHAIN,staking,,PLANNED,PLANNED,PLANNED,UNAVAILABLE,UNAVAILABLE,PARTIAL,none/local or TBD,TBD/mapped in route inventory,TBD/mapped in API inventory,TBD/mapped in DB inventory,TBD/mapped in worker inventory,see QELLY_TEST_COVERAGE_MATRIX.csv,exact source audit; registry/route presence is not completion,implementation and end-to-end evidence,DATABASE,WAVE_2,unassigned,MEDIUM,MEDIUM,L,POST_BETA,yes,2026-07-29T15:49:53+05:30,eafb11719e67135c7a6fa3b15e1170c5192e4771,Conservative classification; no feature-count inflation.
F-D12-validator-data,D12,WALLET AND ON-CHAIN,validator data,,PLANNED,PLANNED,PLANNED,UNAVAILABLE,UNAVAILABLE,PARTIAL,none/local or TBD,TBD/mapped in route inventory,TBD/mapped in API inventory,TBD/mapped in DB inventory,TBD/mapped in worker inventory,see QELLY_TEST_COVERAGE_MATRIX.csv,exact source audit; registry/route presence is not completion,implementation and end-to-end evidence,DATABASE,WAVE_2,unassigned,MEDIUM,MEDIUM,L,POST_BETA,yes,2026-07-29T15:49:53+05:30,eafb11719e67135c7a6fa3b15e1170c5192e4771,Conservative classification; no feature-count inflation.
F-D12-wallet-graph,D12,WALLET AND ON-CHAIN,wallet graph,,PLANNED,PLANNED,PLANNED,UNAVAILABLE,UNAVAILABLE,PARTIAL,none/local or TBD,TBD/mapped in route inventory,TBD/mapped in API inventory,TBD/mapped in DB inventory,TBD/mapped in worker inventory,see QELLY_TEST_COVERAGE_MATRIX.csv,exact source audit; registry/route presence is not completion,implementation and end-to-end evidence,SECURITY,WAVE_4,unassigned,MEDIUM,HIGH,L,POST_BETA,conditional,2026-07-29T15:49:53+05:30,eafb11719e67135c7a6fa3b15e1170c5192e4771,Conservative classification; no feature-count inflation.
F-D12-entity-clustering,D12,WALLET AND ON-CHAIN,entity clustering,,PLANNED,PLANNED,PLANNED,UNAVAILABLE,UNAVAILABLE,PARTIAL,none/local or TBD,TBD/mapped in route inventory,TBD/mapped in API inventory,TBD/mapped in DB inventory,TBD/mapped in worker inventory,see QELLY_TEST_COVERAGE_MATRIX.csv,exact source audit; registry/route presence is not completion,implementation and end-to-end evidence,DATABASE,WAVE_2,unassigned,MEDIUM,MEDIUM,L,POST_BETA,yes,2026-07-29T15:49:53+05:30,eafb11719e67135c7a6fa3b15e1170c5192e4771,Conservative classification; no feature-count inflation.
F-D12-exchange-flows,D12,WALLET AND ON-CHAIN,exchange flows,,PLANNED,PLANNED,PLANNED,UNAVAILABLE,UNAVAILABLE,PARTIAL,none/local or TBD,TBD/mapped in route inventory,TBD/mapped in API inventory,TBD/mapped in DB inventory,TBD/mapped in worker inventory,see QELLY_TEST_COVERAGE_MATRIX.csv,exact source audit; registry/route presence is not completion,implementation and end-to-end evidence,SECURITY,WAVE_2,unassigned,MEDIUM,HIGH,L,POST_BETA,conditional,2026-07-29T15:49:53+05:30,eafb11719e67135c7a6fa3b15e1170c5192e4771,Conservative classification; no feature-count inflation.
F-D12-whale-transfers,D12,WALLET AND ON-CHAIN,whale transfers,,PLANNED,PLANNED,PLANNED,UNAVAILABLE,UNAVAILABLE,PARTIAL,none/local or TBD,TBD/mapped in route inventory,TBD/mapped in API inventory,TBD/mapped in DB inventory,TBD/mapped in worker inventory,see QELLY_TEST_COVERAGE_MATRIX.csv,exact source audit; registry/route presence is not completion,implementation and end-to-end evidence,DATABASE,WAVE_7,unassigned,MEDIUM,MEDIUM,PROGRAM,POST_BETA,yes,2026-07-29T15:49:53+05:30,eafb11719e67135c7a6fa3b15e1170c5192e4771,Conservative classification; no feature-count inflation.
F-D12-bridge-flows,D12,WALLET AND ON-CHAIN,bridge flows,,PLANNED,PLANNED,PLANNED,UNAVAILABLE,UNAVAILABLE,PARTIAL,none/local or TBD,TBD/mapped in route inventory,TBD/mapped in API inventory,TBD/mapped in DB inventory,TBD/mapped in worker inventory,see QELLY_TEST_COVERAGE_MATRIX.csv,exact source audit; registry/route presence is not completion,implementation and end-to-end evidence,DATABASE,WAVE_2,unassigned,MEDIUM,MEDIUM,L,POST_BETA,yes,2026-07-29T15:49:53+05:30,eafb11719e67135c7a6fa3b15e1170c5192e4771,Conservative classification; no feature-count inflation.
F-D12-holder-concentration,D12,WALLET AND ON-CHAIN,holder concentration,,PLANNED,PLANNED,PLANNED,UNAVAILABLE,UNAVAILABLE,PARTIAL,none/local or TBD,TBD/mapped in route inventory,TBD/mapped in API inventory,TBD/mapped in DB inventory,TBD/mapped in worker inventory,see QELLY_TEST_COVERAGE_MATRIX.csv,exact source audit; registry/route presence is not completion,implementation and end-to-end evidence,DATABASE,WAVE_2,unassigned,MEDIUM,MEDIUM,L,POST_BETA,yes,2026-07-29T15:49:53+05:30,eafb11719e67135c7a6fa3b15e1170c5192e4771,Conservative classification; no feature-count inflation.
F-D12-contract-risk,D12,WALLET AND ON-CHAIN,contract risk,,PLANNED,PLANNED,PLANNED,UNAVAILABLE,UNAVAILABLE,PARTIAL,none/local or TBD,TBD/mapped in route inventory,TBD/mapped in API inventory,TBD/mapped in DB inventory,TBD/mapped in worker inventory,see QELLY_TEST_COVERAGE_MATRIX.csv,exact source audit; registry/route presence is not completion,implementation and end-to-end evidence,DATABASE,WAVE_2,unassigned,MEDIUM,MEDIUM,L,POST_BETA,yes,2026-07-29T15:49:53+05:30,eafb11719e67135c7a6fa3b15e1170c5192e4771,Conservative classification; no feature-count inflation.
F-D12-protocol-exposure,D12,WALLET AND ON-CHAIN,protocol exposure,,PLANNED,PLANNED,PLANNED,UNAVAILABLE,UNAVAILABLE,PARTIAL,none/local or TBD,TBD/mapped in route inventory,TBD/mapped in API inventory,TBD/mapped in DB inventory,TBD/mapped in worker inventory,see QELLY_TEST_COVERAGE_MATRIX.csv,exact source audit; registry/route presence is not completion,implementation and end-to-end evidence,DATABASE,WAVE_2,unassigned,MEDIUM,MEDIUM,L,POST_BETA,yes,2026-07-29T15:49:53+05:30,eafb11719e67135c7a6fa3b15e1170c5192e4771,Conservative classification; no feature-count inflation.
F-D12-evidence-paths,D12,WALLET AND ON-CHAIN,evidence paths,,PLANNED,PLANNED,PLANNED,UNAVAILABLE,UNAVAILABLE,PARTIAL,none/local or TBD,TBD/mapped in route inventory,TBD/mapped in API inventory,TBD/mapped in DB inventory,TBD/mapped in worker inventory,see QELLY_TEST_COVERAGE_MATRIX.csv,exact source audit; registry/route presence is not completion,implementation and end-to-end evidence,DATABASE,WAVE_2,unassigned,MEDIUM,MEDIUM,L,POST_BETA,yes,2026-07-29T15:49:53+05:30,eafb11719e67135c7a6fa3b15e1170c5192e4771,Conservative classification; no feature-count inflation.
F-D12-no-seed-phrase-private-key-custody,D12,WALLET AND ON-CHAIN,no seed phrase/private-key custody.,,DEFERRED,DEFERRED,DEFERRED,UNAVAILABLE,UNAVAILABLE,BLOCKED_SECURITY,none/local or TBD,TBD/mapped in route inventory,TBD/mapped in API inventory,TBD/mapped in DB inventory,TBD/mapped in worker inventory,see QELLY_TEST_COVERAGE_MATRIX.csv,exact source audit; registry/route presence is not completion,separate legal/security approval,SECURITY,WAVE_2,unassigned,MEDIUM,PROHIBITED_FOR_BETA,M,DEFERRED,no,2026-07-29T15:49:53+05:30,eafb11719e67135c7a6fa3b15e1170c5192e4771,Conservative classification; no feature-count inflation.
F-D13-price-alerts,D13,ALERTS AND NOTIFICATIONS,price alerts,,PROTOTYPE,PROTOTYPE,PARTIAL,SIMULATED,PARTIAL,PARTIAL,none/local or TBD,TBD/mapped in route inventory,TBD/mapped in API inventory,TBD/mapped in DB inventory,TBD/mapped in worker inventory,see QELLY_TEST_COVERAGE_MATRIX.csv,exact source audit; registry/route presence is not completion,implementation and end-to-end evidence,DATABASE,WAVE_2,unassigned,HIGH,MEDIUM,M,PUBLIC_BETA_MUST,yes,2026-07-29T15:49:53+05:30,eafb11719e67135c7a6fa3b15e1170c5192e4771,Conservative classification; no feature-count inflation.
F-D13-percentage-alerts,D13,ALERTS AND NOTIFICATIONS,percentage alerts,,PROTOTYPE,PROTOTYPE,PARTIAL,SIMULATED,PARTIAL,PARTIAL,none/local or TBD,TBD/mapped in route inventory,TBD/mapped in API inventory,TBD/mapped in DB inventory,TBD/mapped in worker inventory,see QELLY_TEST_COVERAGE_MATRIX.csv,exact source audit; registry/route presence is not completion,implementation and end-to-end evidence,DATABASE,WAVE_2,unassigned,HIGH,MEDIUM,M,PUBLIC_BETA_MUST,yes,2026-07-29T15:49:53+05:30,eafb11719e67135c7a6fa3b15e1170c5192e4771,Conservative classification; no feature-count inflation.
F-D13-volume-alerts,D13,ALERTS AND NOTIFICATIONS,volume alerts,,PROTOTYPE,PROTOTYPE,PARTIAL,SIMULATED,PARTIAL,PARTIAL,none/local or TBD,TBD/mapped in route inventory,TBD/mapped in API inventory,TBD/mapped in DB inventory,TBD/mapped in worker inventory,see QELLY_TEST_COVERAGE_MATRIX.csv,exact source audit; registry/route presence is not completion,implementation and end-to-end evidence,DATABASE,WAVE_2,unassigned,HIGH,MEDIUM,M,PUBLIC_BETA_MUST,yes,2026-07-29T15:49:53+05:30,eafb11719e67135c7a6fa3b15e1170c5192e4771,Conservative classification; no feature-count inflation.
F-D13-volatility-alerts,D13,ALERTS AND NOTIFICATIONS,volatility alerts,,PROTOTYPE,PROTOTYPE,PARTIAL,SIMULATED,PARTIAL,PARTIAL,none/local or TBD,TBD/mapped in route inventory,TBD/mapped in API inventory,TBD/mapped in DB inventory,TBD/mapped in worker inventory,see QELLY_TEST_COVERAGE_MATRIX.csv,exact source audit; registry/route presence is not completion,implementation and end-to-end evidence,DATABASE,WAVE_1,unassigned,HIGH,MEDIUM,M,PUBLIC_BETA_MUST,yes,2026-07-29T15:49:53+05:30,eafb11719e67135c7a6fa3b15e1170c5192e4771,Conservative classification; no feature-count inflation.
F-D13-technical-alerts,D13,ALERTS AND NOTIFICATIONS,technical alerts,,PROTOTYPE,PROTOTYPE,PARTIAL,SIMULATED,PARTIAL,PARTIAL,none/local or TBD,TBD/mapped in route inventory,TBD/mapped in API inventory,TBD/mapped in DB inventory,TBD/mapped in worker inventory,see QELLY_TEST_COVERAGE_MATRIX.csv,exact source audit; registry/route presence is not completion,implementation and end-to-end evidence,DATABASE,WAVE_2,unassigned,HIGH,MEDIUM,M,PUBLIC_BETA_MUST,yes,2026-07-29T15:49:53+05:30,eafb11719e67135c7a6fa3b15e1170c5192e4771,Conservative classification; no feature-count inflation.
F-D13-fundamentals-alerts,D13,ALERTS AND NOTIFICATIONS,fundamentals alerts,,PROTOTYPE,PROTOTYPE,PARTIAL,SIMULATED,PARTIAL,PARTIAL,none/local or TBD,TBD/mapped in route inventory,TBD/mapped in API inventory,TBD/mapped in DB inventory,TBD/mapped in worker inventory,see QELLY_TEST_COVERAGE_MATRIX.csv,exact source audit; registry/route presence is not completion,implementation and end-to-end evidence,DATABASE,WAVE_2,unassigned,HIGH,MEDIUM,M,PUBLIC_BETA_MUST,yes,2026-07-29T15:49:53+05:30,eafb11719e67135c7a6fa3b15e1170c5192e4771,Conservative classification; no feature-count inflation.
F-D13-news-alerts,D13,ALERTS AND NOTIFICATIONS,news alerts,,PROTOTYPE,PROTOTYPE,PARTIAL,SIMULATED,PARTIAL,PARTIAL,none/local or TBD,TBD/mapped in route inventory,TBD/mapped in API inventory,TBD/mapped in DB inventory,TBD/mapped in worker inventory,see QELLY_TEST_COVERAGE_MATRIX.csv,exact source audit; registry/route presence is not completion,implementation and end-to-end evidence,PROVIDER,WAVE_2,unassigned,HIGH,MEDIUM,M,PUBLIC_BETA_MUST,yes,2026-07-29T15:49:53+05:30,eafb11719e67135c7a6fa3b15e1170c5192e4771,Conservative classification; no feature-count inflation.
F-D13-event-alerts,D13,ALERTS AND NOTIFICATIONS,event alerts,,PROTOTYPE,PROTOTYPE,PARTIAL,SIMULATED,PARTIAL,PARTIAL,none/local or TBD,TBD/mapped in route inventory,TBD/mapped in API inventory,TBD/mapped in DB inventory,TBD/mapped in worker inventory,see QELLY_TEST_COVERAGE_MATRIX.csv,exact source audit; registry/route presence is not completion,implementation and end-to-end evidence,DATABASE,WAVE_2,unassigned,HIGH,MEDIUM,M,PUBLIC_BETA_MUST,yes,2026-07-29T15:49:53+05:30,eafb11719e67135c7a6fa3b15e1170c5192e4771,Conservative classification; no feature-count inflation.
F-D13-filing-alerts,D13,ALERTS AND NOTIFICATIONS,filing alerts,,PROTOTYPE,PROTOTYPE,PARTIAL,SIMULATED,PARTIAL,PARTIAL,none/local or TBD,TBD/mapped in route inventory,TBD/mapped in API inventory,TBD/mapped in DB inventory,TBD/mapped in worker inventory,see QELLY_TEST_COVERAGE_MATRIX.csv,exact source audit; registry/route presence is not completion,implementation and end-to-end evidence,PROVIDER,WAVE_2,unassigned,HIGH,MEDIUM,M,PUBLIC_BETA_MUST,yes,2026-07-29T15:49:53+05:30,eafb11719e67135c7a6fa3b15e1170c5192e4771,Conservative classification; no feature-count inflation.
F-D13-earnings-alerts,D13,ALERTS AND NOTIFICATIONS,earnings alerts,,PROTOTYPE,PROTOTYPE,PARTIAL,SIMULATED,PARTIAL,PARTIAL,none/local or TBD,TBD/mapped in route inventory,TBD/mapped in API inventory,TBD/mapped in DB inventory,TBD/mapped in worker inventory,see QELLY_TEST_COVERAGE_MATRIX.csv,exact source audit; registry/route presence is not completion,implementation and end-to-end evidence,DATABASE,WAVE_2,unassigned,HIGH,MEDIUM,M,PUBLIC_BETA_MUST,yes,2026-07-29T15:49:53+05:30,eafb11719e67135c7a6fa3b15e1170c5192e4771,Conservative classification; no feature-count inflation.
F-D13-portfolio-alerts,D13,ALERTS AND NOTIFICATIONS,portfolio alerts,,PROTOTYPE,PROTOTYPE,PARTIAL,SIMULATED,PARTIAL,PARTIAL,none/local or TBD,TBD/mapped in route inventory,TBD/mapped in API inventory,TBD/mapped in DB inventory,TBD/mapped in worker inventory,see QELLY_TEST_COVERAGE_MATRIX.csv,exact source audit; registry/route presence is not completion,implementation and end-to-end evidence,DATABASE,WAVE_2,unassigned,HIGH,MEDIUM,M,PUBLIC_BETA_MUST,yes,2026-07-29T15:49:53+05:30,eafb11719e67135c7a6fa3b15e1170c5192e4771,Conservative classification; no feature-count inflation.
F-D13-risk-alerts,D13,ALERTS AND NOTIFICATIONS,risk alerts,,PROTOTYPE,PROTOTYPE,PARTIAL,SIMULATED,PARTIAL,PARTIAL,none/local or TBD,TBD/mapped in route inventory,TBD/mapped in API inventory,TBD/mapped in DB inventory,TBD/mapped in worker inventory,see QELLY_TEST_COVERAGE_MATRIX.csv,exact source audit; registry/route presence is not completion,implementation and end-to-end evidence,DATABASE,WAVE_2,unassigned,HIGH,MEDIUM,M,PUBLIC_BETA_MUST,yes,2026-07-29T15:49:53+05:30,eafb11719e67135c7a6fa3b15e1170c5192e4771,Conservative classification; no feature-count inflation.
F-D13-liquidation-alerts,D13,ALERTS AND NOTIFICATIONS,liquidation alerts,,PLANNED,PLANNED,PLANNED,UNAVAILABLE,UNAVAILABLE,PARTIAL,none/local or TBD,TBD/mapped in route inventory,TBD/mapped in API inventory,TBD/mapped in DB inventory,TBD/mapped in worker inventory,see QELLY_TEST_COVERAGE_MATRIX.csv,exact source audit; registry/route presence is not completion,implementation and end-to-end evidence,DATABASE,WAVE_3,unassigned,MEDIUM,MEDIUM,L,POST_BETA,yes,2026-07-29T15:49:53+05:30,eafb11719e67135c7a6fa3b15e1170c5192e4771,Conservative classification; no feature-count inflation.
F-D13-whale-alerts,D13,ALERTS AND NOTIFICATIONS,whale alerts,,PLANNED,PLANNED,PLANNED,UNAVAILABLE,UNAVAILABLE,PARTIAL,none/local or TBD,TBD/mapped in route inventory,TBD/mapped in API inventory,TBD/mapped in DB inventory,TBD/mapped in worker inventory,see QELLY_TEST_COVERAGE_MATRIX.csv,exact source audit; registry/route presence is not completion,implementation and end-to-end evidence,DATABASE,WAVE_7,unassigned,MEDIUM,MEDIUM,PROGRAM,POST_BETA,yes,2026-07-29T15:49:53+05:30,eafb11719e67135c7a6fa3b15e1170c5192e4771,Conservative classification; no feature-count inflation.
F-D13-on-chain-alerts,D13,ALERTS AND NOTIFICATIONS,on-chain alerts,,PROTOTYPE,PROTOTYPE,PARTIAL,SIMULATED,PARTIAL,PARTIAL,none/local or TBD,TBD/mapped in route inventory,TBD/mapped in API inventory,TBD/mapped in DB inventory,TBD/mapped in worker inventory,see QELLY_TEST_COVERAGE_MATRIX.csv,exact source audit; registry/route presence is not completion,implementation and end-to-end evidence,SECURITY,WAVE_7,unassigned,HIGH,HIGH,PROGRAM,PUBLIC_BETA_MUST,conditional,2026-07-29T15:49:53+05:30,eafb11719e67135c7a6fa3b15e1170c5192e4771,Conservative classification; no feature-count inflation.
F-D13-paper-trading-alerts,D13,ALERTS AND NOTIFICATIONS,paper-trading alerts,,PLANNED,PLANNED,PLANNED,UNAVAILABLE,UNAVAILABLE,PARTIAL,none/local or TBD,TBD/mapped in route inventory,TBD/mapped in API inventory,TBD/mapped in DB inventory,TBD/mapped in worker inventory,see QELLY_TEST_COVERAGE_MATRIX.csv,exact source audit; registry/route presence is not completion,implementation and end-to-end evidence,SECURITY,WAVE_3,unassigned,MEDIUM,HIGH,L,POST_BETA,conditional,2026-07-29T15:49:53+05:30,eafb11719e67135c7a6fa3b15e1170c5192e4771,Conservative classification; no feature-count inflation.
F-D13-email,D13,ALERTS AND NOTIFICATIONS,email,D21:PLATFORM FOUNDATION,PLANNED,PLANNED,PLANNED,UNAVAILABLE,UNAVAILABLE,PARTIAL,none/local or TBD,TBD/mapped in route inventory,TBD/mapped in API inventory,TBD/mapped in DB inventory,TBD/mapped in worker inventory,see QELLY_TEST_COVERAGE_MATRIX.csv,exact source audit; registry/route presence is not completion,implementation and end-to-end evidence,SECURITY,WAVE_2,unassigned,MEDIUM,HIGH,L,POST_BETA,conditional,2026-07-29T15:49:53+05:30,eafb11719e67135c7a6fa3b15e1170c5192e4771,Conservative classification; no feature-count inflation.
F-D13-push,D13,ALERTS AND NOTIFICATIONS,push,"D26:MOBILE, PWA AND DESKTOP",PLANNED,PLANNED,PLANNED,UNAVAILABLE,UNAVAILABLE,PARTIAL,none/local or TBD,TBD/mapped in route inventory,TBD/mapped in API inventory,TBD/mapped in DB inventory,TBD/mapped in worker inventory,see QELLY_TEST_COVERAGE_MATRIX.csv,exact source audit; registry/route presence is not completion,implementation and end-to-end evidence,DATABASE,WAVE_2,unassigned,MEDIUM,MEDIUM,L,POST_BETA,yes,2026-07-29T15:49:53+05:30,eafb11719e67135c7a6fa3b15e1170c5192e4771,Conservative classification; no feature-count inflation.
F-D13-sms-where-approved,D13,ALERTS AND NOTIFICATIONS,SMS where approved,,PLANNED,PLANNED,PLANNED,UNAVAILABLE,UNAVAILABLE,PARTIAL,none/local or TBD,TBD/mapped in route inventory,TBD/mapped in API inventory,TBD/mapped in DB inventory,TBD/mapped in worker inventory,see QELLY_TEST_COVERAGE_MATRIX.csv,exact source audit; registry/route presence is not completion,implementation and end-to-end evidence,DATABASE,WAVE_2,unassigned,MEDIUM,MEDIUM,L,POST_BETA,yes,2026-07-29T15:49:53+05:30,eafb11719e67135c7a6fa3b15e1170c5192e4771,Conservative classification; no feature-count inflation.
F-D13-webhooks,D13,ALERTS AND NOTIFICATIONS,webhooks,D17:DEVELOPER PLATFORM AND SDK|D21:PLATFORM FOUNDATION,PLANNED,PLANNED,PLANNED,UNAVAILABLE,UNAVAILABLE,PARTIAL,none/local or TBD,TBD/mapped in route inventory,TBD/mapped in API inventory,TBD/mapped in DB inventory,TBD/mapped in worker inventory,see QELLY_TEST_COVERAGE_MATRIX.csv,exact source audit; registry/route presence is not completion,implementation and end-to-end evidence,DATABASE,WAVE_2,unassigned,MEDIUM,MEDIUM,L,POST_BETA,yes,2026-07-29T15:49:53+05:30,eafb11719e67135c7a6fa3b15e1170c5192e4771,Conservative classification; no feature-count inflation.
F-D13-digest,D13,ALERTS AND NOTIFICATIONS,digest,,PLANNED,PLANNED,PLANNED,UNAVAILABLE,UNAVAILABLE,PARTIAL,none/local or TBD,TBD/mapped in route inventory,TBD/mapped in API inventory,TBD/mapped in DB inventory,TBD/mapped in worker inventory,see QELLY_TEST_COVERAGE_MATRIX.csv,exact source audit; registry/route presence is not completion,implementation and end-to-end evidence,DATABASE,WAVE_2,unassigned,MEDIUM,MEDIUM,L,POST_BETA,yes,2026-07-29T15:49:53+05:30,eafb11719e67135c7a6fa3b15e1170c5192e4771,Conservative classification; no feature-count inflation.
F-D13-quiet-hours,D13,ALERTS AND NOTIFICATIONS,quiet hours,,PLANNED,PLANNED,PLANNED,UNAVAILABLE,UNAVAILABLE,PARTIAL,none/local or TBD,TBD/mapped in route inventory,TBD/mapped in API inventory,TBD/mapped in DB inventory,TBD/mapped in worker inventory,see QELLY_TEST_COVERAGE_MATRIX.csv,exact source audit; registry/route presence is not completion,implementation and end-to-end evidence,DATABASE,WAVE_2,unassigned,MEDIUM,MEDIUM,L,POST_BETA,yes,2026-07-29T15:49:53+05:30,eafb11719e67135c7a6fa3b15e1170c5192e4771,Conservative classification; no feature-count inflation.
F-D13-delivery-history,D13,ALERTS AND NOTIFICATIONS,delivery history,,PLANNED,PLANNED,PLANNED,UNAVAILABLE,UNAVAILABLE,PARTIAL,none/local or TBD,TBD/mapped in route inventory,TBD/mapped in API inventory,TBD/mapped in DB inventory,TBD/mapped in worker inventory,see QELLY_TEST_COVERAGE_MATRIX.csv,exact source audit; registry/route presence is not completion,implementation and end-to-end evidence,DATABASE,WAVE_2,unassigned,MEDIUM,MEDIUM,L,POST_BETA,yes,2026-07-29T15:49:53+05:30,eafb11719e67135c7a6fa3b15e1170c5192e4771,Conservative classification; no feature-count inflation.
F-D13-retry,D13,ALERTS AND NOTIFICATIONS,retry.,,PLANNED,PLANNED,PLANNED,UNAVAILABLE,UNAVAILABLE,PARTIAL,none/local or TBD,TBD/mapped in route inventory,TBD/mapped in API inventory,TBD/mapped in DB inventory,TBD/mapped in worker inventory,see QELLY_TEST_COVERAGE_MATRIX.csv,exact source audit; registry/route presence is not completion,implementation and end-to-end evidence,DATABASE,WAVE_2,unassigned,MEDIUM,MEDIUM,L,POST_BETA,yes,2026-07-29T15:49:53+05:30,eafb11719e67135c7a6fa3b15e1170c5192e4771,Conservative classification; no feature-count inflation.
F-D14-registration,D14,IDENTITY AND USER,registration,,PLANNED,PLANNED,PLANNED,UNAVAILABLE,UNAVAILABLE,PARTIAL,none/local or TBD,TBD/mapped in route inventory,TBD/mapped in API inventory,TBD/mapped in DB inventory,TBD/mapped in worker inventory,see QELLY_TEST_COVERAGE_MATRIX.csv,exact source audit; registry/route presence is not completion,implementation and end-to-end evidence,DATABASE,WAVE_2,unassigned,MEDIUM,MEDIUM,L,POST_BETA,yes,2026-07-29T15:49:53+05:30,eafb11719e67135c7a6fa3b15e1170c5192e4771,Conservative classification; no feature-count inflation.
F-D14-login,D14,IDENTITY AND USER,login,,PLANNED,PLANNED,PLANNED,UNAVAILABLE,UNAVAILABLE,PARTIAL,none/local or TBD,TBD/mapped in route inventory,TBD/mapped in API inventory,TBD/mapped in DB inventory,TBD/mapped in worker inventory,see QELLY_TEST_COVERAGE_MATRIX.csv,exact source audit; registry/route presence is not completion,implementation and end-to-end evidence,DATABASE,WAVE_2,unassigned,MEDIUM,MEDIUM,L,POST_BETA,yes,2026-07-29T15:49:53+05:30,eafb11719e67135c7a6fa3b15e1170c5192e4771,Conservative classification; no feature-count inflation.
F-D14-logout,D14,IDENTITY AND USER,logout,,PLANNED,PLANNED,PLANNED,UNAVAILABLE,UNAVAILABLE,PARTIAL,none/local or TBD,TBD/mapped in route inventory,TBD/mapped in API inventory,TBD/mapped in DB inventory,TBD/mapped in worker inventory,see QELLY_TEST_COVERAGE_MATRIX.csv,exact source audit; registry/route presence is not completion,implementation and end-to-end evidence,DATABASE,WAVE_2,unassigned,MEDIUM,MEDIUM,L,POST_BETA,yes,2026-07-29T15:49:53+05:30,eafb11719e67135c7a6fa3b15e1170c5192e4771,Conservative classification; no feature-count inflation.
F-D14-verification,D14,IDENTITY AND USER,verification,,PLANNED,PLANNED,PLANNED,UNAVAILABLE,UNAVAILABLE,PARTIAL,none/local or TBD,TBD/mapped in route inventory,TBD/mapped in API inventory,TBD/mapped in DB inventory,TBD/mapped in worker inventory,see QELLY_TEST_COVERAGE_MATRIX.csv,exact source audit; registry/route presence is not completion,implementation and end-to-end evidence,DATABASE,WAVE_2,unassigned,MEDIUM,MEDIUM,L,POST_BETA,yes,2026-07-29T15:49:53+05:30,eafb11719e67135c7a6fa3b15e1170c5192e4771,Conservative classification; no feature-count inflation.
F-D14-password-reset,D14,IDENTITY AND USER,password reset,,PLANNED,PLANNED,PLANNED,UNAVAILABLE,UNAVAILABLE,PARTIAL,none/local or TBD,TBD/mapped in route inventory,TBD/mapped in API inventory,TBD/mapped in DB inventory,TBD/mapped in worker inventory,see QELLY_TEST_COVERAGE_MATRIX.csv,exact source audit; registry/route presence is not completion,implementation and end-to-end evidence,DATABASE,WAVE_2,unassigned,MEDIUM,MEDIUM,L,POST_BETA,yes,2026-07-29T15:49:53+05:30,eafb11719e67135c7a6fa3b15e1170c5192e4771,Conservative classification; no feature-count inflation.
F-D14-recovery,D14,IDENTITY AND USER,recovery,,PLANNED,PLANNED,PLANNED,UNAVAILABLE,UNAVAILABLE,PARTIAL,none/local or TBD,TBD/mapped in route inventory,TBD/mapped in API inventory,TBD/mapped in DB inventory,TBD/mapped in worker inventory,see QELLY_TEST_COVERAGE_MATRIX.csv,exact source audit; registry/route presence is not completion,implementation and end-to-end evidence,DATABASE,WAVE_2,unassigned,MEDIUM,MEDIUM,L,POST_BETA,yes,2026-07-29T15:49:53+05:30,eafb11719e67135c7a6fa3b15e1170c5192e4771,Conservative classification; no feature-count inflation.
F-D14-mfa,D14,IDENTITY AND USER,MFA,,PLANNED,PLANNED,PLANNED,UNAVAILABLE,UNAVAILABLE,PARTIAL,none/local or TBD,TBD/mapped in route inventory,TBD/mapped in API inventory,TBD/mapped in DB inventory,TBD/mapped in worker inventory,see QELLY_TEST_COVERAGE_MATRIX.csv,exact source audit; registry/route presence is not completion,implementation and end-to-end evidence,DATABASE,WAVE_2,unassigned,MEDIUM,MEDIUM,L,POST_BETA,yes,2026-07-29T15:49:53+05:30,eafb11719e67135c7a6fa3b15e1170c5192e4771,Conservative classification; no feature-count inflation.
F-D14-passkeys,D14,IDENTITY AND USER,passkeys,,PLANNED,PLANNED,PLANNED,UNAVAILABLE,UNAVAILABLE,PARTIAL,none/local or TBD,TBD/mapped in route inventory,TBD/mapped in API inventory,TBD/mapped in DB inventory,TBD/mapped in worker inventory,see QELLY_TEST_COVERAGE_MATRIX.csv,exact source audit; registry/route presence is not completion,implementation and end-to-end evidence,DATABASE,WAVE_2,unassigned,MEDIUM,MEDIUM,L,POST_BETA,yes,2026-07-29T15:49:53+05:30,eafb11719e67135c7a6fa3b15e1170c5192e4771,Conservative classification; no feature-count inflation.
F-D14-sessions,D14,IDENTITY AND USER,sessions,D19:INSTRUMENT MASTER AND REFERENCE DATA,PARTIAL,PARTIAL,PARTIAL,PARTIAL,PARTIAL,PARTIAL,none/local or TBD,TBD/mapped in route inventory,TBD/mapped in API inventory,TBD/mapped in DB inventory,TBD/mapped in worker inventory,see QELLY_TEST_COVERAGE_MATRIX.csv,exact source audit; registry/route presence is not completion,implementation and end-to-end evidence,FOUNDATION,WAVE_2,unassigned,HIGH,MEDIUM,M,PUBLIC_BETA_MUST,yes,2026-07-29T15:49:53+05:30,eafb11719e67135c7a6fa3b15e1170c5192e4771,Conservative classification; no feature-count inflation.
F-D14-devices,D14,IDENTITY AND USER,devices,,PARTIAL,PARTIAL,PARTIAL,PARTIAL,PARTIAL,PARTIAL,none/local or TBD,TBD/mapped in route inventory,TBD/mapped in API inventory,TBD/mapped in DB inventory,TBD/mapped in worker inventory,see QELLY_TEST_COVERAGE_MATRIX.csv,exact source audit; registry/route presence is not completion,implementation and end-to-end evidence,FOUNDATION,WAVE_2,unassigned,HIGH,MEDIUM,M,PUBLIC_BETA_MUST,yes,2026-07-29T15:49:53+05:30,eafb11719e67135c7a6fa3b15e1170c5192e4771,Conservative classification; no feature-count inflation.
F-D14-profile,D14,IDENTITY AND USER,profile,,PLANNED,PLANNED,PLANNED,UNAVAILABLE,UNAVAILABLE,PARTIAL,none/local or TBD,TBD/mapped in route inventory,TBD/mapped in API inventory,TBD/mapped in DB inventory,TBD/mapped in worker inventory,see QELLY_TEST_COVERAGE_MATRIX.csv,exact source audit; registry/route presence is not completion,implementation and end-to-end evidence,DATABASE,WAVE_2,unassigned,MEDIUM,MEDIUM,L,POST_BETA,yes,2026-07-29T15:49:53+05:30,eafb11719e67135c7a6fa3b15e1170c5192e4771,Conservative classification; no feature-count inflation.
F-D14-preferences,D14,IDENTITY AND USER,preferences,,PLANNED,PLANNED,PLANNED,UNAVAILABLE,UNAVAILABLE,PARTIAL,none/local or TBD,TBD/mapped in route inventory,TBD/mapped in API inventory,TBD/mapped in DB inventory,TBD/mapped in worker inventory,see QELLY_TEST_COVERAGE_MATRIX.csv,exact source audit; registry/route presence is not completion,implementation and end-to-end evidence,DATABASE,WAVE_2,unassigned,MEDIUM,MEDIUM,L,POST_BETA,yes,2026-07-29T15:49:53+05:30,eafb11719e67135c7a6fa3b15e1170c5192e4771,Conservative classification; no feature-count inflation.
F-D14-timezone,D14,IDENTITY AND USER,timezone,,PLANNED,PLANNED,PLANNED,UNAVAILABLE,UNAVAILABLE,PARTIAL,none/local or TBD,TBD/mapped in route inventory,TBD/mapped in API inventory,TBD/mapped in DB inventory,TBD/mapped in worker inventory,see QELLY_TEST_COVERAGE_MATRIX.csv,exact source audit; registry/route presence is not completion,implementation and end-to-end evidence,DATABASE,WAVE_2,unassigned,MEDIUM,MEDIUM,L,POST_BETA,yes,2026-07-29T15:49:53+05:30,eafb11719e67135c7a6fa3b15e1170c5192e4771,Conservative classification; no feature-count inflation.
F-D14-language,D14,IDENTITY AND USER,language,,PLANNED,PLANNED,PLANNED,UNAVAILABLE,UNAVAILABLE,PARTIAL,none/local or TBD,TBD/mapped in route inventory,TBD/mapped in API inventory,TBD/mapped in DB inventory,TBD/mapped in worker inventory,see QELLY_TEST_COVERAGE_MATRIX.csv,exact source audit; registry/route presence is not completion,implementation and end-to-end evidence,DATABASE,WAVE_2,unassigned,MEDIUM,MEDIUM,L,POST_BETA,yes,2026-07-29T15:49:53+05:30,eafb11719e67135c7a6fa3b15e1170c5192e4771,Conservative classification; no feature-count inflation.
F-D14-privacy,D14,IDENTITY AND USER,privacy,,PLANNED,PLANNED,PLANNED,UNAVAILABLE,UNAVAILABLE,PARTIAL,none/local or TBD,TBD/mapped in route inventory,TBD/mapped in API inventory,TBD/mapped in DB inventory,TBD/mapped in worker inventory,see QELLY_TEST_COVERAGE_MATRIX.csv,exact source audit; registry/route presence is not completion,implementation and end-to-end evidence,DATABASE,WAVE_2,unassigned,MEDIUM,MEDIUM,L,POST_BETA,yes,2026-07-29T15:49:53+05:30,eafb11719e67135c7a6fa3b15e1170c5192e4771,Conservative classification; no feature-count inflation.
F-D14-data-export,D14,IDENTITY AND USER,data export,D23:SECURITY AND PRIVACY,PARTIAL,PARTIAL,PARTIAL,PARTIAL,PARTIAL,PARTIAL,none/local or TBD,TBD/mapped in route inventory,TBD/mapped in API inventory,TBD/mapped in DB inventory,TBD/mapped in worker inventory,see QELLY_TEST_COVERAGE_MATRIX.csv,exact source audit; registry/route presence is not completion,implementation and end-to-end evidence,FOUNDATION,WAVE_2,unassigned,HIGH,MEDIUM,M,PUBLIC_BETA_MUST,yes,2026-07-29T15:49:53+05:30,eafb11719e67135c7a6fa3b15e1170c5192e4771,Conservative classification; no feature-count inflation.
F-D14-deletion,D14,IDENTITY AND USER,deletion,D23:SECURITY AND PRIVACY,PLANNED,PLANNED,PLANNED,UNAVAILABLE,UNAVAILABLE,PARTIAL,none/local or TBD,TBD/mapped in route inventory,TBD/mapped in API inventory,TBD/mapped in DB inventory,TBD/mapped in worker inventory,see QELLY_TEST_COVERAGE_MATRIX.csv,exact source audit; registry/route presence is not completion,implementation and end-to-end evidence,DATABASE,WAVE_2,unassigned,MEDIUM,MEDIUM,L,POST_BETA,yes,2026-07-29T15:49:53+05:30,eafb11719e67135c7a6fa3b15e1170c5192e4771,Conservative classification; no feature-count inflation.
F-D14-organizations,D14,IDENTITY AND USER,organizations,D15:ENTERPRISE GOVERNANCE,PARTIAL,PARTIAL,PARTIAL,PARTIAL,PARTIAL,PARTIAL,none/local or TBD,TBD/mapped in route inventory,TBD/mapped in API inventory,TBD/mapped in DB inventory,TBD/mapped in worker inventory,see QELLY_TEST_COVERAGE_MATRIX.csv,exact source audit; registry/route presence is not completion,implementation and end-to-end evidence,FOUNDATION,WAVE_2,unassigned,HIGH,MEDIUM,M,PUBLIC_BETA_MUST,yes,2026-07-29T15:49:53+05:30,eafb11719e67135c7a6fa3b15e1170c5192e4771,Conservative classification; no feature-count inflation.
F-D14-workspaces,D14,IDENTITY AND USER,workspaces,D15:ENTERPRISE GOVERNANCE,PARTIAL,PARTIAL,PARTIAL,PARTIAL,PARTIAL,PARTIAL,none/local or TBD,TBD/mapped in route inventory,TBD/mapped in API inventory,TBD/mapped in DB inventory,TBD/mapped in worker inventory,see QELLY_TEST_COVERAGE_MATRIX.csv,exact source audit; registry/route presence is not completion,implementation and end-to-end evidence,FOUNDATION,WAVE_2,unassigned,HIGH,MEDIUM,M,PUBLIC_BETA_MUST,yes,2026-07-29T15:49:53+05:30,eafb11719e67135c7a6fa3b15e1170c5192e4771,Conservative classification; no feature-count inflation.
F-D14-invitations,D14,IDENTITY AND USER,invitations,,PLANNED,PLANNED,PLANNED,UNAVAILABLE,UNAVAILABLE,PARTIAL,none/local or TBD,TBD/mapped in route inventory,TBD/mapped in API inventory,TBD/mapped in DB inventory,TBD/mapped in worker inventory,see QELLY_TEST_COVERAGE_MATRIX.csv,exact source audit; registry/route presence is not completion,implementation and end-to-end evidence,DATABASE,WAVE_2,unassigned,MEDIUM,MEDIUM,L,POST_BETA,yes,2026-07-29T15:49:53+05:30,eafb11719e67135c7a6fa3b15e1170c5192e4771,Conservative classification; no feature-count inflation.
F-D14-roles,D14,IDENTITY AND USER,roles,D15:ENTERPRISE GOVERNANCE,PARTIAL,PARTIAL,PARTIAL,PARTIAL,PARTIAL,PARTIAL,none/local or TBD,TBD/mapped in route inventory,TBD/mapped in API inventory,TBD/mapped in DB inventory,TBD/mapped in worker inventory,see QELLY_TEST_COVERAGE_MATRIX.csv,exact source audit; registry/route presence is not completion,implementation and end-to-end evidence,FOUNDATION,WAVE_2,unassigned,HIGH,MEDIUM,M,PUBLIC_BETA_MUST,yes,2026-07-29T15:49:53+05:30,eafb11719e67135c7a6fa3b15e1170c5192e4771,Conservative classification; no feature-count inflation.
F-D14-permissions,D14,IDENTITY AND USER,permissions.,,PARTIAL,PARTIAL,PARTIAL,PARTIAL,PARTIAL,PARTIAL,none/local or TBD,TBD/mapped in route inventory,TBD/mapped in API inventory,TBD/mapped in DB inventory,TBD/mapped in worker inventory,see QELLY_TEST_COVERAGE_MATRIX.csv,exact source audit; registry/route presence is not completion,implementation and end-to-end evidence,FOUNDATION,WAVE_2,unassigned,HIGH,MEDIUM,M,PUBLIC_BETA_MUST,yes,2026-07-29T15:49:53+05:30,eafb11719e67135c7a6fa3b15e1170c5192e4771,Conservative classification; no feature-count inflation.
F-D15-teams,D15,ENTERPRISE GOVERNANCE,teams,,PLANNED,PLANNED,PLANNED,UNAVAILABLE,UNAVAILABLE,PARTIAL,none/local or TBD,TBD/mapped in route inventory,TBD/mapped in API inventory,TBD/mapped in DB inventory,TBD/mapped in worker inventory,see QELLY_TEST_COVERAGE_MATRIX.csv,exact source audit; registry/route presence is not completion,implementation and end-to-end evidence,DATABASE,WAVE_2,unassigned,MEDIUM,MEDIUM,L,POST_BETA,yes,2026-07-29T15:49:53+05:30,eafb11719e67135c7a6fa3b15e1170c5192e4771,Conservative classification; no feature-count inflation.
F-D15-rbac,D15,ENTERPRISE GOVERNANCE,RBAC,,PLANNED,PLANNED,PLANNED,UNAVAILABLE,UNAVAILABLE,PARTIAL,none/local or TBD,TBD/mapped in route inventory,TBD/mapped in API inventory,TBD/mapped in DB inventory,TBD/mapped in worker inventory,see QELLY_TEST_COVERAGE_MATRIX.csv,exact source audit; registry/route presence is not completion,implementation and end-to-end evidence,DATABASE,WAVE_2,unassigned,MEDIUM,MEDIUM,L,POST_BETA,yes,2026-07-29T15:49:53+05:30,eafb11719e67135c7a6fa3b15e1170c5192e4771,Conservative classification; no feature-count inflation.
F-D15-abac,D15,ENTERPRISE GOVERNANCE,ABAC,,PLANNED,PLANNED,PLANNED,UNAVAILABLE,UNAVAILABLE,PARTIAL,none/local or TBD,TBD/mapped in route inventory,TBD/mapped in API inventory,TBD/mapped in DB inventory,TBD/mapped in worker inventory,see QELLY_TEST_COVERAGE_MATRIX.csv,exact source audit; registry/route presence is not completion,implementation and end-to-end evidence,DATABASE,WAVE_2,unassigned,MEDIUM,MEDIUM,L,POST_BETA,yes,2026-07-29T15:49:53+05:30,eafb11719e67135c7a6fa3b15e1170c5192e4771,Conservative classification; no feature-count inflation.
F-D15-approvals,D15,ENTERPRISE GOVERNANCE,approvals,,PLANNED,PLANNED,PLANNED,UNAVAILABLE,UNAVAILABLE,PARTIAL,none/local or TBD,TBD/mapped in route inventory,TBD/mapped in API inventory,TBD/mapped in DB inventory,TBD/mapped in worker inventory,see QELLY_TEST_COVERAGE_MATRIX.csv,exact source audit; registry/route presence is not completion,implementation and end-to-end evidence,DATABASE,WAVE_2,unassigned,MEDIUM,MEDIUM,L,POST_BETA,yes,2026-07-29T15:49:53+05:30,eafb11719e67135c7a6fa3b15e1170c5192e4771,Conservative classification; no feature-count inflation.
F-D15-policies,D15,ENTERPRISE GOVERNANCE,policies,,PLANNED,PLANNED,PLANNED,UNAVAILABLE,UNAVAILABLE,PARTIAL,none/local or TBD,TBD/mapped in route inventory,TBD/mapped in API inventory,TBD/mapped in DB inventory,TBD/mapped in worker inventory,see QELLY_TEST_COVERAGE_MATRIX.csv,exact source audit; registry/route presence is not completion,implementation and end-to-end evidence,DATABASE,WAVE_2,unassigned,MEDIUM,MEDIUM,L,POST_BETA,yes,2026-07-29T15:49:53+05:30,eafb11719e67135c7a6fa3b15e1170c5192e4771,Conservative classification; no feature-count inflation.
F-D15-data-rooms,D15,ENTERPRISE GOVERNANCE,data rooms,,PLANNED,PLANNED,PLANNED,UNAVAILABLE,UNAVAILABLE,PARTIAL,none/local or TBD,TBD/mapped in route inventory,TBD/mapped in API inventory,TBD/mapped in DB inventory,TBD/mapped in worker inventory,see QELLY_TEST_COVERAGE_MATRIX.csv,exact source audit; registry/route presence is not completion,implementation and end-to-end evidence,DATABASE,WAVE_2,unassigned,MEDIUM,MEDIUM,L,POST_BETA,yes,2026-07-29T15:49:53+05:30,eafb11719e67135c7a6fa3b15e1170c5192e4771,Conservative classification; no feature-count inflation.
F-D15-access-reviews,D15,ENTERPRISE GOVERNANCE,access reviews,,PLANNED,PLANNED,PLANNED,UNAVAILABLE,UNAVAILABLE,PARTIAL,none/local or TBD,TBD/mapped in route inventory,TBD/mapped in API inventory,TBD/mapped in DB inventory,TBD/mapped in worker inventory,see QELLY_TEST_COVERAGE_MATRIX.csv,exact source audit; registry/route presence is not completion,implementation and end-to-end evidence,DATABASE,WAVE_6,unassigned,MEDIUM,MEDIUM,PROGRAM,POST_BETA,yes,2026-07-29T15:49:53+05:30,eafb11719e67135c7a6fa3b15e1170c5192e4771,Conservative classification; no feature-count inflation.
F-D15-audit-exports,D15,ENTERPRISE GOVERNANCE,audit exports,,PLANNED,PLANNED,PLANNED,UNAVAILABLE,UNAVAILABLE,PARTIAL,none/local or TBD,TBD/mapped in route inventory,TBD/mapped in API inventory,TBD/mapped in DB inventory,TBD/mapped in worker inventory,see QELLY_TEST_COVERAGE_MATRIX.csv,exact source audit; registry/route presence is not completion,implementation and end-to-end evidence,DATABASE,WAVE_2,unassigned,MEDIUM,MEDIUM,L,POST_BETA,yes,2026-07-29T15:49:53+05:30,eafb11719e67135c7a6fa3b15e1170c5192e4771,Conservative classification; no feature-count inflation.
F-D15-retention,D15,ENTERPRISE GOVERNANCE,retention,"D20:TIME SERIES AND STREAMING|D23:SECURITY AND PRIVACY|D24:COMPLIANCE, AUDIT AND DATA GOVERNANCE",PLANNED,PLANNED,PLANNED,UNAVAILABLE,UNAVAILABLE,PARTIAL,none/local or TBD,TBD/mapped in route inventory,TBD/mapped in API inventory,TBD/mapped in DB inventory,TBD/mapped in worker inventory,see QELLY_TEST_COVERAGE_MATRIX.csv,exact source audit; registry/route presence is not completion,implementation and end-to-end evidence,DATABASE,WAVE_2,unassigned,MEDIUM,MEDIUM,L,POST_BETA,yes,2026-07-29T15:49:53+05:30,eafb11719e67135c7a6fa3b15e1170c5192e4771,Conservative classification; no feature-count inflation.
F-D15-legal-hold,D15,ENTERPRISE GOVERNANCE,legal hold,,PLANNED,PLANNED,PLANNED,UNAVAILABLE,UNAVAILABLE,PARTIAL,none/local or TBD,TBD/mapped in route inventory,TBD/mapped in API inventory,TBD/mapped in DB inventory,TBD/mapped in worker inventory,see QELLY_TEST_COVERAGE_MATRIX.csv,exact source audit; registry/route presence is not completion,implementation and end-to-end evidence,DATABASE,WAVE_2,unassigned,MEDIUM,MEDIUM,L,POST_BETA,yes,2026-07-29T15:49:53+05:30,eafb11719e67135c7a6fa3b15e1170c5192e4771,Conservative classification; no feature-count inflation.
F-D15-enterprise-sso,D15,ENTERPRISE GOVERNANCE,enterprise SSO,,PLANNED,PLANNED,PLANNED,UNAVAILABLE,UNAVAILABLE,PARTIAL,none/local or TBD,TBD/mapped in route inventory,TBD/mapped in API inventory,TBD/mapped in DB inventory,TBD/mapped in worker inventory,see QELLY_TEST_COVERAGE_MATRIX.csv,exact source audit; registry/route presence is not completion,implementation and end-to-end evidence,DATABASE,WAVE_2,unassigned,MEDIUM,MEDIUM,L,POST_BETA,yes,2026-07-29T15:49:53+05:30,eafb11719e67135c7a6fa3b15e1170c5192e4771,Conservative classification; no feature-count inflation.
F-D15-scim,D15,ENTERPRISE GOVERNANCE,SCIM,,PLANNED,PLANNED,PLANNED,UNAVAILABLE,UNAVAILABLE,PARTIAL,none/local or TBD,TBD/mapped in route inventory,TBD/mapped in API inventory,TBD/mapped in DB inventory,TBD/mapped in worker inventory,see QELLY_TEST_COVERAGE_MATRIX.csv,exact source audit; registry/route presence is not completion,implementation and end-to-end evidence,DATABASE,WAVE_2,unassigned,MEDIUM,MEDIUM,L,POST_BETA,yes,2026-07-29T15:49:53+05:30,eafb11719e67135c7a6fa3b15e1170c5192e4771,Conservative classification; no feature-count inflation.
F-D15-support-admin-safeguards,D15,ENTERPRISE GOVERNANCE,support/admin safeguards,,PLANNED,PLANNED,PLANNED,UNAVAILABLE,UNAVAILABLE,PARTIAL,none/local or TBD,TBD/mapped in route inventory,TBD/mapped in API inventory,TBD/mapped in DB inventory,TBD/mapped in worker inventory,see QELLY_TEST_COVERAGE_MATRIX.csv,exact source audit; registry/route presence is not completion,implementation and end-to-end evidence,DATABASE,WAVE_2,unassigned,MEDIUM,MEDIUM,L,POST_BETA,yes,2026-07-29T15:49:53+05:30,eafb11719e67135c7a6fa3b15e1170c5192e4771,Conservative classification; no feature-count inflation.
F-D15-separation-of-duties,D15,ENTERPRISE GOVERNANCE,separation of duties.,,PLANNED,PLANNED,PLANNED,UNAVAILABLE,UNAVAILABLE,PARTIAL,none/local or TBD,TBD/mapped in route inventory,TBD/mapped in API inventory,TBD/mapped in DB inventory,TBD/mapped in worker inventory,see QELLY_TEST_COVERAGE_MATRIX.csv,exact source audit; registry/route presence is not completion,implementation and end-to-end evidence,DATABASE,WAVE_2,unassigned,MEDIUM,MEDIUM,L,POST_BETA,yes,2026-07-29T15:49:53+05:30,eafb11719e67135c7a6fa3b15e1170c5192e4771,Conservative classification; no feature-count inflation.
F-D16-plans,D16,BILLING AND MARKETPLACE,plans,,PLANNED,PLANNED,PLANNED,UNAVAILABLE,UNAVAILABLE,PARTIAL,none/local or TBD,TBD/mapped in route inventory,TBD/mapped in API inventory,TBD/mapped in DB inventory,TBD/mapped in worker inventory,see QELLY_TEST_COVERAGE_MATRIX.csv,exact source audit; registry/route presence is not completion,implementation and end-to-end evidence,DATABASE,WAVE_2,unassigned,MEDIUM,MEDIUM,L,POST_BETA,yes,2026-07-29T15:49:53+05:30,eafb11719e67135c7a6fa3b15e1170c5192e4771,Conservative classification; no feature-count inflation.
F-D16-subscriptions,D16,BILLING AND MARKETPLACE,subscriptions,,PLANNED,PLANNED,PLANNED,UNAVAILABLE,UNAVAILABLE,PARTIAL,none/local or TBD,TBD/mapped in route inventory,TBD/mapped in API inventory,TBD/mapped in DB inventory,TBD/mapped in worker inventory,see QELLY_TEST_COVERAGE_MATRIX.csv,exact source audit; registry/route presence is not completion,implementation and end-to-end evidence,DATABASE,WAVE_2,unassigned,MEDIUM,MEDIUM,L,POST_BETA,yes,2026-07-29T15:49:53+05:30,eafb11719e67135c7a6fa3b15e1170c5192e4771,Conservative classification; no feature-count inflation.
F-D16-billing,D16,BILLING AND MARKETPLACE,billing,,PLANNED,PLANNED,PLANNED,UNAVAILABLE,UNAVAILABLE,PARTIAL,none/local or TBD,TBD/mapped in route inventory,TBD/mapped in API inventory,TBD/mapped in DB inventory,TBD/mapped in worker inventory,see QELLY_TEST_COVERAGE_MATRIX.csv,exact source audit; registry/route presence is not completion,implementation and end-to-end evidence,SECURITY,WAVE_2,unassigned,MEDIUM,HIGH,L,POST_BETA,conditional,2026-07-29T15:49:53+05:30,eafb11719e67135c7a6fa3b15e1170c5192e4771,Conservative classification; no feature-count inflation.
F-D16-invoices,D16,BILLING AND MARKETPLACE,invoices,,PLANNED,PLANNED,PLANNED,UNAVAILABLE,UNAVAILABLE,PARTIAL,none/local or TBD,TBD/mapped in route inventory,TBD/mapped in API inventory,TBD/mapped in DB inventory,TBD/mapped in worker inventory,see QELLY_TEST_COVERAGE_MATRIX.csv,exact source audit; registry/route presence is not completion,implementation and end-to-end evidence,DATABASE,WAVE_2,unassigned,MEDIUM,MEDIUM,L,POST_BETA,yes,2026-07-29T15:49:53+05:30,eafb11719e67135c7a6fa3b15e1170c5192e4771,Conservative classification; no feature-count inflation.
F-D16-taxes,D16,BILLING AND MARKETPLACE,taxes,,PLANNED,PLANNED,PLANNED,UNAVAILABLE,UNAVAILABLE,PARTIAL,none/local or TBD,TBD/mapped in route inventory,TBD/mapped in API inventory,TBD/mapped in DB inventory,TBD/mapped in worker inventory,see QELLY_TEST_COVERAGE_MATRIX.csv,exact source audit; registry/route presence is not completion,implementation and end-to-end evidence,DATABASE,WAVE_1,unassigned,MEDIUM,MEDIUM,L,POST_BETA,yes,2026-07-29T15:49:53+05:30,eafb11719e67135c7a6fa3b15e1170c5192e4771,Conservative classification; no feature-count inflation.
F-D16-coupons,D16,BILLING AND MARKETPLACE,coupons,,PLANNED,PLANNED,PLANNED,UNAVAILABLE,UNAVAILABLE,PARTIAL,none/local or TBD,TBD/mapped in route inventory,TBD/mapped in API inventory,TBD/mapped in DB inventory,TBD/mapped in worker inventory,see QELLY_TEST_COVERAGE_MATRIX.csv,exact source audit; registry/route presence is not completion,implementation and end-to-end evidence,DATABASE,WAVE_2,unassigned,MEDIUM,MEDIUM,L,POST_BETA,yes,2026-07-29T15:49:53+05:30,eafb11719e67135c7a6fa3b15e1170c5192e4771,Conservative classification; no feature-count inflation.
F-D16-trials,D16,BILLING AND MARKETPLACE,trials,,PLANNED,PLANNED,PLANNED,UNAVAILABLE,UNAVAILABLE,PARTIAL,none/local or TBD,TBD/mapped in route inventory,TBD/mapped in API inventory,TBD/mapped in DB inventory,TBD/mapped in worker inventory,see QELLY_TEST_COVERAGE_MATRIX.csv,exact source audit; registry/route presence is not completion,implementation and end-to-end evidence,DATABASE,WAVE_2,unassigned,MEDIUM,MEDIUM,L,POST_BETA,yes,2026-07-29T15:49:53+05:30,eafb11719e67135c7a6fa3b15e1170c5192e4771,Conservative classification; no feature-count inflation.
F-D16-usage,D16,BILLING AND MARKETPLACE,usage,,PLANNED,PLANNED,PLANNED,UNAVAILABLE,UNAVAILABLE,PARTIAL,none/local or TBD,TBD/mapped in route inventory,TBD/mapped in API inventory,TBD/mapped in DB inventory,TBD/mapped in worker inventory,see QELLY_TEST_COVERAGE_MATRIX.csv,exact source audit; registry/route presence is not completion,implementation and end-to-end evidence,DATABASE,WAVE_2,unassigned,MEDIUM,MEDIUM,L,POST_BETA,yes,2026-07-29T15:49:53+05:30,eafb11719e67135c7a6fa3b15e1170c5192e4771,Conservative classification; no feature-count inflation.
F-D16-entitlements,D16,BILLING AND MARKETPLACE,entitlements,D18:DATA MESH AND PROVIDER RUNTIME,PARTIAL,PARTIAL,PARTIAL,PARTIAL,PARTIAL,PARTIAL,none/local or TBD,TBD/mapped in route inventory,TBD/mapped in API inventory,TBD/mapped in DB inventory,TBD/mapped in worker inventory,see QELLY_TEST_COVERAGE_MATRIX.csv,exact source audit; registry/route presence is not completion,implementation and end-to-end evidence,FOUNDATION,WAVE_2,unassigned,MEDIUM,MEDIUM,M,POST_BETA,yes,2026-07-29T15:49:53+05:30,eafb11719e67135c7a6fa3b15e1170c5192e4771,Conservative classification; no feature-count inflation.
F-D16-creator-onboarding,D16,BILLING AND MARKETPLACE,creator onboarding,,PROTOTYPE,PROTOTYPE,PARTIAL,SIMULATED,PARTIAL,PARTIAL,none/local or TBD,TBD/mapped in route inventory,TBD/mapped in API inventory,TBD/mapped in DB inventory,TBD/mapped in worker inventory,see QELLY_TEST_COVERAGE_MATRIX.csv,exact source audit; registry/route presence is not completion,implementation and end-to-end evidence,DATABASE,WAVE_6,unassigned,MEDIUM,MEDIUM,PROGRAM,POST_BETA,yes,2026-07-29T15:49:53+05:30,eafb11719e67135c7a6fa3b15e1170c5192e4771,Conservative classification; no feature-count inflation.
F-D16-seller-verification,D16,BILLING AND MARKETPLACE,seller verification,,PLANNED,PLANNED,PLANNED,UNAVAILABLE,UNAVAILABLE,PARTIAL,none/local or TBD,TBD/mapped in route inventory,TBD/mapped in API inventory,TBD/mapped in DB inventory,TBD/mapped in worker inventory,see QELLY_TEST_COVERAGE_MATRIX.csv,exact source audit; registry/route presence is not completion,implementation and end-to-end evidence,DATABASE,WAVE_6,unassigned,MEDIUM,MEDIUM,PROGRAM,POST_BETA,yes,2026-07-29T15:49:53+05:30,eafb11719e67135c7a6fa3b15e1170c5192e4771,Conservative classification; no feature-count inflation.
F-D16-listings,D16,BILLING AND MARKETPLACE,listings,,PLANNED,PLANNED,PLANNED,UNAVAILABLE,UNAVAILABLE,PARTIAL,none/local or TBD,TBD/mapped in route inventory,TBD/mapped in API inventory,TBD/mapped in DB inventory,TBD/mapped in worker inventory,see QELLY_TEST_COVERAGE_MATRIX.csv,exact source audit; registry/route presence is not completion,implementation and end-to-end evidence,DATABASE,WAVE_6,unassigned,MEDIUM,MEDIUM,PROGRAM,POST_BETA,yes,2026-07-29T15:49:53+05:30,eafb11719e67135c7a6fa3b15e1170c5192e4771,Conservative classification; no feature-count inflation.
F-D16-licensing,D16,BILLING AND MARKETPLACE,licensing,,PLANNED,PLANNED,PLANNED,UNAVAILABLE,UNAVAILABLE,PARTIAL,none/local or TBD,TBD/mapped in route inventory,TBD/mapped in API inventory,TBD/mapped in DB inventory,TBD/mapped in worker inventory,see QELLY_TEST_COVERAGE_MATRIX.csv,exact source audit; registry/route presence is not completion,implementation and end-to-end evidence,DATABASE,WAVE_2,unassigned,MEDIUM,MEDIUM,L,POST_BETA,yes,2026-07-29T15:49:53+05:30,eafb11719e67135c7a6fa3b15e1170c5192e4771,Conservative classification; no feature-count inflation.
F-D16-downloads,D16,BILLING AND MARKETPLACE,downloads,,PLANNED,PLANNED,PLANNED,UNAVAILABLE,UNAVAILABLE,PARTIAL,none/local or TBD,TBD/mapped in route inventory,TBD/mapped in API inventory,TBD/mapped in DB inventory,TBD/mapped in worker inventory,see QELLY_TEST_COVERAGE_MATRIX.csv,exact source audit; registry/route presence is not completion,implementation and end-to-end evidence,DATABASE,WAVE_2,unassigned,MEDIUM,MEDIUM,L,POST_BETA,yes,2026-07-29T15:49:53+05:30,eafb11719e67135c7a6fa3b15e1170c5192e4771,Conservative classification; no feature-count inflation.
F-D16-updates,D16,BILLING AND MARKETPLACE,updates,,PLANNED,PLANNED,PLANNED,UNAVAILABLE,UNAVAILABLE,PARTIAL,none/local or TBD,TBD/mapped in route inventory,TBD/mapped in API inventory,TBD/mapped in DB inventory,TBD/mapped in worker inventory,see QELLY_TEST_COVERAGE_MATRIX.csv,exact source audit; registry/route presence is not completion,implementation and end-to-end evidence,DATABASE,WAVE_2,unassigned,MEDIUM,MEDIUM,L,POST_BETA,yes,2026-07-29T15:49:53+05:30,eafb11719e67135c7a6fa3b15e1170c5192e4771,Conservative classification; no feature-count inflation.
F-D16-rollbacks,D16,BILLING AND MARKETPLACE,rollbacks,,PLANNED,PLANNED,PLANNED,UNAVAILABLE,UNAVAILABLE,PARTIAL,none/local or TBD,TBD/mapped in route inventory,TBD/mapped in API inventory,TBD/mapped in DB inventory,TBD/mapped in worker inventory,see QELLY_TEST_COVERAGE_MATRIX.csv,exact source audit; registry/route presence is not completion,implementation and end-to-end evidence,DATABASE,WAVE_2,unassigned,MEDIUM,MEDIUM,L,POST_BETA,yes,2026-07-29T15:49:53+05:30,eafb11719e67135c7a6fa3b15e1170c5192e4771,Conservative classification; no feature-count inflation.
F-D16-reviews,D16,BILLING AND MARKETPLACE,reviews,,PLANNED,PLANNED,PLANNED,UNAVAILABLE,UNAVAILABLE,PARTIAL,none/local or TBD,TBD/mapped in route inventory,TBD/mapped in API inventory,TBD/mapped in DB inventory,TBD/mapped in worker inventory,see QELLY_TEST_COVERAGE_MATRIX.csv,exact source audit; registry/route presence is not completion,implementation and end-to-end evidence,DATABASE,WAVE_6,unassigned,MEDIUM,MEDIUM,PROGRAM,POST_BETA,yes,2026-07-29T15:49:53+05:30,eafb11719e67135c7a6fa3b15e1170c5192e4771,Conservative classification; no feature-count inflation.
F-D16-moderation,D16,BILLING AND MARKETPLACE,moderation,,PLANNED,PLANNED,PLANNED,UNAVAILABLE,UNAVAILABLE,PARTIAL,none/local or TBD,TBD/mapped in route inventory,TBD/mapped in API inventory,TBD/mapped in DB inventory,TBD/mapped in worker inventory,see QELLY_TEST_COVERAGE_MATRIX.csv,exact source audit; registry/route presence is not completion,implementation and end-to-end evidence,DATABASE,WAVE_2,unassigned,MEDIUM,MEDIUM,L,POST_BETA,yes,2026-07-29T15:49:53+05:30,eafb11719e67135c7a6fa3b15e1170c5192e4771,Conservative classification; no feature-count inflation.
F-D16-payouts,D16,BILLING AND MARKETPLACE,payouts,,PLANNED,PLANNED,PLANNED,UNAVAILABLE,UNAVAILABLE,PARTIAL,none/local or TBD,TBD/mapped in route inventory,TBD/mapped in API inventory,TBD/mapped in DB inventory,TBD/mapped in worker inventory,see QELLY_TEST_COVERAGE_MATRIX.csv,exact source audit; registry/route presence is not completion,implementation and end-to-end evidence,DATABASE,WAVE_6,unassigned,MEDIUM,MEDIUM,PROGRAM,POST_BETA,yes,2026-07-29T15:49:53+05:30,eafb11719e67135c7a6fa3b15e1170c5192e4771,Conservative classification; no feature-count inflation.
F-D16-refunds,D16,BILLING AND MARKETPLACE,refunds,,PLANNED,PLANNED,PLANNED,UNAVAILABLE,UNAVAILABLE,PARTIAL,none/local or TBD,TBD/mapped in route inventory,TBD/mapped in API inventory,TBD/mapped in DB inventory,TBD/mapped in worker inventory,see QELLY_TEST_COVERAGE_MATRIX.csv,exact source audit; registry/route presence is not completion,implementation and end-to-end evidence,DATABASE,WAVE_2,unassigned,MEDIUM,MEDIUM,L,POST_BETA,yes,2026-07-29T15:49:53+05:30,eafb11719e67135c7a6fa3b15e1170c5192e4771,Conservative classification; no feature-count inflation.
F-D16-disputes,D16,BILLING AND MARKETPLACE,disputes,,PLANNED,PLANNED,PLANNED,UNAVAILABLE,UNAVAILABLE,PARTIAL,none/local or TBD,TBD/mapped in route inventory,TBD/mapped in API inventory,TBD/mapped in DB inventory,TBD/mapped in worker inventory,see QELLY_TEST_COVERAGE_MATRIX.csv,exact source audit; registry/route presence is not completion,implementation and end-to-end evidence,DATABASE,WAVE_6,unassigned,MEDIUM,MEDIUM,PROGRAM,POST_BETA,yes,2026-07-29T15:49:53+05:30,eafb11719e67135c7a6fa3b15e1170c5192e4771,Conservative classification; no feature-count inflation.
F-D16-revenue-share,D16,BILLING AND MARKETPLACE,revenue share,,PLANNED,PLANNED,PLANNED,UNAVAILABLE,UNAVAILABLE,PARTIAL,none/local or TBD,TBD/mapped in route inventory,TBD/mapped in API inventory,TBD/mapped in DB inventory,TBD/mapped in worker inventory,see QELLY_TEST_COVERAGE_MATRIX.csv,exact source audit; registry/route presence is not completion,implementation and end-to-end evidence,DATABASE,WAVE_2,unassigned,MEDIUM,MEDIUM,L,POST_BETA,yes,2026-07-29T15:49:53+05:30,eafb11719e67135c7a6fa3b15e1170c5192e4771,Conservative classification; no feature-count inflation.
F-D16-marketplace-analytics,D16,BILLING AND MARKETPLACE,marketplace analytics.,,PLANNED,PLANNED,PLANNED,UNAVAILABLE,UNAVAILABLE,PARTIAL,none/local or TBD,TBD/mapped in route inventory,TBD/mapped in API inventory,TBD/mapped in DB inventory,TBD/mapped in worker inventory,see QELLY_TEST_COVERAGE_MATRIX.csv,exact source audit; registry/route presence is not completion,implementation and end-to-end evidence,SECURITY,WAVE_6,unassigned,MEDIUM,HIGH,PROGRAM,POST_BETA,conditional,2026-07-29T15:49:53+05:30,eafb11719e67135c7a6fa3b15e1170c5192e4771,Conservative classification; no feature-count inflation.
F-D17-rest-api,D17,DEVELOPER PLATFORM AND SDK,REST API,,PLANNED,PLANNED,PLANNED,UNAVAILABLE,UNAVAILABLE,PARTIAL,none/local or TBD,TBD/mapped in route inventory,TBD/mapped in API inventory,TBD/mapped in DB inventory,TBD/mapped in worker inventory,see QELLY_TEST_COVERAGE_MATRIX.csv,exact source audit; registry/route presence is not completion,implementation and end-to-end evidence,DATABASE,WAVE_2,unassigned,MEDIUM,MEDIUM,L,POST_BETA,yes,2026-07-29T15:49:53+05:30,eafb11719e67135c7a6fa3b15e1170c5192e4771,Conservative classification; no feature-count inflation.
F-D17-websocket-api,D17,DEVELOPER PLATFORM AND SDK,WebSocket API,,PLANNED,PLANNED,PLANNED,UNAVAILABLE,UNAVAILABLE,PARTIAL,none/local or TBD,TBD/mapped in route inventory,TBD/mapped in API inventory,TBD/mapped in DB inventory,TBD/mapped in worker inventory,see QELLY_TEST_COVERAGE_MATRIX.csv,exact source audit; registry/route presence is not completion,implementation and end-to-end evidence,DATABASE,WAVE_2,unassigned,MEDIUM,MEDIUM,L,POST_BETA,yes,2026-07-29T15:49:53+05:30,eafb11719e67135c7a6fa3b15e1170c5192e4771,Conservative classification; no feature-count inflation.
F-D17-api-keys,D17,DEVELOPER PLATFORM AND SDK,API keys,,PLANNED,PLANNED,PLANNED,UNAVAILABLE,UNAVAILABLE,PARTIAL,none/local or TBD,TBD/mapped in route inventory,TBD/mapped in API inventory,TBD/mapped in DB inventory,TBD/mapped in worker inventory,see QELLY_TEST_COVERAGE_MATRIX.csv,exact source audit; registry/route presence is not completion,implementation and end-to-end evidence,DATABASE,WAVE_2,unassigned,MEDIUM,MEDIUM,L,POST_BETA,yes,2026-07-29T15:49:53+05:30,eafb11719e67135c7a6fa3b15e1170c5192e4771,Conservative classification; no feature-count inflation.
F-D17-oauth-apps,D17,DEVELOPER PLATFORM AND SDK,OAuth apps,,PLANNED,PLANNED,PLANNED,UNAVAILABLE,UNAVAILABLE,PARTIAL,none/local or TBD,TBD/mapped in route inventory,TBD/mapped in API inventory,TBD/mapped in DB inventory,TBD/mapped in worker inventory,see QELLY_TEST_COVERAGE_MATRIX.csv,exact source audit; registry/route presence is not completion,implementation and end-to-end evidence,DATABASE,WAVE_4,unassigned,MEDIUM,MEDIUM,L,POST_BETA,yes,2026-07-29T15:49:53+05:30,eafb11719e67135c7a6fa3b15e1170c5192e4771,Conservative classification; no feature-count inflation.
F-D17-sdks,D17,DEVELOPER PLATFORM AND SDK,SDKs,,PLANNED,PLANNED,PLANNED,UNAVAILABLE,UNAVAILABLE,PARTIAL,none/local or TBD,TBD/mapped in route inventory,TBD/mapped in API inventory,TBD/mapped in DB inventory,TBD/mapped in worker inventory,see QELLY_TEST_COVERAGE_MATRIX.csv,exact source audit; registry/route presence is not completion,implementation and end-to-end evidence,DATABASE,WAVE_2,unassigned,MEDIUM,MEDIUM,L,POST_BETA,yes,2026-07-29T15:49:53+05:30,eafb11719e67135c7a6fa3b15e1170c5192e4771,Conservative classification; no feature-count inflation.
F-D17-python-sdk,D17,DEVELOPER PLATFORM AND SDK,Python SDK,,PLANNED,PLANNED,PLANNED,UNAVAILABLE,UNAVAILABLE,PARTIAL,none/local or TBD,TBD/mapped in route inventory,TBD/mapped in API inventory,TBD/mapped in DB inventory,TBD/mapped in worker inventory,see QELLY_TEST_COVERAGE_MATRIX.csv,exact source audit; registry/route presence is not completion,implementation and end-to-end evidence,DATABASE,WAVE_2,unassigned,MEDIUM,MEDIUM,L,POST_BETA,yes,2026-07-29T15:49:53+05:30,eafb11719e67135c7a6fa3b15e1170c5192e4771,Conservative classification; no feature-count inflation.
F-D17-javascript-typescript-sdk,D17,DEVELOPER PLATFORM AND SDK,JavaScript/TypeScript SDK,,PLANNED,PLANNED,PLANNED,UNAVAILABLE,UNAVAILABLE,PARTIAL,none/local or TBD,TBD/mapped in route inventory,TBD/mapped in API inventory,TBD/mapped in DB inventory,TBD/mapped in worker inventory,see QELLY_TEST_COVERAGE_MATRIX.csv,exact source audit; registry/route presence is not completion,implementation and end-to-end evidence,DATABASE,WAVE_2,unassigned,MEDIUM,MEDIUM,L,POST_BETA,yes,2026-07-29T15:49:53+05:30,eafb11719e67135c7a6fa3b15e1170c5192e4771,Conservative classification; no feature-count inflation.
F-D17-mql-export,D17,DEVELOPER PLATFORM AND SDK,MQL export,,PLANNED,PLANNED,PLANNED,UNAVAILABLE,UNAVAILABLE,PARTIAL,none/local or TBD,TBD/mapped in route inventory,TBD/mapped in API inventory,TBD/mapped in DB inventory,TBD/mapped in worker inventory,see QELLY_TEST_COVERAGE_MATRIX.csv,exact source audit; registry/route presence is not completion,implementation and end-to-end evidence,DATABASE,WAVE_2,unassigned,MEDIUM,MEDIUM,L,POST_BETA,yes,2026-07-29T15:49:53+05:30,eafb11719e67135c7a6fa3b15e1170c5192e4771,Conservative classification; no feature-count inflation.
F-D17-pine-export,D17,DEVELOPER PLATFORM AND SDK,Pine export,,PLANNED,PLANNED,PLANNED,UNAVAILABLE,UNAVAILABLE,PARTIAL,none/local or TBD,TBD/mapped in route inventory,TBD/mapped in API inventory,TBD/mapped in DB inventory,TBD/mapped in worker inventory,see QELLY_TEST_COVERAGE_MATRIX.csv,exact source audit; registry/route presence is not completion,implementation and end-to-end evidence,DATABASE,WAVE_2,unassigned,MEDIUM,MEDIUM,L,POST_BETA,yes,2026-07-29T15:49:53+05:30,eafb11719e67135c7a6fa3b15e1170c5192e4771,Conservative classification; no feature-count inflation.
F-D17-ctrader-export,D17,DEVELOPER PLATFORM AND SDK,cTrader export,,PLANNED,PLANNED,PLANNED,UNAVAILABLE,UNAVAILABLE,PARTIAL,none/local or TBD,TBD/mapped in route inventory,TBD/mapped in API inventory,TBD/mapped in DB inventory,TBD/mapped in worker inventory,see QELLY_TEST_COVERAGE_MATRIX.csv,exact source audit; registry/route presence is not completion,implementation and end-to-end evidence,DATABASE,WAVE_2,unassigned,MEDIUM,MEDIUM,L,POST_BETA,yes,2026-07-29T15:49:53+05:30,eafb11719e67135c7a6fa3b15e1170c5192e4771,Conservative classification; no feature-count inflation.
F-D17-strategy-manifest,D17,DEVELOPER PLATFORM AND SDK,strategy manifest,,PLANNED,PLANNED,PLANNED,UNAVAILABLE,UNAVAILABLE,PARTIAL,none/local or TBD,TBD/mapped in route inventory,TBD/mapped in API inventory,TBD/mapped in DB inventory,TBD/mapped in worker inventory,see QELLY_TEST_COVERAGE_MATRIX.csv,exact source audit; registry/route presence is not completion,implementation and end-to-end evidence,DATABASE,WAVE_5,unassigned,MEDIUM,MEDIUM,PROGRAM,POST_BETA,yes,2026-07-29T15:49:53+05:30,eafb11719e67135c7a6fa3b15e1170c5192e4771,Conservative classification; no feature-count inflation.
F-D17-extension-platform,D17,DEVELOPER PLATFORM AND SDK,extension platform,,PLANNED,PLANNED,PLANNED,UNAVAILABLE,UNAVAILABLE,PARTIAL,none/local or TBD,TBD/mapped in route inventory,TBD/mapped in API inventory,TBD/mapped in DB inventory,TBD/mapped in worker inventory,see QELLY_TEST_COVERAGE_MATRIX.csv,exact source audit; registry/route presence is not completion,implementation and end-to-end evidence,DATABASE,WAVE_2,unassigned,MEDIUM,MEDIUM,L,POST_BETA,yes,2026-07-29T15:49:53+05:30,eafb11719e67135c7a6fa3b15e1170c5192e4771,Conservative classification; no feature-count inflation.
F-D17-widgets,D17,DEVELOPER PLATFORM AND SDK,widgets,,PLANNED,PLANNED,PLANNED,UNAVAILABLE,UNAVAILABLE,PARTIAL,none/local or TBD,TBD/mapped in route inventory,TBD/mapped in API inventory,TBD/mapped in DB inventory,TBD/mapped in worker inventory,see QELLY_TEST_COVERAGE_MATRIX.csv,exact source audit; registry/route presence is not completion,implementation and end-to-end evidence,DATABASE,WAVE_2,unassigned,MEDIUM,MEDIUM,L,POST_BETA,yes,2026-07-29T15:49:53+05:30,eafb11719e67135c7a6fa3b15e1170c5192e4771,Conservative classification; no feature-count inflation.
F-D17-developer-portal,D17,DEVELOPER PLATFORM AND SDK,developer portal,,PLANNED,PLANNED,PLANNED,UNAVAILABLE,UNAVAILABLE,PARTIAL,none/local or TBD,TBD/mapped in route inventory,TBD/mapped in API inventory,TBD/mapped in DB inventory,TBD/mapped in worker inventory,see QELLY_TEST_COVERAGE_MATRIX.csv,exact source audit; registry/route presence is not completion,implementation and end-to-end evidence,DATABASE,WAVE_2,unassigned,MEDIUM,MEDIUM,L,POST_BETA,yes,2026-07-29T15:49:53+05:30,eafb11719e67135c7a6fa3b15e1170c5192e4771,Conservative classification; no feature-count inflation.
F-D17-examples,D17,DEVELOPER PLATFORM AND SDK,examples,,PLANNED,PLANNED,PLANNED,UNAVAILABLE,UNAVAILABLE,PARTIAL,none/local or TBD,TBD/mapped in route inventory,TBD/mapped in API inventory,TBD/mapped in DB inventory,TBD/mapped in worker inventory,see QELLY_TEST_COVERAGE_MATRIX.csv,exact source audit; registry/route presence is not completion,implementation and end-to-end evidence,DATABASE,WAVE_2,unassigned,MEDIUM,MEDIUM,L,POST_BETA,yes,2026-07-29T15:49:53+05:30,eafb11719e67135c7a6fa3b15e1170c5192e4771,Conservative classification; no feature-count inflation.
F-D17-sandbox,D17,DEVELOPER PLATFORM AND SDK,sandbox,D23:SECURITY AND PRIVACY,PLANNED,PLANNED,PLANNED,UNAVAILABLE,UNAVAILABLE,PARTIAL,none/local or TBD,TBD/mapped in route inventory,TBD/mapped in API inventory,TBD/mapped in DB inventory,TBD/mapped in worker inventory,see QELLY_TEST_COVERAGE_MATRIX.csv,exact source audit; registry/route presence is not completion,implementation and end-to-end evidence,DATABASE,WAVE_2,unassigned,MEDIUM,MEDIUM,L,POST_BETA,yes,2026-07-29T15:49:53+05:30,eafb11719e67135c7a6fa3b15e1170c5192e4771,Conservative classification; no feature-count inflation.
F-D17-usage-analytics,D17,DEVELOPER PLATFORM AND SDK,usage analytics.,,PLANNED,PLANNED,PLANNED,UNAVAILABLE,UNAVAILABLE,PARTIAL,none/local or TBD,TBD/mapped in route inventory,TBD/mapped in API inventory,TBD/mapped in DB inventory,TBD/mapped in worker inventory,see QELLY_TEST_COVERAGE_MATRIX.csv,exact source audit; registry/route presence is not completion,implementation and end-to-end evidence,DATABASE,WAVE_2,unassigned,MEDIUM,MEDIUM,L,POST_BETA,yes,2026-07-29T15:49:53+05:30,eafb11719e67135c7a6fa3b15e1170c5192e4771,Conservative classification; no feature-count inflation.
F-D18-provider-adapter-interface,D18,DATA MESH AND PROVIDER RUNTIME,provider adapter interface,,IMPLEMENTED_DETERMINISTIC_LOCAL,IMPLEMENTED_DETERMINISTIC_LOCAL,IMPLEMENTED_DETERMINISTIC_LOCAL,IMPLEMENTED_DETERMINISTIC_LOCAL,IMPLEMENTED_DETERMINISTIC_LOCAL,PARTIAL,none/local or TBD,TBD/mapped in route inventory,TBD/mapped in API inventory,TBD/mapped in DB inventory,TBD/mapped in worker inventory,see QELLY_TEST_COVERAGE_MATRIX.csv,exact source audit; registry/route presence is not completion,,FOUNDATION,WAVE_2,unassigned,HIGH,MEDIUM,M,PUBLIC_BETA_MUST,yes,2026-07-29T15:49:53+05:30,eafb11719e67135c7a6fa3b15e1170c5192e4771,Conservative classification; no feature-count inflation.
F-D18-source-registry,D18,DATA MESH AND PROVIDER RUNTIME,source registry,,PARTIAL,PARTIAL,PARTIAL,PARTIAL,PARTIAL,PARTIAL,none/local or TBD,TBD/mapped in route inventory,TBD/mapped in API inventory,TBD/mapped in DB inventory,TBD/mapped in worker inventory,see QELLY_TEST_COVERAGE_MATRIX.csv,exact source audit; registry/route presence is not completion,implementation and end-to-end evidence,FOUNDATION,WAVE_2,unassigned,HIGH,MEDIUM,M,PUBLIC_BETA_MUST,yes,2026-07-29T15:49:53+05:30,eafb11719e67135c7a6fa3b15e1170c5192e4771,Conservative classification; no feature-count inflation.
F-D18-schema-validation,D18,DATA MESH AND PROVIDER RUNTIME,schema validation,,IMPLEMENTED_DETERMINISTIC_LOCAL,IMPLEMENTED_DETERMINISTIC_LOCAL,IMPLEMENTED_DETERMINISTIC_LOCAL,IMPLEMENTED_DETERMINISTIC_LOCAL,IMPLEMENTED_DETERMINISTIC_LOCAL,PARTIAL,none/local or TBD,TBD/mapped in route inventory,TBD/mapped in API inventory,TBD/mapped in DB inventory,TBD/mapped in worker inventory,see QELLY_TEST_COVERAGE_MATRIX.csv,exact source audit; registry/route presence is not completion,,FOUNDATION,WAVE_2,unassigned,HIGH,MEDIUM,M,PUBLIC_BETA_MUST,yes,2026-07-29T15:49:53+05:30,eafb11719e67135c7a6fa3b15e1170c5192e4771,Conservative classification; no feature-count inflation.
F-D18-canonical-mapping,D18,DATA MESH AND PROVIDER RUNTIME,canonical mapping,,PARTIAL,PARTIAL,PARTIAL,PARTIAL,PARTIAL,PARTIAL,none/local or TBD,TBD/mapped in route inventory,TBD/mapped in API inventory,TBD/mapped in DB inventory,TBD/mapped in worker inventory,see QELLY_TEST_COVERAGE_MATRIX.csv,exact source audit; registry/route presence is not completion,implementation and end-to-end evidence,FOUNDATION,WAVE_2,unassigned,HIGH,MEDIUM,M,PUBLIC_BETA_MUST,yes,2026-07-29T15:49:53+05:30,eafb11719e67135c7a6fa3b15e1170c5192e4771,Conservative classification; no feature-count inflation.
F-D18-normalization,D18,DATA MESH AND PROVIDER RUNTIME,normalization,,PARTIAL,PARTIAL,PARTIAL,PARTIAL,PARTIAL,PARTIAL,none/local or TBD,TBD/mapped in route inventory,TBD/mapped in API inventory,TBD/mapped in DB inventory,TBD/mapped in worker inventory,see QELLY_TEST_COVERAGE_MATRIX.csv,exact source audit; registry/route presence is not completion,implementation and end-to-end evidence,FOUNDATION,WAVE_2,unassigned,HIGH,MEDIUM,M,PUBLIC_BETA_MUST,yes,2026-07-29T15:49:53+05:30,eafb11719e67135c7a6fa3b15e1170c5192e4771,Conservative classification; no feature-count inflation.
F-D18-quality-checks,D18,DATA MESH AND PROVIDER RUNTIME,quality checks,,PARTIAL,PARTIAL,PARTIAL,PARTIAL,PARTIAL,PARTIAL,none/local or TBD,TBD/mapped in route inventory,TBD/mapped in API inventory,TBD/mapped in DB inventory,TBD/mapped in worker inventory,see QELLY_TEST_COVERAGE_MATRIX.csv,exact source audit; registry/route presence is not completion,implementation and end-to-end evidence,FOUNDATION,WAVE_2,unassigned,HIGH,MEDIUM,M,PUBLIC_BETA_MUST,yes,2026-07-29T15:49:53+05:30,eafb11719e67135c7a6fa3b15e1170c5192e4771,Conservative classification; no feature-count inflation.
F-D18-lineage,D18,DATA MESH AND PROVIDER RUNTIME,lineage,,PARTIAL,PARTIAL,PARTIAL,PARTIAL,PARTIAL,PARTIAL,none/local or TBD,TBD/mapped in route inventory,TBD/mapped in API inventory,TBD/mapped in DB inventory,TBD/mapped in worker inventory,see QELLY_TEST_COVERAGE_MATRIX.csv,exact source audit; registry/route presence is not completion,implementation and end-to-end evidence,FOUNDATION,WAVE_2,unassigned,HIGH,MEDIUM,M,PUBLIC_BETA_MUST,yes,2026-07-29T15:49:53+05:30,eafb11719e67135c7a6fa3b15e1170c5192e4771,Conservative classification; no feature-count inflation.
F-D18-freshness,D18,DATA MESH AND PROVIDER RUNTIME,freshness,,PARTIAL,PARTIAL,PARTIAL,PARTIAL,PARTIAL,PARTIAL,none/local or TBD,TBD/mapped in route inventory,TBD/mapped in API inventory,TBD/mapped in DB inventory,TBD/mapped in worker inventory,see QELLY_TEST_COVERAGE_MATRIX.csv,exact source audit; registry/route presence is not completion,implementation and end-to-end evidence,FOUNDATION,WAVE_2,unassigned,HIGH,MEDIUM,M,PUBLIC_BETA_MUST,yes,2026-07-29T15:49:53+05:30,eafb11719e67135c7a6fa3b15e1170c5192e4771,Conservative classification; no feature-count inflation.
F-D18-confidence,D18,DATA MESH AND PROVIDER RUNTIME,confidence,,PARTIAL,PARTIAL,PARTIAL,PARTIAL,PARTIAL,PARTIAL,none/local or TBD,TBD/mapped in route inventory,TBD/mapped in API inventory,TBD/mapped in DB inventory,TBD/mapped in worker inventory,see QELLY_TEST_COVERAGE_MATRIX.csv,exact source audit; registry/route presence is not completion,implementation and end-to-end evidence,FOUNDATION,WAVE_2,unassigned,HIGH,MEDIUM,M,PUBLIC_BETA_MUST,yes,2026-07-29T15:49:53+05:30,eafb11719e67135c7a6fa3b15e1170c5192e4771,Conservative classification; no feature-count inflation.
F-D18-caching,D18,DATA MESH AND PROVIDER RUNTIME,caching,,PARTIAL,PARTIAL,PARTIAL,PARTIAL,PARTIAL,PARTIAL,none/local or TBD,TBD/mapped in route inventory,TBD/mapped in API inventory,TBD/mapped in DB inventory,TBD/mapped in worker inventory,see QELLY_TEST_COVERAGE_MATRIX.csv,exact source audit; registry/route presence is not completion,implementation and end-to-end evidence,FOUNDATION,WAVE_2,unassigned,HIGH,MEDIUM,M,PUBLIC_BETA_MUST,yes,2026-07-29T15:49:53+05:30,eafb11719e67135c7a6fa3b15e1170c5192e4771,Conservative classification; no feature-count inflation.
F-D18-retries,D18,DATA MESH AND PROVIDER RUNTIME,retries,,PARTIAL,PARTIAL,PARTIAL,PARTIAL,PARTIAL,PARTIAL,none/local or TBD,TBD/mapped in route inventory,TBD/mapped in API inventory,TBD/mapped in DB inventory,TBD/mapped in worker inventory,see QELLY_TEST_COVERAGE_MATRIX.csv,exact source audit; registry/route presence is not completion,implementation and end-to-end evidence,FOUNDATION,WAVE_2,unassigned,HIGH,MEDIUM,M,PUBLIC_BETA_MUST,yes,2026-07-29T15:49:53+05:30,eafb11719e67135c7a6fa3b15e1170c5192e4771,Conservative classification; no feature-count inflation.
F-D18-circuit-breakers,D18,DATA MESH AND PROVIDER RUNTIME,circuit breakers,,PARTIAL,PARTIAL,PARTIAL,PARTIAL,PARTIAL,PARTIAL,none/local or TBD,TBD/mapped in route inventory,TBD/mapped in API inventory,TBD/mapped in DB inventory,TBD/mapped in worker inventory,see QELLY_TEST_COVERAGE_MATRIX.csv,exact source audit; registry/route presence is not completion,implementation and end-to-end evidence,FOUNDATION,WAVE_2,unassigned,HIGH,MEDIUM,M,PUBLIC_BETA_MUST,yes,2026-07-29T15:49:53+05:30,eafb11719e67135c7a6fa3b15e1170c5192e4771,Conservative classification; no feature-count inflation.
F-D18-quotas,D18,DATA MESH AND PROVIDER RUNTIME,quotas,,PARTIAL,PARTIAL,PARTIAL,PARTIAL,PARTIAL,PARTIAL,none/local or TBD,TBD/mapped in route inventory,TBD/mapped in API inventory,TBD/mapped in DB inventory,TBD/mapped in worker inventory,see QELLY_TEST_COVERAGE_MATRIX.csv,exact source audit; registry/route presence is not completion,implementation and end-to-end evidence,FOUNDATION,WAVE_2,unassigned,HIGH,MEDIUM,M,PUBLIC_BETA_MUST,yes,2026-07-29T15:49:53+05:30,eafb11719e67135c7a6fa3b15e1170c5192e4771,Conservative classification; no feature-count inflation.
F-D18-kill-switches,D18,DATA MESH AND PROVIDER RUNTIME,kill switches,,IMPLEMENTED_DETERMINISTIC_LOCAL,IMPLEMENTED_DETERMINISTIC_LOCAL,IMPLEMENTED_DETERMINISTIC_LOCAL,IMPLEMENTED_DETERMINISTIC_LOCAL,IMPLEMENTED_DETERMINISTIC_LOCAL,PARTIAL,none/local or TBD,TBD/mapped in route inventory,TBD/mapped in API inventory,TBD/mapped in DB inventory,TBD/mapped in worker inventory,see QELLY_TEST_COVERAGE_MATRIX.csv,exact source audit; registry/route presence is not completion,,FOUNDATION,WAVE_2,unassigned,HIGH,MEDIUM,M,PUBLIC_BETA_MUST,yes,2026-07-29T15:49:53+05:30,eafb11719e67135c7a6fa3b15e1170c5192e4771,Conservative classification; no feature-count inflation.
F-D18-fallbacks,D18,DATA MESH AND PROVIDER RUNTIME,fallbacks,,PARTIAL,PARTIAL,PARTIAL,PARTIAL,PARTIAL,PARTIAL,none/local or TBD,TBD/mapped in route inventory,TBD/mapped in API inventory,TBD/mapped in DB inventory,TBD/mapped in worker inventory,see QELLY_TEST_COVERAGE_MATRIX.csv,exact source audit; registry/route presence is not completion,implementation and end-to-end evidence,FOUNDATION,WAVE_2,unassigned,HIGH,MEDIUM,M,PUBLIC_BETA_MUST,yes,2026-07-29T15:49:53+05:30,eafb11719e67135c7a6fa3b15e1170c5192e4771,Conservative classification; no feature-count inflation.
F-D18-provider-health,D18,DATA MESH AND PROVIDER RUNTIME,provider health,"D25:OBSERVABILITY, SRE AND OPERATIONS",PARTIAL,PARTIAL,PARTIAL,PARTIAL,PARTIAL,PARTIAL,none/local or TBD,TBD/mapped in route inventory,TBD/mapped in API inventory,TBD/mapped in DB inventory,TBD/mapped in worker inventory,see QELLY_TEST_COVERAGE_MATRIX.csv,exact source audit; registry/route presence is not completion,implementation and end-to-end evidence,FOUNDATION,WAVE_2,unassigned,HIGH,MEDIUM,M,PUBLIC_BETA_MUST,yes,2026-07-29T15:49:53+05:30,eafb11719e67135c7a6fa3b15e1170c5192e4771,Conservative classification; no feature-count inflation.
F-D18-reconciliation,D18,DATA MESH AND PROVIDER RUNTIME,reconciliation,,PARTIAL,PARTIAL,PARTIAL,PARTIAL,PARTIAL,PARTIAL,none/local or TBD,TBD/mapped in route inventory,TBD/mapped in API inventory,TBD/mapped in DB inventory,TBD/mapped in worker inventory,see QELLY_TEST_COVERAGE_MATRIX.csv,exact source audit; registry/route presence is not completion,implementation and end-to-end evidence,FOUNDATION,WAVE_2,unassigned,HIGH,MEDIUM,M,PUBLIC_BETA_MUST,yes,2026-07-29T15:49:53+05:30,eafb11719e67135c7a6fa3b15e1170c5192e4771,Conservative classification; no feature-count inflation.
F-D18-correction-events,D18,DATA MESH AND PROVIDER RUNTIME,correction events.,,PARTIAL,PARTIAL,PARTIAL,PARTIAL,PARTIAL,PARTIAL,none/local or TBD,TBD/mapped in route inventory,TBD/mapped in API inventory,TBD/mapped in DB inventory,TBD/mapped in worker inventory,see QELLY_TEST_COVERAGE_MATRIX.csv,exact source audit; registry/route presence is not completion,implementation and end-to-end evidence,FOUNDATION,WAVE_2,unassigned,HIGH,MEDIUM,M,PUBLIC_BETA_MUST,yes,2026-07-29T15:49:53+05:30,eafb11719e67135c7a6fa3b15e1170c5192e4771,Conservative classification; no feature-count inflation.
F-D19-canonical-instruments,D19,INSTRUMENT MASTER AND REFERENCE DATA,canonical instruments,,PLANNED,PLANNED,PLANNED,UNAVAILABLE,UNAVAILABLE,PARTIAL,none/local or TBD,TBD/mapped in route inventory,TBD/mapped in API inventory,TBD/mapped in DB inventory,TBD/mapped in worker inventory,see QELLY_TEST_COVERAGE_MATRIX.csv,exact source audit; registry/route presence is not completion,implementation and end-to-end evidence,DATABASE,WAVE_2,unassigned,MEDIUM,MEDIUM,L,POST_BETA,yes,2026-07-29T15:49:53+05:30,eafb11719e67135c7a6fa3b15e1170c5192e4771,Conservative classification; no feature-count inflation.
F-D19-symbols,D19,INSTRUMENT MASTER AND REFERENCE DATA,symbols,,PLANNED,PLANNED,PLANNED,UNAVAILABLE,UNAVAILABLE,PARTIAL,none/local or TBD,TBD/mapped in route inventory,TBD/mapped in API inventory,TBD/mapped in DB inventory,TBD/mapped in worker inventory,see QELLY_TEST_COVERAGE_MATRIX.csv,exact source audit; registry/route presence is not completion,implementation and end-to-end evidence,DATABASE,WAVE_2,unassigned,MEDIUM,MEDIUM,L,POST_BETA,yes,2026-07-29T15:49:53+05:30,eafb11719e67135c7a6fa3b15e1170c5192e4771,Conservative classification; no feature-count inflation.
F-D19-venues,D19,INSTRUMENT MASTER AND REFERENCE DATA,venues,,PROTOTYPE,PROTOTYPE,PARTIAL,SIMULATED,PARTIAL,PARTIAL,none/local or TBD,TBD/mapped in route inventory,TBD/mapped in API inventory,TBD/mapped in DB inventory,TBD/mapped in worker inventory,see QELLY_TEST_COVERAGE_MATRIX.csv,exact source audit; registry/route presence is not completion,implementation and end-to-end evidence,DATABASE,WAVE_2,unassigned,MEDIUM,MEDIUM,M,POST_BETA,yes,2026-07-29T15:49:53+05:30,eafb11719e67135c7a6fa3b15e1170c5192e4771,Conservative classification; no feature-count inflation.
F-D19-isin,D19,INSTRUMENT MASTER AND REFERENCE DATA,ISIN,,PLANNED,PLANNED,PLANNED,UNAVAILABLE,UNAVAILABLE,PARTIAL,none/local or TBD,TBD/mapped in route inventory,TBD/mapped in API inventory,TBD/mapped in DB inventory,TBD/mapped in worker inventory,see QELLY_TEST_COVERAGE_MATRIX.csv,exact source audit; registry/route presence is not completion,implementation and end-to-end evidence,DATABASE,WAVE_2,unassigned,MEDIUM,MEDIUM,L,POST_BETA,yes,2026-07-29T15:49:53+05:30,eafb11719e67135c7a6fa3b15e1170c5192e4771,Conservative classification; no feature-count inflation.
F-D19-figi-where-licensed,D19,INSTRUMENT MASTER AND REFERENCE DATA,FIGI where licensed,,PLANNED,PLANNED,PLANNED,UNAVAILABLE,UNAVAILABLE,PARTIAL,none/local or TBD,TBD/mapped in route inventory,TBD/mapped in API inventory,TBD/mapped in DB inventory,TBD/mapped in worker inventory,see QELLY_TEST_COVERAGE_MATRIX.csv,exact source audit; registry/route presence is not completion,implementation and end-to-end evidence,DATABASE,WAVE_2,unassigned,MEDIUM,MEDIUM,L,POST_BETA,yes,2026-07-29T15:49:53+05:30,eafb11719e67135c7a6fa3b15e1170c5192e4771,Conservative classification; no feature-count inflation.
F-D19-cusip-where-licensed,D19,INSTRUMENT MASTER AND REFERENCE DATA,CUSIP where licensed,,PLANNED,PLANNED,PLANNED,UNAVAILABLE,UNAVAILABLE,PARTIAL,none/local or TBD,TBD/mapped in route inventory,TBD/mapped in API inventory,TBD/mapped in DB inventory,TBD/mapped in worker inventory,see QELLY_TEST_COVERAGE_MATRIX.csv,exact source audit; registry/route presence is not completion,implementation and end-to-end evidence,DATABASE,WAVE_1,unassigned,MEDIUM,MEDIUM,L,POST_BETA,yes,2026-07-29T15:49:53+05:30,eafb11719e67135c7a6fa3b15e1170c5192e4771,Conservative classification; no feature-count inflation.
F-D19-sedol-where-licensed,D19,INSTRUMENT MASTER AND REFERENCE DATA,SEDOL where licensed,,PLANNED,PLANNED,PLANNED,UNAVAILABLE,UNAVAILABLE,PARTIAL,none/local or TBD,TBD/mapped in route inventory,TBD/mapped in API inventory,TBD/mapped in DB inventory,TBD/mapped in worker inventory,see QELLY_TEST_COVERAGE_MATRIX.csv,exact source audit; registry/route presence is not completion,implementation and end-to-end evidence,DATABASE,WAVE_2,unassigned,MEDIUM,MEDIUM,L,POST_BETA,yes,2026-07-29T15:49:53+05:30,eafb11719e67135c7a6fa3b15e1170c5192e4771,Conservative classification; no feature-count inflation.
F-D19-crypto-contract-addresses,D19,INSTRUMENT MASTER AND REFERENCE DATA,crypto contract addresses,,PLANNED,PLANNED,PLANNED,UNAVAILABLE,UNAVAILABLE,PARTIAL,none/local or TBD,TBD/mapped in route inventory,TBD/mapped in API inventory,TBD/mapped in DB inventory,TBD/mapped in worker inventory,see QELLY_TEST_COVERAGE_MATRIX.csv,exact source audit; registry/route presence is not completion,implementation and end-to-end evidence,DATABASE,WAVE_2,unassigned,MEDIUM,MEDIUM,L,POST_BETA,yes,2026-07-29T15:49:53+05:30,eafb11719e67135c7a6fa3b15e1170c5192e4771,Conservative classification; no feature-count inflation.
F-D19-futures-contracts,D19,INSTRUMENT MASTER AND REFERENCE DATA,futures contracts,,PLANNED,PLANNED,PLANNED,UNAVAILABLE,UNAVAILABLE,PARTIAL,none/local or TBD,TBD/mapped in route inventory,TBD/mapped in API inventory,TBD/mapped in DB inventory,TBD/mapped in worker inventory,see QELLY_TEST_COVERAGE_MATRIX.csv,exact source audit; registry/route presence is not completion,implementation and end-to-end evidence,DATABASE,WAVE_2,unassigned,MEDIUM,MEDIUM,L,POST_BETA,yes,2026-07-29T15:49:53+05:30,eafb11719e67135c7a6fa3b15e1170c5192e4771,Conservative classification; no feature-count inflation.
F-D19-options-contracts,D19,INSTRUMENT MASTER AND REFERENCE DATA,options contracts,,PLANNED,PLANNED,PLANNED,UNAVAILABLE,UNAVAILABLE,PARTIAL,none/local or TBD,TBD/mapped in route inventory,TBD/mapped in API inventory,TBD/mapped in DB inventory,TBD/mapped in worker inventory,see QELLY_TEST_COVERAGE_MATRIX.csv,exact source audit; registry/route presence is not completion,implementation and end-to-end evidence,DATABASE,WAVE_7,unassigned,MEDIUM,MEDIUM,PROGRAM,POST_BETA,yes,2026-07-29T15:49:53+05:30,eafb11719e67135c7a6fa3b15e1170c5192e4771,Conservative classification; no feature-count inflation.
F-D19-symbol-changes,D19,INSTRUMENT MASTER AND REFERENCE DATA,symbol changes,,PLANNED,PLANNED,PLANNED,UNAVAILABLE,UNAVAILABLE,PARTIAL,none/local or TBD,TBD/mapped in route inventory,TBD/mapped in API inventory,TBD/mapped in DB inventory,TBD/mapped in worker inventory,see QELLY_TEST_COVERAGE_MATRIX.csv,exact source audit; registry/route presence is not completion,implementation and end-to-end evidence,DATABASE,WAVE_2,unassigned,MEDIUM,MEDIUM,L,POST_BETA,yes,2026-07-29T15:49:53+05:30,eafb11719e67135c7a6fa3b15e1170c5192e4771,Conservative classification; no feature-count inflation.
F-D19-currencies,D19,INSTRUMENT MASTER AND REFERENCE DATA,currencies,,PLANNED,PLANNED,PLANNED,UNAVAILABLE,UNAVAILABLE,PARTIAL,none/local or TBD,TBD/mapped in route inventory,TBD/mapped in API inventory,TBD/mapped in DB inventory,TBD/mapped in worker inventory,see QELLY_TEST_COVERAGE_MATRIX.csv,exact source audit; registry/route presence is not completion,implementation and end-to-end evidence,DATABASE,WAVE_2,unassigned,MEDIUM,MEDIUM,L,POST_BETA,yes,2026-07-29T15:49:53+05:30,eafb11719e67135c7a6fa3b15e1170c5192e4771,Conservative classification; no feature-count inflation.
F-D19-units,D19,INSTRUMENT MASTER AND REFERENCE DATA,units,,PLANNED,PLANNED,PLANNED,UNAVAILABLE,UNAVAILABLE,PARTIAL,none/local or TBD,TBD/mapped in route inventory,TBD/mapped in API inventory,TBD/mapped in DB inventory,TBD/mapped in worker inventory,see QELLY_TEST_COVERAGE_MATRIX.csv,exact source audit; registry/route presence is not completion,implementation and end-to-end evidence,DATABASE,WAVE_2,unassigned,MEDIUM,MEDIUM,L,POST_BETA,yes,2026-07-29T15:49:53+05:30,eafb11719e67135c7a6fa3b15e1170c5192e4771,Conservative classification; no feature-count inflation.
F-D19-calendars,D19,INSTRUMENT MASTER AND REFERENCE DATA,calendars,,PLANNED,PLANNED,PLANNED,UNAVAILABLE,UNAVAILABLE,PARTIAL,none/local or TBD,TBD/mapped in route inventory,TBD/mapped in API inventory,TBD/mapped in DB inventory,TBD/mapped in worker inventory,see QELLY_TEST_COVERAGE_MATRIX.csv,exact source audit; registry/route presence is not completion,implementation and end-to-end evidence,DATABASE,WAVE_2,unassigned,MEDIUM,MEDIUM,L,POST_BETA,yes,2026-07-29T15:49:53+05:30,eafb11719e67135c7a6fa3b15e1170c5192e4771,Conservative classification; no feature-count inflation.
F-D19-timezones,D19,INSTRUMENT MASTER AND REFERENCE DATA,timezones,,PLANNED,PLANNED,PLANNED,UNAVAILABLE,UNAVAILABLE,PARTIAL,none/local or TBD,TBD/mapped in route inventory,TBD/mapped in API inventory,TBD/mapped in DB inventory,TBD/mapped in worker inventory,see QELLY_TEST_COVERAGE_MATRIX.csv,exact source audit; registry/route presence is not completion,implementation and end-to-end evidence,DATABASE,WAVE_2,unassigned,MEDIUM,MEDIUM,L,POST_BETA,yes,2026-07-29T15:49:53+05:30,eafb11719e67135c7a6fa3b15e1170c5192e4771,Conservative classification; no feature-count inflation.
F-D19-classifications,D19,INSTRUMENT MASTER AND REFERENCE DATA,classifications,,PLANNED,PLANNED,PLANNED,UNAVAILABLE,UNAVAILABLE,PARTIAL,none/local or TBD,TBD/mapped in route inventory,TBD/mapped in API inventory,TBD/mapped in DB inventory,TBD/mapped in worker inventory,see QELLY_TEST_COVERAGE_MATRIX.csv,exact source audit; registry/route presence is not completion,implementation and end-to-end evidence,DATABASE,WAVE_2,unassigned,MEDIUM,MEDIUM,L,POST_BETA,yes,2026-07-29T15:49:53+05:30,eafb11719e67135c7a6fa3b15e1170c5192e4771,Conservative classification; no feature-count inflation.
F-D19-delistings,D19,INSTRUMENT MASTER AND REFERENCE DATA,delistings.,,PLANNED,PLANNED,PLANNED,UNAVAILABLE,UNAVAILABLE,PARTIAL,none/local or TBD,TBD/mapped in route inventory,TBD/mapped in API inventory,TBD/mapped in DB inventory,TBD/mapped in worker inventory,see QELLY_TEST_COVERAGE_MATRIX.csv,exact source audit; registry/route presence is not completion,implementation and end-to-end evidence,DATABASE,WAVE_6,unassigned,MEDIUM,MEDIUM,PROGRAM,POST_BETA,yes,2026-07-29T15:49:53+05:30,eafb11719e67135c7a6fa3b15e1170c5192e4771,Conservative classification; no feature-count inflation.
F-D20-ohlcv,D20,TIME SERIES AND STREAMING,OHLCV,,PROTOTYPE,PROTOTYPE,PARTIAL,SIMULATED,PARTIAL,PARTIAL,none/local or TBD,TBD/mapped in route inventory,TBD/mapped in API inventory,TBD/mapped in DB inventory,TBD/mapped in worker inventory,see QELLY_TEST_COVERAGE_MATRIX.csv,exact source audit; registry/route presence is not completion,implementation and end-to-end evidence,DATABASE,WAVE_2,unassigned,MEDIUM,MEDIUM,M,POST_BETA,yes,2026-07-29T15:49:53+05:30,eafb11719e67135c7a6fa3b15e1170c5192e4771,Conservative classification; no feature-count inflation.
F-D20-ticks,D20,TIME SERIES AND STREAMING,ticks,,PLANNED,PLANNED,PLANNED,UNAVAILABLE,UNAVAILABLE,PARTIAL,none/local or TBD,TBD/mapped in route inventory,TBD/mapped in API inventory,TBD/mapped in DB inventory,TBD/mapped in worker inventory,see QELLY_TEST_COVERAGE_MATRIX.csv,exact source audit; registry/route presence is not completion,implementation and end-to-end evidence,DATABASE,WAVE_2,unassigned,MEDIUM,MEDIUM,L,POST_BETA,yes,2026-07-29T15:49:53+05:30,eafb11719e67135c7a6fa3b15e1170c5192e4771,Conservative classification; no feature-count inflation.
F-D20-trades,D20,TIME SERIES AND STREAMING,trades,,PLANNED,PLANNED,PLANNED,UNAVAILABLE,UNAVAILABLE,PARTIAL,none/local or TBD,TBD/mapped in route inventory,TBD/mapped in API inventory,TBD/mapped in DB inventory,TBD/mapped in worker inventory,see QELLY_TEST_COVERAGE_MATRIX.csv,exact source audit; registry/route presence is not completion,implementation and end-to-end evidence,DATABASE,WAVE_2,unassigned,MEDIUM,MEDIUM,L,POST_BETA,yes,2026-07-29T15:49:53+05:30,eafb11719e67135c7a6fa3b15e1170c5192e4771,Conservative classification; no feature-count inflation.
F-D20-quotes,D20,TIME SERIES AND STREAMING,quotes,,PLANNED,PLANNED,PLANNED,UNAVAILABLE,UNAVAILABLE,PARTIAL,none/local or TBD,TBD/mapped in route inventory,TBD/mapped in API inventory,TBD/mapped in DB inventory,TBD/mapped in worker inventory,see QELLY_TEST_COVERAGE_MATRIX.csv,exact source audit; registry/route presence is not completion,implementation and end-to-end evidence,PROVIDER,WAVE_2,unassigned,MEDIUM,MEDIUM,L,POST_BETA,yes,2026-07-29T15:49:53+05:30,eafb11719e67135c7a6fa3b15e1170c5192e4771,Conservative classification; no feature-count inflation.
F-D20-order-books,D20,TIME SERIES AND STREAMING,order books,,PLANNED,PLANNED,PLANNED,UNAVAILABLE,UNAVAILABLE,PARTIAL,none/local or TBD,TBD/mapped in route inventory,TBD/mapped in API inventory,TBD/mapped in DB inventory,TBD/mapped in worker inventory,see QELLY_TEST_COVERAGE_MATRIX.csv,exact source audit; registry/route presence is not completion,implementation and end-to-end evidence,PROVIDER,WAVE_7,unassigned,MEDIUM,MEDIUM,PROGRAM,POST_BETA,yes,2026-07-29T15:49:53+05:30,eafb11719e67135c7a6fa3b15e1170c5192e4771,Conservative classification; no feature-count inflation.
F-D20-funding,D20,TIME SERIES AND STREAMING,funding,,PLANNED,PLANNED,PLANNED,UNAVAILABLE,UNAVAILABLE,PARTIAL,none/local or TBD,TBD/mapped in route inventory,TBD/mapped in API inventory,TBD/mapped in DB inventory,TBD/mapped in worker inventory,see QELLY_TEST_COVERAGE_MATRIX.csv,exact source audit; registry/route presence is not completion,implementation and end-to-end evidence,DATABASE,WAVE_2,unassigned,MEDIUM,MEDIUM,L,POST_BETA,yes,2026-07-29T15:49:53+05:30,eafb11719e67135c7a6fa3b15e1170c5192e4771,Conservative classification; no feature-count inflation.
F-D20-open-interest,D20,TIME SERIES AND STREAMING,open interest,,PLANNED,PLANNED,PLANNED,UNAVAILABLE,UNAVAILABLE,PARTIAL,none/local or TBD,TBD/mapped in route inventory,TBD/mapped in API inventory,TBD/mapped in DB inventory,TBD/mapped in worker inventory,see QELLY_TEST_COVERAGE_MATRIX.csv,exact source audit; registry/route presence is not completion,implementation and end-to-end evidence,DATABASE,WAVE_2,unassigned,MEDIUM,MEDIUM,L,POST_BETA,yes,2026-07-29T15:49:53+05:30,eafb11719e67135c7a6fa3b15e1170c5192e4771,Conservative classification; no feature-count inflation.
F-D20-options-chains,D20,TIME SERIES AND STREAMING,options chains,,PLANNED,PLANNED,PLANNED,UNAVAILABLE,UNAVAILABLE,PARTIAL,none/local or TBD,TBD/mapped in route inventory,TBD/mapped in API inventory,TBD/mapped in DB inventory,TBD/mapped in worker inventory,see QELLY_TEST_COVERAGE_MATRIX.csv,exact source audit; registry/route presence is not completion,implementation and end-to-end evidence,SECURITY,WAVE_7,unassigned,MEDIUM,HIGH,PROGRAM,POST_BETA,conditional,2026-07-29T15:49:53+05:30,eafb11719e67135c7a6fa3b15e1170c5192e4771,Conservative classification; no feature-count inflation.
F-D20-on-chain-events,D20,TIME SERIES AND STREAMING,on-chain events,,PLANNED,PLANNED,PLANNED,UNAVAILABLE,UNAVAILABLE,PARTIAL,none/local or TBD,TBD/mapped in route inventory,TBD/mapped in API inventory,TBD/mapped in DB inventory,TBD/mapped in worker inventory,see QELLY_TEST_COVERAGE_MATRIX.csv,exact source audit; registry/route presence is not completion,implementation and end-to-end evidence,SECURITY,WAVE_7,unassigned,MEDIUM,HIGH,PROGRAM,POST_BETA,conditional,2026-07-29T15:49:53+05:30,eafb11719e67135c7a6fa3b15e1170c5192e4771,Conservative classification; no feature-count inflation.
F-D20-macro-series,D20,TIME SERIES AND STREAMING,macro series,,PLANNED,PLANNED,PLANNED,UNAVAILABLE,UNAVAILABLE,PARTIAL,none/local or TBD,TBD/mapped in route inventory,TBD/mapped in API inventory,TBD/mapped in DB inventory,TBD/mapped in worker inventory,see QELLY_TEST_COVERAGE_MATRIX.csv,exact source audit; registry/route presence is not completion,implementation and end-to-end evidence,DATABASE,WAVE_2,unassigned,MEDIUM,MEDIUM,L,POST_BETA,yes,2026-07-29T15:49:53+05:30,eafb11719e67135c7a6fa3b15e1170c5192e4771,Conservative classification; no feature-count inflation.
F-D20-corporate-fundamentals,D20,TIME SERIES AND STREAMING,corporate fundamentals,,PLANNED,PLANNED,PLANNED,UNAVAILABLE,UNAVAILABLE,PARTIAL,none/local or TBD,TBD/mapped in route inventory,TBD/mapped in API inventory,TBD/mapped in DB inventory,TBD/mapped in worker inventory,see QELLY_TEST_COVERAGE_MATRIX.csv,exact source audit; registry/route presence is not completion,implementation and end-to-end evidence,DATABASE,WAVE_2,unassigned,MEDIUM,MEDIUM,L,POST_BETA,yes,2026-07-29T15:49:53+05:30,eafb11719e67135c7a6fa3b15e1170c5192e4771,Conservative classification; no feature-count inflation.
F-D20-snapshots,D20,TIME SERIES AND STREAMING,snapshots,,PLANNED,PLANNED,PLANNED,UNAVAILABLE,UNAVAILABLE,PARTIAL,none/local or TBD,TBD/mapped in route inventory,TBD/mapped in API inventory,TBD/mapped in DB inventory,TBD/mapped in worker inventory,see QELLY_TEST_COVERAGE_MATRIX.csv,exact source audit; registry/route presence is not completion,implementation and end-to-end evidence,DATABASE,WAVE_2,unassigned,MEDIUM,MEDIUM,L,POST_BETA,yes,2026-07-29T15:49:53+05:30,eafb11719e67135c7a6fa3b15e1170c5192e4771,Conservative classification; no feature-count inflation.
F-D20-deltas,D20,TIME SERIES AND STREAMING,deltas,,PLANNED,PLANNED,PLANNED,UNAVAILABLE,UNAVAILABLE,PARTIAL,none/local or TBD,TBD/mapped in route inventory,TBD/mapped in API inventory,TBD/mapped in DB inventory,TBD/mapped in worker inventory,see QELLY_TEST_COVERAGE_MATRIX.csv,exact source audit; registry/route presence is not completion,implementation and end-to-end evidence,DATABASE,WAVE_2,unassigned,MEDIUM,MEDIUM,L,POST_BETA,yes,2026-07-29T15:49:53+05:30,eafb11719e67135c7a6fa3b15e1170c5192e4771,Conservative classification; no feature-count inflation.
F-D20-sequence-handling,D20,TIME SERIES AND STREAMING,sequence handling,,PLANNED,PLANNED,PLANNED,UNAVAILABLE,UNAVAILABLE,PARTIAL,none/local or TBD,TBD/mapped in route inventory,TBD/mapped in API inventory,TBD/mapped in DB inventory,TBD/mapped in worker inventory,see QELLY_TEST_COVERAGE_MATRIX.csv,exact source audit; registry/route presence is not completion,implementation and end-to-end evidence,DATABASE,WAVE_2,unassigned,MEDIUM,MEDIUM,L,POST_BETA,yes,2026-07-29T15:49:53+05:30,eafb11719e67135c7a6fa3b15e1170c5192e4771,Conservative classification; no feature-count inflation.
F-D20-gap-recovery,D20,TIME SERIES AND STREAMING,gap recovery,,PLANNED,PLANNED,PLANNED,UNAVAILABLE,UNAVAILABLE,PARTIAL,none/local or TBD,TBD/mapped in route inventory,TBD/mapped in API inventory,TBD/mapped in DB inventory,TBD/mapped in worker inventory,see QELLY_TEST_COVERAGE_MATRIX.csv,exact source audit; registry/route presence is not completion,implementation and end-to-end evidence,DATABASE,WAVE_2,unassigned,MEDIUM,MEDIUM,L,POST_BETA,yes,2026-07-29T15:49:53+05:30,eafb11719e67135c7a6fa3b15e1170c5192e4771,Conservative classification; no feature-count inflation.
F-D20-compaction,D20,TIME SERIES AND STREAMING,compaction,,PLANNED,PLANNED,PLANNED,UNAVAILABLE,UNAVAILABLE,PARTIAL,none/local or TBD,TBD/mapped in route inventory,TBD/mapped in API inventory,TBD/mapped in DB inventory,TBD/mapped in worker inventory,see QELLY_TEST_COVERAGE_MATRIX.csv,exact source audit; registry/route presence is not completion,implementation and end-to-end evidence,DATABASE,WAVE_2,unassigned,MEDIUM,MEDIUM,L,POST_BETA,yes,2026-07-29T15:49:53+05:30,eafb11719e67135c7a6fa3b15e1170c5192e4771,Conservative classification; no feature-count inflation.
F-D20-resampling,D20,TIME SERIES AND STREAMING,resampling,,PLANNED,PLANNED,PLANNED,UNAVAILABLE,UNAVAILABLE,PARTIAL,none/local or TBD,TBD/mapped in route inventory,TBD/mapped in API inventory,TBD/mapped in DB inventory,TBD/mapped in worker inventory,see QELLY_TEST_COVERAGE_MATRIX.csv,exact source audit; registry/route presence is not completion,implementation and end-to-end evidence,DATABASE,WAVE_2,unassigned,MEDIUM,MEDIUM,L,POST_BETA,yes,2026-07-29T15:49:53+05:30,eafb11719e67135c7a6fa3b15e1170c5192e4771,Conservative classification; no feature-count inflation.
F-D20-adjustments,D20,TIME SERIES AND STREAMING,adjustments,,PLANNED,PLANNED,PLANNED,UNAVAILABLE,UNAVAILABLE,PARTIAL,none/local or TBD,TBD/mapped in route inventory,TBD/mapped in API inventory,TBD/mapped in DB inventory,TBD/mapped in worker inventory,see QELLY_TEST_COVERAGE_MATRIX.csv,exact source audit; registry/route presence is not completion,implementation and end-to-end evidence,DATABASE,WAVE_2,unassigned,MEDIUM,MEDIUM,L,POST_BETA,yes,2026-07-29T15:49:53+05:30,eafb11719e67135c7a6fa3b15e1170c5192e4771,Conservative classification; no feature-count inflation.
F-D21-configuration,D21,PLATFORM FOUNDATION,configuration,,PARTIAL,PARTIAL,PARTIAL,PARTIAL,PARTIAL,PARTIAL,none/local or TBD,TBD/mapped in route inventory,TBD/mapped in API inventory,TBD/mapped in DB inventory,TBD/mapped in worker inventory,see QELLY_TEST_COVERAGE_MATRIX.csv,exact source audit; registry/route presence is not completion,implementation and end-to-end evidence,FOUNDATION,WAVE_0,unassigned,HIGH,MEDIUM,M,PUBLIC_BETA_MUST,yes,2026-07-29T15:49:53+05:30,eafb11719e67135c7a6fa3b15e1170c5192e4771,Conservative classification; no feature-count inflation.
F-D21-feature-flags,D21,PLATFORM FOUNDATION,feature flags,,IMPLEMENTED_DETERMINISTIC_LOCAL,IMPLEMENTED_DETERMINISTIC_LOCAL,IMPLEMENTED_DETERMINISTIC_LOCAL,IMPLEMENTED_DETERMINISTIC_LOCAL,IMPLEMENTED_DETERMINISTIC_LOCAL,PARTIAL,none/local or TBD,TBD/mapped in route inventory,TBD/mapped in API inventory,TBD/mapped in DB inventory,TBD/mapped in worker inventory,see QELLY_TEST_COVERAGE_MATRIX.csv,exact source audit; registry/route presence is not completion,,FOUNDATION,WAVE_0,unassigned,HIGH,MEDIUM,M,PUBLIC_BETA_MUST,yes,2026-07-29T15:49:53+05:30,eafb11719e67135c7a6fa3b15e1170c5192e4771,Conservative classification; no feature-count inflation.
F-D21-service-discovery,D21,PLATFORM FOUNDATION,service discovery,,PARTIAL,PARTIAL,PARTIAL,PARTIAL,PARTIAL,PARTIAL,none/local or TBD,TBD/mapped in route inventory,TBD/mapped in API inventory,TBD/mapped in DB inventory,TBD/mapped in worker inventory,see QELLY_TEST_COVERAGE_MATRIX.csv,exact source audit; registry/route presence is not completion,implementation and end-to-end evidence,FOUNDATION,WAVE_0,unassigned,HIGH,MEDIUM,M,PUBLIC_BETA_MUST,yes,2026-07-29T15:49:53+05:30,eafb11719e67135c7a6fa3b15e1170c5192e4771,Conservative classification; no feature-count inflation.
F-D21-secrets,D21,PLATFORM FOUNDATION,secrets,,PARTIAL,PARTIAL,PARTIAL,PARTIAL,PARTIAL,PARTIAL,none/local or TBD,TBD/mapped in route inventory,TBD/mapped in API inventory,TBD/mapped in DB inventory,TBD/mapped in worker inventory,see QELLY_TEST_COVERAGE_MATRIX.csv,exact source audit; registry/route presence is not completion,implementation and end-to-end evidence,FOUNDATION,WAVE_0,unassigned,HIGH,MEDIUM,M,PUBLIC_BETA_MUST,yes,2026-07-29T15:49:53+05:30,eafb11719e67135c7a6fa3b15e1170c5192e4771,Conservative classification; no feature-count inflation.
F-D21-kms,D21,PLATFORM FOUNDATION,KMS,D23:SECURITY AND PRIVACY,PARTIAL,PARTIAL,PARTIAL,PARTIAL,PARTIAL,PARTIAL,none/local or TBD,TBD/mapped in route inventory,TBD/mapped in API inventory,TBD/mapped in DB inventory,TBD/mapped in worker inventory,see QELLY_TEST_COVERAGE_MATRIX.csv,exact source audit; registry/route presence is not completion,implementation and end-to-end evidence,FOUNDATION,WAVE_0,unassigned,HIGH,MEDIUM,M,PUBLIC_BETA_MUST,yes,2026-07-29T15:49:53+05:30,eafb11719e67135c7a6fa3b15e1170c5192e4771,Conservative classification; no feature-count inflation.
F-D21-databases,D21,PLATFORM FOUNDATION,databases,,PARTIAL,PARTIAL,PARTIAL,PARTIAL,PARTIAL,PARTIAL,none/local or TBD,TBD/mapped in route inventory,TBD/mapped in API inventory,TBD/mapped in DB inventory,TBD/mapped in worker inventory,see QELLY_TEST_COVERAGE_MATRIX.csv,exact source audit; registry/route presence is not completion,implementation and end-to-end evidence,FOUNDATION,WAVE_0,unassigned,HIGH,MEDIUM,M,PUBLIC_BETA_MUST,yes,2026-07-29T15:49:53+05:30,eafb11719e67135c7a6fa3b15e1170c5192e4771,Conservative classification; no feature-count inflation.
F-D21-caches,D21,PLATFORM FOUNDATION,caches,,PARTIAL,PARTIAL,PARTIAL,PARTIAL,PARTIAL,PARTIAL,none/local or TBD,TBD/mapped in route inventory,TBD/mapped in API inventory,TBD/mapped in DB inventory,TBD/mapped in worker inventory,see QELLY_TEST_COVERAGE_MATRIX.csv,exact source audit; registry/route presence is not completion,implementation and end-to-end evidence,FOUNDATION,WAVE_0,unassigned,HIGH,MEDIUM,M,PUBLIC_BETA_MUST,yes,2026-07-29T15:49:53+05:30,eafb11719e67135c7a6fa3b15e1170c5192e4771,Conservative classification; no feature-count inflation.
F-D21-queues,D21,PLATFORM FOUNDATION,queues,,PARTIAL,PARTIAL,PARTIAL,PARTIAL,PARTIAL,PARTIAL,none/local or TBD,TBD/mapped in route inventory,TBD/mapped in API inventory,TBD/mapped in DB inventory,TBD/mapped in worker inventory,see QELLY_TEST_COVERAGE_MATRIX.csv,exact source audit; registry/route presence is not completion,implementation and end-to-end evidence,FOUNDATION,WAVE_0,unassigned,HIGH,MEDIUM,M,PUBLIC_BETA_MUST,yes,2026-07-29T15:49:53+05:30,eafb11719e67135c7a6fa3b15e1170c5192e4771,Conservative classification; no feature-count inflation.
F-D21-storage,D21,PLATFORM FOUNDATION,storage,,PARTIAL,PARTIAL,PARTIAL,PARTIAL,PARTIAL,PARTIAL,none/local or TBD,TBD/mapped in route inventory,TBD/mapped in API inventory,TBD/mapped in DB inventory,TBD/mapped in worker inventory,see QELLY_TEST_COVERAGE_MATRIX.csv,exact source audit; registry/route presence is not completion,implementation and end-to-end evidence,FOUNDATION,WAVE_0,unassigned,HIGH,MEDIUM,M,PUBLIC_BETA_MUST,yes,2026-07-29T15:49:53+05:30,eafb11719e67135c7a6fa3b15e1170c5192e4771,Conservative classification; no feature-count inflation.
F-D21-search,D21,PLATFORM FOUNDATION,search,,PROTOTYPE,PROTOTYPE,PARTIAL,SIMULATED,PARTIAL,PARTIAL,none/local or TBD,TBD/mapped in route inventory,TBD/mapped in API inventory,TBD/mapped in DB inventory,TBD/mapped in worker inventory,see QELLY_TEST_COVERAGE_MATRIX.csv,exact source audit; registry/route presence is not completion,implementation and end-to-end evidence,DATABASE,WAVE_0,unassigned,HIGH,MEDIUM,M,PUBLIC_BETA_MUST,yes,2026-07-29T15:49:53+05:30,eafb11719e67135c7a6fa3b15e1170c5192e4771,Conservative classification; no feature-count inflation.
F-D21-workers,D21,PLATFORM FOUNDATION,workers,,PARTIAL,PARTIAL,PARTIAL,PARTIAL,PARTIAL,PARTIAL,none/local or TBD,TBD/mapped in route inventory,TBD/mapped in API inventory,TBD/mapped in DB inventory,TBD/mapped in worker inventory,see QELLY_TEST_COVERAGE_MATRIX.csv,exact source audit; registry/route presence is not completion,implementation and end-to-end evidence,FOUNDATION,WAVE_0,unassigned,HIGH,MEDIUM,M,PUBLIC_BETA_MUST,yes,2026-07-29T15:49:53+05:30,eafb11719e67135c7a6fa3b15e1170c5192e4771,Conservative classification; no feature-count inflation.
F-D21-scheduled-jobs,D21,PLATFORM FOUNDATION,scheduled jobs,,PARTIAL,PARTIAL,PARTIAL,PARTIAL,PARTIAL,PARTIAL,none/local or TBD,TBD/mapped in route inventory,TBD/mapped in API inventory,TBD/mapped in DB inventory,TBD/mapped in worker inventory,see QELLY_TEST_COVERAGE_MATRIX.csv,exact source audit; registry/route presence is not completion,implementation and end-to-end evidence,FOUNDATION,WAVE_0,unassigned,HIGH,MEDIUM,M,PUBLIC_BETA_MUST,yes,2026-07-29T15:49:53+05:30,eafb11719e67135c7a6fa3b15e1170c5192e4771,Conservative classification; no feature-count inflation.
F-D21-migrations,D21,PLATFORM FOUNDATION,migrations,,IMPLEMENTED_DETERMINISTIC_LOCAL,IMPLEMENTED_DETERMINISTIC_LOCAL,IMPLEMENTED_DETERMINISTIC_LOCAL,IMPLEMENTED_DETERMINISTIC_LOCAL,IMPLEMENTED_DETERMINISTIC_LOCAL,PARTIAL,none/local or TBD,TBD/mapped in route inventory,TBD/mapped in API inventory,TBD/mapped in DB inventory,TBD/mapped in worker inventory,see QELLY_TEST_COVERAGE_MATRIX.csv,exact source audit; registry/route presence is not completion,,FOUNDATION,WAVE_0,unassigned,HIGH,MEDIUM,M,PUBLIC_BETA_MUST,yes,2026-07-29T15:49:53+05:30,eafb11719e67135c7a6fa3b15e1170c5192e4771,Conservative classification; no feature-count inflation.
F-D21-backups,D21,PLATFORM FOUNDATION,backups,,PARTIAL,PARTIAL,PARTIAL,PARTIAL,PARTIAL,PARTIAL,none/local or TBD,TBD/mapped in route inventory,TBD/mapped in API inventory,TBD/mapped in DB inventory,TBD/mapped in worker inventory,see QELLY_TEST_COVERAGE_MATRIX.csv,exact source audit; registry/route presence is not completion,implementation and end-to-end evidence,FOUNDATION,WAVE_0,unassigned,HIGH,MEDIUM,M,PUBLIC_BETA_MUST,yes,2026-07-29T15:49:53+05:30,eafb11719e67135c7a6fa3b15e1170c5192e4771,Conservative classification; no feature-count inflation.
F-D21-restore,D21,PLATFORM FOUNDATION,restore,"D27:RELEASE, BCP, DR AND GO-LIVE",PARTIAL,PARTIAL,PARTIAL,PARTIAL,PARTIAL,PARTIAL,none/local or TBD,TBD/mapped in route inventory,TBD/mapped in API inventory,TBD/mapped in DB inventory,TBD/mapped in worker inventory,see QELLY_TEST_COVERAGE_MATRIX.csv,exact source audit; registry/route presence is not completion,implementation and end-to-end evidence,FOUNDATION,WAVE_0,unassigned,HIGH,MEDIUM,M,PUBLIC_BETA_MUST,yes,2026-07-29T15:49:53+05:30,eafb11719e67135c7a6fa3b15e1170c5192e4771,Conservative classification; no feature-count inflation.
F-D21-environments,D21,PLATFORM FOUNDATION,environments,"D27:RELEASE, BCP, DR AND GO-LIVE",PARTIAL,PARTIAL,PARTIAL,PARTIAL,PARTIAL,PARTIAL,none/local or TBD,TBD/mapped in route inventory,TBD/mapped in API inventory,TBD/mapped in DB inventory,TBD/mapped in worker inventory,see QELLY_TEST_COVERAGE_MATRIX.csv,exact source audit; registry/route presence is not completion,implementation and end-to-end evidence,FOUNDATION,WAVE_0,unassigned,HIGH,MEDIUM,M,PUBLIC_BETA_MUST,yes,2026-07-29T15:49:53+05:30,eafb11719e67135c7a6fa3b15e1170c5192e4771,Conservative classification; no feature-count inflation.
F-D21-deployments,D21,PLATFORM FOUNDATION,deployments,,PARTIAL,PARTIAL,PARTIAL,PARTIAL,PARTIAL,PARTIAL,none/local or TBD,TBD/mapped in route inventory,TBD/mapped in API inventory,TBD/mapped in DB inventory,TBD/mapped in worker inventory,see QELLY_TEST_COVERAGE_MATRIX.csv,exact source audit; registry/route presence is not completion,implementation and end-to-end evidence,FOUNDATION,WAVE_0,unassigned,HIGH,MEDIUM,M,PUBLIC_BETA_MUST,yes,2026-07-29T15:49:53+05:30,eafb11719e67135c7a6fa3b15e1170c5192e4771,Conservative classification; no feature-count inflation.
F-D21-rollback,D21,PLATFORM FOUNDATION,rollback.,"D27:RELEASE, BCP, DR AND GO-LIVE",PARTIAL,PARTIAL,PARTIAL,PARTIAL,PARTIAL,PARTIAL,none/local or TBD,TBD/mapped in route inventory,TBD/mapped in API inventory,TBD/mapped in DB inventory,TBD/mapped in worker inventory,see QELLY_TEST_COVERAGE_MATRIX.csv,exact source audit; registry/route presence is not completion,implementation and end-to-end evidence,FOUNDATION,WAVE_0,unassigned,HIGH,MEDIUM,M,PUBLIC_BETA_MUST,yes,2026-07-29T15:49:53+05:30,eafb11719e67135c7a6fa3b15e1170c5192e4771,Conservative classification; no feature-count inflation.
F-D22-approved-qelly-logo,D22,DESIGN SYSTEM AND UX,approved Qelly logo,,IMPLEMENTED_DETERMINISTIC_LOCAL,IMPLEMENTED_DETERMINISTIC_LOCAL,IMPLEMENTED_DETERMINISTIC_LOCAL,IMPLEMENTED_DETERMINISTIC_LOCAL,IMPLEMENTED_DETERMINISTIC_LOCAL,PARTIAL,none/local or TBD,TBD/mapped in route inventory,TBD/mapped in API inventory,TBD/mapped in DB inventory,TBD/mapped in worker inventory,see QELLY_TEST_COVERAGE_MATRIX.csv,exact source audit; registry/route presence is not completion,,FOUNDATION,WAVE_0,unassigned,HIGH,MEDIUM,M,PUBLIC_BETA_MUST,yes,2026-07-29T15:49:53+05:30,eafb11719e67135c7a6fa3b15e1170c5192e4771,Conservative classification; no feature-count inflation.
F-D22-ibm-plex,D22,DESIGN SYSTEM AND UX,IBM Plex,,IMPLEMENTED_DETERMINISTIC_LOCAL,IMPLEMENTED_DETERMINISTIC_LOCAL,IMPLEMENTED_DETERMINISTIC_LOCAL,IMPLEMENTED_DETERMINISTIC_LOCAL,IMPLEMENTED_DETERMINISTIC_LOCAL,PARTIAL,none/local or TBD,TBD/mapped in route inventory,TBD/mapped in API inventory,TBD/mapped in DB inventory,TBD/mapped in worker inventory,see QELLY_TEST_COVERAGE_MATRIX.csv,exact source audit; registry/route presence is not completion,,FOUNDATION,WAVE_0,unassigned,HIGH,MEDIUM,M,PUBLIC_BETA_MUST,yes,2026-07-29T15:49:53+05:30,eafb11719e67135c7a6fa3b15e1170c5192e4771,Conservative classification; no feature-count inflation.
F-D22-tokens,D22,DESIGN SYSTEM AND UX,tokens,,IMPLEMENTED_DETERMINISTIC_LOCAL,IMPLEMENTED_DETERMINISTIC_LOCAL,IMPLEMENTED_DETERMINISTIC_LOCAL,IMPLEMENTED_DETERMINISTIC_LOCAL,IMPLEMENTED_DETERMINISTIC_LOCAL,PARTIAL,none/local or TBD,TBD/mapped in route inventory,TBD/mapped in API inventory,TBD/mapped in DB inventory,TBD/mapped in worker inventory,see QELLY_TEST_COVERAGE_MATRIX.csv,exact source audit; registry/route presence is not completion,,FOUNDATION,WAVE_0,unassigned,HIGH,MEDIUM,M,PUBLIC_BETA_MUST,yes,2026-07-29T15:49:53+05:30,eafb11719e67135c7a6fa3b15e1170c5192e4771,Conservative classification; no feature-count inflation.
F-D22-dark,D22,DESIGN SYSTEM AND UX,dark,,IMPLEMENTED_DETERMINISTIC_LOCAL,IMPLEMENTED_DETERMINISTIC_LOCAL,IMPLEMENTED_DETERMINISTIC_LOCAL,IMPLEMENTED_DETERMINISTIC_LOCAL,IMPLEMENTED_DETERMINISTIC_LOCAL,PARTIAL,none/local or TBD,TBD/mapped in route inventory,TBD/mapped in API inventory,TBD/mapped in DB inventory,TBD/mapped in worker inventory,see QELLY_TEST_COVERAGE_MATRIX.csv,exact source audit; registry/route presence is not completion,,FOUNDATION,WAVE_0,unassigned,HIGH,MEDIUM,M,PUBLIC_BETA_MUST,yes,2026-07-29T15:49:53+05:30,eafb11719e67135c7a6fa3b15e1170c5192e4771,Conservative classification; no feature-count inflation.
F-D22-porcelain-light,D22,DESIGN SYSTEM AND UX,porcelain light,,IMPLEMENTED_DETERMINISTIC_LOCAL,IMPLEMENTED_DETERMINISTIC_LOCAL,IMPLEMENTED_DETERMINISTIC_LOCAL,IMPLEMENTED_DETERMINISTIC_LOCAL,IMPLEMENTED_DETERMINISTIC_LOCAL,PARTIAL,none/local or TBD,TBD/mapped in route inventory,TBD/mapped in API inventory,TBD/mapped in DB inventory,TBD/mapped in worker inventory,see QELLY_TEST_COVERAGE_MATRIX.csv,exact source audit; registry/route presence is not completion,,SECURITY,WAVE_0,unassigned,HIGH,HIGH,M,PUBLIC_BETA_MUST,conditional,2026-07-29T15:49:53+05:30,eafb11719e67135c7a6fa3b15e1170c5192e4771,Conservative classification; no feature-count inflation.
F-D22-oled,D22,DESIGN SYSTEM AND UX,OLED,,IMPLEMENTED_DETERMINISTIC_LOCAL,IMPLEMENTED_DETERMINISTIC_LOCAL,IMPLEMENTED_DETERMINISTIC_LOCAL,IMPLEMENTED_DETERMINISTIC_LOCAL,IMPLEMENTED_DETERMINISTIC_LOCAL,PARTIAL,none/local or TBD,TBD/mapped in route inventory,TBD/mapped in API inventory,TBD/mapped in DB inventory,TBD/mapped in worker inventory,see QELLY_TEST_COVERAGE_MATRIX.csv,exact source audit; registry/route presence is not completion,,FOUNDATION,WAVE_0,unassigned,HIGH,MEDIUM,M,PUBLIC_BETA_MUST,yes,2026-07-29T15:49:53+05:30,eafb11719e67135c7a6fa3b15e1170c5192e4771,Conservative classification; no feature-count inflation.
F-D22-high-contrast,D22,DESIGN SYSTEM AND UX,high contrast,,IMPLEMENTED_DETERMINISTIC_LOCAL,IMPLEMENTED_DETERMINISTIC_LOCAL,IMPLEMENTED_DETERMINISTIC_LOCAL,IMPLEMENTED_DETERMINISTIC_LOCAL,IMPLEMENTED_DETERMINISTIC_LOCAL,PARTIAL,none/local or TBD,TBD/mapped in route inventory,TBD/mapped in API inventory,TBD/mapped in DB inventory,TBD/mapped in worker inventory,see QELLY_TEST_COVERAGE_MATRIX.csv,exact source audit; registry/route presence is not completion,,FOUNDATION,WAVE_0,unassigned,HIGH,MEDIUM,M,PUBLIC_BETA_MUST,yes,2026-07-29T15:49:53+05:30,eafb11719e67135c7a6fa3b15e1170c5192e4771,Conservative classification; no feature-count inflation.
F-D22-personas,D22,DESIGN SYSTEM AND UX,personas,,IMPLEMENTED_DETERMINISTIC_LOCAL,IMPLEMENTED_DETERMINISTIC_LOCAL,IMPLEMENTED_DETERMINISTIC_LOCAL,IMPLEMENTED_DETERMINISTIC_LOCAL,IMPLEMENTED_DETERMINISTIC_LOCAL,PARTIAL,none/local or TBD,TBD/mapped in route inventory,TBD/mapped in API inventory,TBD/mapped in DB inventory,TBD/mapped in worker inventory,see QELLY_TEST_COVERAGE_MATRIX.csv,exact source audit; registry/route presence is not completion,,FOUNDATION,WAVE_0,unassigned,HIGH,MEDIUM,M,PUBLIC_BETA_MUST,yes,2026-07-29T15:49:53+05:30,eafb11719e67135c7a6fa3b15e1170c5192e4771,Conservative classification; no feature-count inflation.
F-D22-mindsets,D22,DESIGN SYSTEM AND UX,mindsets,,IMPLEMENTED_DETERMINISTIC_LOCAL,IMPLEMENTED_DETERMINISTIC_LOCAL,IMPLEMENTED_DETERMINISTIC_LOCAL,IMPLEMENTED_DETERMINISTIC_LOCAL,IMPLEMENTED_DETERMINISTIC_LOCAL,PARTIAL,none/local or TBD,TBD/mapped in route inventory,TBD/mapped in API inventory,TBD/mapped in DB inventory,TBD/mapped in worker inventory,see QELLY_TEST_COVERAGE_MATRIX.csv,exact source audit; registry/route presence is not completion,,FOUNDATION,WAVE_0,unassigned,HIGH,MEDIUM,M,PUBLIC_BETA_MUST,yes,2026-07-29T15:49:53+05:30,eafb11719e67135c7a6fa3b15e1170c5192e4771,Conservative classification; no feature-count inflation.
F-D22-navigation,D22,DESIGN SYSTEM AND UX,navigation,,IMPLEMENTED_DETERMINISTIC_LOCAL,IMPLEMENTED_DETERMINISTIC_LOCAL,IMPLEMENTED_DETERMINISTIC_LOCAL,IMPLEMENTED_DETERMINISTIC_LOCAL,IMPLEMENTED_DETERMINISTIC_LOCAL,PARTIAL,none/local or TBD,TBD/mapped in route inventory,TBD/mapped in API inventory,TBD/mapped in DB inventory,TBD/mapped in worker inventory,see QELLY_TEST_COVERAGE_MATRIX.csv,exact source audit; registry/route presence is not completion,,FOUNDATION,WAVE_0,unassigned,HIGH,MEDIUM,M,PUBLIC_BETA_MUST,yes,2026-07-29T15:49:53+05:30,eafb11719e67135c7a6fa3b15e1170c5192e4771,Conservative classification; no feature-count inflation.
F-D22-command-palette,D22,DESIGN SYSTEM AND UX,command palette,,IMPLEMENTED_DETERMINISTIC_LOCAL,IMPLEMENTED_DETERMINISTIC_LOCAL,IMPLEMENTED_DETERMINISTIC_LOCAL,IMPLEMENTED_DETERMINISTIC_LOCAL,IMPLEMENTED_DETERMINISTIC_LOCAL,PARTIAL,none/local or TBD,TBD/mapped in route inventory,TBD/mapped in API inventory,TBD/mapped in DB inventory,TBD/mapped in worker inventory,see QELLY_TEST_COVERAGE_MATRIX.csv,exact source audit; registry/route presence is not completion,,FOUNDATION,WAVE_0,unassigned,HIGH,MEDIUM,M,PUBLIC_BETA_MUST,yes,2026-07-29T15:49:53+05:30,eafb11719e67135c7a6fa3b15e1170c5192e4771,Conservative classification; no feature-count inflation.
F-D22-charts,D22,DESIGN SYSTEM AND UX,charts,,PROTOTYPE,PROTOTYPE,PARTIAL,SIMULATED,PARTIAL,PARTIAL,none/local or TBD,TBD/mapped in route inventory,TBD/mapped in API inventory,TBD/mapped in DB inventory,TBD/mapped in worker inventory,see QELLY_TEST_COVERAGE_MATRIX.csv,exact source audit; registry/route presence is not completion,implementation and end-to-end evidence,DATABASE,WAVE_0,unassigned,HIGH,MEDIUM,M,PUBLIC_BETA_MUST,yes,2026-07-29T15:49:53+05:30,eafb11719e67135c7a6fa3b15e1170c5192e4771,Conservative classification; no feature-count inflation.
F-D22-tables,D22,DESIGN SYSTEM AND UX,tables,,IMPLEMENTED_DETERMINISTIC_LOCAL,IMPLEMENTED_DETERMINISTIC_LOCAL,IMPLEMENTED_DETERMINISTIC_LOCAL,IMPLEMENTED_DETERMINISTIC_LOCAL,IMPLEMENTED_DETERMINISTIC_LOCAL,PARTIAL,none/local or TBD,TBD/mapped in route inventory,TBD/mapped in API inventory,TBD/mapped in DB inventory,TBD/mapped in worker inventory,see QELLY_TEST_COVERAGE_MATRIX.csv,exact source audit; registry/route presence is not completion,,FOUNDATION,WAVE_0,unassigned,HIGH,MEDIUM,M,PUBLIC_BETA_MUST,yes,2026-07-29T15:49:53+05:30,eafb11719e67135c7a6fa3b15e1170c5192e4771,Conservative classification; no feature-count inflation.
F-D22-forms,D22,DESIGN SYSTEM AND UX,forms,,PARTIAL,PARTIAL,PARTIAL,PARTIAL,PARTIAL,PARTIAL,none/local or TBD,TBD/mapped in route inventory,TBD/mapped in API inventory,TBD/mapped in DB inventory,TBD/mapped in worker inventory,see QELLY_TEST_COVERAGE_MATRIX.csv,exact source audit; registry/route presence is not completion,implementation and end-to-end evidence,FOUNDATION,WAVE_0,unassigned,HIGH,MEDIUM,M,PUBLIC_BETA_MUST,yes,2026-07-29T15:49:53+05:30,eafb11719e67135c7a6fa3b15e1170c5192e4771,Conservative classification; no feature-count inflation.
F-D22-dialogs,D22,DESIGN SYSTEM AND UX,dialogs,,PARTIAL,PARTIAL,PARTIAL,PARTIAL,PARTIAL,PARTIAL,none/local or TBD,TBD/mapped in route inventory,TBD/mapped in API inventory,TBD/mapped in DB inventory,TBD/mapped in worker inventory,see QELLY_TEST_COVERAGE_MATRIX.csv,exact source audit; registry/route presence is not completion,implementation and end-to-end evidence,FOUNDATION,WAVE_0,unassigned,HIGH,MEDIUM,M,PUBLIC_BETA_MUST,yes,2026-07-29T15:49:53+05:30,eafb11719e67135c7a6fa3b15e1170c5192e4771,Conservative classification; no feature-count inflation.
F-D22-drawers,D22,DESIGN SYSTEM AND UX,drawers,,PARTIAL,PARTIAL,PARTIAL,PARTIAL,PARTIAL,PARTIAL,none/local or TBD,TBD/mapped in route inventory,TBD/mapped in API inventory,TBD/mapped in DB inventory,TBD/mapped in worker inventory,see QELLY_TEST_COVERAGE_MATRIX.csv,exact source audit; registry/route presence is not completion,implementation and end-to-end evidence,FOUNDATION,WAVE_0,unassigned,HIGH,MEDIUM,M,PUBLIC_BETA_MUST,yes,2026-07-29T15:49:53+05:30,eafb11719e67135c7a6fa3b15e1170c5192e4771,Conservative classification; no feature-count inflation.
F-D22-portals,D22,DESIGN SYSTEM AND UX,portals,,PARTIAL,PARTIAL,PARTIAL,PARTIAL,PARTIAL,PARTIAL,none/local or TBD,TBD/mapped in route inventory,TBD/mapped in API inventory,TBD/mapped in DB inventory,TBD/mapped in worker inventory,see QELLY_TEST_COVERAGE_MATRIX.csv,exact source audit; registry/route presence is not completion,implementation and end-to-end evidence,FOUNDATION,WAVE_0,unassigned,HIGH,MEDIUM,M,PUBLIC_BETA_MUST,yes,2026-07-29T15:49:53+05:30,eafb11719e67135c7a6fa3b15e1170c5192e4771,Conservative classification; no feature-count inflation.
F-D22-notifications,D22,DESIGN SYSTEM AND UX,notifications,"D26:MOBILE, PWA AND DESKTOP",PARTIAL,PARTIAL,PARTIAL,PARTIAL,PARTIAL,PARTIAL,none/local or TBD,TBD/mapped in route inventory,TBD/mapped in API inventory,TBD/mapped in DB inventory,TBD/mapped in worker inventory,see QELLY_TEST_COVERAGE_MATRIX.csv,exact source audit; registry/route presence is not completion,implementation and end-to-end evidence,FOUNDATION,WAVE_0,unassigned,HIGH,MEDIUM,M,PUBLIC_BETA_MUST,yes,2026-07-29T15:49:53+05:30,eafb11719e67135c7a6fa3b15e1170c5192e4771,Conservative classification; no feature-count inflation.
F-D22-skeletons,D22,DESIGN SYSTEM AND UX,skeletons,,IMPLEMENTED_DETERMINISTIC_LOCAL,IMPLEMENTED_DETERMINISTIC_LOCAL,IMPLEMENTED_DETERMINISTIC_LOCAL,IMPLEMENTED_DETERMINISTIC_LOCAL,IMPLEMENTED_DETERMINISTIC_LOCAL,PARTIAL,none/local or TBD,TBD/mapped in route inventory,TBD/mapped in API inventory,TBD/mapped in DB inventory,TBD/mapped in worker inventory,see QELLY_TEST_COVERAGE_MATRIX.csv,exact source audit; registry/route presence is not completion,,FOUNDATION,WAVE_0,unassigned,HIGH,MEDIUM,M,PUBLIC_BETA_MUST,yes,2026-07-29T15:49:53+05:30,eafb11719e67135c7a6fa3b15e1170c5192e4771,Conservative classification; no feature-count inflation.
F-D22-empty-states,D22,DESIGN SYSTEM AND UX,empty states,,IMPLEMENTED_DETERMINISTIC_LOCAL,IMPLEMENTED_DETERMINISTIC_LOCAL,IMPLEMENTED_DETERMINISTIC_LOCAL,IMPLEMENTED_DETERMINISTIC_LOCAL,IMPLEMENTED_DETERMINISTIC_LOCAL,PARTIAL,none/local or TBD,TBD/mapped in route inventory,TBD/mapped in API inventory,TBD/mapped in DB inventory,TBD/mapped in worker inventory,see QELLY_TEST_COVERAGE_MATRIX.csv,exact source audit; registry/route presence is not completion,,FOUNDATION,WAVE_0,unassigned,HIGH,MEDIUM,M,PUBLIC_BETA_MUST,yes,2026-07-29T15:49:53+05:30,eafb11719e67135c7a6fa3b15e1170c5192e4771,Conservative classification; no feature-count inflation.
F-D22-error-states,D22,DESIGN SYSTEM AND UX,error states,,IMPLEMENTED_DETERMINISTIC_LOCAL,IMPLEMENTED_DETERMINISTIC_LOCAL,IMPLEMENTED_DETERMINISTIC_LOCAL,IMPLEMENTED_DETERMINISTIC_LOCAL,IMPLEMENTED_DETERMINISTIC_LOCAL,PARTIAL,none/local or TBD,TBD/mapped in route inventory,TBD/mapped in API inventory,TBD/mapped in DB inventory,TBD/mapped in worker inventory,see QELLY_TEST_COVERAGE_MATRIX.csv,exact source audit; registry/route presence is not completion,,FOUNDATION,WAVE_0,unassigned,HIGH,MEDIUM,M,PUBLIC_BETA_MUST,yes,2026-07-29T15:49:53+05:30,eafb11719e67135c7a6fa3b15e1170c5192e4771,Conservative classification; no feature-count inflation.
F-D22-offline-states,D22,DESIGN SYSTEM AND UX,offline states,,IMPLEMENTED_DETERMINISTIC_LOCAL,IMPLEMENTED_DETERMINISTIC_LOCAL,IMPLEMENTED_DETERMINISTIC_LOCAL,IMPLEMENTED_DETERMINISTIC_LOCAL,IMPLEMENTED_DETERMINISTIC_LOCAL,PARTIAL,none/local or TBD,TBD/mapped in route inventory,TBD/mapped in API inventory,TBD/mapped in DB inventory,TBD/mapped in worker inventory,see QELLY_TEST_COVERAGE_MATRIX.csv,exact source audit; registry/route presence is not completion,,FOUNDATION,WAVE_0,unassigned,HIGH,MEDIUM,M,PUBLIC_BETA_MUST,yes,2026-07-29T15:49:53+05:30,eafb11719e67135c7a6fa3b15e1170c5192e4771,Conservative classification; no feature-count inflation.
F-D22-accessibility,D22,DESIGN SYSTEM AND UX,accessibility,,PARTIAL,PARTIAL,PARTIAL,PARTIAL,PARTIAL,PARTIAL,none/local or TBD,TBD/mapped in route inventory,TBD/mapped in API inventory,TBD/mapped in DB inventory,TBD/mapped in worker inventory,see QELLY_TEST_COVERAGE_MATRIX.csv,exact source audit; registry/route presence is not completion,implementation and end-to-end evidence,FOUNDATION,WAVE_0,unassigned,HIGH,MEDIUM,M,PUBLIC_BETA_MUST,yes,2026-07-29T15:49:53+05:30,eafb11719e67135c7a6fa3b15e1170c5192e4771,Conservative classification; no feature-count inflation.
F-D22-responsive,D22,DESIGN SYSTEM AND UX,responsive,,PARTIAL,PARTIAL,PARTIAL,PARTIAL,PARTIAL,PARTIAL,none/local or TBD,TBD/mapped in route inventory,TBD/mapped in API inventory,TBD/mapped in DB inventory,TBD/mapped in worker inventory,see QELLY_TEST_COVERAGE_MATRIX.csv,exact source audit; registry/route presence is not completion,implementation and end-to-end evidence,FOUNDATION,WAVE_0,unassigned,HIGH,MEDIUM,M,PUBLIC_BETA_MUST,yes,2026-07-29T15:49:53+05:30,eafb11719e67135c7a6fa3b15e1170c5192e4771,Conservative classification; no feature-count inflation.
F-D22-reduced-motion,D22,DESIGN SYSTEM AND UX,reduced motion,,IMPLEMENTED_DETERMINISTIC_LOCAL,IMPLEMENTED_DETERMINISTIC_LOCAL,IMPLEMENTED_DETERMINISTIC_LOCAL,IMPLEMENTED_DETERMINISTIC_LOCAL,IMPLEMENTED_DETERMINISTIC_LOCAL,PARTIAL,none/local or TBD,TBD/mapped in route inventory,TBD/mapped in API inventory,TBD/mapped in DB inventory,TBD/mapped in worker inventory,see QELLY_TEST_COVERAGE_MATRIX.csv,exact source audit; registry/route presence is not completion,,FOUNDATION,WAVE_0,unassigned,HIGH,MEDIUM,M,PUBLIC_BETA_MUST,yes,2026-07-29T15:49:53+05:30,eafb11719e67135c7a6fa3b15e1170c5192e4771,Conservative classification; no feature-count inflation.
F-D22-internationalization,D22,DESIGN SYSTEM AND UX,internationalization.,,PARTIAL,PARTIAL,PARTIAL,PARTIAL,PARTIAL,PARTIAL,none/local or TBD,TBD/mapped in route inventory,TBD/mapped in API inventory,TBD/mapped in DB inventory,TBD/mapped in worker inventory,see QELLY_TEST_COVERAGE_MATRIX.csv,exact source audit; registry/route presence is not completion,implementation and end-to-end evidence,FOUNDATION,WAVE_0,unassigned,HIGH,MEDIUM,M,PUBLIC_BETA_MUST,yes,2026-07-29T15:49:53+05:30,eafb11719e67135c7a6fa3b15e1170c5192e4771,Conservative classification; no feature-count inflation.
F-D23-authentication,D23,SECURITY AND PRIVACY,authentication,,PARTIAL,PARTIAL,PARTIAL,PARTIAL,PARTIAL,PARTIAL,none/local or TBD,TBD/mapped in route inventory,TBD/mapped in API inventory,TBD/mapped in DB inventory,TBD/mapped in worker inventory,see QELLY_TEST_COVERAGE_MATRIX.csv,exact source audit; registry/route presence is not completion,implementation and end-to-end evidence,FOUNDATION,WAVE_0,unassigned,HIGH,MEDIUM,M,PUBLIC_BETA_MUST,yes,2026-07-29T15:49:53+05:30,eafb11719e67135c7a6fa3b15e1170c5192e4771,Conservative classification; no feature-count inflation.
F-D23-authorization,D23,SECURITY AND PRIVACY,authorization,,PARTIAL,PARTIAL,PARTIAL,PARTIAL,PARTIAL,PARTIAL,none/local or TBD,TBD/mapped in route inventory,TBD/mapped in API inventory,TBD/mapped in DB inventory,TBD/mapped in worker inventory,see QELLY_TEST_COVERAGE_MATRIX.csv,exact source audit; registry/route presence is not completion,implementation and end-to-end evidence,FOUNDATION,WAVE_0,unassigned,HIGH,MEDIUM,M,PUBLIC_BETA_MUST,yes,2026-07-29T15:49:53+05:30,eafb11719e67135c7a6fa3b15e1170c5192e4771,Conservative classification; no feature-count inflation.
F-D23-tenant-isolation,D23,SECURITY AND PRIVACY,tenant isolation,,PARTIAL,PARTIAL,PARTIAL,PARTIAL,PARTIAL,PARTIAL,none/local or TBD,TBD/mapped in route inventory,TBD/mapped in API inventory,TBD/mapped in DB inventory,TBD/mapped in worker inventory,see QELLY_TEST_COVERAGE_MATRIX.csv,exact source audit; registry/route presence is not completion,implementation and end-to-end evidence,FOUNDATION,WAVE_0,unassigned,HIGH,MEDIUM,M,PUBLIC_BETA_MUST,yes,2026-07-29T15:49:53+05:30,eafb11719e67135c7a6fa3b15e1170c5192e4771,Conservative classification; no feature-count inflation.
F-D23-encryption,D23,SECURITY AND PRIVACY,encryption,,PARTIAL,PARTIAL,PARTIAL,PARTIAL,PARTIAL,PARTIAL,none/local or TBD,TBD/mapped in route inventory,TBD/mapped in API inventory,TBD/mapped in DB inventory,TBD/mapped in worker inventory,see QELLY_TEST_COVERAGE_MATRIX.csv,exact source audit; registry/route presence is not completion,implementation and end-to-end evidence,FOUNDATION,WAVE_0,unassigned,HIGH,MEDIUM,M,PUBLIC_BETA_MUST,yes,2026-07-29T15:49:53+05:30,eafb11719e67135c7a6fa3b15e1170c5192e4771,Conservative classification; no feature-count inflation.
F-D23-secret-rotation,D23,SECURITY AND PRIVACY,secret rotation,,PARTIAL,PARTIAL,PARTIAL,PARTIAL,PARTIAL,PARTIAL,none/local or TBD,TBD/mapped in route inventory,TBD/mapped in API inventory,TBD/mapped in DB inventory,TBD/mapped in worker inventory,see QELLY_TEST_COVERAGE_MATRIX.csv,exact source audit; registry/route presence is not completion,implementation and end-to-end evidence,FOUNDATION,WAVE_0,unassigned,HIGH,MEDIUM,M,PUBLIC_BETA_MUST,yes,2026-07-29T15:49:53+05:30,eafb11719e67135c7a6fa3b15e1170c5192e4771,Conservative classification; no feature-count inflation.
F-D23-secure-cookies,D23,SECURITY AND PRIVACY,secure cookies,,PARTIAL,PARTIAL,PARTIAL,PARTIAL,PARTIAL,PARTIAL,none/local or TBD,TBD/mapped in route inventory,TBD/mapped in API inventory,TBD/mapped in DB inventory,TBD/mapped in worker inventory,see QELLY_TEST_COVERAGE_MATRIX.csv,exact source audit; registry/route presence is not completion,implementation and end-to-end evidence,FOUNDATION,WAVE_0,unassigned,HIGH,MEDIUM,M,PUBLIC_BETA_MUST,yes,2026-07-29T15:49:53+05:30,eafb11719e67135c7a6fa3b15e1170c5192e4771,Conservative classification; no feature-count inflation.
F-D23-csrf,D23,SECURITY AND PRIVACY,CSRF,,PARTIAL,PARTIAL,PARTIAL,PARTIAL,PARTIAL,PARTIAL,none/local or TBD,TBD/mapped in route inventory,TBD/mapped in API inventory,TBD/mapped in DB inventory,TBD/mapped in worker inventory,see QELLY_TEST_COVERAGE_MATRIX.csv,exact source audit; registry/route presence is not completion,implementation and end-to-end evidence,FOUNDATION,WAVE_0,unassigned,HIGH,MEDIUM,M,PUBLIC_BETA_MUST,yes,2026-07-29T15:49:53+05:30,eafb11719e67135c7a6fa3b15e1170c5192e4771,Conservative classification; no feature-count inflation.
F-D23-csp,D23,SECURITY AND PRIVACY,CSP,,PARTIAL,PARTIAL,PARTIAL,PARTIAL,PARTIAL,PARTIAL,none/local or TBD,TBD/mapped in route inventory,TBD/mapped in API inventory,TBD/mapped in DB inventory,TBD/mapped in worker inventory,see QELLY_TEST_COVERAGE_MATRIX.csv,exact source audit; registry/route presence is not completion,implementation and end-to-end evidence,FOUNDATION,WAVE_0,unassigned,HIGH,MEDIUM,M,PUBLIC_BETA_MUST,yes,2026-07-29T15:49:53+05:30,eafb11719e67135c7a6fa3b15e1170c5192e4771,Conservative classification; no feature-count inflation.
F-D23-cors,D23,SECURITY AND PRIVACY,CORS,,PARTIAL,PARTIAL,PARTIAL,PARTIAL,PARTIAL,PARTIAL,none/local or TBD,TBD/mapped in route inventory,TBD/mapped in API inventory,TBD/mapped in DB inventory,TBD/mapped in worker inventory,see QELLY_TEST_COVERAGE_MATRIX.csv,exact source audit; registry/route presence is not completion,implementation and end-to-end evidence,FOUNDATION,WAVE_0,unassigned,HIGH,MEDIUM,M,PUBLIC_BETA_MUST,yes,2026-07-29T15:49:53+05:30,eafb11719e67135c7a6fa3b15e1170c5192e4771,Conservative classification; no feature-count inflation.
F-D23-abuse-prevention,D23,SECURITY AND PRIVACY,abuse prevention,,PARTIAL,PARTIAL,PARTIAL,PARTIAL,PARTIAL,PARTIAL,none/local or TBD,TBD/mapped in route inventory,TBD/mapped in API inventory,TBD/mapped in DB inventory,TBD/mapped in worker inventory,see QELLY_TEST_COVERAGE_MATRIX.csv,exact source audit; registry/route presence is not completion,implementation and end-to-end evidence,FOUNDATION,WAVE_0,unassigned,HIGH,MEDIUM,M,PUBLIC_BETA_MUST,yes,2026-07-29T15:49:53+05:30,eafb11719e67135c7a6fa3b15e1170c5192e4771,Conservative classification; no feature-count inflation.
F-D23-file-scanning,D23,SECURITY AND PRIVACY,file scanning,,PARTIAL,PARTIAL,PARTIAL,PARTIAL,PARTIAL,PARTIAL,none/local or TBD,TBD/mapped in route inventory,TBD/mapped in API inventory,TBD/mapped in DB inventory,TBD/mapped in worker inventory,see QELLY_TEST_COVERAGE_MATRIX.csv,exact source audit; registry/route presence is not completion,implementation and end-to-end evidence,FOUNDATION,WAVE_0,unassigned,HIGH,MEDIUM,M,PUBLIC_BETA_MUST,yes,2026-07-29T15:49:53+05:30,eafb11719e67135c7a6fa3b15e1170c5192e4771,Conservative classification; no feature-count inflation.
F-D23-webhook-signatures,D23,SECURITY AND PRIVACY,webhook signatures,,PARTIAL,PARTIAL,PARTIAL,PARTIAL,PARTIAL,PARTIAL,none/local or TBD,TBD/mapped in route inventory,TBD/mapped in API inventory,TBD/mapped in DB inventory,TBD/mapped in worker inventory,see QELLY_TEST_COVERAGE_MATRIX.csv,exact source audit; registry/route presence is not completion,implementation and end-to-end evidence,FOUNDATION,WAVE_0,unassigned,HIGH,MEDIUM,M,PUBLIC_BETA_MUST,yes,2026-07-29T15:49:53+05:30,eafb11719e67135c7a6fa3b15e1170c5192e4771,Conservative classification; no feature-count inflation.
F-D23-audit,D23,SECURITY AND PRIVACY,audit,,PARTIAL,PARTIAL,PARTIAL,PARTIAL,PARTIAL,PARTIAL,none/local or TBD,TBD/mapped in route inventory,TBD/mapped in API inventory,TBD/mapped in DB inventory,TBD/mapped in worker inventory,see QELLY_TEST_COVERAGE_MATRIX.csv,exact source audit; registry/route presence is not completion,implementation and end-to-end evidence,FOUNDATION,WAVE_0,unassigned,HIGH,MEDIUM,M,PUBLIC_BETA_MUST,yes,2026-07-29T15:49:53+05:30,eafb11719e67135c7a6fa3b15e1170c5192e4771,Conservative classification; no feature-count inflation.
F-D23-pii-minimization,D23,SECURITY AND PRIVACY,PII minimization,,PARTIAL,PARTIAL,PARTIAL,PARTIAL,PARTIAL,PARTIAL,none/local or TBD,TBD/mapped in route inventory,TBD/mapped in API inventory,TBD/mapped in DB inventory,TBD/mapped in worker inventory,see QELLY_TEST_COVERAGE_MATRIX.csv,exact source audit; registry/route presence is not completion,implementation and end-to-end evidence,FOUNDATION,WAVE_0,unassigned,HIGH,MEDIUM,M,PUBLIC_BETA_MUST,yes,2026-07-29T15:49:53+05:30,eafb11719e67135c7a6fa3b15e1170c5192e4771,Conservative classification; no feature-count inflation.
F-D23-consent,D23,SECURITY AND PRIVACY,consent,"D24:COMPLIANCE, AUDIT AND DATA GOVERNANCE",PARTIAL,PARTIAL,PARTIAL,PARTIAL,PARTIAL,PARTIAL,none/local or TBD,TBD/mapped in route inventory,TBD/mapped in API inventory,TBD/mapped in DB inventory,TBD/mapped in worker inventory,see QELLY_TEST_COVERAGE_MATRIX.csv,exact source audit; registry/route presence is not completion,implementation and end-to-end evidence,FOUNDATION,WAVE_0,unassigned,HIGH,MEDIUM,M,PUBLIC_BETA_MUST,yes,2026-07-29T15:49:53+05:30,eafb11719e67135c7a6fa3b15e1170c5192e4771,Conservative classification; no feature-count inflation.
F-D23-privacy-settings,D23,SECURITY AND PRIVACY,privacy settings,,PARTIAL,PARTIAL,PARTIAL,PARTIAL,PARTIAL,PARTIAL,none/local or TBD,TBD/mapped in route inventory,TBD/mapped in API inventory,TBD/mapped in DB inventory,TBD/mapped in worker inventory,see QELLY_TEST_COVERAGE_MATRIX.csv,exact source audit; registry/route presence is not completion,implementation and end-to-end evidence,FOUNDATION,WAVE_0,unassigned,HIGH,MEDIUM,M,PUBLIC_BETA_MUST,yes,2026-07-29T15:49:53+05:30,eafb11719e67135c7a6fa3b15e1170c5192e4771,Conservative classification; no feature-count inflation.
F-D23-security-monitoring,D23,SECURITY AND PRIVACY,security monitoring.,,PARTIAL,PARTIAL,PARTIAL,PARTIAL,PARTIAL,PARTIAL,none/local or TBD,TBD/mapped in route inventory,TBD/mapped in API inventory,TBD/mapped in DB inventory,TBD/mapped in worker inventory,see QELLY_TEST_COVERAGE_MATRIX.csv,exact source audit; registry/route presence is not completion,implementation and end-to-end evidence,FOUNDATION,WAVE_0,unassigned,HIGH,MEDIUM,M,PUBLIC_BETA_MUST,yes,2026-07-29T15:49:53+05:30,eafb11719e67135c7a6fa3b15e1170c5192e4771,Conservative classification; no feature-count inflation.
F-D24-audit-logs,D24,"COMPLIANCE, AUDIT AND DATA GOVERNANCE",audit logs,,PARTIAL,PARTIAL,PARTIAL,PARTIAL,PARTIAL,PARTIAL,none/local or TBD,TBD/mapped in route inventory,TBD/mapped in API inventory,TBD/mapped in DB inventory,TBD/mapped in worker inventory,see QELLY_TEST_COVERAGE_MATRIX.csv,exact source audit; registry/route presence is not completion,implementation and end-to-end evidence,FOUNDATION,WAVE_2,unassigned,HIGH,MEDIUM,M,PUBLIC_BETA_MUST,yes,2026-07-29T15:49:53+05:30,eafb11719e67135c7a6fa3b15e1170c5192e4771,Conservative classification; no feature-count inflation.
F-D24-evidence-chain,D24,"COMPLIANCE, AUDIT AND DATA GOVERNANCE",evidence chain,,PARTIAL,PARTIAL,PARTIAL,PARTIAL,PARTIAL,PARTIAL,none/local or TBD,TBD/mapped in route inventory,TBD/mapped in API inventory,TBD/mapped in DB inventory,TBD/mapped in worker inventory,see QELLY_TEST_COVERAGE_MATRIX.csv,exact source audit; registry/route presence is not completion,implementation and end-to-end evidence,SECURITY,WAVE_2,unassigned,HIGH,HIGH,M,PUBLIC_BETA_MUST,conditional,2026-07-29T15:49:53+05:30,eafb11719e67135c7a6fa3b15e1170c5192e4771,Conservative classification; no feature-count inflation.
F-D24-source-terms,D24,"COMPLIANCE, AUDIT AND DATA GOVERNANCE",source terms,,PLANNED,PLANNED,PLANNED,UNAVAILABLE,UNAVAILABLE,PARTIAL,none/local or TBD,TBD/mapped in route inventory,TBD/mapped in API inventory,TBD/mapped in DB inventory,TBD/mapped in worker inventory,see QELLY_TEST_COVERAGE_MATRIX.csv,exact source audit; registry/route presence is not completion,implementation and end-to-end evidence,DATABASE,WAVE_2,unassigned,MEDIUM,MEDIUM,L,POST_BETA,yes,2026-07-29T15:49:53+05:30,eafb11719e67135c7a6fa3b15e1170c5192e4771,Conservative classification; no feature-count inflation.
F-D24-data-licenses,D24,"COMPLIANCE, AUDIT AND DATA GOVERNANCE",data licenses,,PLANNED,PLANNED,PLANNED,UNAVAILABLE,UNAVAILABLE,PARTIAL,none/local or TBD,TBD/mapped in route inventory,TBD/mapped in API inventory,TBD/mapped in DB inventory,TBD/mapped in worker inventory,see QELLY_TEST_COVERAGE_MATRIX.csv,exact source audit; registry/route presence is not completion,implementation and end-to-end evidence,DATABASE,WAVE_2,unassigned,MEDIUM,MEDIUM,L,POST_BETA,yes,2026-07-29T15:49:53+05:30,eafb11719e67135c7a6fa3b15e1170c5192e4771,Conservative classification; no feature-count inflation.
F-D24-attribution,D24,"COMPLIANCE, AUDIT AND DATA GOVERNANCE",attribution,,PLANNED,PLANNED,PLANNED,UNAVAILABLE,UNAVAILABLE,PARTIAL,none/local or TBD,TBD/mapped in route inventory,TBD/mapped in API inventory,TBD/mapped in DB inventory,TBD/mapped in worker inventory,see QELLY_TEST_COVERAGE_MATRIX.csv,exact source audit; registry/route presence is not completion,implementation and end-to-end evidence,DATABASE,WAVE_2,unassigned,MEDIUM,MEDIUM,L,POST_BETA,yes,2026-07-29T15:49:53+05:30,eafb11719e67135c7a6fa3b15e1170c5192e4771,Conservative classification; no feature-count inflation.
F-D24-redistribution,D24,"COMPLIANCE, AUDIT AND DATA GOVERNANCE",redistribution,,PLANNED,PLANNED,PLANNED,UNAVAILABLE,UNAVAILABLE,PARTIAL,none/local or TBD,TBD/mapped in route inventory,TBD/mapped in API inventory,TBD/mapped in DB inventory,TBD/mapped in worker inventory,see QELLY_TEST_COVERAGE_MATRIX.csv,exact source audit; registry/route presence is not completion,implementation and end-to-end evidence,DATABASE,WAVE_2,unassigned,MEDIUM,MEDIUM,L,POST_BETA,yes,2026-07-29T15:49:53+05:30,eafb11719e67135c7a6fa3b15e1170c5192e4771,Conservative classification; no feature-count inflation.
F-D24-effective-date-rules,D24,"COMPLIANCE, AUDIT AND DATA GOVERNANCE",effective-date rules,,PLANNED,PLANNED,PLANNED,UNAVAILABLE,UNAVAILABLE,PARTIAL,none/local or TBD,TBD/mapped in route inventory,TBD/mapped in API inventory,TBD/mapped in DB inventory,TBD/mapped in worker inventory,see QELLY_TEST_COVERAGE_MATRIX.csv,exact source audit; registry/route presence is not completion,implementation and end-to-end evidence,DATABASE,WAVE_2,unassigned,MEDIUM,MEDIUM,L,POST_BETA,yes,2026-07-29T15:49:53+05:30,eafb11719e67135c7a6fa3b15e1170c5192e4771,Conservative classification; no feature-count inflation.
F-D24-financial-disclaimers,D24,"COMPLIANCE, AUDIT AND DATA GOVERNANCE",financial disclaimers,,PLANNED,PLANNED,PLANNED,UNAVAILABLE,UNAVAILABLE,PARTIAL,none/local or TBD,TBD/mapped in route inventory,TBD/mapped in API inventory,TBD/mapped in DB inventory,TBD/mapped in worker inventory,see QELLY_TEST_COVERAGE_MATRIX.csv,exact source audit; registry/route presence is not completion,implementation and end-to-end evidence,SECURITY,WAVE_2,unassigned,MEDIUM,HIGH,L,POST_BETA,conditional,2026-07-29T15:49:53+05:30,eafb11719e67135c7a6fa3b15e1170c5192e4771,Conservative classification; no feature-count inflation.
F-D24-affiliate-disclosure,D24,"COMPLIANCE, AUDIT AND DATA GOVERNANCE",affiliate disclosure,,PLANNED,PLANNED,PLANNED,UNAVAILABLE,UNAVAILABLE,PARTIAL,none/local or TBD,TBD/mapped in route inventory,TBD/mapped in API inventory,TBD/mapped in DB inventory,TBD/mapped in worker inventory,see QELLY_TEST_COVERAGE_MATRIX.csv,exact source audit; registry/route presence is not completion,implementation and end-to-end evidence,DATABASE,WAVE_2,unassigned,MEDIUM,MEDIUM,L,POST_BETA,yes,2026-07-29T15:49:53+05:30,eafb11719e67135c7a6fa3b15e1170c5192e4771,Conservative classification; no feature-count inflation.
F-D24-regional-restrictions,D24,"COMPLIANCE, AUDIT AND DATA GOVERNANCE",regional restrictions,,PLANNED,PLANNED,PLANNED,UNAVAILABLE,UNAVAILABLE,PARTIAL,none/local or TBD,TBD/mapped in route inventory,TBD/mapped in API inventory,TBD/mapped in DB inventory,TBD/mapped in worker inventory,see QELLY_TEST_COVERAGE_MATRIX.csv,exact source audit; registry/route presence is not completion,implementation and end-to-end evidence,DATABASE,WAVE_2,unassigned,MEDIUM,MEDIUM,L,POST_BETA,yes,2026-07-29T15:49:53+05:30,eafb11719e67135c7a6fa3b15e1170c5192e4771,Conservative classification; no feature-count inflation.
F-D24-provider-terms,D24,"COMPLIANCE, AUDIT AND DATA GOVERNANCE",provider terms,,PLANNED,PLANNED,PLANNED,UNAVAILABLE,UNAVAILABLE,PARTIAL,none/local or TBD,TBD/mapped in route inventory,TBD/mapped in API inventory,TBD/mapped in DB inventory,TBD/mapped in worker inventory,see QELLY_TEST_COVERAGE_MATRIX.csv,exact source audit; registry/route presence is not completion,implementation and end-to-end evidence,DATABASE,WAVE_2,unassigned,MEDIUM,MEDIUM,L,POST_BETA,yes,2026-07-29T15:49:53+05:30,eafb11719e67135c7a6fa3b15e1170c5192e4771,Conservative classification; no feature-count inflation.
F-D24-model-governance,D24,"COMPLIANCE, AUDIT AND DATA GOVERNANCE",model governance,,PLANNED,PLANNED,PLANNED,UNAVAILABLE,UNAVAILABLE,PARTIAL,none/local or TBD,TBD/mapped in route inventory,TBD/mapped in API inventory,TBD/mapped in DB inventory,TBD/mapped in worker inventory,see QELLY_TEST_COVERAGE_MATRIX.csv,exact source audit; registry/route presence is not completion,implementation and end-to-end evidence,DATABASE,WAVE_2,unassigned,MEDIUM,MEDIUM,L,POST_BETA,yes,2026-07-29T15:49:53+05:30,eafb11719e67135c7a6fa3b15e1170c5192e4771,Conservative classification; no feature-count inflation.
F-D24-ai-disclosure,D24,"COMPLIANCE, AUDIT AND DATA GOVERNANCE",AI disclosure,,PLANNED,PLANNED,PLANNED,UNAVAILABLE,UNAVAILABLE,PARTIAL,none/local or TBD,TBD/mapped in route inventory,TBD/mapped in API inventory,TBD/mapped in DB inventory,TBD/mapped in worker inventory,see QELLY_TEST_COVERAGE_MATRIX.csv,exact source audit; registry/route presence is not completion,implementation and end-to-end evidence,SECURITY,WAVE_2,unassigned,MEDIUM,HIGH,L,POST_BETA,conditional,2026-07-29T15:49:53+05:30,eafb11719e67135c7a6fa3b15e1170c5192e4771,Conservative classification; no feature-count inflation.
F-D24-decision-history,D24,"COMPLIANCE, AUDIT AND DATA GOVERNANCE",decision history,,PLANNED,PLANNED,PLANNED,UNAVAILABLE,UNAVAILABLE,PARTIAL,none/local or TBD,TBD/mapped in route inventory,TBD/mapped in API inventory,TBD/mapped in DB inventory,TBD/mapped in worker inventory,see QELLY_TEST_COVERAGE_MATRIX.csv,exact source audit; registry/route presence is not completion,implementation and end-to-end evidence,DATABASE,WAVE_2,unassigned,MEDIUM,MEDIUM,L,POST_BETA,yes,2026-07-29T15:49:53+05:30,eafb11719e67135c7a6fa3b15e1170c5192e4771,Conservative classification; no feature-count inflation.
F-D24-approval-records,D24,"COMPLIANCE, AUDIT AND DATA GOVERNANCE",approval records.,,PLANNED,PLANNED,PLANNED,UNAVAILABLE,UNAVAILABLE,PARTIAL,none/local or TBD,TBD/mapped in route inventory,TBD/mapped in API inventory,TBD/mapped in DB inventory,TBD/mapped in worker inventory,see QELLY_TEST_COVERAGE_MATRIX.csv,exact source audit; registry/route presence is not completion,implementation and end-to-end evidence,DATABASE,WAVE_2,unassigned,MEDIUM,MEDIUM,L,POST_BETA,yes,2026-07-29T15:49:53+05:30,eafb11719e67135c7a6fa3b15e1170c5192e4771,Conservative classification; no feature-count inflation.
F-D25-structured-logs,D25,"OBSERVABILITY, SRE AND OPERATIONS",structured logs,,PARTIAL,PARTIAL,PARTIAL,PARTIAL,PARTIAL,PARTIAL,none/local or TBD,TBD/mapped in route inventory,TBD/mapped in API inventory,TBD/mapped in DB inventory,TBD/mapped in worker inventory,see QELLY_TEST_COVERAGE_MATRIX.csv,exact source audit; registry/route presence is not completion,implementation and end-to-end evidence,FOUNDATION,WAVE_0,unassigned,HIGH,MEDIUM,M,PUBLIC_BETA_MUST,yes,2026-07-29T15:49:53+05:30,eafb11719e67135c7a6fa3b15e1170c5192e4771,Conservative classification; no feature-count inflation.
F-D25-metrics,D25,"OBSERVABILITY, SRE AND OPERATIONS",metrics,,PARTIAL,PARTIAL,PARTIAL,PARTIAL,PARTIAL,PARTIAL,none/local or TBD,TBD/mapped in route inventory,TBD/mapped in API inventory,TBD/mapped in DB inventory,TBD/mapped in worker inventory,see QELLY_TEST_COVERAGE_MATRIX.csv,exact source audit; registry/route presence is not completion,implementation and end-to-end evidence,FOUNDATION,WAVE_0,unassigned,HIGH,MEDIUM,M,PUBLIC_BETA_MUST,yes,2026-07-29T15:49:53+05:30,eafb11719e67135c7a6fa3b15e1170c5192e4771,Conservative classification; no feature-count inflation.
F-D25-tracing,D25,"OBSERVABILITY, SRE AND OPERATIONS",tracing,,PARTIAL,PARTIAL,PARTIAL,PARTIAL,PARTIAL,PARTIAL,none/local or TBD,TBD/mapped in route inventory,TBD/mapped in API inventory,TBD/mapped in DB inventory,TBD/mapped in worker inventory,see QELLY_TEST_COVERAGE_MATRIX.csv,exact source audit; registry/route presence is not completion,implementation and end-to-end evidence,FOUNDATION,WAVE_0,unassigned,HIGH,MEDIUM,M,PUBLIC_BETA_MUST,yes,2026-07-29T15:49:53+05:30,eafb11719e67135c7a6fa3b15e1170c5192e4771,Conservative classification; no feature-count inflation.
F-D25-dashboards,D25,"OBSERVABILITY, SRE AND OPERATIONS",dashboards,,PARTIAL,PARTIAL,PARTIAL,PARTIAL,PARTIAL,PARTIAL,none/local or TBD,TBD/mapped in route inventory,TBD/mapped in API inventory,TBD/mapped in DB inventory,TBD/mapped in worker inventory,see QELLY_TEST_COVERAGE_MATRIX.csv,exact source audit; registry/route presence is not completion,implementation and end-to-end evidence,FOUNDATION,WAVE_0,unassigned,HIGH,MEDIUM,M,PUBLIC_BETA_MUST,yes,2026-07-29T15:49:53+05:30,eafb11719e67135c7a6fa3b15e1170c5192e4771,Conservative classification; no feature-count inflation.
F-D25-quota-alerts,D25,"OBSERVABILITY, SRE AND OPERATIONS",quota alerts,,PROTOTYPE,PROTOTYPE,PARTIAL,SIMULATED,PARTIAL,PARTIAL,none/local or TBD,TBD/mapped in route inventory,TBD/mapped in API inventory,TBD/mapped in DB inventory,TBD/mapped in worker inventory,see QELLY_TEST_COVERAGE_MATRIX.csv,exact source audit; registry/route presence is not completion,implementation and end-to-end evidence,DATABASE,WAVE_0,unassigned,HIGH,MEDIUM,M,PUBLIC_BETA_MUST,yes,2026-07-29T15:49:53+05:30,eafb11719e67135c7a6fa3b15e1170c5192e4771,Conservative classification; no feature-count inflation.
F-D25-stale-data-alerts,D25,"OBSERVABILITY, SRE AND OPERATIONS",stale-data alerts,,PROTOTYPE,PROTOTYPE,PARTIAL,SIMULATED,PARTIAL,PARTIAL,none/local or TBD,TBD/mapped in route inventory,TBD/mapped in API inventory,TBD/mapped in DB inventory,TBD/mapped in worker inventory,see QELLY_TEST_COVERAGE_MATRIX.csv,exact source audit; registry/route presence is not completion,implementation and end-to-end evidence,DATABASE,WAVE_0,unassigned,HIGH,MEDIUM,M,PUBLIC_BETA_MUST,yes,2026-07-29T15:49:53+05:30,eafb11719e67135c7a6fa3b15e1170c5192e4771,Conservative classification; no feature-count inflation.
F-D25-job-alerts,D25,"OBSERVABILITY, SRE AND OPERATIONS",job alerts,,PROTOTYPE,PROTOTYPE,PARTIAL,SIMULATED,PARTIAL,PARTIAL,none/local or TBD,TBD/mapped in route inventory,TBD/mapped in API inventory,TBD/mapped in DB inventory,TBD/mapped in worker inventory,see QELLY_TEST_COVERAGE_MATRIX.csv,exact source audit; registry/route presence is not completion,implementation and end-to-end evidence,DATABASE,WAVE_0,unassigned,HIGH,MEDIUM,M,PUBLIC_BETA_MUST,yes,2026-07-29T15:49:53+05:30,eafb11719e67135c7a6fa3b15e1170c5192e4771,Conservative classification; no feature-count inflation.
F-D25-queue-alerts,D25,"OBSERVABILITY, SRE AND OPERATIONS",queue alerts,,PROTOTYPE,PROTOTYPE,PARTIAL,SIMULATED,PARTIAL,PARTIAL,none/local or TBD,TBD/mapped in route inventory,TBD/mapped in API inventory,TBD/mapped in DB inventory,TBD/mapped in worker inventory,see QELLY_TEST_COVERAGE_MATRIX.csv,exact source audit; registry/route presence is not completion,implementation and end-to-end evidence,DATABASE,WAVE_0,unassigned,HIGH,MEDIUM,M,PUBLIC_BETA_MUST,yes,2026-07-29T15:49:53+05:30,eafb11719e67135c7a6fa3b15e1170c5192e4771,Conservative classification; no feature-count inflation.
F-D25-synthetic-monitoring,D25,"OBSERVABILITY, SRE AND OPERATIONS",synthetic monitoring,,PARTIAL,PARTIAL,PARTIAL,PARTIAL,PARTIAL,PARTIAL,none/local or TBD,TBD/mapped in route inventory,TBD/mapped in API inventory,TBD/mapped in DB inventory,TBD/mapped in worker inventory,see QELLY_TEST_COVERAGE_MATRIX.csv,exact source audit; registry/route presence is not completion,implementation and end-to-end evidence,FOUNDATION,WAVE_0,unassigned,HIGH,MEDIUM,M,PUBLIC_BETA_MUST,yes,2026-07-29T15:49:53+05:30,eafb11719e67135c7a6fa3b15e1170c5192e4771,Conservative classification; no feature-count inflation.
F-D25-uptime,D25,"OBSERVABILITY, SRE AND OPERATIONS",uptime,,PARTIAL,PARTIAL,PARTIAL,PARTIAL,PARTIAL,PARTIAL,none/local or TBD,TBD/mapped in route inventory,TBD/mapped in API inventory,TBD/mapped in DB inventory,TBD/mapped in worker inventory,see QELLY_TEST_COVERAGE_MATRIX.csv,exact source audit; registry/route presence is not completion,implementation and end-to-end evidence,FOUNDATION,WAVE_0,unassigned,HIGH,MEDIUM,M,PUBLIC_BETA_MUST,yes,2026-07-29T15:49:53+05:30,eafb11719e67135c7a6fa3b15e1170c5192e4771,Conservative classification; no feature-count inflation.
F-D25-deployment-markers,D25,"OBSERVABILITY, SRE AND OPERATIONS",deployment markers,,PARTIAL,PARTIAL,PARTIAL,PARTIAL,PARTIAL,PARTIAL,none/local or TBD,TBD/mapped in route inventory,TBD/mapped in API inventory,TBD/mapped in DB inventory,TBD/mapped in worker inventory,see QELLY_TEST_COVERAGE_MATRIX.csv,exact source audit; registry/route presence is not completion,implementation and end-to-end evidence,FOUNDATION,WAVE_0,unassigned,HIGH,MEDIUM,M,PUBLIC_BETA_MUST,yes,2026-07-29T15:49:53+05:30,eafb11719e67135c7a6fa3b15e1170c5192e4771,Conservative classification; no feature-count inflation.
F-D25-incident-response,D25,"OBSERVABILITY, SRE AND OPERATIONS",incident response,,PARTIAL,PARTIAL,PARTIAL,PARTIAL,PARTIAL,PARTIAL,none/local or TBD,TBD/mapped in route inventory,TBD/mapped in API inventory,TBD/mapped in DB inventory,TBD/mapped in worker inventory,see QELLY_TEST_COVERAGE_MATRIX.csv,exact source audit; registry/route presence is not completion,implementation and end-to-end evidence,FOUNDATION,WAVE_0,unassigned,HIGH,MEDIUM,M,PUBLIC_BETA_MUST,yes,2026-07-29T15:49:53+05:30,eafb11719e67135c7a6fa3b15e1170c5192e4771,Conservative classification; no feature-count inflation.
F-D25-status-page,D25,"OBSERVABILITY, SRE AND OPERATIONS",status page,,PARTIAL,PARTIAL,PARTIAL,PARTIAL,PARTIAL,PARTIAL,none/local or TBD,TBD/mapped in route inventory,TBD/mapped in API inventory,TBD/mapped in DB inventory,TBD/mapped in worker inventory,see QELLY_TEST_COVERAGE_MATRIX.csv,exact source audit; registry/route presence is not completion,implementation and end-to-end evidence,FOUNDATION,WAVE_0,unassigned,HIGH,MEDIUM,M,PUBLIC_BETA_MUST,yes,2026-07-29T15:49:53+05:30,eafb11719e67135c7a6fa3b15e1170c5192e4771,Conservative classification; no feature-count inflation.
F-D25-runbooks,D25,"OBSERVABILITY, SRE AND OPERATIONS",runbooks,,PARTIAL,PARTIAL,PARTIAL,PARTIAL,PARTIAL,PARTIAL,none/local or TBD,TBD/mapped in route inventory,TBD/mapped in API inventory,TBD/mapped in DB inventory,TBD/mapped in worker inventory,see QELLY_TEST_COVERAGE_MATRIX.csv,exact source audit; registry/route presence is not completion,implementation and end-to-end evidence,FOUNDATION,WAVE_0,unassigned,HIGH,MEDIUM,M,PUBLIC_BETA_MUST,yes,2026-07-29T15:49:53+05:30,eafb11719e67135c7a6fa3b15e1170c5192e4771,Conservative classification; no feature-count inflation.
F-D25-slos,D25,"OBSERVABILITY, SRE AND OPERATIONS",SLOs,,PARTIAL,PARTIAL,PARTIAL,PARTIAL,PARTIAL,PARTIAL,none/local or TBD,TBD/mapped in route inventory,TBD/mapped in API inventory,TBD/mapped in DB inventory,TBD/mapped in worker inventory,see QELLY_TEST_COVERAGE_MATRIX.csv,exact source audit; registry/route presence is not completion,implementation and end-to-end evidence,FOUNDATION,WAVE_0,unassigned,HIGH,MEDIUM,M,PUBLIC_BETA_MUST,yes,2026-07-29T15:49:53+05:30,eafb11719e67135c7a6fa3b15e1170c5192e4771,Conservative classification; no feature-count inflation.
F-D25-error-budgets,D25,"OBSERVABILITY, SRE AND OPERATIONS",error budgets,,PARTIAL,PARTIAL,PARTIAL,PARTIAL,PARTIAL,PARTIAL,none/local or TBD,TBD/mapped in route inventory,TBD/mapped in API inventory,TBD/mapped in DB inventory,TBD/mapped in worker inventory,see QELLY_TEST_COVERAGE_MATRIX.csv,exact source audit; registry/route presence is not completion,implementation and end-to-end evidence,FOUNDATION,WAVE_0,unassigned,HIGH,MEDIUM,M,PUBLIC_BETA_MUST,yes,2026-07-29T15:49:53+05:30,eafb11719e67135c7a6fa3b15e1170c5192e4771,Conservative classification; no feature-count inflation.
F-D25-capacity,D25,"OBSERVABILITY, SRE AND OPERATIONS",capacity,,PARTIAL,PARTIAL,PARTIAL,PARTIAL,PARTIAL,PARTIAL,none/local or TBD,TBD/mapped in route inventory,TBD/mapped in API inventory,TBD/mapped in DB inventory,TBD/mapped in worker inventory,see QELLY_TEST_COVERAGE_MATRIX.csv,exact source audit; registry/route presence is not completion,implementation and end-to-end evidence,FOUNDATION,WAVE_0,unassigned,HIGH,MEDIUM,M,PUBLIC_BETA_MUST,yes,2026-07-29T15:49:53+05:30,eafb11719e67135c7a6fa3b15e1170c5192e4771,Conservative classification; no feature-count inflation.
F-D25-cost-monitoring,D25,"OBSERVABILITY, SRE AND OPERATIONS",cost monitoring.,,PARTIAL,PARTIAL,PARTIAL,PARTIAL,PARTIAL,PARTIAL,none/local or TBD,TBD/mapped in route inventory,TBD/mapped in API inventory,TBD/mapped in DB inventory,TBD/mapped in worker inventory,see QELLY_TEST_COVERAGE_MATRIX.csv,exact source audit; registry/route presence is not completion,implementation and end-to-end evidence,FOUNDATION,WAVE_0,unassigned,HIGH,MEDIUM,M,PUBLIC_BETA_MUST,yes,2026-07-29T15:49:53+05:30,eafb11719e67135c7a6fa3b15e1170c5192e4771,Conservative classification; no feature-count inflation.
F-D26-responsive-web,D26,"MOBILE, PWA AND DESKTOP",responsive web,,IMPLEMENTED_DETERMINISTIC_LOCAL,IMPLEMENTED_DETERMINISTIC_LOCAL,IMPLEMENTED_DETERMINISTIC_LOCAL,IMPLEMENTED_DETERMINISTIC_LOCAL,IMPLEMENTED_DETERMINISTIC_LOCAL,PARTIAL,none/local or TBD,TBD/mapped in route inventory,TBD/mapped in API inventory,TBD/mapped in DB inventory,TBD/mapped in worker inventory,see QELLY_TEST_COVERAGE_MATRIX.csv,exact source audit; registry/route presence is not completion,,FOUNDATION,WAVE_2,unassigned,HIGH,MEDIUM,M,PUBLIC_BETA_MUST,yes,2026-07-29T15:49:53+05:30,eafb11719e67135c7a6fa3b15e1170c5192e4771,Conservative classification; no feature-count inflation.
F-D26-pwa,D26,"MOBILE, PWA AND DESKTOP",PWA,,PLANNED,PLANNED,PLANNED,UNAVAILABLE,UNAVAILABLE,PARTIAL,none/local or TBD,TBD/mapped in route inventory,TBD/mapped in API inventory,TBD/mapped in DB inventory,TBD/mapped in worker inventory,see QELLY_TEST_COVERAGE_MATRIX.csv,exact source audit; registry/route presence is not completion,implementation and end-to-end evidence,DATABASE,WAVE_2,unassigned,MEDIUM,MEDIUM,L,POST_BETA,yes,2026-07-29T15:49:53+05:30,eafb11719e67135c7a6fa3b15e1170c5192e4771,Conservative classification; no feature-count inflation.
F-D26-installability,D26,"MOBILE, PWA AND DESKTOP",installability,,PLANNED,PLANNED,PLANNED,UNAVAILABLE,UNAVAILABLE,PARTIAL,none/local or TBD,TBD/mapped in route inventory,TBD/mapped in API inventory,TBD/mapped in DB inventory,TBD/mapped in worker inventory,see QELLY_TEST_COVERAGE_MATRIX.csv,exact source audit; registry/route presence is not completion,implementation and end-to-end evidence,DATABASE,WAVE_2,unassigned,MEDIUM,MEDIUM,L,POST_BETA,yes,2026-07-29T15:49:53+05:30,eafb11719e67135c7a6fa3b15e1170c5192e4771,Conservative classification; no feature-count inflation.
F-D26-offline,D26,"MOBILE, PWA AND DESKTOP",offline,,PROTOTYPE,PROTOTYPE,PARTIAL,SIMULATED,PARTIAL,PARTIAL,none/local or TBD,TBD/mapped in route inventory,TBD/mapped in API inventory,TBD/mapped in DB inventory,TBD/mapped in worker inventory,see QELLY_TEST_COVERAGE_MATRIX.csv,exact source audit; registry/route presence is not completion,implementation and end-to-end evidence,DATABASE,WAVE_2,unassigned,HIGH,MEDIUM,M,PUBLIC_BETA_MUST,yes,2026-07-29T15:49:53+05:30,eafb11719e67135c7a6fa3b15e1170c5192e4771,Conservative classification; no feature-count inflation.
F-D26-service-worker,D26,"MOBILE, PWA AND DESKTOP",service worker,,PARTIAL,PARTIAL,PARTIAL,PARTIAL,PARTIAL,PARTIAL,none/local or TBD,TBD/mapped in route inventory,TBD/mapped in API inventory,TBD/mapped in DB inventory,TBD/mapped in worker inventory,see QELLY_TEST_COVERAGE_MATRIX.csv,exact source audit; registry/route presence is not completion,implementation and end-to-end evidence,FOUNDATION,WAVE_2,unassigned,HIGH,MEDIUM,M,PUBLIC_BETA_MUST,yes,2026-07-29T15:49:53+05:30,eafb11719e67135c7a6fa3b15e1170c5192e4771,Conservative classification; no feature-count inflation.
F-D26-background-sync-where-supported,D26,"MOBILE, PWA AND DESKTOP",background sync where supported,,PLANNED,PLANNED,PLANNED,UNAVAILABLE,UNAVAILABLE,PARTIAL,none/local or TBD,TBD/mapped in route inventory,TBD/mapped in API inventory,TBD/mapped in DB inventory,TBD/mapped in worker inventory,see QELLY_TEST_COVERAGE_MATRIX.csv,exact source audit; registry/route presence is not completion,implementation and end-to-end evidence,DATABASE,WAVE_2,unassigned,MEDIUM,MEDIUM,L,POST_BETA,yes,2026-07-29T15:49:53+05:30,eafb11719e67135c7a6fa3b15e1170c5192e4771,Conservative classification; no feature-count inflation.
F-D26-mobile-navigation,D26,"MOBILE, PWA AND DESKTOP",mobile navigation,,IMPLEMENTED_DETERMINISTIC_LOCAL,IMPLEMENTED_DETERMINISTIC_LOCAL,IMPLEMENTED_DETERMINISTIC_LOCAL,IMPLEMENTED_DETERMINISTIC_LOCAL,IMPLEMENTED_DETERMINISTIC_LOCAL,PARTIAL,none/local or TBD,TBD/mapped in route inventory,TBD/mapped in API inventory,TBD/mapped in DB inventory,TBD/mapped in worker inventory,see QELLY_TEST_COVERAGE_MATRIX.csv,exact source audit; registry/route presence is not completion,,FOUNDATION,WAVE_2,unassigned,HIGH,MEDIUM,M,PUBLIC_BETA_MUST,yes,2026-07-29T15:49:53+05:30,eafb11719e67135c7a6fa3b15e1170c5192e4771,Conservative classification; no feature-count inflation.
F-D26-touch,D26,"MOBILE, PWA AND DESKTOP",touch,,PLANNED,PLANNED,PLANNED,UNAVAILABLE,UNAVAILABLE,PARTIAL,none/local or TBD,TBD/mapped in route inventory,TBD/mapped in API inventory,TBD/mapped in DB inventory,TBD/mapped in worker inventory,see QELLY_TEST_COVERAGE_MATRIX.csv,exact source audit; registry/route presence is not completion,implementation and end-to-end evidence,DATABASE,WAVE_2,unassigned,MEDIUM,MEDIUM,L,POST_BETA,yes,2026-07-29T15:49:53+05:30,eafb11719e67135c7a6fa3b15e1170c5192e4771,Conservative classification; no feature-count inflation.
F-D26-device-security,D26,"MOBILE, PWA AND DESKTOP",device security,,PLANNED,PLANNED,PLANNED,UNAVAILABLE,UNAVAILABLE,PARTIAL,none/local or TBD,TBD/mapped in route inventory,TBD/mapped in API inventory,TBD/mapped in DB inventory,TBD/mapped in worker inventory,see QELLY_TEST_COVERAGE_MATRIX.csv,exact source audit; registry/route presence is not completion,implementation and end-to-end evidence,DATABASE,WAVE_2,unassigned,MEDIUM,MEDIUM,L,POST_BETA,yes,2026-07-29T15:49:53+05:30,eafb11719e67135c7a6fa3b15e1170c5192e4771,Conservative classification; no feature-count inflation.
F-D26-deep-links,D26,"MOBILE, PWA AND DESKTOP",deep links,,PLANNED,PLANNED,PLANNED,UNAVAILABLE,UNAVAILABLE,PARTIAL,none/local or TBD,TBD/mapped in route inventory,TBD/mapped in API inventory,TBD/mapped in DB inventory,TBD/mapped in worker inventory,see QELLY_TEST_COVERAGE_MATRIX.csv,exact source audit; registry/route presence is not completion,implementation and end-to-end evidence,DATABASE,WAVE_2,unassigned,MEDIUM,MEDIUM,L,POST_BETA,yes,2026-07-29T15:49:53+05:30,eafb11719e67135c7a6fa3b15e1170c5192e4771,Conservative classification; no feature-count inflation.
F-D26-desktop-wrapper-if-planned,D26,"MOBILE, PWA AND DESKTOP",desktop wrapper if planned,,PLANNED,PLANNED,PLANNED,UNAVAILABLE,UNAVAILABLE,PARTIAL,none/local or TBD,TBD/mapped in route inventory,TBD/mapped in API inventory,TBD/mapped in DB inventory,TBD/mapped in worker inventory,see QELLY_TEST_COVERAGE_MATRIX.csv,exact source audit; registry/route presence is not completion,implementation and end-to-end evidence,DATABASE,WAVE_2,unassigned,MEDIUM,MEDIUM,L,POST_BETA,yes,2026-07-29T15:49:53+05:30,eafb11719e67135c7a6fa3b15e1170c5192e4771,Conservative classification; no feature-count inflation.
F-D26-app-update-behavior,D26,"MOBILE, PWA AND DESKTOP",app update behavior.,,PLANNED,PLANNED,PLANNED,UNAVAILABLE,UNAVAILABLE,PARTIAL,none/local or TBD,TBD/mapped in route inventory,TBD/mapped in API inventory,TBD/mapped in DB inventory,TBD/mapped in worker inventory,see QELLY_TEST_COVERAGE_MATRIX.csv,exact source audit; registry/route presence is not completion,implementation and end-to-end evidence,DATABASE,WAVE_2,unassigned,MEDIUM,MEDIUM,L,POST_BETA,yes,2026-07-29T15:49:53+05:30,eafb11719e67135c7a6fa3b15e1170c5192e4771,Conservative classification; no feature-count inflation.
F-D27-release-gates,D27,"RELEASE, BCP, DR AND GO-LIVE",release gates,,PARTIAL,PARTIAL,PARTIAL,PARTIAL,PARTIAL,PARTIAL,none/local or TBD,TBD/mapped in route inventory,TBD/mapped in API inventory,TBD/mapped in DB inventory,TBD/mapped in worker inventory,see QELLY_TEST_COVERAGE_MATRIX.csv,exact source audit; registry/route presence is not completion,implementation and end-to-end evidence,FOUNDATION,WAVE_0,unassigned,HIGH,MEDIUM,M,PUBLIC_BETA_MUST,yes,2026-07-29T15:49:53+05:30,eafb11719e67135c7a6fa3b15e1170c5192e4771,Conservative classification; no feature-count inflation.
F-D27-staging,D27,"RELEASE, BCP, DR AND GO-LIVE",staging,,PARTIAL,PARTIAL,PARTIAL,PARTIAL,PARTIAL,PARTIAL,none/local or TBD,TBD/mapped in route inventory,TBD/mapped in API inventory,TBD/mapped in DB inventory,TBD/mapped in worker inventory,see QELLY_TEST_COVERAGE_MATRIX.csv,exact source audit; registry/route presence is not completion,implementation and end-to-end evidence,FOUNDATION,WAVE_0,unassigned,HIGH,MEDIUM,M,PUBLIC_BETA_MUST,yes,2026-07-29T15:49:53+05:30,eafb11719e67135c7a6fa3b15e1170c5192e4771,Conservative classification; no feature-count inflation.
F-D27-canary,D27,"RELEASE, BCP, DR AND GO-LIVE",canary,,PARTIAL,PARTIAL,PARTIAL,PARTIAL,PARTIAL,PARTIAL,none/local or TBD,TBD/mapped in route inventory,TBD/mapped in API inventory,TBD/mapped in DB inventory,TBD/mapped in worker inventory,see QELLY_TEST_COVERAGE_MATRIX.csv,exact source audit; registry/route presence is not completion,implementation and end-to-end evidence,FOUNDATION,WAVE_0,unassigned,HIGH,MEDIUM,M,PUBLIC_BETA_MUST,yes,2026-07-29T15:49:53+05:30,eafb11719e67135c7a6fa3b15e1170c5192e4771,Conservative classification; no feature-count inflation.
F-D27-database-migration,D27,"RELEASE, BCP, DR AND GO-LIVE",database migration,,PARTIAL,PARTIAL,PARTIAL,PARTIAL,PARTIAL,PARTIAL,none/local or TBD,TBD/mapped in route inventory,TBD/mapped in API inventory,TBD/mapped in DB inventory,TBD/mapped in worker inventory,see QELLY_TEST_COVERAGE_MATRIX.csv,exact source audit; registry/route presence is not completion,implementation and end-to-end evidence,FOUNDATION,WAVE_0,unassigned,HIGH,MEDIUM,M,PUBLIC_BETA_MUST,yes,2026-07-29T15:49:53+05:30,eafb11719e67135c7a6fa3b15e1170c5192e4771,Conservative classification; no feature-count inflation.
F-D27-backup,D27,"RELEASE, BCP, DR AND GO-LIVE",backup,,PARTIAL,PARTIAL,PARTIAL,PARTIAL,PARTIAL,PARTIAL,none/local or TBD,TBD/mapped in route inventory,TBD/mapped in API inventory,TBD/mapped in DB inventory,TBD/mapped in worker inventory,see QELLY_TEST_COVERAGE_MATRIX.csv,exact source audit; registry/route presence is not completion,implementation and end-to-end evidence,FOUNDATION,WAVE_0,unassigned,HIGH,MEDIUM,M,PUBLIC_BETA_MUST,yes,2026-07-29T15:49:53+05:30,eafb11719e67135c7a6fa3b15e1170c5192e4771,Conservative classification; no feature-count inflation.
F-D27-rpo,D27,"RELEASE, BCP, DR AND GO-LIVE",RPO,,PARTIAL,PARTIAL,PARTIAL,PARTIAL,PARTIAL,PARTIAL,none/local or TBD,TBD/mapped in route inventory,TBD/mapped in API inventory,TBD/mapped in DB inventory,TBD/mapped in worker inventory,see QELLY_TEST_COVERAGE_MATRIX.csv,exact source audit; registry/route presence is not completion,implementation and end-to-end evidence,FOUNDATION,WAVE_0,unassigned,HIGH,MEDIUM,M,PUBLIC_BETA_MUST,yes,2026-07-29T15:49:53+05:30,eafb11719e67135c7a6fa3b15e1170c5192e4771,Conservative classification; no feature-count inflation.
F-D27-rto,D27,"RELEASE, BCP, DR AND GO-LIVE",RTO,,PARTIAL,PARTIAL,PARTIAL,PARTIAL,PARTIAL,PARTIAL,none/local or TBD,TBD/mapped in route inventory,TBD/mapped in API inventory,TBD/mapped in DB inventory,TBD/mapped in worker inventory,see QELLY_TEST_COVERAGE_MATRIX.csv,exact source audit; registry/route presence is not completion,implementation and end-to-end evidence,FOUNDATION,WAVE_0,unassigned,HIGH,MEDIUM,M,PUBLIC_BETA_MUST,yes,2026-07-29T15:49:53+05:30,eafb11719e67135c7a6fa3b15e1170c5192e4771,Conservative classification; no feature-count inflation.
F-D27-disaster-recovery,D27,"RELEASE, BCP, DR AND GO-LIVE",disaster recovery,,PARTIAL,PARTIAL,PARTIAL,PARTIAL,PARTIAL,PARTIAL,none/local or TBD,TBD/mapped in route inventory,TBD/mapped in API inventory,TBD/mapped in DB inventory,TBD/mapped in worker inventory,see QELLY_TEST_COVERAGE_MATRIX.csv,exact source audit; registry/route presence is not completion,implementation and end-to-end evidence,FOUNDATION,WAVE_0,unassigned,HIGH,MEDIUM,M,PUBLIC_BETA_MUST,yes,2026-07-29T15:49:53+05:30,eafb11719e67135c7a6fa3b15e1170c5192e4771,Conservative classification; no feature-count inflation.
F-D27-business-continuity,D27,"RELEASE, BCP, DR AND GO-LIVE",business continuity,,PARTIAL,PARTIAL,PARTIAL,PARTIAL,PARTIAL,PARTIAL,none/local or TBD,TBD/mapped in route inventory,TBD/mapped in API inventory,TBD/mapped in DB inventory,TBD/mapped in worker inventory,see QELLY_TEST_COVERAGE_MATRIX.csv,exact source audit; registry/route presence is not completion,implementation and end-to-end evidence,FOUNDATION,WAVE_0,unassigned,HIGH,MEDIUM,M,PUBLIC_BETA_MUST,yes,2026-07-29T15:49:53+05:30,eafb11719e67135c7a6fa3b15e1170c5192e4771,Conservative classification; no feature-count inflation.
F-D27-incident-communication,D27,"RELEASE, BCP, DR AND GO-LIVE",incident communication,,PARTIAL,PARTIAL,PARTIAL,PARTIAL,PARTIAL,PARTIAL,none/local or TBD,TBD/mapped in route inventory,TBD/mapped in API inventory,TBD/mapped in DB inventory,TBD/mapped in worker inventory,see QELLY_TEST_COVERAGE_MATRIX.csv,exact source audit; registry/route presence is not completion,implementation and end-to-end evidence,FOUNDATION,WAVE_0,unassigned,HIGH,MEDIUM,M,PUBLIC_BETA_MUST,yes,2026-07-29T15:49:53+05:30,eafb11719e67135c7a6fa3b15e1170c5192e4771,Conservative classification; no feature-count inflation.
F-D27-provider-outage-plans,D27,"RELEASE, BCP, DR AND GO-LIVE",provider outage plans,,PARTIAL,PARTIAL,PARTIAL,PARTIAL,PARTIAL,PARTIAL,none/local or TBD,TBD/mapped in route inventory,TBD/mapped in API inventory,TBD/mapped in DB inventory,TBD/mapped in worker inventory,see QELLY_TEST_COVERAGE_MATRIX.csv,exact source audit; registry/route presence is not completion,implementation and end-to-end evidence,FOUNDATION,WAVE_0,unassigned,HIGH,MEDIUM,M,PUBLIC_BETA_MUST,yes,2026-07-29T15:49:53+05:30,eafb11719e67135c7a6fa3b15e1170c5192e4771,Conservative classification; no feature-count inflation.
F-D27-legal-checks,D27,"RELEASE, BCP, DR AND GO-LIVE",legal checks,,PARTIAL,PARTIAL,PARTIAL,PARTIAL,PARTIAL,PARTIAL,none/local or TBD,TBD/mapped in route inventory,TBD/mapped in API inventory,TBD/mapped in DB inventory,TBD/mapped in worker inventory,see QELLY_TEST_COVERAGE_MATRIX.csv,exact source audit; registry/route presence is not completion,implementation and end-to-end evidence,FOUNDATION,WAVE_0,unassigned,HIGH,MEDIUM,M,PUBLIC_BETA_MUST,yes,2026-07-29T15:49:53+05:30,eafb11719e67135c7a6fa3b15e1170c5192e4771,Conservative classification; no feature-count inflation.
F-D27-security-review,D27,"RELEASE, BCP, DR AND GO-LIVE",security review,,PARTIAL,PARTIAL,PARTIAL,PARTIAL,PARTIAL,PARTIAL,none/local or TBD,TBD/mapped in route inventory,TBD/mapped in API inventory,TBD/mapped in DB inventory,TBD/mapped in worker inventory,see QELLY_TEST_COVERAGE_MATRIX.csv,exact source audit; registry/route presence is not completion,implementation and end-to-end evidence,FOUNDATION,WAVE_0,unassigned,HIGH,MEDIUM,M,PUBLIC_BETA_MUST,yes,2026-07-29T15:49:53+05:30,eafb11719e67135c7a6fa3b15e1170c5192e4771,Conservative classification; no feature-count inflation.
F-D27-beta-controls,D27,"RELEASE, BCP, DR AND GO-LIVE",beta controls,,PARTIAL,PARTIAL,PARTIAL,PARTIAL,PARTIAL,PARTIAL,none/local or TBD,TBD/mapped in route inventory,TBD/mapped in API inventory,TBD/mapped in DB inventory,TBD/mapped in worker inventory,see QELLY_TEST_COVERAGE_MATRIX.csv,exact source audit; registry/route presence is not completion,implementation and end-to-end evidence,FOUNDATION,WAVE_0,unassigned,HIGH,MEDIUM,M,PUBLIC_BETA_MUST,yes,2026-07-29T15:49:53+05:30,eafb11719e67135c7a6fa3b15e1170c5192e4771,Conservative classification; no feature-count inflation.
F-D27-go-live-checklist,D27,"RELEASE, BCP, DR AND GO-LIVE",go-live checklist.,,PARTIAL,PARTIAL,PARTIAL,PARTIAL,PARTIAL,PARTIAL,none/local or TBD,TBD/mapped in route inventory,TBD/mapped in API inventory,TBD/mapped in DB inventory,TBD/mapped in worker inventory,see QELLY_TEST_COVERAGE_MATRIX.csv,exact source audit; registry/route presence is not completion,implementation and end-to-end evidence,FOUNDATION,WAVE_0,unassigned,HIGH,MEDIUM,M,PUBLIC_BETA_MUST,yes,2026-07-29T15:49:53+05:30,eafb11719e67135c7a6fa3b15e1170c5192e4771,Conservative classification; no feature-count inflation.
