matrix_id,source_run,exact_head,route,action_state,browser,viewport,theme_request,motion,authentication,expected_truth,result,first_failure,console_errors,page_errors,failed_resources,horizontal_overflow_px,notes
OLD-0001,30482255458,ff6a8ab2180527e3dc62e2cf4890338eef18aa96,calculator-center,valid calculation after route render,chromium,360x800,dark,reduced,anonymous static preview,deterministic/local or unavailable; never live,BLOCKED_BY_HARNESS_DEFECT,fixed-nav-overlap:16,0,0,0,0,Old five-route matrix only; final complete route/action/state matrix still required.
OLD-0002,30482255458,ff6a8ab2180527e3dc62e2cf4890338eef18aa96,india-finance,initial India finance truth/unavailable-rule state,chromium,360x800,dark,reduced,anonymous static preview,deterministic/local or unavailable; never live,BLOCKED_BY_HARNESS_DEFECT,fixed-nav-overlap:18,0,0,0,0,Old five-route matrix only; final complete route/action/state matrix still required.
OLD-0003,30482255458,ff6a8ab2180527e3dc62e2cf4890338eef18aa96,indicator-library,valid indicator calculation after route render,chromium,360x800,dark,reduced,anonymous static preview,deterministic/local or unavailable; never live,BLOCKED_BY_HARNESS_DEFECT,fixed-nav-overlap:15,0,0,0,0,Old five-route matrix only; final complete route/action/state matrix still required.
OLD-0004,30482255458,ff6a8ab2180527e3dc62e2cf4890338eef18aa96,formula-library,initial formula catalogue state,chromium,360x800,dark,reduced,anonymous static preview,deterministic/local or unavailable; never live,BLOCKED_BY_HARNESS_DEFECT,fixed-nav-overlap:19,0,0,0,0,Old five-route matrix only; final complete route/action/state matrix still required.
OLD-0005,30482255458,ff6a8ab2180527e3dc62e2cf4890338eef18aa96,saved-calculations,initial/empty local-persistence state,chromium,360x800,dark,reduced,anonymous static preview,deterministic/local or unavailable; never live,BLOCKED_BY_HARNESS_DEFECT,fixed-nav-overlap:18,0,0,0,0,Old five-route matrix only; final complete route/action/state matrix still required.
OLD-0006,30482255458,ff6a8ab2180527e3dc62e2cf4890338eef18aa96,calculator-center,valid calculation after route render,chromium,360x800,light,reduced,anonymous static preview,deterministic/local or unavailable; never live,BLOCKED_BY_HARNESS_DEFECT,fixed-nav-overlap:16,0,0,0,0,Old five-route matrix only; final complete route/action/state matrix still required.
OLD-0007,30482255458,ff6a8ab2180527e3dc62e2cf4890338eef18aa96,india-finance,initial India finance truth/unavailable-rule state,chromium,360x800,light,reduced,anonymous static preview,deterministic/local or unavailable; never live,BLOCKED_BY_HARNESS_DEFECT,fixed-nav-overlap:18,0,0,0,0,Old five-route matrix only; final complete route/action/state matrix still required.
OLD-0008,30482255458,ff6a8ab2180527e3dc62e2cf4890338eef18aa96,indicator-library,valid indicator calculation after route render,chromium,360x800,light,reduced,anonymous static preview,deterministic/local or unavailable; never live,BLOCKED_BY_HARNESS_DEFECT,fixed-nav-overlap:15,0,0,0,0,Old five-route matrix only; final complete route/action/state matrix still required.
OLD-0009,30482255458,ff6a8ab2180527e3dc62e2cf4890338eef18aa96,formula-library,initial formula catalogue state,chromium,360x800,light,reduced,anonymous static preview,deterministic/local or unavailable; never live,BLOCKED_BY_HARNESS_DEFECT,fixed-nav-overlap:19,0,0,0,0,Old five-route matrix only; final complete route/action/state matrix still required.
OLD-0010,30482255458,ff6a8ab2180527e3dc62e2cf4890338eef18aa96,saved-calculations,initial/empty local-persistence state,chromium,360x800,light,reduced,anonymous static preview,deterministic/local or unavailable; never live,BLOCKED_BY_HARNESS_DEFECT,fixed-nav-overlap:18,0,0,0,0,Old five-route matrix only; final complete route/action/state matrix still required.
OLD-0011,30482255458,ff6a8ab2180527e3dc62e2cf4890338eef18aa96,calculator-center,valid calculation after route render,chromium,360x800,oled,reduced,anonymous static preview,deterministic/local or unavailable; never live,BLOCKED_BY_HARNESS_DEFECT,fixed-nav-overlap:16,0,0,0,0,Old five-route matrix only; final complete route/action/state matrix still required.
OLD-0012,30482255458,ff6a8ab2180527e3dc62e2cf4890338eef18aa96,india-finance,initial India finance truth/unavailable-rule state,chromium,360x800,oled,reduced,anonymous static preview,deterministic/local or unavailable; never live,BLOCKED_BY_HARNESS_DEFECT,fixed-nav-overlap:18,0,0,0,0,Old five-route matrix only; final complete route/action/state matrix still required.
OLD-0013,30482255458,ff6a8ab2180527e3dc62e2cf4890338eef18aa96,indicator-library,valid indicator calculation after route render,chromium,360x800,oled,reduced,anonymous static preview,deterministic/local or unavailable; never live,BLOCKED_BY_HARNESS_DEFECT,fixed-nav-overlap:15,0,0,0,0,Old five-route matrix only; final complete route/action/state matrix still required.
OLD-0014,30482255458,ff6a8ab2180527e3dc62e2cf4890338eef18aa96,formula-library,initial formula catalogue state,chromium,360x800,oled,reduced,anonymous static preview,deterministic/local or unavailable; never live,BLOCKED_BY_HARNESS_DEFECT,fixed-nav-overlap:19,0,0,0,0,Old five-route matrix only; final complete route/action/state matrix still required.
OLD-0015,30482255458,ff6a8ab2180527e3dc62e2cf4890338eef18aa96,saved-calculations,initial/empty local-persistence state,chromium,360x800,oled,reduced,anonymous static preview,deterministic/local or unavailable; never live,BLOCKED_BY_HARNESS_DEFECT,fixed-nav-overlap:18,0,0,0,0,Old five-route matrix only; final complete route/action/state matrix still required.
OLD-0016,30482255458,ff6a8ab2180527e3dc62e2cf4890338eef18aa96,calculator-center,valid calculation after route render,chromium,360x800,high-contrast,reduced,anonymous static preview,deterministic/local or unavailable; never live,BLOCKED_BY_HARNESS_DEFECT,fixed-nav-overlap:16,0,0,0,0,Old five-route matrix only; final complete route/action/state matrix still required.
OLD-0017,30482255458,ff6a8ab2180527e3dc62e2cf4890338eef18aa96,india-finance,initial India finance truth/unavailable-rule state,chromium,360x800,high-contrast,reduced,anonymous static preview,deterministic/local or unavailable; never live,BLOCKED_BY_HARNESS_DEFECT,fixed-nav-overlap:18,0,0,0,0,Old five-route matrix only; final complete route/action/state matrix still required.
OLD-0018,30482255458,ff6a8ab2180527e3dc62e2cf4890338eef18aa96,indicator-library,valid indicator calculation after route render,chromium,360x800,high-contrast,reduced,anonymous static preview,deterministic/local or unavailable; never live,BLOCKED_BY_HARNESS_DEFECT,fixed-nav-overlap:15,0,0,0,0,Old five-route matrix only; final complete route/action/state matrix still required.
OLD-0019,30482255458,ff6a8ab2180527e3dc62e2cf4890338eef18aa96,formula-library,initial formula catalogue state,chromium,360x800,high-contrast,reduced,anonymous static preview,deterministic/local or unavailable; never live,BLOCKED_BY_HARNESS_DEFECT,fixed-nav-overlap:19,0,0,0,0,Old five-route matrix only; final complete route/action/state matrix still required.
OLD-0020,30482255458,ff6a8ab2180527e3dc62e2cf4890338eef18aa96,saved-calculations,initial/empty local-persistence state,chromium,360x800,high-contrast,reduced,anonymous static preview,deterministic/local or unavailable; never live,BLOCKED_BY_HARNESS_DEFECT,fixed-nav-overlap:18,0,0,0,0,Old five-route matrix only; final complete route/action/state matrix still required.
OLD-0021,30482255458,ff6a8ab2180527e3dc62e2cf4890338eef18aa96,calculator-center,valid calculation after route render,chromium,390x844,dark,reduced,anonymous static preview,deterministic/local or unavailable; never live,BLOCKED_BY_HARNESS_DEFECT,fixed-nav-overlap:16,0,0,0,0,Old five-route matrix only; final complete route/action/state matrix still required.
OLD-0022,30482255458,ff6a8ab2180527e3dc62e2cf4890338eef18aa96,india-finance,initial India finance truth/unavailable-rule state,chromium,390x844,dark,reduced,anonymous static preview,deterministic/local or unavailable; never live,BLOCKED_BY_HARNESS_DEFECT,fixed-nav-overlap:18,0,0,0,0,Old five-route matrix only; final complete route/action/state matrix still required.
OLD-0023,30482255458,ff6a8ab2180527e3dc62e2cf4890338eef18aa96,indicator-library,valid indicator calculation after route render,chromium,390x844,dark,reduced,anonymous static preview,deterministic/local or unavailable; never live,BLOCKED_BY_HARNESS_DEFECT,fixed-nav-overlap:15,0,0,0,0,Old five-route matrix only; final complete route/action/state matrix still required.
OLD-0024,30482255458,ff6a8ab2180527e3dc62e2cf4890338eef18aa96,formula-library,initial formula catalogue state,chromium,390x844,dark,reduced,anonymous static preview,deterministic/local or unavailable; never live,BLOCKED_BY_HARNESS_DEFECT,fixed-nav-overlap:19,0,0,0,0,Old five-route matrix only; final complete route/action/state matrix still required.
OLD-0025,30482255458,ff6a8ab2180527e3dc62e2cf4890338eef18aa96,saved-calculations,initial/empty local-persistence state,chromium,390x844,dark,reduced,anonymous static preview,deterministic/local or unavailable; never live,BLOCKED_BY_HARNESS_DEFECT,fixed-nav-overlap:18,0,0,0,0,Old five-route matrix only; final complete route/action/state matrix still required.
OLD-0026,30482255458,ff6a8ab2180527e3dc62e2cf4890338eef18aa96,calculator-center,valid calculation after route render,chromium,390x844,light,reduced,anonymous static preview,deterministic/local or unavailable; never live,BLOCKED_BY_HARNESS_DEFECT,fixed-nav-overlap:16,0,0,0,0,Old five-route matrix only; final complete route/action/state matrix still required.
OLD-0027,30482255458,ff6a8ab2180527e3dc62e2cf4890338eef18aa96,india-finance,initial India finance truth/unavailable-rule state,chromium,390x844,light,reduced,anonymous static preview,deterministic/local or unavailable; never live,BLOCKED_BY_HARNESS_DEFECT,fixed-nav-overlap:18,0,0,0,0,Old five-route matrix only; final complete route/action/state matrix still required.
OLD-0028,30482255458,ff6a8ab2180527e3dc62e2cf4890338eef18aa96,indicator-library,valid indicator calculation after route render,chromium,390x844,light,reduced,anonymous static preview,deterministic/local or unavailable; never live,BLOCKED_BY_HARNESS_DEFECT,fixed-nav-overlap:15,0,0,0,0,Old five-route matrix only; final complete route/action/state matrix still required.
OLD-0029,30482255458,ff6a8ab2180527e3dc62e2cf4890338eef18aa96,formula-library,initial formula catalogue state,chromium,390x844,light,reduced,anonymous static preview,deterministic/local or unavailable; never live,BLOCKED_BY_HARNESS_DEFECT,fixed-nav-overlap:19,0,0,0,0,Old five-route matrix only; final complete route/action/state matrix still required.
OLD-0030,30482255458,ff6a8ab2180527e3dc62e2cf4890338eef18aa96,saved-calculations,initial/empty local-persistence state,chromium,390x844,light,reduced,anonymous static preview,deterministic/local or unavailable; never live,BLOCKED_BY_HARNESS_DEFECT,fixed-nav-overlap:18,0,0,0,0,Old five-route matrix only; final complete route/action/state matrix still required.
OLD-0031,30482255458,ff6a8ab2180527e3dc62e2cf4890338eef18aa96,calculator-center,valid calculation after route render,chromium,390x844,oled,reduced,anonymous static preview,deterministic/local or unavailable; never live,BLOCKED_BY_HARNESS_DEFECT,fixed-nav-overlap:16,0,0,0,0,Old five-route matrix only; final complete route/action/state matrix still required.
OLD-0032,30482255458,ff6a8ab2180527e3dc62e2cf4890338eef18aa96,india-finance,initial India finance truth/unavailable-rule state,chromium,390x844,oled,reduced,anonymous static preview,deterministic/local or unavailable; never live,BLOCKED_BY_HARNESS_DEFECT,fixed-nav-overlap:18,0,0,0,0,Old five-route matrix only; final complete route/action/state matrix still required.
OLD-0033,30482255458,ff6a8ab2180527e3dc62e2cf4890338eef18aa96,indicator-library,valid indicator calculation after route render,chromium,390x844,oled,reduced,anonymous static preview,deterministic/local or unavailable; never live,BLOCKED_BY_HARNESS_DEFECT,fixed-nav-overlap:15,0,0,0,0,Old five-route matrix only; final complete route/action/state matrix still required.
OLD-0034,30482255458,ff6a8ab2180527e3dc62e2cf4890338eef18aa96,formula-library,initial formula catalogue state,chromium,390x844,oled,reduced,anonymous static preview,deterministic/local or unavailable; never live,BLOCKED_BY_HARNESS_DEFECT,fixed-nav-overlap:19,0,0,0,0,Old five-route matrix only; final complete route/action/state matrix still required.
OLD-0035,30482255458,ff6a8ab2180527e3dc62e2cf4890338eef18aa96,saved-calculations,initial/empty local-persistence state,chromium,390x844,oled,reduced,anonymous static preview,deterministic/local or unavailable; never live,BLOCKED_BY_HARNESS_DEFECT,fixed-nav-overlap:18,0,0,0,0,Old five-route matrix only; final complete route/action/state matrix still required.
OLD-0036,30482255458,ff6a8ab2180527e3dc62e2cf4890338eef18aa96,calculator-center,valid calculation after route render,chromium,390x844,high-contrast,reduced,anonymous static preview,deterministic/local or unavailable; never live,BLOCKED_BY_HARNESS_DEFECT,fixed-nav-overlap:16,0,0,0,0,Old five-route matrix only; final complete route/action/state matrix still required.
OLD-0037,30482255458,ff6a8ab2180527e3dc62e2cf4890338eef18aa96,india-finance,initial India finance truth/unavailable-rule state,chromium,390x844,high-contrast,reduced,anonymous static preview,deterministic/local or unavailable; never live,BLOCKED_BY_HARNESS_DEFECT,fixed-nav-overlap:18,0,0,0,0,Old five-route matrix only; final complete route/action/state matrix still required.
OLD-0038,30482255458,ff6a8ab2180527e3dc62e2cf4890338eef18aa96,indicator-library,valid indicator calculation after route render,chromium,390x844,high-contrast,reduced,anonymous static preview,deterministic/local or unavailable; never live,BLOCKED_BY_HARNESS_DEFECT,fixed-nav-overlap:15,0,0,0,0,Old five-route matrix only; final complete route/action/state matrix still required.
OLD-0039,30482255458,ff6a8ab2180527e3dc62e2cf4890338eef18aa96,formula-library,initial formula catalogue state,chromium,390x844,high-contrast,reduced,anonymous static preview,deterministic/local or unavailable; never live,BLOCKED_BY_HARNESS_DEFECT,fixed-nav-overlap:19,0,0,0,0,Old five-route matrix only; final complete route/action/state matrix still required.
OLD-0040,30482255458,ff6a8ab2180527e3dc62e2cf4890338eef18aa96,saved-calculations,initial/empty local-persistence state,chromium,390x844,high-contrast,reduced,anonymous static preview,deterministic/local or unavailable; never live,BLOCKED_BY_HARNESS_DEFECT,fixed-nav-overlap:18,0,0,0,0,Old five-route matrix only; final complete route/action/state matrix still required.
OLD-0041,30482255458,ff6a8ab2180527e3dc62e2cf4890338eef18aa96,calculator-center,valid calculation after route render,chromium,430x932,dark,reduced,anonymous static preview,deterministic/local or unavailable; never live,BLOCKED_BY_HARNESS_DEFECT,fixed-nav-overlap:16,0,0,0,0,Old five-route matrix only; final complete route/action/state matrix still required.
OLD-0042,30482255458,ff6a8ab2180527e3dc62e2cf4890338eef18aa96,india-finance,initial India finance truth/unavailable-rule state,chromium,430x932,dark,reduced,anonymous static preview,deterministic/local or unavailable; never live,BLOCKED_BY_HARNESS_DEFECT,fixed-nav-overlap:18,0,0,0,0,Old five-route matrix only; final complete route/action/state matrix still required.
OLD-0043,30482255458,ff6a8ab2180527e3dc62e2cf4890338eef18aa96,indicator-library,valid indicator calculation after route render,chromium,430x932,dark,reduced,anonymous static preview,deterministic/local or unavailable; never live,BLOCKED_BY_HARNESS_DEFECT,fixed-nav-overlap:15,0,0,0,0,Old five-route matrix only; final complete route/action/state matrix still required.
OLD-0044,30482255458,ff6a8ab2180527e3dc62e2cf4890338eef18aa96,formula-library,initial formula catalogue state,chromium,430x932,dark,reduced,anonymous static preview,deterministic/local or unavailable; never live,BLOCKED_BY_HARNESS_DEFECT,fixed-nav-overlap:19,0,0,0,0,Old five-route matrix only; final complete route/action/state matrix still required.
OLD-0045,30482255458,ff6a8ab2180527e3dc62e2cf4890338eef18aa96,saved-calculations,initial/empty local-persistence state,chromium,430x932,dark,reduced,anonymous static preview,deterministic/local or unavailable; never live,BLOCKED_BY_HARNESS_DEFECT,fixed-nav-overlap:19,0,0,0,0,Old five-route matrix only; final complete route/action/state matrix still required.
OLD-0046,30482255458,ff6a8ab2180527e3dc62e2cf4890338eef18aa96,calculator-center,valid calculation after route render,chromium,430x932,light,reduced,anonymous static preview,deterministic/local or unavailable; never live,BLOCKED_BY_HARNESS_DEFECT,fixed-nav-overlap:16,0,0,0,0,Old five-route matrix only; final complete route/action/state matrix still required.
OLD-0047,30482255458,ff6a8ab2180527e3dc62e2cf4890338eef18aa96,india-finance,initial India finance truth/unavailable-rule state,chromium,430x932,light,reduced,anonymous static preview,deterministic/local or unavailable; never live,BLOCKED_BY_HARNESS_DEFECT,fixed-nav-overlap:18,0,0,0,0,Old five-route matrix only; final complete route/action/state matrix still required.
OLD-0048,30482255458,ff6a8ab2180527e3dc62e2cf4890338eef18aa96,indicator-library,valid indicator calculation after route render,chromium,430x932,light,reduced,anonymous static preview,deterministic/local or unavailable; never live,BLOCKED_BY_HARNESS_DEFECT,fixed-nav-overlap:15,0,0,0,0,Old five-route matrix only; final complete route/action/state matrix still required.
OLD-0049,30482255458,ff6a8ab2180527e3dc62e2cf4890338eef18aa96,formula-library,initial formula catalogue state,chromium,430x932,light,reduced,anonymous static preview,deterministic/local or unavailable; never live,BLOCKED_BY_HARNESS_DEFECT,fixed-nav-overlap:19,0,0,0,0,Old five-route matrix only; final complete route/action/state matrix still required.
OLD-0050,30482255458,ff6a8ab2180527e3dc62e2cf4890338eef18aa96,saved-calculations,initial/empty local-persistence state,chromium,430x932,light,reduced,anonymous static preview,deterministic/local or unavailable; never live,BLOCKED_BY_HARNESS_DEFECT,fixed-nav-overlap:19,0,0,0,0,Old five-route matrix only; final complete route/action/state matrix still required.
OLD-0051,30482255458,ff6a8ab2180527e3dc62e2cf4890338eef18aa96,calculator-center,valid calculation after route render,chromium,430x932,oled,reduced,anonymous static preview,deterministic/local or unavailable; never live,BLOCKED_BY_HARNESS_DEFECT,fixed-nav-overlap:16,0,0,0,0,Old five-route matrix only; final complete route/action/state matrix still required.
OLD-0052,30482255458,ff6a8ab2180527e3dc62e2cf4890338eef18aa96,india-finance,initial India finance truth/unavailable-rule state,chromium,430x932,oled,reduced,anonymous static preview,deterministic/local or unavailable; never live,BLOCKED_BY_HARNESS_DEFECT,fixed-nav-overlap:18,0,0,0,0,Old five-route matrix only; final complete route/action/state matrix still required.
OLD-0053,30482255458,ff6a8ab2180527e3dc62e2cf4890338eef18aa96,indicator-library,valid indicator calculation after route render,chromium,430x932,oled,reduced,anonymous static preview,deterministic/local or unavailable; never live,BLOCKED_BY_HARNESS_DEFECT,fixed-nav-overlap:15,0,0,0,0,Old five-route matrix only; final complete route/action/state matrix still required.
OLD-0054,30482255458,ff6a8ab2180527e3dc62e2cf4890338eef18aa96,formula-library,initial formula catalogue state,chromium,430x932,oled,reduced,anonymous static preview,deterministic/local or unavailable; never live,BLOCKED_BY_HARNESS_DEFECT,fixed-nav-overlap:19,0,0,0,0,Old five-route matrix only; final complete route/action/state matrix still required.
OLD-0055,30482255458,ff6a8ab2180527e3dc62e2cf4890338eef18aa96,saved-calculations,initial/empty local-persistence state,chromium,430x932,oled,reduced,anonymous static preview,deterministic/local or unavailable; never live,BLOCKED_BY_HARNESS_DEFECT,fixed-nav-overlap:19,0,0,0,0,Old five-route matrix only; final complete route/action/state matrix still required.
OLD-0056,30482255458,ff6a8ab2180527e3dc62e2cf4890338eef18aa96,calculator-center,valid calculation after route render,chromium,430x932,high-contrast,reduced,anonymous static preview,deterministic/local or unavailable; never live,BLOCKED_BY_HARNESS_DEFECT,fixed-nav-overlap:16,0,0,0,0,Old five-route matrix only; final complete route/action/state matrix still required.
OLD-0057,30482255458,ff6a8ab2180527e3dc62e2cf4890338eef18aa96,india-finance,initial India finance truth/unavailable-rule state,chromium,430x932,high-contrast,reduced,anonymous static preview,deterministic/local or unavailable; never live,BLOCKED_BY_HARNESS_DEFECT,fixed-nav-overlap:18,0,0,0,0,Old five-route matrix only; final complete route/action/state matrix still required.
OLD-0058,30482255458,ff6a8ab2180527e3dc62e2cf4890338eef18aa96,indicator-library,valid indicator calculation after route render,chromium,430x932,high-contrast,reduced,anonymous static preview,deterministic/local or unavailable; never live,BLOCKED_BY_HARNESS_DEFECT,fixed-nav-overlap:15,0,0,0,0,Old five-route matrix only; final complete route/action/state matrix still required.
OLD-0059,30482255458,ff6a8ab2180527e3dc62e2cf4890338eef18aa96,formula-library,initial formula catalogue state,chromium,430x932,high-contrast,reduced,anonymous static preview,deterministic/local or unavailable; never live,BLOCKED_BY_HARNESS_DEFECT,fixed-nav-overlap:19,0,0,0,0,Old five-route matrix only; final complete route/action/state matrix still required.
OLD-0060,30482255458,ff6a8ab2180527e3dc62e2cf4890338eef18aa96,saved-calculations,initial/empty local-persistence state,chromium,430x932,high-contrast,reduced,anonymous static preview,deterministic/local or unavailable; never live,BLOCKED_BY_HARNESS_DEFECT,fixed-nav-overlap:19,0,0,0,0,Old five-route matrix only; final complete route/action/state matrix still required.
OLD-0061,30482255458,ff6a8ab2180527e3dc62e2cf4890338eef18aa96,calculator-center,valid calculation after route render,chromium,768x1024,dark,reduced,anonymous static preview,deterministic/local or unavailable; never live,BLOCKED_BY_HARNESS_DEFECT,fixed-nav-overlap:16,0,0,0,0,Old five-route matrix only; final complete route/action/state matrix still required.
OLD-0062,30482255458,ff6a8ab2180527e3dc62e2cf4890338eef18aa96,india-finance,initial India finance truth/unavailable-rule state,chromium,768x1024,dark,reduced,anonymous static preview,deterministic/local or unavailable; never live,BLOCKED_BY_HARNESS_DEFECT,fixed-nav-overlap:20,0,0,0,0,Old five-route matrix only; final complete route/action/state matrix still required.
OLD-0063,30482255458,ff6a8ab2180527e3dc62e2cf4890338eef18aa96,indicator-library,valid indicator calculation after route render,chromium,768x1024,dark,reduced,anonymous static preview,deterministic/local or unavailable; never live,BLOCKED_BY_HARNESS_DEFECT,fixed-nav-overlap:15,0,0,0,0,Old five-route matrix only; final complete route/action/state matrix still required.
OLD-0064,30482255458,ff6a8ab2180527e3dc62e2cf4890338eef18aa96,formula-library,initial formula catalogue state,chromium,768x1024,dark,reduced,anonymous static preview,deterministic/local or unavailable; never live,BLOCKED_BY_HARNESS_DEFECT,fixed-nav-overlap:19,0,0,0,0,Old five-route matrix only; final complete route/action/state matrix still required.
OLD-0065,30482255458,ff6a8ab2180527e3dc62e2cf4890338eef18aa96,saved-calculations,initial/empty local-persistence state,chromium,768x1024,dark,reduced,anonymous static preview,deterministic/local or unavailable; never live,BLOCKED_BY_HARNESS_DEFECT,fixed-nav-overlap:19,0,0,0,0,Old five-route matrix only; final complete route/action/state matrix still required.
OLD-0066,30482255458,ff6a8ab2180527e3dc62e2cf4890338eef18aa96,calculator-center,valid calculation after route render,chromium,768x1024,light,reduced,anonymous static preview,deterministic/local or unavailable; never live,BLOCKED_BY_HARNESS_DEFECT,fixed-nav-overlap:16,0,0,0,0,Old five-route matrix only; final complete route/action/state matrix still required.
OLD-0067,30482255458,ff6a8ab2180527e3dc62e2cf4890338eef18aa96,india-finance,initial India finance truth/unavailable-rule state,chromium,768x1024,light,reduced,anonymous static preview,deterministic/local or unavailable; never live,BLOCKED_BY_HARNESS_DEFECT,fixed-nav-overlap:20,0,0,0,0,Old five-route matrix only; final complete route/action/state matrix still required.
OLD-0068,30482255458,ff6a8ab2180527e3dc62e2cf4890338eef18aa96,indicator-library,valid indicator calculation after route render,chromium,768x1024,light,reduced,anonymous static preview,deterministic/local or unavailable; never live,BLOCKED_BY_HARNESS_DEFECT,fixed-nav-overlap:15,0,0,0,0,Old five-route matrix only; final complete route/action/state matrix still required.
OLD-0069,30482255458,ff6a8ab2180527e3dc62e2cf4890338eef18aa96,formula-library,initial formula catalogue state,chromium,768x1024,light,reduced,anonymous static preview,deterministic/local or unavailable; never live,BLOCKED_BY_HARNESS_DEFECT,fixed-nav-overlap:19,0,0,0,0,Old five-route matrix only; final complete route/action/state matrix still required.
OLD-0070,30482255458,ff6a8ab2180527e3dc62e2cf4890338eef18aa96,saved-calculations,initial/empty local-persistence state,chromium,768x1024,light,reduced,anonymous static preview,deterministic/local or unavailable; never live,BLOCKED_BY_HARNESS_DEFECT,fixed-nav-overlap:19,0,0,0,0,Old five-route matrix only; final complete route/action/state matrix still required.
OLD-0071,30482255458,ff6a8ab2180527e3dc62e2cf4890338eef18aa96,calculator-center,valid calculation after route render,chromium,768x1024,oled,reduced,anonymous static preview,deterministic/local or unavailable; never live,BLOCKED_BY_HARNESS_DEFECT,fixed-nav-overlap:16,0,0,0,0,Old five-route matrix only; final complete route/action/state matrix still required.
OLD-0072,30482255458,ff6a8ab2180527e3dc62e2cf4890338eef18aa96,india-finance,initial India finance truth/unavailable-rule state,chromium,768x1024,oled,reduced,anonymous static preview,deterministic/local or unavailable; never live,BLOCKED_BY_HARNESS_DEFECT,fixed-nav-overlap:20,0,0,0,0,Old five-route matrix only; final complete route/action/state matrix still required.
OLD-0073,30482255458,ff6a8ab2180527e3dc62e2cf4890338eef18aa96,indicator-library,valid indicator calculation after route render,chromium,768x1024,oled,reduced,anonymous static preview,deterministic/local or unavailable; never live,BLOCKED_BY_HARNESS_DEFECT,fixed-nav-overlap:15,0,0,0,0,Old five-route matrix only; final complete route/action/state matrix still required.
OLD-0074,30482255458,ff6a8ab2180527e3dc62e2cf4890338eef18aa96,formula-library,initial formula catalogue state,chromium,768x1024,oled,reduced,anonymous static preview,deterministic/local or unavailable; never live,BLOCKED_BY_HARNESS_DEFECT,fixed-nav-overlap:19,0,0,0,0,Old five-route matrix only; final complete route/action/state matrix still required.
OLD-0075,30482255458,ff6a8ab2180527e3dc62e2cf4890338eef18aa96,saved-calculations,initial/empty local-persistence state,chromium,768x1024,oled,reduced,anonymous static preview,deterministic/local or unavailable; never live,BLOCKED_BY_HARNESS_DEFECT,fixed-nav-overlap:19,0,0,0,0,Old five-route matrix only; final complete route/action/state matrix still required.
OLD-0076,30482255458,ff6a8ab2180527e3dc62e2cf4890338eef18aa96,calculator-center,valid calculation after route render,chromium,768x1024,high-contrast,reduced,anonymous static preview,deterministic/local or unavailable; never live,BLOCKED_BY_HARNESS_DEFECT,fixed-nav-overlap:16,0,0,0,0,Old five-route matrix only; final complete route/action/state matrix still required.
OLD-0077,30482255458,ff6a8ab2180527e3dc62e2cf4890338eef18aa96,india-finance,initial India finance truth/unavailable-rule state,chromium,768x1024,high-contrast,reduced,anonymous static preview,deterministic/local or unavailable; never live,BLOCKED_BY_HARNESS_DEFECT,fixed-nav-overlap:20,0,0,0,0,Old five-route matrix only; final complete route/action/state matrix still required.
OLD-0078,30482255458,ff6a8ab2180527e3dc62e2cf4890338eef18aa96,indicator-library,valid indicator calculation after route render,chromium,768x1024,high-contrast,reduced,anonymous static preview,deterministic/local or unavailable; never live,BLOCKED_BY_HARNESS_DEFECT,fixed-nav-overlap:15,0,0,0,0,Old five-route matrix only; final complete route/action/state matrix still required.
OLD-0079,30482255458,ff6a8ab2180527e3dc62e2cf4890338eef18aa96,formula-library,initial formula catalogue state,chromium,768x1024,high-contrast,reduced,anonymous static preview,deterministic/local or unavailable; never live,BLOCKED_BY_HARNESS_DEFECT,fixed-nav-overlap:19,0,0,0,0,Old five-route matrix only; final complete route/action/state matrix still required.
OLD-0080,30482255458,ff6a8ab2180527e3dc62e2cf4890338eef18aa96,saved-calculations,initial/empty local-persistence state,chromium,768x1024,high-contrast,reduced,anonymous static preview,deterministic/local or unavailable; never live,BLOCKED_BY_HARNESS_DEFECT,fixed-nav-overlap:19,0,0,0,0,Old five-route matrix only; final complete route/action/state matrix still required.
OLD-0081,30482255458,ff6a8ab2180527e3dc62e2cf4890338eef18aa96,calculator-center,valid calculation after route render,chromium,1024x768,dark,reduced,anonymous static preview,deterministic/local or unavailable; never live,BLOCKED_BY_HARNESS_DEFECT,fixed-nav-overlap:26,0,0,0,0,Old five-route matrix only; final complete route/action/state matrix still required.
OLD-0082,30482255458,ff6a8ab2180527e3dc62e2cf4890338eef18aa96,india-finance,initial India finance truth/unavailable-rule state,chromium,1024x768,dark,reduced,anonymous static preview,deterministic/local or unavailable; never live,BLOCKED_BY_HARNESS_DEFECT,fixed-nav-overlap:25,0,0,0,0,Old five-route matrix only; final complete route/action/state matrix still required.
OLD-0083,30482255458,ff6a8ab2180527e3dc62e2cf4890338eef18aa96,indicator-library,valid indicator calculation after route render,chromium,1024x768,dark,reduced,anonymous static preview,deterministic/local or unavailable; never live,BLOCKED_BY_HARNESS_DEFECT,fixed-nav-overlap:21,0,0,0,0,Old five-route matrix only; final complete route/action/state matrix still required.
OLD-0084,30482255458,ff6a8ab2180527e3dc62e2cf4890338eef18aa96,formula-library,initial formula catalogue state,chromium,1024x768,dark,reduced,anonymous static preview,deterministic/local or unavailable; never live,BLOCKED_BY_HARNESS_DEFECT,fixed-nav-overlap:26,0,0,0,0,Old five-route matrix only; final complete route/action/state matrix still required.
OLD-0085,30482255458,ff6a8ab2180527e3dc62e2cf4890338eef18aa96,saved-calculations,initial/empty local-persistence state,chromium,1024x768,dark,reduced,anonymous static preview,deterministic/local or unavailable; never live,BLOCKED_BY_HARNESS_DEFECT,fixed-nav-overlap:25,0,0,0,0,Old five-route matrix only; final complete route/action/state matrix still required.
OLD-0086,30482255458,ff6a8ab2180527e3dc62e2cf4890338eef18aa96,calculator-center,valid calculation after route render,chromium,1024x768,light,reduced,anonymous static preview,deterministic/local or unavailable; never live,BLOCKED_BY_HARNESS_DEFECT,fixed-nav-overlap:22,0,0,0,0,Old five-route matrix only; final complete route/action/state matrix still required.
OLD-0087,30482255458,ff6a8ab2180527e3dc62e2cf4890338eef18aa96,india-finance,initial India finance truth/unavailable-rule state,chromium,1024x768,light,reduced,anonymous static preview,deterministic/local or unavailable; never live,BLOCKED_BY_HARNESS_DEFECT,fixed-nav-overlap:25,0,0,0,0,Old five-route matrix only; final complete route/action/state matrix still required.
OLD-0088,30482255458,ff6a8ab2180527e3dc62e2cf4890338eef18aa96,indicator-library,valid indicator calculation after route render,chromium,1024x768,light,reduced,anonymous static preview,deterministic/local or unavailable; never live,BLOCKED_BY_HARNESS_DEFECT,fixed-nav-overlap:21,0,0,0,0,Old five-route matrix only; final complete route/action/state matrix still required.
OLD-0089,30482255458,ff6a8ab2180527e3dc62e2cf4890338eef18aa96,formula-library,initial formula catalogue state,chromium,1024x768,light,reduced,anonymous static preview,deterministic/local or unavailable; never live,BLOCKED_BY_HARNESS_DEFECT,fixed-nav-overlap:26,0,0,0,0,Old five-route matrix only; final complete route/action/state matrix still required.
OLD-0090,30482255458,ff6a8ab2180527e3dc62e2cf4890338eef18aa96,saved-calculations,initial/empty local-persistence state,chromium,1024x768,light,reduced,anonymous static preview,deterministic/local or unavailable; never live,BLOCKED_BY_HARNESS_DEFECT,fixed-nav-overlap:25,0,0,0,0,Old five-route matrix only; final complete route/action/state matrix still required.
OLD-0091,30482255458,ff6a8ab2180527e3dc62e2cf4890338eef18aa96,calculator-center,valid calculation after route render,chromium,1024x768,oled,reduced,anonymous static preview,deterministic/local or unavailable; never live,BLOCKED_BY_HARNESS_DEFECT,fixed-nav-overlap:22,0,0,0,0,Old five-route matrix only; final complete route/action/state matrix still required.
OLD-0092,30482255458,ff6a8ab2180527e3dc62e2cf4890338eef18aa96,india-finance,initial India finance truth/unavailable-rule state,chromium,1024x768,oled,reduced,anonymous static preview,deterministic/local or unavailable; never live,BLOCKED_BY_HARNESS_DEFECT,fixed-nav-overlap:25,0,0,0,0,Old five-route matrix only; final complete route/action/state matrix still required.
OLD-0093,30482255458,ff6a8ab2180527e3dc62e2cf4890338eef18aa96,indicator-library,valid indicator calculation after route render,chromium,1024x768,oled,reduced,anonymous static preview,deterministic/local or unavailable; never live,BLOCKED_BY_HARNESS_DEFECT,fixed-nav-overlap:23,0,0,0,0,Old five-route matrix only; final complete route/action/state matrix still required.
OLD-0094,30482255458,ff6a8ab2180527e3dc62e2cf4890338eef18aa96,formula-library,initial formula catalogue state,chromium,1024x768,oled,reduced,anonymous static preview,deterministic/local or unavailable; never live,BLOCKED_BY_HARNESS_DEFECT,fixed-nav-overlap:26,0,0,0,0,Old five-route matrix only; final complete route/action/state matrix still required.
OLD-0095,30482255458,ff6a8ab2180527e3dc62e2cf4890338eef18aa96,saved-calculations,initial/empty local-persistence state,chromium,1024x768,oled,reduced,anonymous static preview,deterministic/local or unavailable; never live,BLOCKED_BY_HARNESS_DEFECT,fixed-nav-overlap:25,0,0,0,0,Old five-route matrix only; final complete route/action/state matrix still required.
OLD-0096,30482255458,ff6a8ab2180527e3dc62e2cf4890338eef18aa96,calculator-center,valid calculation after route render,chromium,1024x768,high-contrast,reduced,anonymous static preview,deterministic/local or unavailable; never live,BLOCKED_BY_HARNESS_DEFECT,fixed-nav-overlap:26,0,0,0,0,Old five-route matrix only; final complete route/action/state matrix still required.
OLD-0097,30482255458,ff6a8ab2180527e3dc62e2cf4890338eef18aa96,india-finance,initial India finance truth/unavailable-rule state,chromium,1024x768,high-contrast,reduced,anonymous static preview,deterministic/local or unavailable; never live,BLOCKED_BY_HARNESS_DEFECT,fixed-nav-overlap:25,0,0,0,0,Old five-route matrix only; final complete route/action/state matrix still required.
OLD-0098,30482255458,ff6a8ab2180527e3dc62e2cf4890338eef18aa96,indicator-library,valid indicator calculation after route render,chromium,1024x768,high-contrast,reduced,anonymous static preview,deterministic/local or unavailable; never live,BLOCKED_BY_HARNESS_DEFECT,fixed-nav-overlap:21,0,0,0,0,Old five-route matrix only; final complete route/action/state matrix still required.
OLD-0099,30482255458,ff6a8ab2180527e3dc62e2cf4890338eef18aa96,formula-library,initial formula catalogue state,chromium,1024x768,high-contrast,reduced,anonymous static preview,deterministic/local or unavailable; never live,BLOCKED_BY_HARNESS_DEFECT,fixed-nav-overlap:26,0,0,0,0,Old five-route matrix only; final complete route/action/state matrix still required.
OLD-0100,30482255458,ff6a8ab2180527e3dc62e2cf4890338eef18aa96,saved-calculations,initial/empty local-persistence state,chromium,1024x768,high-contrast,reduced,anonymous static preview,deterministic/local or unavailable; never live,BLOCKED_BY_HARNESS_DEFECT,fixed-nav-overlap:25,0,0,0,0,Old five-route matrix only; final complete route/action/state matrix still required.
OLD-0101,30482255458,ff6a8ab2180527e3dc62e2cf4890338eef18aa96,calculator-center,valid calculation after route render,chromium,1440x1000,dark,reduced,anonymous static preview,deterministic/local or unavailable; never live,BLOCKED_BY_HARNESS_DEFECT,fixed-nav-overlap:43,0,0,0,0,Old five-route matrix only; final complete route/action/state matrix still required.
OLD-0102,30482255458,ff6a8ab2180527e3dc62e2cf4890338eef18aa96,india-finance,initial India finance truth/unavailable-rule state,chromium,1440x1000,dark,reduced,anonymous static preview,deterministic/local or unavailable; never live,BLOCKED_BY_HARNESS_DEFECT,fixed-nav-overlap:27,0,0,0,0,Old five-route matrix only; final complete route/action/state matrix still required.
OLD-0103,30482255458,ff6a8ab2180527e3dc62e2cf4890338eef18aa96,indicator-library,valid indicator calculation after route render,chromium,1440x1000,dark,reduced,anonymous static preview,deterministic/local or unavailable; never live,BLOCKED_BY_HARNESS_DEFECT,fixed-nav-overlap:32,0,0,0,0,Old five-route matrix only; final complete route/action/state matrix still required.
OLD-0104,30482255458,ff6a8ab2180527e3dc62e2cf4890338eef18aa96,formula-library,initial formula catalogue state,chromium,1440x1000,dark,reduced,anonymous static preview,deterministic/local or unavailable; never live,BLOCKED_BY_HARNESS_DEFECT,fixed-nav-overlap:26,0,0,0,0,Old five-route matrix only; final complete route/action/state matrix still required.
OLD-0105,30482255458,ff6a8ab2180527e3dc62e2cf4890338eef18aa96,saved-calculations,initial/empty local-persistence state,chromium,1440x1000,dark,reduced,anonymous static preview,deterministic/local or unavailable; never live,BLOCKED_BY_HARNESS_DEFECT,fixed-nav-overlap:26,0,0,0,0,Old five-route matrix only; final complete route/action/state matrix still required.
OLD-0106,30482255458,ff6a8ab2180527e3dc62e2cf4890338eef18aa96,calculator-center,valid calculation after route render,chromium,1440x1000,light,reduced,anonymous static preview,deterministic/local or unavailable; never live,BLOCKED_BY_HARNESS_DEFECT,fixed-nav-overlap:43,0,0,0,0,Old five-route matrix only; final complete route/action/state matrix still required.
OLD-0107,30482255458,ff6a8ab2180527e3dc62e2cf4890338eef18aa96,india-finance,initial India finance truth/unavailable-rule state,chromium,1440x1000,light,reduced,anonymous static preview,deterministic/local or unavailable; never live,BLOCKED_BY_HARNESS_DEFECT,fixed-nav-overlap:27,0,0,0,0,Old five-route matrix only; final complete route/action/state matrix still required.
OLD-0108,30482255458,ff6a8ab2180527e3dc62e2cf4890338eef18aa96,indicator-library,valid indicator calculation after route render,chromium,1440x1000,light,reduced,anonymous static preview,deterministic/local or unavailable; never live,BLOCKED_BY_HARNESS_DEFECT,fixed-nav-overlap:32,0,0,0,0,Old five-route matrix only; final complete route/action/state matrix still required.
OLD-0109,30482255458,ff6a8ab2180527e3dc62e2cf4890338eef18aa96,formula-library,initial formula catalogue state,chromium,1440x1000,light,reduced,anonymous static preview,deterministic/local or unavailable; never live,BLOCKED_BY_HARNESS_DEFECT,fixed-nav-overlap:26,0,0,0,0,Old five-route matrix only; final complete route/action/state matrix still required.
OLD-0110,30482255458,ff6a8ab2180527e3dc62e2cf4890338eef18aa96,saved-calculations,initial/empty local-persistence state,chromium,1440x1000,light,reduced,anonymous static preview,deterministic/local or unavailable; never live,BLOCKED_BY_HARNESS_DEFECT,fixed-nav-overlap:26,0,0,0,0,Old five-route matrix only; final complete route/action/state matrix still required.
OLD-0111,30482255458,ff6a8ab2180527e3dc62e2cf4890338eef18aa96,calculator-center,valid calculation after route render,chromium,1440x1000,oled,reduced,anonymous static preview,deterministic/local or unavailable; never live,BLOCKED_BY_HARNESS_DEFECT,fixed-nav-overlap:43,0,0,0,0,Old five-route matrix only; final complete route/action/state matrix still required.
OLD-0112,30482255458,ff6a8ab2180527e3dc62e2cf4890338eef18aa96,india-finance,initial India finance truth/unavailable-rule state,chromium,1440x1000,oled,reduced,anonymous static preview,deterministic/local or unavailable; never live,BLOCKED_BY_HARNESS_DEFECT,fixed-nav-overlap:27,0,0,0,0,Old five-route matrix only; final complete route/action/state matrix still required.
OLD-0113,30482255458,ff6a8ab2180527e3dc62e2cf4890338eef18aa96,indicator-library,valid indicator calculation after route render,chromium,1440x1000,oled,reduced,anonymous static preview,deterministic/local or unavailable; never live,BLOCKED_BY_HARNESS_DEFECT,fixed-nav-overlap:32,0,0,0,0,Old five-route matrix only; final complete route/action/state matrix still required.
OLD-0114,30482255458,ff6a8ab2180527e3dc62e2cf4890338eef18aa96,formula-library,initial formula catalogue state,chromium,1440x1000,oled,reduced,anonymous static preview,deterministic/local or unavailable; never live,BLOCKED_BY_HARNESS_DEFECT,fixed-nav-overlap:26,0,0,0,0,Old five-route matrix only; final complete route/action/state matrix still required.
OLD-0115,30482255458,ff6a8ab2180527e3dc62e2cf4890338eef18aa96,saved-calculations,initial/empty local-persistence state,chromium,1440x1000,oled,reduced,anonymous static preview,deterministic/local or unavailable; never live,BLOCKED_BY_HARNESS_DEFECT,fixed-nav-overlap:26,0,0,0,0,Old five-route matrix only; final complete route/action/state matrix still required.
OLD-0116,30482255458,ff6a8ab2180527e3dc62e2cf4890338eef18aa96,calculator-center,valid calculation after route render,chromium,1440x1000,high-contrast,reduced,anonymous static preview,deterministic/local or unavailable; never live,BLOCKED_BY_HARNESS_DEFECT,fixed-nav-overlap:43,0,0,0,0,Old five-route matrix only; final complete route/action/state matrix still required.
OLD-0117,30482255458,ff6a8ab2180527e3dc62e2cf4890338eef18aa96,india-finance,initial India finance truth/unavailable-rule state,chromium,1440x1000,high-contrast,reduced,anonymous static preview,deterministic/local or unavailable; never live,BLOCKED_BY_HARNESS_DEFECT,fixed-nav-overlap:27,0,0,0,0,Old five-route matrix only; final complete route/action/state matrix still required.
OLD-0118,30482255458,ff6a8ab2180527e3dc62e2cf4890338eef18aa96,indicator-library,valid indicator calculation after route render,chromium,1440x1000,high-contrast,reduced,anonymous static preview,deterministic/local or unavailable; never live,BLOCKED_BY_HARNESS_DEFECT,fixed-nav-overlap:32,0,0,0,0,Old five-route matrix only; final complete route/action/state matrix still required.
OLD-0119,30482255458,ff6a8ab2180527e3dc62e2cf4890338eef18aa96,formula-library,initial formula catalogue state,chromium,1440x1000,high-contrast,reduced,anonymous static preview,deterministic/local or unavailable; never live,BLOCKED_BY_HARNESS_DEFECT,fixed-nav-overlap:26,0,0,0,0,Old five-route matrix only; final complete route/action/state matrix still required.
OLD-0120,30482255458,ff6a8ab2180527e3dc62e2cf4890338eef18aa96,saved-calculations,initial/empty local-persistence state,chromium,1440x1000,high-contrast,reduced,anonymous static preview,deterministic/local or unavailable; never live,BLOCKED_BY_HARNESS_DEFECT,fixed-nav-overlap:26,0,0,0,0,Old five-route matrix only; final complete route/action/state matrix still required.
OLD-0121,30482255458,ff6a8ab2180527e3dc62e2cf4890338eef18aa96,calculator-center,valid calculation after route render,chromium,1920x1080,dark,reduced,anonymous static preview,deterministic/local or unavailable; never live,BLOCKED_BY_HARNESS_DEFECT,fixed-nav-overlap:44,0,0,0,0,Old five-route matrix only; final complete route/action/state matrix still required.
OLD-0122,30482255458,ff6a8ab2180527e3dc62e2cf4890338eef18aa96,india-finance,initial India finance truth/unavailable-rule state,chromium,1920x1080,dark,reduced,anonymous static preview,deterministic/local or unavailable; never live,BLOCKED_BY_HARNESS_DEFECT,fixed-nav-overlap:29,0,0,0,0,Old five-route matrix only; final complete route/action/state matrix still required.
OLD-0123,30482255458,ff6a8ab2180527e3dc62e2cf4890338eef18aa96,indicator-library,valid indicator calculation after route render,chromium,1920x1080,dark,reduced,anonymous static preview,deterministic/local or unavailable; never live,BLOCKED_BY_HARNESS_DEFECT,fixed-nav-overlap:36,0,0,0,0,Old five-route matrix only; final complete route/action/state matrix still required.
OLD-0124,30482255458,ff6a8ab2180527e3dc62e2cf4890338eef18aa96,formula-library,initial formula catalogue state,chromium,1920x1080,dark,reduced,anonymous static preview,deterministic/local or unavailable; never live,BLOCKED_BY_HARNESS_DEFECT,fixed-nav-overlap:26,0,0,0,0,Old five-route matrix only; final complete route/action/state matrix still required.
OLD-0125,30482255458,ff6a8ab2180527e3dc62e2cf4890338eef18aa96,saved-calculations,initial/empty local-persistence state,chromium,1920x1080,dark,reduced,anonymous static preview,deterministic/local or unavailable; never live,BLOCKED_BY_HARNESS_DEFECT,fixed-nav-overlap:26,0,0,0,0,Old five-route matrix only; final complete route/action/state matrix still required.
OLD-0126,30482255458,ff6a8ab2180527e3dc62e2cf4890338eef18aa96,calculator-center,valid calculation after route render,chromium,1920x1080,light,reduced,anonymous static preview,deterministic/local or unavailable; never live,BLOCKED_BY_HARNESS_DEFECT,fixed-nav-overlap:44,0,0,0,0,Old five-route matrix only; final complete route/action/state matrix still required.
OLD-0127,30482255458,ff6a8ab2180527e3dc62e2cf4890338eef18aa96,india-finance,initial India finance truth/unavailable-rule state,chromium,1920x1080,light,reduced,anonymous static preview,deterministic/local or unavailable; never live,BLOCKED_BY_HARNESS_DEFECT,fixed-nav-overlap:29,0,0,0,0,Old five-route matrix only; final complete route/action/state matrix still required.
OLD-0128,30482255458,ff6a8ab2180527e3dc62e2cf4890338eef18aa96,indicator-library,valid indicator calculation after route render,chromium,1920x1080,light,reduced,anonymous static preview,deterministic/local or unavailable; never live,BLOCKED_BY_HARNESS_DEFECT,fixed-nav-overlap:36,0,0,0,0,Old five-route matrix only; final complete route/action/state matrix still required.
OLD-0129,30482255458,ff6a8ab2180527e3dc62e2cf4890338eef18aa96,formula-library,initial formula catalogue state,chromium,1920x1080,light,reduced,anonymous static preview,deterministic/local or unavailable; never live,BLOCKED_BY_HARNESS_DEFECT,fixed-nav-overlap:26,0,0,0,0,Old five-route matrix only; final complete route/action/state matrix still required.
OLD-0130,30482255458,ff6a8ab2180527e3dc62e2cf4890338eef18aa96,saved-calculations,initial/empty local-persistence state,chromium,1920x1080,light,reduced,anonymous static preview,deterministic/local or unavailable; never live,BLOCKED_BY_HARNESS_DEFECT,fixed-nav-overlap:26,0,0,0,0,Old five-route matrix only; final complete route/action/state matrix still required.
OLD-0131,30482255458,ff6a8ab2180527e3dc62e2cf4890338eef18aa96,calculator-center,valid calculation after route render,chromium,1920x1080,oled,reduced,anonymous static preview,deterministic/local or unavailable; never live,BLOCKED_BY_HARNESS_DEFECT,fixed-nav-overlap:44,0,0,0,0,Old five-route matrix only; final complete route/action/state matrix still required.
OLD-0132,30482255458,ff6a8ab2180527e3dc62e2cf4890338eef18aa96,india-finance,initial India finance truth/unavailable-rule state,chromium,1920x1080,oled,reduced,anonymous static preview,deterministic/local or unavailable; never live,BLOCKED_BY_HARNESS_DEFECT,fixed-nav-overlap:29,0,0,0,0,Old five-route matrix only; final complete route/action/state matrix still required.
OLD-0133,30482255458,ff6a8ab2180527e3dc62e2cf4890338eef18aa96,indicator-library,valid indicator calculation after route render,chromium,1920x1080,oled,reduced,anonymous static preview,deterministic/local or unavailable; never live,BLOCKED_BY_HARNESS_DEFECT,fixed-nav-overlap:36,0,0,0,0,Old five-route matrix only; final complete route/action/state matrix still required.
OLD-0134,30482255458,ff6a8ab2180527e3dc62e2cf4890338eef18aa96,formula-library,initial formula catalogue state,chromium,1920x1080,oled,reduced,anonymous static preview,deterministic/local or unavailable; never live,BLOCKED_BY_HARNESS_DEFECT,fixed-nav-overlap:26,0,0,0,0,Old five-route matrix only; final complete route/action/state matrix still required.
OLD-0135,30482255458,ff6a8ab2180527e3dc62e2cf4890338eef18aa96,saved-calculations,initial/empty local-persistence state,chromium,1920x1080,oled,reduced,anonymous static preview,deterministic/local or unavailable; never live,BLOCKED_BY_HARNESS_DEFECT,fixed-nav-overlap:26,0,0,0,0,Old five-route matrix only; final complete route/action/state matrix still required.
OLD-0136,30482255458,ff6a8ab2180527e3dc62e2cf4890338eef18aa96,calculator-center,valid calculation after route render,chromium,1920x1080,high-contrast,reduced,anonymous static preview,deterministic/local or unavailable; never live,BLOCKED_BY_HARNESS_DEFECT,fixed-nav-overlap:44,0,0,0,0,Old five-route matrix only; final complete route/action/state matrix still required.
OLD-0137,30482255458,ff6a8ab2180527e3dc62e2cf4890338eef18aa96,india-finance,initial India finance truth/unavailable-rule state,chromium,1920x1080,high-contrast,reduced,anonymous static preview,deterministic/local or unavailable; never live,BLOCKED_BY_HARNESS_DEFECT,fixed-nav-overlap:29,0,0,0,0,Old five-route matrix only; final complete route/action/state matrix still required.
OLD-0138,30482255458,ff6a8ab2180527e3dc62e2cf4890338eef18aa96,indicator-library,valid indicator calculation after route render,chromium,1920x1080,high-contrast,reduced,anonymous static preview,deterministic/local or unavailable; never live,BLOCKED_BY_HARNESS_DEFECT,fixed-nav-overlap:36,0,0,0,0,Old five-route matrix only; final complete route/action/state matrix still required.
OLD-0139,30482255458,ff6a8ab2180527e3dc62e2cf4890338eef18aa96,formula-library,initial formula catalogue state,chromium,1920x1080,high-contrast,reduced,anonymous static preview,deterministic/local or unavailable; never live,BLOCKED_BY_HARNESS_DEFECT,fixed-nav-overlap:26,0,0,0,0,Old five-route matrix only; final complete route/action/state matrix still required.
OLD-0140,30482255458,ff6a8ab2180527e3dc62e2cf4890338eef18aa96,saved-calculations,initial/empty local-persistence state,chromium,1920x1080,high-contrast,reduced,anonymous static preview,deterministic/local or unavailable; never live,BLOCKED_BY_HARNESS_DEFECT,fixed-nav-overlap:26,0,0,0,0,Old five-route matrix only; final complete route/action/state matrix still required.
OLD-0141,30482255458,ff6a8ab2180527e3dc62e2cf4890338eef18aa96,calculator-center,valid calculation after route render,firefox,360x800,dark,reduced,anonymous static preview,deterministic/local or unavailable; never live,BLOCKED_BY_HARNESS_DEFECT,fixed-nav-overlap:16,0,0,0,0,Old five-route matrix only; final complete route/action/state matrix still required.
OLD-0142,30482255458,ff6a8ab2180527e3dc62e2cf4890338eef18aa96,india-finance,initial India finance truth/unavailable-rule state,firefox,360x800,dark,reduced,anonymous static preview,deterministic/local or unavailable; never live,BLOCKED_BY_HARNESS_DEFECT,fixed-nav-overlap:18,0,0,0,0,Old five-route matrix only; final complete route/action/state matrix still required.
OLD-0143,30482255458,ff6a8ab2180527e3dc62e2cf4890338eef18aa96,indicator-library,valid indicator calculation after route render,firefox,360x800,dark,reduced,anonymous static preview,deterministic/local or unavailable; never live,BLOCKED_BY_HARNESS_DEFECT,fixed-nav-overlap:15,0,0,0,0,Old five-route matrix only; final complete route/action/state matrix still required.
OLD-0144,30482255458,ff6a8ab2180527e3dc62e2cf4890338eef18aa96,formula-library,initial formula catalogue state,firefox,360x800,dark,reduced,anonymous static preview,deterministic/local or unavailable; never live,BLOCKED_BY_HARNESS_DEFECT,fixed-nav-overlap:19,0,0,0,0,Old five-route matrix only; final complete route/action/state matrix still required.
OLD-0145,30482255458,ff6a8ab2180527e3dc62e2cf4890338eef18aa96,saved-calculations,initial/empty local-persistence state,firefox,360x800,dark,reduced,anonymous static preview,deterministic/local or unavailable; never live,BLOCKED_BY_HARNESS_DEFECT,fixed-nav-overlap:18,0,0,0,0,Old five-route matrix only; final complete route/action/state matrix still required.
OLD-0146,30482255458,ff6a8ab2180527e3dc62e2cf4890338eef18aa96,calculator-center,valid calculation after route render,firefox,360x800,light,reduced,anonymous static preview,deterministic/local or unavailable; never live,BLOCKED_BY_HARNESS_DEFECT,fixed-nav-overlap:16,0,0,0,0,Old five-route matrix only; final complete route/action/state matrix still required.
OLD-0147,30482255458,ff6a8ab2180527e3dc62e2cf4890338eef18aa96,india-finance,initial India finance truth/unavailable-rule state,firefox,360x800,light,reduced,anonymous static preview,deterministic/local or unavailable; never live,BLOCKED_BY_HARNESS_DEFECT,fixed-nav-overlap:18,0,0,0,0,Old five-route matrix only; final complete route/action/state matrix still required.
OLD-0148,30482255458,ff6a8ab2180527e3dc62e2cf4890338eef18aa96,indicator-library,valid indicator calculation after route render,firefox,360x800,light,reduced,anonymous static preview,deterministic/local or unavailable; never live,BLOCKED_BY_HARNESS_DEFECT,fixed-nav-overlap:15,0,0,0,0,Old five-route matrix only; final complete route/action/state matrix still required.
OLD-0149,30482255458,ff6a8ab2180527e3dc62e2cf4890338eef18aa96,formula-library,initial formula catalogue state,firefox,360x800,light,reduced,anonymous static preview,deterministic/local or unavailable; never live,BLOCKED_BY_HARNESS_DEFECT,fixed-nav-overlap:19,0,0,0,0,Old five-route matrix only; final complete route/action/state matrix still required.
OLD-0150,30482255458,ff6a8ab2180527e3dc62e2cf4890338eef18aa96,saved-calculations,initial/empty local-persistence state,firefox,360x800,light,reduced,anonymous static preview,deterministic/local or unavailable; never live,BLOCKED_BY_HARNESS_DEFECT,fixed-nav-overlap:18,0,0,0,0,Old five-route matrix only; final complete route/action/state matrix still required.
OLD-0151,30482255458,ff6a8ab2180527e3dc62e2cf4890338eef18aa96,calculator-center,valid calculation after route render,firefox,360x800,oled,reduced,anonymous static preview,deterministic/local or unavailable; never live,BLOCKED_BY_HARNESS_DEFECT,fixed-nav-overlap:16,0,0,0,0,Old five-route matrix only; final complete route/action/state matrix still required.
OLD-0152,30482255458,ff6a8ab2180527e3dc62e2cf4890338eef18aa96,india-finance,initial India finance truth/unavailable-rule state,firefox,360x800,oled,reduced,anonymous static preview,deterministic/local or unavailable; never live,BLOCKED_BY_HARNESS_DEFECT,fixed-nav-overlap:18,0,0,0,0,Old five-route matrix only; final complete route/action/state matrix still required.
OLD-0153,30482255458,ff6a8ab2180527e3dc62e2cf4890338eef18aa96,indicator-library,valid indicator calculation after route render,firefox,360x800,oled,reduced,anonymous static preview,deterministic/local or unavailable; never live,BLOCKED_BY_HARNESS_DEFECT,fixed-nav-overlap:15,0,0,0,0,Old five-route matrix only; final complete route/action/state matrix still required.
OLD-0154,30482255458,ff6a8ab2180527e3dc62e2cf4890338eef18aa96,formula-library,initial formula catalogue state,firefox,360x800,oled,reduced,anonymous static preview,deterministic/local or unavailable; never live,BLOCKED_BY_HARNESS_DEFECT,fixed-nav-overlap:19,0,0,0,0,Old five-route matrix only; final complete route/action/state matrix still required.
OLD-0155,30482255458,ff6a8ab2180527e3dc62e2cf4890338eef18aa96,saved-calculations,initial/empty local-persistence state,firefox,360x800,oled,reduced,anonymous static preview,deterministic/local or unavailable; never live,BLOCKED_BY_HARNESS_DEFECT,fixed-nav-overlap:18,0,0,0,0,Old five-route matrix only; final complete route/action/state matrix still required.
OLD-0156,30482255458,ff6a8ab2180527e3dc62e2cf4890338eef18aa96,calculator-center,valid calculation after route render,firefox,360x800,high-contrast,reduced,anonymous static preview,deterministic/local or unavailable; never live,BLOCKED_BY_HARNESS_DEFECT,fixed-nav-overlap:16,0,0,0,0,Old five-route matrix only; final complete route/action/state matrix still required.
OLD-0157,30482255458,ff6a8ab2180527e3dc62e2cf4890338eef18aa96,india-finance,initial India finance truth/unavailable-rule state,firefox,360x800,high-contrast,reduced,anonymous static preview,deterministic/local or unavailable; never live,BLOCKED_BY_HARNESS_DEFECT,fixed-nav-overlap:18,0,0,0,0,Old five-route matrix only; final complete route/action/state matrix still required.
OLD-0158,30482255458,ff6a8ab2180527e3dc62e2cf4890338eef18aa96,indicator-library,valid indicator calculation after route render,firefox,360x800,high-contrast,reduced,anonymous static preview,deterministic/local or unavailable; never live,BLOCKED_BY_HARNESS_DEFECT,fixed-nav-overlap:15,0,0,0,0,Old five-route matrix only; final complete route/action/state matrix still required.
OLD-0159,30482255458,ff6a8ab2180527e3dc62e2cf4890338eef18aa96,formula-library,initial formula catalogue state,firefox,360x800,high-contrast,reduced,anonymous static preview,deterministic/local or unavailable; never live,BLOCKED_BY_HARNESS_DEFECT,fixed-nav-overlap:19,0,0,0,0,Old five-route matrix only; final complete route/action/state matrix still required.
OLD-0160,30482255458,ff6a8ab2180527e3dc62e2cf4890338eef18aa96,saved-calculations,initial/empty local-persistence state,firefox,360x800,high-contrast,reduced,anonymous static preview,deterministic/local or unavailable; never live,BLOCKED_BY_HARNESS_DEFECT,fixed-nav-overlap:18,0,0,0,0,Old five-route matrix only; final complete route/action/state matrix still required.
OLD-0161,30482255458,ff6a8ab2180527e3dc62e2cf4890338eef18aa96,calculator-center,valid calculation after route render,firefox,390x844,dark,reduced,anonymous static preview,deterministic/local or unavailable; never live,BLOCKED_BY_HARNESS_DEFECT,fixed-nav-overlap:16,0,0,0,0,Old five-route matrix only; final complete route/action/state matrix still required.
OLD-0162,30482255458,ff6a8ab2180527e3dc62e2cf4890338eef18aa96,india-finance,initial India finance truth/unavailable-rule state,firefox,390x844,dark,reduced,anonymous static preview,deterministic/local or unavailable; never live,BLOCKED_BY_HARNESS_DEFECT,fixed-nav-overlap:18,0,0,0,0,Old five-route matrix only; final complete route/action/state matrix still required.
OLD-0163,30482255458,ff6a8ab2180527e3dc62e2cf4890338eef18aa96,indicator-library,valid indicator calculation after route render,firefox,390x844,dark,reduced,anonymous static preview,deterministic/local or unavailable; never live,BLOCKED_BY_HARNESS_DEFECT,fixed-nav-overlap:15,0,0,0,0,Old five-route matrix only; final complete route/action/state matrix still required.
OLD-0164,30482255458,ff6a8ab2180527e3dc62e2cf4890338eef18aa96,formula-library,initial formula catalogue state,firefox,390x844,dark,reduced,anonymous static preview,deterministic/local or unavailable; never live,BLOCKED_BY_HARNESS_DEFECT,fixed-nav-overlap:19,0,0,0,0,Old five-route matrix only; final complete route/action/state matrix still required.
OLD-0165,30482255458,ff6a8ab2180527e3dc62e2cf4890338eef18aa96,saved-calculations,initial/empty local-persistence state,firefox,390x844,dark,reduced,anonymous static preview,deterministic/local or unavailable; never live,BLOCKED_BY_HARNESS_DEFECT,fixed-nav-overlap:18,0,0,0,0,Old five-route matrix only; final complete route/action/state matrix still required.
OLD-0166,30482255458,ff6a8ab2180527e3dc62e2cf4890338eef18aa96,calculator-center,valid calculation after route render,firefox,390x844,light,reduced,anonymous static preview,deterministic/local or unavailable; never live,BLOCKED_BY_HARNESS_DEFECT,fixed-nav-overlap:16,0,0,0,0,Old five-route matrix only; final complete route/action/state matrix still required.
OLD-0167,30482255458,ff6a8ab2180527e3dc62e2cf4890338eef18aa96,india-finance,initial India finance truth/unavailable-rule state,firefox,390x844,light,reduced,anonymous static preview,deterministic/local or unavailable; never live,BLOCKED_BY_HARNESS_DEFECT,fixed-nav-overlap:18,0,0,0,0,Old five-route matrix only; final complete route/action/state matrix still required.
OLD-0168,30482255458,ff6a8ab2180527e3dc62e2cf4890338eef18aa96,indicator-library,valid indicator calculation after route render,firefox,390x844,light,reduced,anonymous static preview,deterministic/local or unavailable; never live,BLOCKED_BY_HARNESS_DEFECT,fixed-nav-overlap:15,0,0,0,0,Old five-route matrix only; final complete route/action/state matrix still required.
OLD-0169,30482255458,ff6a8ab2180527e3dc62e2cf4890338eef18aa96,formula-library,initial formula catalogue state,firefox,390x844,light,reduced,anonymous static preview,deterministic/local or unavailable; never live,BLOCKED_BY_HARNESS_DEFECT,fixed-nav-overlap:19,0,0,0,0,Old five-route matrix only; final complete route/action/state matrix still required.
OLD-0170,30482255458,ff6a8ab2180527e3dc62e2cf4890338eef18aa96,saved-calculations,initial/empty local-persistence state,firefox,390x844,light,reduced,anonymous static preview,deterministic/local or unavailable; never live,BLOCKED_BY_HARNESS_DEFECT,fixed-nav-overlap:18,0,0,0,0,Old five-route matrix only; final complete route/action/state matrix still required.
OLD-0171,30482255458,ff6a8ab2180527e3dc62e2cf4890338eef18aa96,calculator-center,valid calculation after route render,firefox,390x844,oled,reduced,anonymous static preview,deterministic/local or unavailable; never live,BLOCKED_BY_HARNESS_DEFECT,fixed-nav-overlap:16,0,0,0,0,Old five-route matrix only; final complete route/action/state matrix still required.
OLD-0172,30482255458,ff6a8ab2180527e3dc62e2cf4890338eef18aa96,india-finance,initial India finance truth/unavailable-rule state,firefox,390x844,oled,reduced,anonymous static preview,deterministic/local or unavailable; never live,BLOCKED_BY_HARNESS_DEFECT,fixed-nav-overlap:18,0,0,0,0,Old five-route matrix only; final complete route/action/state matrix still required.
OLD-0173,30482255458,ff6a8ab2180527e3dc62e2cf4890338eef18aa96,indicator-library,valid indicator calculation after route render,firefox,390x844,oled,reduced,anonymous static preview,deterministic/local or unavailable; never live,BLOCKED_BY_HARNESS_DEFECT,fixed-nav-overlap:15,0,0,0,0,Old five-route matrix only; final complete route/action/state matrix still required.
OLD-0174,30482255458,ff6a8ab2180527e3dc62e2cf4890338eef18aa96,formula-library,initial formula catalogue state,firefox,390x844,oled,reduced,anonymous static preview,deterministic/local or unavailable; never live,BLOCKED_BY_HARNESS_DEFECT,fixed-nav-overlap:19,0,0,0,0,Old five-route matrix only; final complete route/action/state matrix still required.
OLD-0175,30482255458,ff6a8ab2180527e3dc62e2cf4890338eef18aa96,saved-calculations,initial/empty local-persistence state,firefox,390x844,oled,reduced,anonymous static preview,deterministic/local or unavailable; never live,BLOCKED_BY_HARNESS_DEFECT,fixed-nav-overlap:18,0,0,0,0,Old five-route matrix only; final complete route/action/state matrix still required.
OLD-0176,30482255458,ff6a8ab2180527e3dc62e2cf4890338eef18aa96,calculator-center,valid calculation after route render,firefox,390x844,high-contrast,reduced,anonymous static preview,deterministic/local or unavailable; never live,BLOCKED_BY_HARNESS_DEFECT,fixed-nav-overlap:16,0,0,0,0,Old five-route matrix only; final complete route/action/state matrix still required.
OLD-0177,30482255458,ff6a8ab2180527e3dc62e2cf4890338eef18aa96,india-finance,initial India finance truth/unavailable-rule state,firefox,390x844,high-contrast,reduced,anonymous static preview,deterministic/local or unavailable; never live,BLOCKED_BY_HARNESS_DEFECT,fixed-nav-overlap:18,0,0,0,0,Old five-route matrix only; final complete route/action/state matrix still required.
OLD-0178,30482255458,ff6a8ab2180527e3dc62e2cf4890338eef18aa96,indicator-library,valid indicator calculation after route render,firefox,390x844,high-contrast,reduced,anonymous static preview,deterministic/local or unavailable; never live,BLOCKED_BY_HARNESS_DEFECT,fixed-nav-overlap:15,0,0,0,0,Old five-route matrix only; final complete route/action/state matrix still required.
OLD-0179,30482255458,ff6a8ab2180527e3dc62e2cf4890338eef18aa96,formula-library,initial formula catalogue state,firefox,390x844,high-contrast,reduced,anonymous static preview,deterministic/local or unavailable; never live,BLOCKED_BY_HARNESS_DEFECT,fixed-nav-overlap:19,0,0,0,0,Old five-route matrix only; final complete route/action/state matrix still required.
OLD-0180,30482255458,ff6a8ab2180527e3dc62e2cf4890338eef18aa96,saved-calculations,initial/empty local-persistence state,firefox,390x844,high-contrast,reduced,anonymous static preview,deterministic/local or unavailable; never live,BLOCKED_BY_HARNESS_DEFECT,fixed-nav-overlap:18,0,0,0,0,Old five-route matrix only; final complete route/action/state matrix still required.
OLD-0181,30482255458,ff6a8ab2180527e3dc62e2cf4890338eef18aa96,calculator-center,valid calculation after route render,firefox,430x932,dark,reduced,anonymous static preview,deterministic/local or unavailable; never live,BLOCKED_BY_HARNESS_DEFECT,fixed-nav-overlap:19,0,0,0,0,Old five-route matrix only; final complete route/action/state matrix still required.
OLD-0182,30482255458,ff6a8ab2180527e3dc62e2cf4890338eef18aa96,india-finance,initial India finance truth/unavailable-rule state,firefox,430x932,dark,reduced,anonymous static preview,deterministic/local or unavailable; never live,BLOCKED_BY_HARNESS_DEFECT,fixed-nav-overlap:18,0,0,0,0,Old five-route matrix only; final complete route/action/state matrix still required.
OLD-0183,30482255458,ff6a8ab2180527e3dc62e2cf4890338eef18aa96,indicator-library,valid indicator calculation after route render,firefox,430x932,dark,reduced,anonymous static preview,deterministic/local or unavailable; never live,BLOCKED_BY_HARNESS_DEFECT,fixed-nav-overlap:15,0,0,0,0,Old five-route matrix only; final complete route/action/state matrix still required.
OLD-0184,30482255458,ff6a8ab2180527e3dc62e2cf4890338eef18aa96,formula-library,initial formula catalogue state,firefox,430x932,dark,reduced,anonymous static preview,deterministic/local or unavailable; never live,BLOCKED_BY_HARNESS_DEFECT,fixed-nav-overlap:19,0,0,0,0,Old five-route matrix only; final complete route/action/state matrix still required.
OLD-0185,30482255458,ff6a8ab2180527e3dc62e2cf4890338eef18aa96,saved-calculations,initial/empty local-persistence state,firefox,430x932,dark,reduced,anonymous static preview,deterministic/local or unavailable; never live,BLOCKED_BY_HARNESS_DEFECT,fixed-nav-overlap:19,0,0,0,0,Old five-route matrix only; final complete route/action/state matrix still required.
OLD-0186,30482255458,ff6a8ab2180527e3dc62e2cf4890338eef18aa96,calculator-center,valid calculation after route render,firefox,430x932,light,reduced,anonymous static preview,deterministic/local or unavailable; never live,BLOCKED_BY_HARNESS_DEFECT,fixed-nav-overlap:19,0,0,0,0,Old five-route matrix only; final complete route/action/state matrix still required.
OLD-0187,30482255458,ff6a8ab2180527e3dc62e2cf4890338eef18aa96,india-finance,initial India finance truth/unavailable-rule state,firefox,430x932,light,reduced,anonymous static preview,deterministic/local or unavailable; never live,BLOCKED_BY_HARNESS_DEFECT,fixed-nav-overlap:18,0,0,0,0,Old five-route matrix only; final complete route/action/state matrix still required.
OLD-0188,30482255458,ff6a8ab2180527e3dc62e2cf4890338eef18aa96,indicator-library,valid indicator calculation after route render,firefox,430x932,light,reduced,anonymous static preview,deterministic/local or unavailable; never live,BLOCKED_BY_HARNESS_DEFECT,fixed-nav-overlap:15,0,0,0,0,Old five-route matrix only; final complete route/action/state matrix still required.
OLD-0189,30482255458,ff6a8ab2180527e3dc62e2cf4890338eef18aa96,formula-library,initial formula catalogue state,firefox,430x932,light,reduced,anonymous static preview,deterministic/local or unavailable; never live,BLOCKED_BY_HARNESS_DEFECT,fixed-nav-overlap:19,0,0,0,0,Old five-route matrix only; final complete route/action/state matrix still required.
OLD-0190,30482255458,ff6a8ab2180527e3dc62e2cf4890338eef18aa96,saved-calculations,initial/empty local-persistence state,firefox,430x932,light,reduced,anonymous static preview,deterministic/local or unavailable; never live,BLOCKED_BY_HARNESS_DEFECT,fixed-nav-overlap:19,0,0,0,0,Old five-route matrix only; final complete route/action/state matrix still required.
OLD-0191,30482255458,ff6a8ab2180527e3dc62e2cf4890338eef18aa96,calculator-center,valid calculation after route render,firefox,430x932,oled,reduced,anonymous static preview,deterministic/local or unavailable; never live,BLOCKED_BY_HARNESS_DEFECT,fixed-nav-overlap:19,0,0,0,0,Old five-route matrix only; final complete route/action/state matrix still required.
OLD-0192,30482255458,ff6a8ab2180527e3dc62e2cf4890338eef18aa96,india-finance,initial India finance truth/unavailable-rule state,firefox,430x932,oled,reduced,anonymous static preview,deterministic/local or unavailable; never live,BLOCKED_BY_HARNESS_DEFECT,fixed-nav-overlap:18,0,0,0,0,Old five-route matrix only; final complete route/action/state matrix still required.
OLD-0193,30482255458,ff6a8ab2180527e3dc62e2cf4890338eef18aa96,indicator-library,valid indicator calculation after route render,firefox,430x932,oled,reduced,anonymous static preview,deterministic/local or unavailable; never live,BLOCKED_BY_HARNESS_DEFECT,fixed-nav-overlap:15,0,0,0,0,Old five-route matrix only; final complete route/action/state matrix still required.
OLD-0194,30482255458,ff6a8ab2180527e3dc62e2cf4890338eef18aa96,formula-library,initial formula catalogue state,firefox,430x932,oled,reduced,anonymous static preview,deterministic/local or unavailable; never live,BLOCKED_BY_HARNESS_DEFECT,fixed-nav-overlap:19,0,0,0,0,Old five-route matrix only; final complete route/action/state matrix still required.
OLD-0195,30482255458,ff6a8ab2180527e3dc62e2cf4890338eef18aa96,saved-calculations,initial/empty local-persistence state,firefox,430x932,oled,reduced,anonymous static preview,deterministic/local or unavailable; never live,BLOCKED_BY_HARNESS_DEFECT,fixed-nav-overlap:19,0,0,0,0,Old five-route matrix only; final complete route/action/state matrix still required.
OLD-0196,30482255458,ff6a8ab2180527e3dc62e2cf4890338eef18aa96,calculator-center,valid calculation after route render,firefox,430x932,high-contrast,reduced,anonymous static preview,deterministic/local or unavailable; never live,BLOCKED_BY_HARNESS_DEFECT,fixed-nav-overlap:19,0,0,0,0,Old five-route matrix only; final complete route/action/state matrix still required.
OLD-0197,30482255458,ff6a8ab2180527e3dc62e2cf4890338eef18aa96,india-finance,initial India finance truth/unavailable-rule state,firefox,430x932,high-contrast,reduced,anonymous static preview,deterministic/local or unavailable; never live,BLOCKED_BY_HARNESS_DEFECT,fixed-nav-overlap:18,0,0,0,0,Old five-route matrix only; final complete route/action/state matrix still required.
OLD-0198,30482255458,ff6a8ab2180527e3dc62e2cf4890338eef18aa96,indicator-library,valid indicator calculation after route render,firefox,430x932,high-contrast,reduced,anonymous static preview,deterministic/local or unavailable; never live,BLOCKED_BY_HARNESS_DEFECT,fixed-nav-overlap:15,0,0,0,0,Old five-route matrix only; final complete route/action/state matrix still required.
OLD-0199,30482255458,ff6a8ab2180527e3dc62e2cf4890338eef18aa96,formula-library,initial formula catalogue state,firefox,430x932,high-contrast,reduced,anonymous static preview,deterministic/local or unavailable; never live,BLOCKED_BY_HARNESS_DEFECT,fixed-nav-overlap:19,0,0,0,0,Old five-route matrix only; final complete route/action/state matrix still required.
OLD-0200,30482255458,ff6a8ab2180527e3dc62e2cf4890338eef18aa96,saved-calculations,initial/empty local-persistence state,firefox,430x932,high-contrast,reduced,anonymous static preview,deterministic/local or unavailable; never live,BLOCKED_BY_HARNESS_DEFECT,fixed-nav-overlap:19,0,0,0,0,Old five-route matrix only; final complete route/action/state matrix still required.
OLD-0201,30482255458,ff6a8ab2180527e3dc62e2cf4890338eef18aa96,calculator-center,valid calculation after route render,firefox,768x1024,dark,reduced,anonymous static preview,deterministic/local or unavailable; never live,BLOCKED_BY_HARNESS_DEFECT,fixed-nav-overlap:16,0,0,0,0,Old five-route matrix only; final complete route/action/state matrix still required.
OLD-0202,30482255458,ff6a8ab2180527e3dc62e2cf4890338eef18aa96,india-finance,initial India finance truth/unavailable-rule state,firefox,768x1024,dark,reduced,anonymous static preview,deterministic/local or unavailable; never live,BLOCKED_BY_HARNESS_DEFECT,fixed-nav-overlap:20,0,0,0,0,Old five-route matrix only; final complete route/action/state matrix still required.
OLD-0203,30482255458,ff6a8ab2180527e3dc62e2cf4890338eef18aa96,indicator-library,valid indicator calculation after route render,firefox,768x1024,dark,reduced,anonymous static preview,deterministic/local or unavailable; never live,BLOCKED_BY_HARNESS_DEFECT,fixed-nav-overlap:15,0,0,0,0,Old five-route matrix only; final complete route/action/state matrix still required.
OLD-0204,30482255458,ff6a8ab2180527e3dc62e2cf4890338eef18aa96,formula-library,initial formula catalogue state,firefox,768x1024,dark,reduced,anonymous static preview,deterministic/local or unavailable; never live,BLOCKED_BY_HARNESS_DEFECT,fixed-nav-overlap:19,0,0,0,0,Old five-route matrix only; final complete route/action/state matrix still required.
OLD-0205,30482255458,ff6a8ab2180527e3dc62e2cf4890338eef18aa96,saved-calculations,initial/empty local-persistence state,firefox,768x1024,dark,reduced,anonymous static preview,deterministic/local or unavailable; never live,BLOCKED_BY_HARNESS_DEFECT,fixed-nav-overlap:19,0,0,0,0,Old five-route matrix only; final complete route/action/state matrix still required.
OLD-0206,30482255458,ff6a8ab2180527e3dc62e2cf4890338eef18aa96,calculator-center,valid calculation after route render,firefox,768x1024,light,reduced,anonymous static preview,deterministic/local or unavailable; never live,BLOCKED_BY_HARNESS_DEFECT,fixed-nav-overlap:16,0,0,0,0,Old five-route matrix only; final complete route/action/state matrix still required.
OLD-0207,30482255458,ff6a8ab2180527e3dc62e2cf4890338eef18aa96,india-finance,initial India finance truth/unavailable-rule state,firefox,768x1024,light,reduced,anonymous static preview,deterministic/local or unavailable; never live,BLOCKED_BY_HARNESS_DEFECT,fixed-nav-overlap:20,0,0,0,0,Old five-route matrix only; final complete route/action/state matrix still required.
OLD-0208,30482255458,ff6a8ab2180527e3dc62e2cf4890338eef18aa96,indicator-library,valid indicator calculation after route render,firefox,768x1024,light,reduced,anonymous static preview,deterministic/local or unavailable; never live,BLOCKED_BY_HARNESS_DEFECT,fixed-nav-overlap:15,0,0,0,0,Old five-route matrix only; final complete route/action/state matrix still required.
OLD-0209,30482255458,ff6a8ab2180527e3dc62e2cf4890338eef18aa96,formula-library,initial formula catalogue state,firefox,768x1024,light,reduced,anonymous static preview,deterministic/local or unavailable; never live,BLOCKED_BY_HARNESS_DEFECT,fixed-nav-overlap:19,0,0,0,0,Old five-route matrix only; final complete route/action/state matrix still required.
OLD-0210,30482255458,ff6a8ab2180527e3dc62e2cf4890338eef18aa96,saved-calculations,initial/empty local-persistence state,firefox,768x1024,light,reduced,anonymous static preview,deterministic/local or unavailable; never live,BLOCKED_BY_HARNESS_DEFECT,fixed-nav-overlap:19,0,0,0,0,Old five-route matrix only; final complete route/action/state matrix still required.
OLD-0211,30482255458,ff6a8ab2180527e3dc62e2cf4890338eef18aa96,calculator-center,valid calculation after route render,firefox,768x1024,oled,reduced,anonymous static preview,deterministic/local or unavailable; never live,BLOCKED_BY_HARNESS_DEFECT,fixed-nav-overlap:16,0,0,0,0,Old five-route matrix only; final complete route/action/state matrix still required.
OLD-0212,30482255458,ff6a8ab2180527e3dc62e2cf4890338eef18aa96,india-finance,initial India finance truth/unavailable-rule state,firefox,768x1024,oled,reduced,anonymous static preview,deterministic/local or unavailable; never live,BLOCKED_BY_HARNESS_DEFECT,fixed-nav-overlap:20,0,0,0,0,Old five-route matrix only; final complete route/action/state matrix still required.
OLD-0213,30482255458,ff6a8ab2180527e3dc62e2cf4890338eef18aa96,indicator-library,valid indicator calculation after route render,firefox,768x1024,oled,reduced,anonymous static preview,deterministic/local or unavailable; never live,BLOCKED_BY_HARNESS_DEFECT,fixed-nav-overlap:15,0,0,0,0,Old five-route matrix only; final complete route/action/state matrix still required.
OLD-0214,30482255458,ff6a8ab2180527e3dc62e2cf4890338eef18aa96,formula-library,initial formula catalogue state,firefox,768x1024,oled,reduced,anonymous static preview,deterministic/local or unavailable; never live,BLOCKED_BY_HARNESS_DEFECT,fixed-nav-overlap:19,0,0,0,0,Old five-route matrix only; final complete route/action/state matrix still required.
OLD-0215,30482255458,ff6a8ab2180527e3dc62e2cf4890338eef18aa96,saved-calculations,initial/empty local-persistence state,firefox,768x1024,oled,reduced,anonymous static preview,deterministic/local or unavailable; never live,BLOCKED_BY_HARNESS_DEFECT,fixed-nav-overlap:19,0,0,0,0,Old five-route matrix only; final complete route/action/state matrix still required.
OLD-0216,30482255458,ff6a8ab2180527e3dc62e2cf4890338eef18aa96,calculator-center,valid calculation after route render,firefox,768x1024,high-contrast,reduced,anonymous static preview,deterministic/local or unavailable; never live,BLOCKED_BY_HARNESS_DEFECT,fixed-nav-overlap:16,0,0,0,0,Old five-route matrix only; final complete route/action/state matrix still required.
OLD-0217,30482255458,ff6a8ab2180527e3dc62e2cf4890338eef18aa96,india-finance,initial India finance truth/unavailable-rule state,firefox,768x1024,high-contrast,reduced,anonymous static preview,deterministic/local or unavailable; never live,BLOCKED_BY_HARNESS_DEFECT,fixed-nav-overlap:20,0,0,0,0,Old five-route matrix only; final complete route/action/state matrix still required.
OLD-0218,30482255458,ff6a8ab2180527e3dc62e2cf4890338eef18aa96,indicator-library,valid indicator calculation after route render,firefox,768x1024,high-contrast,reduced,anonymous static preview,deterministic/local or unavailable; never live,BLOCKED_BY_HARNESS_DEFECT,fixed-nav-overlap:15,0,0,0,0,Old five-route matrix only; final complete route/action/state matrix still required.
OLD-0219,30482255458,ff6a8ab2180527e3dc62e2cf4890338eef18aa96,formula-library,initial formula catalogue state,firefox,768x1024,high-contrast,reduced,anonymous static preview,deterministic/local or unavailable; never live,BLOCKED_BY_HARNESS_DEFECT,fixed-nav-overlap:19,0,0,0,0,Old five-route matrix only; final complete route/action/state matrix still required.
OLD-0220,30482255458,ff6a8ab2180527e3dc62e2cf4890338eef18aa96,saved-calculations,initial/empty local-persistence state,firefox,768x1024,high-contrast,reduced,anonymous static preview,deterministic/local or unavailable; never live,BLOCKED_BY_HARNESS_DEFECT,fixed-nav-overlap:19,0,0,0,0,Old five-route matrix only; final complete route/action/state matrix still required.
OLD-0221,30482255458,ff6a8ab2180527e3dc62e2cf4890338eef18aa96,calculator-center,valid calculation after route render,firefox,1024x768,dark,reduced,anonymous static preview,deterministic/local or unavailable; never live,BLOCKED_BY_HARNESS_DEFECT,fixed-nav-overlap:26,0,0,0,0,Old five-route matrix only; final complete route/action/state matrix still required.
OLD-0222,30482255458,ff6a8ab2180527e3dc62e2cf4890338eef18aa96,india-finance,initial India finance truth/unavailable-rule state,firefox,1024x768,dark,reduced,anonymous static preview,deterministic/local or unavailable; never live,BLOCKED_BY_HARNESS_DEFECT,fixed-nav-overlap:25,0,0,0,0,Old five-route matrix only; final complete route/action/state matrix still required.
OLD-0223,30482255458,ff6a8ab2180527e3dc62e2cf4890338eef18aa96,indicator-library,valid indicator calculation after route render,firefox,1024x768,dark,reduced,anonymous static preview,deterministic/local or unavailable; never live,BLOCKED_BY_HARNESS_DEFECT,fixed-nav-overlap:21,0,0,0,0,Old five-route matrix only; final complete route/action/state matrix still required.
OLD-0224,30482255458,ff6a8ab2180527e3dc62e2cf4890338eef18aa96,formula-library,initial formula catalogue state,firefox,1024x768,dark,reduced,anonymous static preview,deterministic/local or unavailable; never live,BLOCKED_BY_HARNESS_DEFECT,fixed-nav-overlap:26,0,0,0,0,Old five-route matrix only; final complete route/action/state matrix still required.
OLD-0225,30482255458,ff6a8ab2180527e3dc62e2cf4890338eef18aa96,saved-calculations,initial/empty local-persistence state,firefox,1024x768,dark,reduced,anonymous static preview,deterministic/local or unavailable; never live,BLOCKED_BY_HARNESS_DEFECT,fixed-nav-overlap:25,0,0,0,0,Old five-route matrix only; final complete route/action/state matrix still required.
OLD-0226,30482255458,ff6a8ab2180527e3dc62e2cf4890338eef18aa96,calculator-center,valid calculation after route render,firefox,1024x768,light,reduced,anonymous static preview,deterministic/local or unavailable; never live,BLOCKED_BY_HARNESS_DEFECT,fixed-nav-overlap:26,0,0,0,0,Old five-route matrix only; final complete route/action/state matrix still required.
OLD-0227,30482255458,ff6a8ab2180527e3dc62e2cf4890338eef18aa96,india-finance,initial India finance truth/unavailable-rule state,firefox,1024x768,light,reduced,anonymous static preview,deterministic/local or unavailable; never live,BLOCKED_BY_HARNESS_DEFECT,fixed-nav-overlap:25,0,0,0,0,Old five-route matrix only; final complete route/action/state matrix still required.
OLD-0228,30482255458,ff6a8ab2180527e3dc62e2cf4890338eef18aa96,indicator-library,valid indicator calculation after route render,firefox,1024x768,light,reduced,anonymous static preview,deterministic/local or unavailable; never live,BLOCKED_BY_HARNESS_DEFECT,fixed-nav-overlap:23,0,0,0,0,Old five-route matrix only; final complete route/action/state matrix still required.
OLD-0229,30482255458,ff6a8ab2180527e3dc62e2cf4890338eef18aa96,formula-library,initial formula catalogue state,firefox,1024x768,light,reduced,anonymous static preview,deterministic/local or unavailable; never live,BLOCKED_BY_HARNESS_DEFECT,fixed-nav-overlap:26,0,0,0,0,Old five-route matrix only; final complete route/action/state matrix still required.
OLD-0230,30482255458,ff6a8ab2180527e3dc62e2cf4890338eef18aa96,saved-calculations,initial/empty local-persistence state,firefox,1024x768,light,reduced,anonymous static preview,deterministic/local or unavailable; never live,BLOCKED_BY_HARNESS_DEFECT,fixed-nav-overlap:25,0,0,0,0,Old five-route matrix only; final complete route/action/state matrix still required.
OLD-0231,30482255458,ff6a8ab2180527e3dc62e2cf4890338eef18aa96,calculator-center,valid calculation after route render,firefox,1024x768,oled,reduced,anonymous static preview,deterministic/local or unavailable; never live,BLOCKED_BY_HARNESS_DEFECT,fixed-nav-overlap:26,0,0,0,0,Old five-route matrix only; final complete route/action/state matrix still required.
OLD-0232,30482255458,ff6a8ab2180527e3dc62e2cf4890338eef18aa96,india-finance,initial India finance truth/unavailable-rule state,firefox,1024x768,oled,reduced,anonymous static preview,deterministic/local or unavailable; never live,BLOCKED_BY_HARNESS_DEFECT,fixed-nav-overlap:25,0,0,0,0,Old five-route matrix only; final complete route/action/state matrix still required.
OLD-0233,30482255458,ff6a8ab2180527e3dc62e2cf4890338eef18aa96,indicator-library,valid indicator calculation after route render,firefox,1024x768,oled,reduced,anonymous static preview,deterministic/local or unavailable; never live,BLOCKED_BY_HARNESS_DEFECT,fixed-nav-overlap:23,0,0,0,0,Old five-route matrix only; final complete route/action/state matrix still required.
OLD-0234,30482255458,ff6a8ab2180527e3dc62e2cf4890338eef18aa96,formula-library,initial formula catalogue state,firefox,1024x768,oled,reduced,anonymous static preview,deterministic/local or unavailable; never live,BLOCKED_BY_HARNESS_DEFECT,fixed-nav-overlap:26,0,0,0,0,Old five-route matrix only; final complete route/action/state matrix still required.
OLD-0235,30482255458,ff6a8ab2180527e3dc62e2cf4890338eef18aa96,saved-calculations,initial/empty local-persistence state,firefox,1024x768,oled,reduced,anonymous static preview,deterministic/local or unavailable; never live,BLOCKED_BY_HARNESS_DEFECT,fixed-nav-overlap:25,0,0,0,0,Old five-route matrix only; final complete route/action/state matrix still required.
OLD-0236,30482255458,ff6a8ab2180527e3dc62e2cf4890338eef18aa96,calculator-center,valid calculation after route render,firefox,1024x768,high-contrast,reduced,anonymous static preview,deterministic/local or unavailable; never live,BLOCKED_BY_HARNESS_DEFECT,fixed-nav-overlap:26,0,0,0,0,Old five-route matrix only; final complete route/action/state matrix still required.
OLD-0237,30482255458,ff6a8ab2180527e3dc62e2cf4890338eef18aa96,india-finance,initial India finance truth/unavailable-rule state,firefox,1024x768,high-contrast,reduced,anonymous static preview,deterministic/local or unavailable; never live,BLOCKED_BY_HARNESS_DEFECT,fixed-nav-overlap:25,0,0,0,0,Old five-route matrix only; final complete route/action/state matrix still required.
OLD-0238,30482255458,ff6a8ab2180527e3dc62e2cf4890338eef18aa96,indicator-library,valid indicator calculation after route render,firefox,1024x768,high-contrast,reduced,anonymous static preview,deterministic/local or unavailable; never live,BLOCKED_BY_HARNESS_DEFECT,fixed-nav-overlap:23,0,0,0,0,Old five-route matrix only; final complete route/action/state matrix still required.
OLD-0239,30482255458,ff6a8ab2180527e3dc62e2cf4890338eef18aa96,formula-library,initial formula catalogue state,firefox,1024x768,high-contrast,reduced,anonymous static preview,deterministic/local or unavailable; never live,BLOCKED_BY_HARNESS_DEFECT,fixed-nav-overlap:26,0,0,0,0,Old five-route matrix only; final complete route/action/state matrix still required.
OLD-0240,30482255458,ff6a8ab2180527e3dc62e2cf4890338eef18aa96,saved-calculations,initial/empty local-persistence state,firefox,1024x768,high-contrast,reduced,anonymous static preview,deterministic/local or unavailable; never live,BLOCKED_BY_HARNESS_DEFECT,fixed-nav-overlap:25,0,0,0,0,Old five-route matrix only; final complete route/action/state matrix still required.
OLD-0241,30482255458,ff6a8ab2180527e3dc62e2cf4890338eef18aa96,calculator-center,valid calculation after route render,firefox,1440x1000,dark,reduced,anonymous static preview,deterministic/local or unavailable; never live,BLOCKED_BY_HARNESS_DEFECT,fixed-nav-overlap:38,0,0,0,0,Old five-route matrix only; final complete route/action/state matrix still required.
OLD-0242,30482255458,ff6a8ab2180527e3dc62e2cf4890338eef18aa96,india-finance,initial India finance truth/unavailable-rule state,firefox,1440x1000,dark,reduced,anonymous static preview,deterministic/local or unavailable; never live,BLOCKED_BY_HARNESS_DEFECT,fixed-nav-overlap:27,0,0,0,0,Old five-route matrix only; final complete route/action/state matrix still required.
OLD-0243,30482255458,ff6a8ab2180527e3dc62e2cf4890338eef18aa96,indicator-library,valid indicator calculation after route render,firefox,1440x1000,dark,reduced,anonymous static preview,deterministic/local or unavailable; never live,BLOCKED_BY_HARNESS_DEFECT,fixed-nav-overlap:32,0,0,0,0,Old five-route matrix only; final complete route/action/state matrix still required.
OLD-0244,30482255458,ff6a8ab2180527e3dc62e2cf4890338eef18aa96,formula-library,initial formula catalogue state,firefox,1440x1000,dark,reduced,anonymous static preview,deterministic/local or unavailable; never live,BLOCKED_BY_HARNESS_DEFECT,fixed-nav-overlap:26,0,0,0,0,Old five-route matrix only; final complete route/action/state matrix still required.
OLD-0245,30482255458,ff6a8ab2180527e3dc62e2cf4890338eef18aa96,saved-calculations,initial/empty local-persistence state,firefox,1440x1000,dark,reduced,anonymous static preview,deterministic/local or unavailable; never live,BLOCKED_BY_HARNESS_DEFECT,fixed-nav-overlap:26,0,0,0,0,Old five-route matrix only; final complete route/action/state matrix still required.
OLD-0246,30482255458,ff6a8ab2180527e3dc62e2cf4890338eef18aa96,calculator-center,valid calculation after route render,firefox,1440x1000,light,reduced,anonymous static preview,deterministic/local or unavailable; never live,BLOCKED_BY_HARNESS_DEFECT,fixed-nav-overlap:38,0,0,0,0,Old five-route matrix only; final complete route/action/state matrix still required.
OLD-0247,30482255458,ff6a8ab2180527e3dc62e2cf4890338eef18aa96,india-finance,initial India finance truth/unavailable-rule state,firefox,1440x1000,light,reduced,anonymous static preview,deterministic/local or unavailable; never live,BLOCKED_BY_HARNESS_DEFECT,fixed-nav-overlap:27,0,0,0,0,Old five-route matrix only; final complete route/action/state matrix still required.
OLD-0248,30482255458,ff6a8ab2180527e3dc62e2cf4890338eef18aa96,indicator-library,valid indicator calculation after route render,firefox,1440x1000,light,reduced,anonymous static preview,deterministic/local or unavailable; never live,BLOCKED_BY_HARNESS_DEFECT,fixed-nav-overlap:32,0,0,0,0,Old five-route matrix only; final complete route/action/state matrix still required.
OLD-0249,30482255458,ff6a8ab2180527e3dc62e2cf4890338eef18aa96,formula-library,initial formula catalogue state,firefox,1440x1000,light,reduced,anonymous static preview,deterministic/local or unavailable; never live,BLOCKED_BY_HARNESS_DEFECT,fixed-nav-overlap:26,0,0,0,0,Old five-route matrix only; final complete route/action/state matrix still required.
OLD-0250,30482255458,ff6a8ab2180527e3dc62e2cf4890338eef18aa96,saved-calculations,initial/empty local-persistence state,firefox,1440x1000,light,reduced,anonymous static preview,deterministic/local or unavailable; never live,BLOCKED_BY_HARNESS_DEFECT,fixed-nav-overlap:26,0,0,0,0,Old five-route matrix only; final complete route/action/state matrix still required.
OLD-0251,30482255458,ff6a8ab2180527e3dc62e2cf4890338eef18aa96,calculator-center,valid calculation after route render,firefox,1440x1000,oled,reduced,anonymous static preview,deterministic/local or unavailable; never live,BLOCKED_BY_HARNESS_DEFECT,fixed-nav-overlap:38,0,0,0,0,Old five-route matrix only; final complete route/action/state matrix still required.
OLD-0252,30482255458,ff6a8ab2180527e3dc62e2cf4890338eef18aa96,india-finance,initial India finance truth/unavailable-rule state,firefox,1440x1000,oled,reduced,anonymous static preview,deterministic/local or unavailable; never live,BLOCKED_BY_HARNESS_DEFECT,fixed-nav-overlap:27,0,0,0,0,Old five-route matrix only; final complete route/action/state matrix still required.
OLD-0253,30482255458,ff6a8ab2180527e3dc62e2cf4890338eef18aa96,indicator-library,valid indicator calculation after route render,firefox,1440x1000,oled,reduced,anonymous static preview,deterministic/local or unavailable; never live,BLOCKED_BY_HARNESS_DEFECT,fixed-nav-overlap:32,0,0,0,0,Old five-route matrix only; final complete route/action/state matrix still required.
OLD-0254,30482255458,ff6a8ab2180527e3dc62e2cf4890338eef18aa96,formula-library,initial formula catalogue state,firefox,1440x1000,oled,reduced,anonymous static preview,deterministic/local or unavailable; never live,BLOCKED_BY_HARNESS_DEFECT,fixed-nav-overlap:26,0,0,0,0,Old five-route matrix only; final complete route/action/state matrix still required.
OLD-0255,30482255458,ff6a8ab2180527e3dc62e2cf4890338eef18aa96,saved-calculations,initial/empty local-persistence state,firefox,1440x1000,oled,reduced,anonymous static preview,deterministic/local or unavailable; never live,BLOCKED_BY_HARNESS_DEFECT,fixed-nav-overlap:26,0,0,0,0,Old five-route matrix only; final complete route/action/state matrix still required.
OLD-0256,30482255458,ff6a8ab2180527e3dc62e2cf4890338eef18aa96,calculator-center,valid calculation after route render,firefox,1440x1000,high-contrast,reduced,anonymous static preview,deterministic/local or unavailable; never live,BLOCKED_BY_HARNESS_DEFECT,fixed-nav-overlap:38,0,0,0,0,Old five-route matrix only; final complete route/action/state matrix still required.
OLD-0257,30482255458,ff6a8ab2180527e3dc62e2cf4890338eef18aa96,india-finance,initial India finance truth/unavailable-rule state,firefox,1440x1000,high-contrast,reduced,anonymous static preview,deterministic/local or unavailable; never live,BLOCKED_BY_HARNESS_DEFECT,fixed-nav-overlap:27,0,0,0,0,Old five-route matrix only; final complete route/action/state matrix still required.
OLD-0258,30482255458,ff6a8ab2180527e3dc62e2cf4890338eef18aa96,indicator-library,valid indicator calculation after route render,firefox,1440x1000,high-contrast,reduced,anonymous static preview,deterministic/local or unavailable; never live,BLOCKED_BY_HARNESS_DEFECT,fixed-nav-overlap:32,0,0,0,0,Old five-route matrix only; final complete route/action/state matrix still required.
OLD-0259,30482255458,ff6a8ab2180527e3dc62e2cf4890338eef18aa96,formula-library,initial formula catalogue state,firefox,1440x1000,high-contrast,reduced,anonymous static preview,deterministic/local or unavailable; never live,BLOCKED_BY_HARNESS_DEFECT,fixed-nav-overlap:26,0,0,0,0,Old five-route matrix only; final complete route/action/state matrix still required.
OLD-0260,30482255458,ff6a8ab2180527e3dc62e2cf4890338eef18aa96,saved-calculations,initial/empty local-persistence state,firefox,1440x1000,high-contrast,reduced,anonymous static preview,deterministic/local or unavailable; never live,BLOCKED_BY_HARNESS_DEFECT,fixed-nav-overlap:26,0,0,0,0,Old five-route matrix only; final complete route/action/state matrix still required.
OLD-0261,30482255458,ff6a8ab2180527e3dc62e2cf4890338eef18aa96,calculator-center,valid calculation after route render,firefox,1920x1080,dark,reduced,anonymous static preview,deterministic/local or unavailable; never live,BLOCKED_BY_HARNESS_DEFECT,fixed-nav-overlap:44,0,0,0,0,Old five-route matrix only; final complete route/action/state matrix still required.
OLD-0262,30482255458,ff6a8ab2180527e3dc62e2cf4890338eef18aa96,india-finance,initial India finance truth/unavailable-rule state,firefox,1920x1080,dark,reduced,anonymous static preview,deterministic/local or unavailable; never live,BLOCKED_BY_HARNESS_DEFECT,fixed-nav-overlap:29,0,0,0,0,Old five-route matrix only; final complete route/action/state matrix still required.
OLD-0263,30482255458,ff6a8ab2180527e3dc62e2cf4890338eef18aa96,indicator-library,valid indicator calculation after route render,firefox,1920x1080,dark,reduced,anonymous static preview,deterministic/local or unavailable; never live,BLOCKED_BY_HARNESS_DEFECT,fixed-nav-overlap:35,0,0,0,0,Old five-route matrix only; final complete route/action/state matrix still required.
OLD-0264,30482255458,ff6a8ab2180527e3dc62e2cf4890338eef18aa96,formula-library,initial formula catalogue state,firefox,1920x1080,dark,reduced,anonymous static preview,deterministic/local or unavailable; never live,BLOCKED_BY_HARNESS_DEFECT,fixed-nav-overlap:26,0,0,0,0,Old five-route matrix only; final complete route/action/state matrix still required.
OLD-0265,30482255458,ff6a8ab2180527e3dc62e2cf4890338eef18aa96,saved-calculations,initial/empty local-persistence state,firefox,1920x1080,dark,reduced,anonymous static preview,deterministic/local or unavailable; never live,BLOCKED_BY_HARNESS_DEFECT,fixed-nav-overlap:26,0,0,0,0,Old five-route matrix only; final complete route/action/state matrix still required.
OLD-0266,30482255458,ff6a8ab2180527e3dc62e2cf4890338eef18aa96,calculator-center,valid calculation after route render,firefox,1920x1080,light,reduced,anonymous static preview,deterministic/local or unavailable; never live,BLOCKED_BY_HARNESS_DEFECT,fixed-nav-overlap:44,0,0,0,0,Old five-route matrix only; final complete route/action/state matrix still required.
OLD-0267,30482255458,ff6a8ab2180527e3dc62e2cf4890338eef18aa96,india-finance,initial India finance truth/unavailable-rule state,firefox,1920x1080,light,reduced,anonymous static preview,deterministic/local or unavailable; never live,BLOCKED_BY_HARNESS_DEFECT,fixed-nav-overlap:29,0,0,0,0,Old five-route matrix only; final complete route/action/state matrix still required.
OLD-0268,30482255458,ff6a8ab2180527e3dc62e2cf4890338eef18aa96,indicator-library,valid indicator calculation after route render,firefox,1920x1080,light,reduced,anonymous static preview,deterministic/local or unavailable; never live,BLOCKED_BY_HARNESS_DEFECT,fixed-nav-overlap:35,0,0,0,0,Old five-route matrix only; final complete route/action/state matrix still required.
OLD-0269,30482255458,ff6a8ab2180527e3dc62e2cf4890338eef18aa96,formula-library,initial formula catalogue state,firefox,1920x1080,light,reduced,anonymous static preview,deterministic/local or unavailable; never live,BLOCKED_BY_HARNESS_DEFECT,fixed-nav-overlap:26,0,0,0,0,Old five-route matrix only; final complete route/action/state matrix still required.
OLD-0270,30482255458,ff6a8ab2180527e3dc62e2cf4890338eef18aa96,saved-calculations,initial/empty local-persistence state,firefox,1920x1080,light,reduced,anonymous static preview,deterministic/local or unavailable; never live,BLOCKED_BY_HARNESS_DEFECT,fixed-nav-overlap:26,0,0,0,0,Old five-route matrix only; final complete route/action/state matrix still required.
OLD-0271,30482255458,ff6a8ab2180527e3dc62e2cf4890338eef18aa96,calculator-center,valid calculation after route render,firefox,1920x1080,oled,reduced,anonymous static preview,deterministic/local or unavailable; never live,BLOCKED_BY_HARNESS_DEFECT,fixed-nav-overlap:44,0,0,0,0,Old five-route matrix only; final complete route/action/state matrix still required.
OLD-0272,30482255458,ff6a8ab2180527e3dc62e2cf4890338eef18aa96,india-finance,initial India finance truth/unavailable-rule state,firefox,1920x1080,oled,reduced,anonymous static preview,deterministic/local or unavailable; never live,BLOCKED_BY_HARNESS_DEFECT,fixed-nav-overlap:29,0,0,0,0,Old five-route matrix only; final complete route/action/state matrix still required.
OLD-0273,30482255458,ff6a8ab2180527e3dc62e2cf4890338eef18aa96,indicator-library,valid indicator calculation after route render,firefox,1920x1080,oled,reduced,anonymous static preview,deterministic/local or unavailable; never live,BLOCKED_BY_HARNESS_DEFECT,fixed-nav-overlap:35,0,0,0,0,Old five-route matrix only; final complete route/action/state matrix still required.
OLD-0274,30482255458,ff6a8ab2180527e3dc62e2cf4890338eef18aa96,formula-library,initial formula catalogue state,firefox,1920x1080,oled,reduced,anonymous static preview,deterministic/local or unavailable; never live,BLOCKED_BY_HARNESS_DEFECT,fixed-nav-overlap:26,0,0,0,0,Old five-route matrix only; final complete route/action/state matrix still required.
OLD-0275,30482255458,ff6a8ab2180527e3dc62e2cf4890338eef18aa96,saved-calculations,initial/empty local-persistence state,firefox,1920x1080,oled,reduced,anonymous static preview,deterministic/local or unavailable; never live,BLOCKED_BY_HARNESS_DEFECT,fixed-nav-overlap:26,0,0,0,0,Old five-route matrix only; final complete route/action/state matrix still required.
OLD-0276,30482255458,ff6a8ab2180527e3dc62e2cf4890338eef18aa96,calculator-center,valid calculation after route render,firefox,1920x1080,high-contrast,reduced,anonymous static preview,deterministic/local or unavailable; never live,BLOCKED_BY_HARNESS_DEFECT,fixed-nav-overlap:44,0,0,0,0,Old five-route matrix only; final complete route/action/state matrix still required.
OLD-0277,30482255458,ff6a8ab2180527e3dc62e2cf4890338eef18aa96,india-finance,initial India finance truth/unavailable-rule state,firefox,1920x1080,high-contrast,reduced,anonymous static preview,deterministic/local or unavailable; never live,BLOCKED_BY_HARNESS_DEFECT,fixed-nav-overlap:29,0,0,0,0,Old five-route matrix only; final complete route/action/state matrix still required.
OLD-0278,30482255458,ff6a8ab2180527e3dc62e2cf4890338eef18aa96,indicator-library,valid indicator calculation after route render,firefox,1920x1080,high-contrast,reduced,anonymous static preview,deterministic/local or unavailable; never live,BLOCKED_BY_HARNESS_DEFECT,fixed-nav-overlap:35,0,0,0,0,Old five-route matrix only; final complete route/action/state matrix still required.
OLD-0279,30482255458,ff6a8ab2180527e3dc62e2cf4890338eef18aa96,formula-library,initial formula catalogue state,firefox,1920x1080,high-contrast,reduced,anonymous static preview,deterministic/local or unavailable; never live,BLOCKED_BY_HARNESS_DEFECT,fixed-nav-overlap:26,0,0,0,0,Old five-route matrix only; final complete route/action/state matrix still required.
OLD-0280,30482255458,ff6a8ab2180527e3dc62e2cf4890338eef18aa96,saved-calculations,initial/empty local-persistence state,firefox,1920x1080,high-contrast,reduced,anonymous static preview,deterministic/local or unavailable; never live,BLOCKED_BY_HARNESS_DEFECT,fixed-nav-overlap:26,0,0,0,0,Old five-route matrix only; final complete route/action/state matrix still required.
OLD-0281,30482255458,ff6a8ab2180527e3dc62e2cf4890338eef18aa96,calculator-center,valid calculation after route render,webkit,360x800,dark,reduced,anonymous static preview,deterministic/local or unavailable; never live,BLOCKED_BY_HARNESS_DEFECT,fixed-nav-overlap:21,0,0,0,0,Old five-route matrix only; final complete route/action/state matrix still required.
OLD-0282,30482255458,ff6a8ab2180527e3dc62e2cf4890338eef18aa96,india-finance,initial India finance truth/unavailable-rule state,webkit,360x800,dark,reduced,anonymous static preview,deterministic/local or unavailable; never live,PASS_RECORDED_LIMITED_SCOPE,,0,0,0,0,Old five-route matrix only; final complete route/action/state matrix still required.
OLD-0283,30482255458,ff6a8ab2180527e3dc62e2cf4890338eef18aa96,indicator-library,valid indicator calculation after route render,webkit,360x800,dark,reduced,anonymous static preview,deterministic/local or unavailable; never live,BLOCKED_BY_HARNESS_DEFECT,fixed-nav-overlap:15,0,0,0,0,Old five-route matrix only; final complete route/action/state matrix still required.
OLD-0284,30482255458,ff6a8ab2180527e3dc62e2cf4890338eef18aa96,formula-library,initial formula catalogue state,webkit,360x800,dark,reduced,anonymous static preview,deterministic/local or unavailable; never live,PASS_RECORDED_LIMITED_SCOPE,,0,0,0,0,Old five-route matrix only; final complete route/action/state matrix still required.
OLD-0285,30482255458,ff6a8ab2180527e3dc62e2cf4890338eef18aa96,saved-calculations,initial/empty local-persistence state,webkit,360x800,dark,reduced,anonymous static preview,deterministic/local or unavailable; never live,BLOCKED_BY_HARNESS_DEFECT,fixed-nav-overlap:5,0,0,0,0,Old five-route matrix only; final complete route/action/state matrix still required.
OLD-0286,30482255458,ff6a8ab2180527e3dc62e2cf4890338eef18aa96,calculator-center,valid calculation after route render,webkit,360x800,light,reduced,anonymous static preview,deterministic/local or unavailable; never live,BLOCKED_BY_HARNESS_DEFECT,fixed-nav-overlap:16,0,0,0,0,Old five-route matrix only; final complete route/action/state matrix still required.
OLD-0287,30482255458,ff6a8ab2180527e3dc62e2cf4890338eef18aa96,india-finance,initial India finance truth/unavailable-rule state,webkit,360x800,light,reduced,anonymous static preview,deterministic/local or unavailable; never live,BLOCKED_BY_HARNESS_DEFECT,fixed-nav-overlap:5,0,0,0,0,Old five-route matrix only; final complete route/action/state matrix still required.
OLD-0288,30482255458,ff6a8ab2180527e3dc62e2cf4890338eef18aa96,indicator-library,valid indicator calculation after route render,webkit,360x800,light,reduced,anonymous static preview,deterministic/local or unavailable; never live,BLOCKED_BY_HARNESS_DEFECT,fixed-nav-overlap:15,0,0,0,0,Old five-route matrix only; final complete route/action/state matrix still required.
OLD-0289,30482255458,ff6a8ab2180527e3dc62e2cf4890338eef18aa96,formula-library,initial formula catalogue state,webkit,360x800,light,reduced,anonymous static preview,deterministic/local or unavailable; never live,BLOCKED_BY_HARNESS_DEFECT,fixed-nav-overlap:5,0,0,0,0,Old five-route matrix only; final complete route/action/state matrix still required.
OLD-0290,30482255458,ff6a8ab2180527e3dc62e2cf4890338eef18aa96,saved-calculations,initial/empty local-persistence state,webkit,360x800,light,reduced,anonymous static preview,deterministic/local or unavailable; never live,BLOCKED_BY_HARNESS_DEFECT,fixed-nav-overlap:5,0,0,0,0,Old five-route matrix only; final complete route/action/state matrix still required.
OLD-0291,30482255458,ff6a8ab2180527e3dc62e2cf4890338eef18aa96,calculator-center,valid calculation after route render,webkit,360x800,oled,reduced,anonymous static preview,deterministic/local or unavailable; never live,BLOCKED_BY_HARNESS_DEFECT,fixed-nav-overlap:16,0,0,0,0,Old five-route matrix only; final complete route/action/state matrix still required.
OLD-0292,30482255458,ff6a8ab2180527e3dc62e2cf4890338eef18aa96,india-finance,initial India finance truth/unavailable-rule state,webkit,360x800,oled,reduced,anonymous static preview,deterministic/local or unavailable; never live,BLOCKED_BY_HARNESS_DEFECT,fixed-nav-overlap:5,0,0,0,0,Old five-route matrix only; final complete route/action/state matrix still required.
OLD-0293,30482255458,ff6a8ab2180527e3dc62e2cf4890338eef18aa96,indicator-library,valid indicator calculation after route render,webkit,360x800,oled,reduced,anonymous static preview,deterministic/local or unavailable; never live,BLOCKED_BY_HARNESS_DEFECT,fixed-nav-overlap:15,0,0,0,0,Old five-route matrix only; final complete route/action/state matrix still required.
OLD-0294,30482255458,ff6a8ab2180527e3dc62e2cf4890338eef18aa96,formula-library,initial formula catalogue state,webkit,360x800,oled,reduced,anonymous static preview,deterministic/local or unavailable; never live,BLOCKED_BY_HARNESS_DEFECT,fixed-nav-overlap:5,0,0,0,0,Old five-route matrix only; final complete route/action/state matrix still required.
OLD-0295,30482255458,ff6a8ab2180527e3dc62e2cf4890338eef18aa96,saved-calculations,initial/empty local-persistence state,webkit,360x800,oled,reduced,anonymous static preview,deterministic/local or unavailable; never live,BLOCKED_BY_HARNESS_DEFECT,fixed-nav-overlap:5,0,0,0,0,Old five-route matrix only; final complete route/action/state matrix still required.
OLD-0296,30482255458,ff6a8ab2180527e3dc62e2cf4890338eef18aa96,calculator-center,valid calculation after route render,webkit,360x800,high-contrast,reduced,anonymous static preview,deterministic/local or unavailable; never live,BLOCKED_BY_HARNESS_DEFECT,fixed-nav-overlap:16,0,0,0,0,Old five-route matrix only; final complete route/action/state matrix still required.
OLD-0297,30482255458,ff6a8ab2180527e3dc62e2cf4890338eef18aa96,india-finance,initial India finance truth/unavailable-rule state,webkit,360x800,high-contrast,reduced,anonymous static preview,deterministic/local or unavailable; never live,BLOCKED_BY_HARNESS_DEFECT,fixed-nav-overlap:5,0,0,0,0,Old five-route matrix only; final complete route/action/state matrix still required.
OLD-0298,30482255458,ff6a8ab2180527e3dc62e2cf4890338eef18aa96,indicator-library,valid indicator calculation after route render,webkit,360x800,high-contrast,reduced,anonymous static preview,deterministic/local or unavailable; never live,BLOCKED_BY_HARNESS_DEFECT,fixed-nav-overlap:15,0,0,0,0,Old five-route matrix only; final complete route/action/state matrix still required.
OLD-0299,30482255458,ff6a8ab2180527e3dc62e2cf4890338eef18aa96,formula-library,initial formula catalogue state,webkit,360x800,high-contrast,reduced,anonymous static preview,deterministic/local or unavailable; never live,BLOCKED_BY_HARNESS_DEFECT,fixed-nav-overlap:5,0,0,0,0,Old five-route matrix only; final complete route/action/state matrix still required.
OLD-0300,30482255458,ff6a8ab2180527e3dc62e2cf4890338eef18aa96,saved-calculations,initial/empty local-persistence state,webkit,360x800,high-contrast,reduced,anonymous static preview,deterministic/local or unavailable; never live,BLOCKED_BY_HARNESS_DEFECT,fixed-nav-overlap:5,0,0,0,0,Old five-route matrix only; final complete route/action/state matrix still required.
OLD-0301,30482255458,ff6a8ab2180527e3dc62e2cf4890338eef18aa96,calculator-center,valid calculation after route render,webkit,390x844,dark,reduced,anonymous static preview,deterministic/local or unavailable; never live,BLOCKED_BY_HARNESS_DEFECT,fixed-nav-overlap:16,0,0,0,0,Old five-route matrix only; final complete route/action/state matrix still required.
OLD-0302,30482255458,ff6a8ab2180527e3dc62e2cf4890338eef18aa96,india-finance,initial India finance truth/unavailable-rule state,webkit,390x844,dark,reduced,anonymous static preview,deterministic/local or unavailable; never live,BLOCKED_BY_HARNESS_DEFECT,fixed-nav-overlap:5,0,0,0,0,Old five-route matrix only; final complete route/action/state matrix still required.
OLD-0303,30482255458,ff6a8ab2180527e3dc62e2cf4890338eef18aa96,indicator-library,valid indicator calculation after route render,webkit,390x844,dark,reduced,anonymous static preview,deterministic/local or unavailable; never live,BLOCKED_BY_HARNESS_DEFECT,fixed-nav-overlap:15,0,0,0,0,Old five-route matrix only; final complete route/action/state matrix still required.
OLD-0304,30482255458,ff6a8ab2180527e3dc62e2cf4890338eef18aa96,formula-library,initial formula catalogue state,webkit,390x844,dark,reduced,anonymous static preview,deterministic/local or unavailable; never live,BLOCKED_BY_HARNESS_DEFECT,fixed-nav-overlap:5,0,0,0,0,Old five-route matrix only; final complete route/action/state matrix still required.
OLD-0305,30482255458,ff6a8ab2180527e3dc62e2cf4890338eef18aa96,saved-calculations,initial/empty local-persistence state,webkit,390x844,dark,reduced,anonymous static preview,deterministic/local or unavailable; never live,BLOCKED_BY_HARNESS_DEFECT,fixed-nav-overlap:5,0,0,0,0,Old five-route matrix only; final complete route/action/state matrix still required.
OLD-0306,30482255458,ff6a8ab2180527e3dc62e2cf4890338eef18aa96,calculator-center,valid calculation after route render,webkit,390x844,light,reduced,anonymous static preview,deterministic/local or unavailable; never live,BLOCKED_BY_HARNESS_DEFECT,fixed-nav-overlap:16,0,0,0,0,Old five-route matrix only; final complete route/action/state matrix still required.
OLD-0307,30482255458,ff6a8ab2180527e3dc62e2cf4890338eef18aa96,india-finance,initial India finance truth/unavailable-rule state,webkit,390x844,light,reduced,anonymous static preview,deterministic/local or unavailable; never live,BLOCKED_BY_HARNESS_DEFECT,fixed-nav-overlap:5,0,0,0,0,Old five-route matrix only; final complete route/action/state matrix still required.
OLD-0308,30482255458,ff6a8ab2180527e3dc62e2cf4890338eef18aa96,indicator-library,valid indicator calculation after route render,webkit,390x844,light,reduced,anonymous static preview,deterministic/local or unavailable; never live,BLOCKED_BY_HARNESS_DEFECT,fixed-nav-overlap:15,0,0,0,0,Old five-route matrix only; final complete route/action/state matrix still required.
OLD-0309,30482255458,ff6a8ab2180527e3dc62e2cf4890338eef18aa96,formula-library,initial formula catalogue state,webkit,390x844,light,reduced,anonymous static preview,deterministic/local or unavailable; never live,BLOCKED_BY_HARNESS_DEFECT,fixed-nav-overlap:5,0,0,0,0,Old five-route matrix only; final complete route/action/state matrix still required.
OLD-0310,30482255458,ff6a8ab2180527e3dc62e2cf4890338eef18aa96,saved-calculations,initial/empty local-persistence state,webkit,390x844,light,reduced,anonymous static preview,deterministic/local or unavailable; never live,BLOCKED_BY_HARNESS_DEFECT,fixed-nav-overlap:5,0,0,0,0,Old five-route matrix only; final complete route/action/state matrix still required.
OLD-0311,30482255458,ff6a8ab2180527e3dc62e2cf4890338eef18aa96,calculator-center,valid calculation after route render,webkit,390x844,oled,reduced,anonymous static preview,deterministic/local or unavailable; never live,BLOCKED_BY_HARNESS_DEFECT,fixed-nav-overlap:16,0,0,0,0,Old five-route matrix only; final complete route/action/state matrix still required.
OLD-0312,30482255458,ff6a8ab2180527e3dc62e2cf4890338eef18aa96,india-finance,initial India finance truth/unavailable-rule state,webkit,390x844,oled,reduced,anonymous static preview,deterministic/local or unavailable; never live,BLOCKED_BY_HARNESS_DEFECT,fixed-nav-overlap:5,0,0,0,0,Old five-route matrix only; final complete route/action/state matrix still required.
OLD-0313,30482255458,ff6a8ab2180527e3dc62e2cf4890338eef18aa96,indicator-library,valid indicator calculation after route render,webkit,390x844,oled,reduced,anonymous static preview,deterministic/local or unavailable; never live,BLOCKED_BY_HARNESS_DEFECT,fixed-nav-overlap:15,0,0,0,0,Old five-route matrix only; final complete route/action/state matrix still required.
OLD-0314,30482255458,ff6a8ab2180527e3dc62e2cf4890338eef18aa96,formula-library,initial formula catalogue state,webkit,390x844,oled,reduced,anonymous static preview,deterministic/local or unavailable; never live,BLOCKED_BY_HARNESS_DEFECT,fixed-nav-overlap:5,0,0,0,0,Old five-route matrix only; final complete route/action/state matrix still required.
OLD-0315,30482255458,ff6a8ab2180527e3dc62e2cf4890338eef18aa96,saved-calculations,initial/empty local-persistence state,webkit,390x844,oled,reduced,anonymous static preview,deterministic/local or unavailable; never live,BLOCKED_BY_HARNESS_DEFECT,fixed-nav-overlap:5,0,0,0,0,Old five-route matrix only; final complete route/action/state matrix still required.
OLD-0316,30482255458,ff6a8ab2180527e3dc62e2cf4890338eef18aa96,calculator-center,valid calculation after route render,webkit,390x844,high-contrast,reduced,anonymous static preview,deterministic/local or unavailable; never live,BLOCKED_BY_HARNESS_DEFECT,fixed-nav-overlap:16,0,0,0,0,Old five-route matrix only; final complete route/action/state matrix still required.
OLD-0317,30482255458,ff6a8ab2180527e3dc62e2cf4890338eef18aa96,india-finance,initial India finance truth/unavailable-rule state,webkit,390x844,high-contrast,reduced,anonymous static preview,deterministic/local or unavailable; never live,BLOCKED_BY_HARNESS_DEFECT,fixed-nav-overlap:5,0,0,0,0,Old five-route matrix only; final complete route/action/state matrix still required.
OLD-0318,30482255458,ff6a8ab2180527e3dc62e2cf4890338eef18aa96,indicator-library,valid indicator calculation after route render,webkit,390x844,high-contrast,reduced,anonymous static preview,deterministic/local or unavailable; never live,BLOCKED_BY_HARNESS_DEFECT,fixed-nav-overlap:15,0,0,0,0,Old five-route matrix only; final complete route/action/state matrix still required.
OLD-0319,30482255458,ff6a8ab2180527e3dc62e2cf4890338eef18aa96,formula-library,initial formula catalogue state,webkit,390x844,high-contrast,reduced,anonymous static preview,deterministic/local or unavailable; never live,BLOCKED_BY_HARNESS_DEFECT,fixed-nav-overlap:5,0,0,0,0,Old five-route matrix only; final complete route/action/state matrix still required.
OLD-0320,30482255458,ff6a8ab2180527e3dc62e2cf4890338eef18aa96,saved-calculations,initial/empty local-persistence state,webkit,390x844,high-contrast,reduced,anonymous static preview,deterministic/local or unavailable; never live,BLOCKED_BY_HARNESS_DEFECT,fixed-nav-overlap:5,0,0,0,0,Old five-route matrix only; final complete route/action/state matrix still required.
OLD-0321,30482255458,ff6a8ab2180527e3dc62e2cf4890338eef18aa96,calculator-center,valid calculation after route render,webkit,430x932,dark,reduced,anonymous static preview,deterministic/local or unavailable; never live,BLOCKED_BY_HARNESS_DEFECT,fixed-nav-overlap:19,0,0,0,0,Old five-route matrix only; final complete route/action/state matrix still required.
OLD-0322,30482255458,ff6a8ab2180527e3dc62e2cf4890338eef18aa96,india-finance,initial India finance truth/unavailable-rule state,webkit,430x932,dark,reduced,anonymous static preview,deterministic/local or unavailable; never live,BLOCKED_BY_HARNESS_DEFECT,fixed-nav-overlap:5,0,0,0,0,Old five-route matrix only; final complete route/action/state matrix still required.
OLD-0323,30482255458,ff6a8ab2180527e3dc62e2cf4890338eef18aa96,indicator-library,valid indicator calculation after route render,webkit,430x932,dark,reduced,anonymous static preview,deterministic/local or unavailable; never live,BLOCKED_BY_HARNESS_DEFECT,fixed-nav-overlap:15,0,0,0,0,Old five-route matrix only; final complete route/action/state matrix still required.
OLD-0324,30482255458,ff6a8ab2180527e3dc62e2cf4890338eef18aa96,formula-library,initial formula catalogue state,webkit,430x932,dark,reduced,anonymous static preview,deterministic/local or unavailable; never live,BLOCKED_BY_HARNESS_DEFECT,fixed-nav-overlap:5,0,0,0,0,Old five-route matrix only; final complete route/action/state matrix still required.
OLD-0325,30482255458,ff6a8ab2180527e3dc62e2cf4890338eef18aa96,saved-calculations,initial/empty local-persistence state,webkit,430x932,dark,reduced,anonymous static preview,deterministic/local or unavailable; never live,BLOCKED_BY_HARNESS_DEFECT,fixed-nav-overlap:5,0,0,0,0,Old five-route matrix only; final complete route/action/state matrix still required.
OLD-0326,30482255458,ff6a8ab2180527e3dc62e2cf4890338eef18aa96,calculator-center,valid calculation after route render,webkit,430x932,light,reduced,anonymous static preview,deterministic/local or unavailable; never live,BLOCKED_BY_HARNESS_DEFECT,fixed-nav-overlap:19,0,0,0,0,Old five-route matrix only; final complete route/action/state matrix still required.
OLD-0327,30482255458,ff6a8ab2180527e3dc62e2cf4890338eef18aa96,india-finance,initial India finance truth/unavailable-rule state,webkit,430x932,light,reduced,anonymous static preview,deterministic/local or unavailable; never live,PASS_RECORDED_LIMITED_SCOPE,,0,0,0,0,Old five-route matrix only; final complete route/action/state matrix still required.
OLD-0328,30482255458,ff6a8ab2180527e3dc62e2cf4890338eef18aa96,indicator-library,valid indicator calculation after route render,webkit,430x932,light,reduced,anonymous static preview,deterministic/local or unavailable; never live,BLOCKED_BY_HARNESS_DEFECT,fixed-nav-overlap:15,0,0,0,0,Old five-route matrix only; final complete route/action/state matrix still required.
OLD-0329,30482255458,ff6a8ab2180527e3dc62e2cf4890338eef18aa96,formula-library,initial formula catalogue state,webkit,430x932,light,reduced,anonymous static preview,deterministic/local or unavailable; never live,BLOCKED_BY_HARNESS_DEFECT,fixed-nav-overlap:5,0,0,0,0,Old five-route matrix only; final complete route/action/state matrix still required.
OLD-0330,30482255458,ff6a8ab2180527e3dc62e2cf4890338eef18aa96,saved-calculations,initial/empty local-persistence state,webkit,430x932,light,reduced,anonymous static preview,deterministic/local or unavailable; never live,BLOCKED_BY_HARNESS_DEFECT,fixed-nav-overlap:5,0,0,0,0,Old five-route matrix only; final complete route/action/state matrix still required.
OLD-0331,30482255458,ff6a8ab2180527e3dc62e2cf4890338eef18aa96,calculator-center,valid calculation after route render,webkit,430x932,oled,reduced,anonymous static preview,deterministic/local or unavailable; never live,BLOCKED_BY_HARNESS_DEFECT,fixed-nav-overlap:19,0,0,0,0,Old five-route matrix only; final complete route/action/state matrix still required.
OLD-0332,30482255458,ff6a8ab2180527e3dc62e2cf4890338eef18aa96,india-finance,initial India finance truth/unavailable-rule state,webkit,430x932,oled,reduced,anonymous static preview,deterministic/local or unavailable; never live,PASS_RECORDED_LIMITED_SCOPE,,0,0,0,0,Old five-route matrix only; final complete route/action/state matrix still required.
OLD-0333,30482255458,ff6a8ab2180527e3dc62e2cf4890338eef18aa96,indicator-library,valid indicator calculation after route render,webkit,430x932,oled,reduced,anonymous static preview,deterministic/local or unavailable; never live,BLOCKED_BY_HARNESS_DEFECT,fixed-nav-overlap:15,0,0,0,0,Old five-route matrix only; final complete route/action/state matrix still required.
OLD-0334,30482255458,ff6a8ab2180527e3dc62e2cf4890338eef18aa96,formula-library,initial formula catalogue state,webkit,430x932,oled,reduced,anonymous static preview,deterministic/local or unavailable; never live,BLOCKED_BY_HARNESS_DEFECT,fixed-nav-overlap:5,0,0,0,0,Old five-route matrix only; final complete route/action/state matrix still required.
OLD-0335,30482255458,ff6a8ab2180527e3dc62e2cf4890338eef18aa96,saved-calculations,initial/empty local-persistence state,webkit,430x932,oled,reduced,anonymous static preview,deterministic/local or unavailable; never live,PASS_RECORDED_LIMITED_SCOPE,,0,0,0,0,Old five-route matrix only; final complete route/action/state matrix still required.
OLD-0336,30482255458,ff6a8ab2180527e3dc62e2cf4890338eef18aa96,calculator-center,valid calculation after route render,webkit,430x932,high-contrast,reduced,anonymous static preview,deterministic/local or unavailable; never live,BLOCKED_BY_HARNESS_DEFECT,fixed-nav-overlap:19,0,0,0,0,Old five-route matrix only; final complete route/action/state matrix still required.
OLD-0337,30482255458,ff6a8ab2180527e3dc62e2cf4890338eef18aa96,india-finance,initial India finance truth/unavailable-rule state,webkit,430x932,high-contrast,reduced,anonymous static preview,deterministic/local or unavailable; never live,BLOCKED_BY_HARNESS_DEFECT,fixed-nav-overlap:5,0,0,0,0,Old five-route matrix only; final complete route/action/state matrix still required.
OLD-0338,30482255458,ff6a8ab2180527e3dc62e2cf4890338eef18aa96,indicator-library,valid indicator calculation after route render,webkit,430x932,high-contrast,reduced,anonymous static preview,deterministic/local or unavailable; never live,BLOCKED_BY_HARNESS_DEFECT,fixed-nav-overlap:15,0,0,0,0,Old five-route matrix only; final complete route/action/state matrix still required.
OLD-0339,30482255458,ff6a8ab2180527e3dc62e2cf4890338eef18aa96,formula-library,initial formula catalogue state,webkit,430x932,high-contrast,reduced,anonymous static preview,deterministic/local or unavailable; never live,BLOCKED_BY_HARNESS_DEFECT,fixed-nav-overlap:5,0,0,0,0,Old five-route matrix only; final complete route/action/state matrix still required.
OLD-0340,30482255458,ff6a8ab2180527e3dc62e2cf4890338eef18aa96,saved-calculations,initial/empty local-persistence state,webkit,430x932,high-contrast,reduced,anonymous static preview,deterministic/local or unavailable; never live,PASS_RECORDED_LIMITED_SCOPE,,0,0,0,0,Old five-route matrix only; final complete route/action/state matrix still required.
OLD-0341,30482255458,ff6a8ab2180527e3dc62e2cf4890338eef18aa96,calculator-center,valid calculation after route render,webkit,768x1024,dark,reduced,anonymous static preview,deterministic/local or unavailable; never live,BLOCKED_BY_HARNESS_DEFECT,fixed-nav-overlap:16,0,0,0,0,Old five-route matrix only; final complete route/action/state matrix still required.
OLD-0342,30482255458,ff6a8ab2180527e3dc62e2cf4890338eef18aa96,india-finance,initial India finance truth/unavailable-rule state,webkit,768x1024,dark,reduced,anonymous static preview,deterministic/local or unavailable; never live,PASS_RECORDED_LIMITED_SCOPE,,0,0,0,0,Old five-route matrix only; final complete route/action/state matrix still required.
OLD-0343,30482255458,ff6a8ab2180527e3dc62e2cf4890338eef18aa96,indicator-library,valid indicator calculation after route render,webkit,768x1024,dark,reduced,anonymous static preview,deterministic/local or unavailable; never live,BLOCKED_BY_HARNESS_DEFECT,fixed-nav-overlap:15,0,0,0,0,Old five-route matrix only; final complete route/action/state matrix still required.
OLD-0344,30482255458,ff6a8ab2180527e3dc62e2cf4890338eef18aa96,formula-library,initial formula catalogue state,webkit,768x1024,dark,reduced,anonymous static preview,deterministic/local or unavailable; never live,PASS_RECORDED_LIMITED_SCOPE,,0,0,0,0,Old five-route matrix only; final complete route/action/state matrix still required.
OLD-0345,30482255458,ff6a8ab2180527e3dc62e2cf4890338eef18aa96,saved-calculations,initial/empty local-persistence state,webkit,768x1024,dark,reduced,anonymous static preview,deterministic/local or unavailable; never live,BLOCKED_BY_HARNESS_DEFECT,fixed-nav-overlap:5,0,0,0,0,Old five-route matrix only; final complete route/action/state matrix still required.
OLD-0346,30482255458,ff6a8ab2180527e3dc62e2cf4890338eef18aa96,calculator-center,valid calculation after route render,webkit,768x1024,light,reduced,anonymous static preview,deterministic/local or unavailable; never live,BLOCKED_BY_HARNESS_DEFECT,fixed-nav-overlap:16,0,0,0,0,Old five-route matrix only; final complete route/action/state matrix still required.
OLD-0347,30482255458,ff6a8ab2180527e3dc62e2cf4890338eef18aa96,india-finance,initial India finance truth/unavailable-rule state,webkit,768x1024,light,reduced,anonymous static preview,deterministic/local or unavailable; never live,PASS_RECORDED_LIMITED_SCOPE,,0,0,0,0,Old five-route matrix only; final complete route/action/state matrix still required.
OLD-0348,30482255458,ff6a8ab2180527e3dc62e2cf4890338eef18aa96,indicator-library,valid indicator calculation after route render,webkit,768x1024,light,reduced,anonymous static preview,deterministic/local or unavailable; never live,BLOCKED_BY_HARNESS_DEFECT,fixed-nav-overlap:15,0,0,0,0,Old five-route matrix only; final complete route/action/state matrix still required.
OLD-0349,30482255458,ff6a8ab2180527e3dc62e2cf4890338eef18aa96,formula-library,initial formula catalogue state,webkit,768x1024,light,reduced,anonymous static preview,deterministic/local or unavailable; never live,PASS_RECORDED_LIMITED_SCOPE,,0,0,0,0,Old five-route matrix only; final complete route/action/state matrix still required.
OLD-0350,30482255458,ff6a8ab2180527e3dc62e2cf4890338eef18aa96,saved-calculations,initial/empty local-persistence state,webkit,768x1024,light,reduced,anonymous static preview,deterministic/local or unavailable; never live,BLOCKED_BY_HARNESS_DEFECT,fixed-nav-overlap:5,0,0,0,0,Old five-route matrix only; final complete route/action/state matrix still required.
OLD-0351,30482255458,ff6a8ab2180527e3dc62e2cf4890338eef18aa96,calculator-center,valid calculation after route render,webkit,768x1024,oled,reduced,anonymous static preview,deterministic/local or unavailable; never live,BLOCKED_BY_HARNESS_DEFECT,fixed-nav-overlap:16,0,0,0,0,Old five-route matrix only; final complete route/action/state matrix still required.
OLD-0352,30482255458,ff6a8ab2180527e3dc62e2cf4890338eef18aa96,india-finance,initial India finance truth/unavailable-rule state,webkit,768x1024,oled,reduced,anonymous static preview,deterministic/local or unavailable; never live,PASS_RECORDED_LIMITED_SCOPE,,0,0,0,0,Old five-route matrix only; final complete route/action/state matrix still required.
OLD-0353,30482255458,ff6a8ab2180527e3dc62e2cf4890338eef18aa96,indicator-library,valid indicator calculation after route render,webkit,768x1024,oled,reduced,anonymous static preview,deterministic/local or unavailable; never live,BLOCKED_BY_HARNESS_DEFECT,fixed-nav-overlap:15,0,0,0,0,Old five-route matrix only; final complete route/action/state matrix still required.
OLD-0354,30482255458,ff6a8ab2180527e3dc62e2cf4890338eef18aa96,formula-library,initial formula catalogue state,webkit,768x1024,oled,reduced,anonymous static preview,deterministic/local or unavailable; never live,PASS_RECORDED_LIMITED_SCOPE,,0,0,0,0,Old five-route matrix only; final complete route/action/state matrix still required.
OLD-0355,30482255458,ff6a8ab2180527e3dc62e2cf4890338eef18aa96,saved-calculations,initial/empty local-persistence state,webkit,768x1024,oled,reduced,anonymous static preview,deterministic/local or unavailable; never live,PASS_RECORDED_LIMITED_SCOPE,,0,0,0,0,Old five-route matrix only; final complete route/action/state matrix still required.
OLD-0356,30482255458,ff6a8ab2180527e3dc62e2cf4890338eef18aa96,calculator-center,valid calculation after route render,webkit,768x1024,high-contrast,reduced,anonymous static preview,deterministic/local or unavailable; never live,BLOCKED_BY_HARNESS_DEFECT,fixed-nav-overlap:16,0,0,0,0,Old five-route matrix only; final complete route/action/state matrix still required.
OLD-0357,30482255458,ff6a8ab2180527e3dc62e2cf4890338eef18aa96,india-finance,initial India finance truth/unavailable-rule state,webkit,768x1024,high-contrast,reduced,anonymous static preview,deterministic/local or unavailable; never live,PASS_RECORDED_LIMITED_SCOPE,,0,0,0,0,Old five-route matrix only; final complete route/action/state matrix still required.
OLD-0358,30482255458,ff6a8ab2180527e3dc62e2cf4890338eef18aa96,indicator-library,valid indicator calculation after route render,webkit,768x1024,high-contrast,reduced,anonymous static preview,deterministic/local or unavailable; never live,BLOCKED_BY_HARNESS_DEFECT,fixed-nav-overlap:15,0,0,0,0,Old five-route matrix only; final complete route/action/state matrix still required.
OLD-0359,30482255458,ff6a8ab2180527e3dc62e2cf4890338eef18aa96,formula-library,initial formula catalogue state,webkit,768x1024,high-contrast,reduced,anonymous static preview,deterministic/local or unavailable; never live,PASS_RECORDED_LIMITED_SCOPE,,0,0,0,0,Old five-route matrix only; final complete route/action/state matrix still required.
OLD-0360,30482255458,ff6a8ab2180527e3dc62e2cf4890338eef18aa96,saved-calculations,initial/empty local-persistence state,webkit,768x1024,high-contrast,reduced,anonymous static preview,deterministic/local or unavailable; never live,PASS_RECORDED_LIMITED_SCOPE,,0,0,0,0,Old five-route matrix only; final complete route/action/state matrix still required.
OLD-0361,30482255458,ff6a8ab2180527e3dc62e2cf4890338eef18aa96,calculator-center,valid calculation after route render,webkit,1024x768,dark,reduced,anonymous static preview,deterministic/local or unavailable; never live,BLOCKED_BY_HARNESS_DEFECT,fixed-nav-overlap:22,0,0,0,0,Old five-route matrix only; final complete route/action/state matrix still required.
OLD-0362,30482255458,ff6a8ab2180527e3dc62e2cf4890338eef18aa96,india-finance,initial India finance truth/unavailable-rule state,webkit,1024x768,dark,reduced,anonymous static preview,deterministic/local or unavailable; never live,PASS_RECORDED_LIMITED_SCOPE,,0,0,0,0,Old five-route matrix only; final complete route/action/state matrix still required.
OLD-0363,30482255458,ff6a8ab2180527e3dc62e2cf4890338eef18aa96,indicator-library,valid indicator calculation after route render,webkit,1024x768,dark,reduced,anonymous static preview,deterministic/local or unavailable; never live,BLOCKED_BY_HARNESS_DEFECT,fixed-nav-overlap:21,0,0,0,0,Old five-route matrix only; final complete route/action/state matrix still required.
OLD-0364,30482255458,ff6a8ab2180527e3dc62e2cf4890338eef18aa96,formula-library,initial formula catalogue state,webkit,1024x768,dark,reduced,anonymous static preview,deterministic/local or unavailable; never live,PASS_RECORDED_LIMITED_SCOPE,,0,0,0,0,Old five-route matrix only; final complete route/action/state matrix still required.
OLD-0365,30482255458,ff6a8ab2180527e3dc62e2cf4890338eef18aa96,saved-calculations,initial/empty local-persistence state,webkit,1024x768,dark,reduced,anonymous static preview,deterministic/local or unavailable; never live,PASS_RECORDED_LIMITED_SCOPE,,0,0,0,0,Old five-route matrix only; final complete route/action/state matrix still required.
OLD-0366,30482255458,ff6a8ab2180527e3dc62e2cf4890338eef18aa96,calculator-center,valid calculation after route render,webkit,1024x768,light,reduced,anonymous static preview,deterministic/local or unavailable; never live,BLOCKED_BY_HARNESS_DEFECT,fixed-nav-overlap:22,0,0,0,0,Old five-route matrix only; final complete route/action/state matrix still required.
OLD-0367,30482255458,ff6a8ab2180527e3dc62e2cf4890338eef18aa96,india-finance,initial India finance truth/unavailable-rule state,webkit,1024x768,light,reduced,anonymous static preview,deterministic/local or unavailable; never live,BLOCKED_BY_HARNESS_DEFECT,fixed-nav-overlap:5,0,0,0,0,Old five-route matrix only; final complete route/action/state matrix still required.
OLD-0368,30482255458,ff6a8ab2180527e3dc62e2cf4890338eef18aa96,indicator-library,valid indicator calculation after route render,webkit,1024x768,light,reduced,anonymous static preview,deterministic/local or unavailable; never live,BLOCKED_BY_HARNESS_DEFECT,fixed-nav-overlap:21,0,0,0,0,Old five-route matrix only; final complete route/action/state matrix still required.
OLD-0369,30482255458,ff6a8ab2180527e3dc62e2cf4890338eef18aa96,formula-library,initial formula catalogue state,webkit,1024x768,light,reduced,anonymous static preview,deterministic/local or unavailable; never live,BLOCKED_BY_HARNESS_DEFECT,fixed-nav-overlap:5,0,0,0,0,Old five-route matrix only; final complete route/action/state matrix still required.
OLD-0370,30482255458,ff6a8ab2180527e3dc62e2cf4890338eef18aa96,saved-calculations,initial/empty local-persistence state,webkit,1024x768,light,reduced,anonymous static preview,deterministic/local or unavailable; never live,BLOCKED_BY_HARNESS_DEFECT,fixed-nav-overlap:5,0,0,0,0,Old five-route matrix only; final complete route/action/state matrix still required.
OLD-0371,30482255458,ff6a8ab2180527e3dc62e2cf4890338eef18aa96,calculator-center,valid calculation after route render,webkit,1024x768,oled,reduced,anonymous static preview,deterministic/local or unavailable; never live,BLOCKED_BY_HARNESS_DEFECT,fixed-nav-overlap:22,0,0,0,0,Old five-route matrix only; final complete route/action/state matrix still required.
OLD-0372,30482255458,ff6a8ab2180527e3dc62e2cf4890338eef18aa96,india-finance,initial India finance truth/unavailable-rule state,webkit,1024x768,oled,reduced,anonymous static preview,deterministic/local or unavailable; never live,BLOCKED_BY_HARNESS_DEFECT,fixed-nav-overlap:5,0,0,0,0,Old five-route matrix only; final complete route/action/state matrix still required.
OLD-0373,30482255458,ff6a8ab2180527e3dc62e2cf4890338eef18aa96,indicator-library,valid indicator calculation after route render,webkit,1024x768,oled,reduced,anonymous static preview,deterministic/local or unavailable; never live,BLOCKED_BY_HARNESS_DEFECT,fixed-nav-overlap:21,0,0,0,0,Old five-route matrix only; final complete route/action/state matrix still required.
OLD-0374,30482255458,ff6a8ab2180527e3dc62e2cf4890338eef18aa96,formula-library,initial formula catalogue state,webkit,1024x768,oled,reduced,anonymous static preview,deterministic/local or unavailable; never live,BLOCKED_BY_HARNESS_DEFECT,fixed-nav-overlap:5,0,0,0,0,Old five-route matrix only; final complete route/action/state matrix still required.
OLD-0375,30482255458,ff6a8ab2180527e3dc62e2cf4890338eef18aa96,saved-calculations,initial/empty local-persistence state,webkit,1024x768,oled,reduced,anonymous static preview,deterministic/local or unavailable; never live,PASS_RECORDED_LIMITED_SCOPE,,0,0,0,0,Old five-route matrix only; final complete route/action/state matrix still required.
OLD-0376,30482255458,ff6a8ab2180527e3dc62e2cf4890338eef18aa96,calculator-center,valid calculation after route render,webkit,1024x768,high-contrast,reduced,anonymous static preview,deterministic/local or unavailable; never live,BLOCKED_BY_HARNESS_DEFECT,fixed-nav-overlap:22,0,0,0,0,Old five-route matrix only; final complete route/action/state matrix still required.
OLD-0377,30482255458,ff6a8ab2180527e3dc62e2cf4890338eef18aa96,india-finance,initial India finance truth/unavailable-rule state,webkit,1024x768,high-contrast,reduced,anonymous static preview,deterministic/local or unavailable; never live,BLOCKED_BY_HARNESS_DEFECT,fixed-nav-overlap:5,0,0,0,0,Old five-route matrix only; final complete route/action/state matrix still required.
OLD-0378,30482255458,ff6a8ab2180527e3dc62e2cf4890338eef18aa96,indicator-library,valid indicator calculation after route render,webkit,1024x768,high-contrast,reduced,anonymous static preview,deterministic/local or unavailable; never live,BLOCKED_BY_HARNESS_DEFECT,fixed-nav-overlap:21,0,0,0,0,Old five-route matrix only; final complete route/action/state matrix still required.
OLD-0379,30482255458,ff6a8ab2180527e3dc62e2cf4890338eef18aa96,formula-library,initial formula catalogue state,webkit,1024x768,high-contrast,reduced,anonymous static preview,deterministic/local or unavailable; never live,BLOCKED_BY_HARNESS_DEFECT,fixed-nav-overlap:5,0,0,0,0,Old five-route matrix only; final complete route/action/state matrix still required.
OLD-0380,30482255458,ff6a8ab2180527e3dc62e2cf4890338eef18aa96,saved-calculations,initial/empty local-persistence state,webkit,1024x768,high-contrast,reduced,anonymous static preview,deterministic/local or unavailable; never live,BLOCKED_BY_HARNESS_DEFECT,fixed-nav-overlap:5,0,0,0,0,Old five-route matrix only; final complete route/action/state matrix still required.
OLD-0381,30482255458,ff6a8ab2180527e3dc62e2cf4890338eef18aa96,calculator-center,valid calculation after route render,webkit,1440x1000,dark,reduced,anonymous static preview,deterministic/local or unavailable; never live,BLOCKED_BY_HARNESS_DEFECT,fixed-nav-overlap:39,0,0,0,0,Old five-route matrix only; final complete route/action/state matrix still required.
OLD-0382,30482255458,ff6a8ab2180527e3dc62e2cf4890338eef18aa96,india-finance,initial India finance truth/unavailable-rule state,webkit,1440x1000,dark,reduced,anonymous static preview,deterministic/local or unavailable; never live,PASS_RECORDED_LIMITED_SCOPE,,0,0,0,0,Old five-route matrix only; final complete route/action/state matrix still required.
OLD-0383,30482255458,ff6a8ab2180527e3dc62e2cf4890338eef18aa96,indicator-library,valid indicator calculation after route render,webkit,1440x1000,dark,reduced,anonymous static preview,deterministic/local or unavailable; never live,BLOCKED_BY_HARNESS_DEFECT,fixed-nav-overlap:32,0,0,0,0,Old five-route matrix only; final complete route/action/state matrix still required.
OLD-0384,30482255458,ff6a8ab2180527e3dc62e2cf4890338eef18aa96,formula-library,initial formula catalogue state,webkit,1440x1000,dark,reduced,anonymous static preview,deterministic/local or unavailable; never live,BLOCKED_BY_HARNESS_DEFECT,fixed-nav-overlap:5,0,0,0,0,Old five-route matrix only; final complete route/action/state matrix still required.
OLD-0385,30482255458,ff6a8ab2180527e3dc62e2cf4890338eef18aa96,saved-calculations,initial/empty local-persistence state,webkit,1440x1000,dark,reduced,anonymous static preview,deterministic/local or unavailable; never live,PASS_RECORDED_LIMITED_SCOPE,,0,0,0,0,Old five-route matrix only; final complete route/action/state matrix still required.
OLD-0386,30482255458,ff6a8ab2180527e3dc62e2cf4890338eef18aa96,calculator-center,valid calculation after route render,webkit,1440x1000,light,reduced,anonymous static preview,deterministic/local or unavailable; never live,BLOCKED_BY_HARNESS_DEFECT,fixed-nav-overlap:39,0,0,0,0,Old five-route matrix only; final complete route/action/state matrix still required.
OLD-0387,30482255458,ff6a8ab2180527e3dc62e2cf4890338eef18aa96,india-finance,initial India finance truth/unavailable-rule state,webkit,1440x1000,light,reduced,anonymous static preview,deterministic/local or unavailable; never live,PASS_RECORDED_LIMITED_SCOPE,,0,0,0,0,Old five-route matrix only; final complete route/action/state matrix still required.
OLD-0388,30482255458,ff6a8ab2180527e3dc62e2cf4890338eef18aa96,indicator-library,valid indicator calculation after route render,webkit,1440x1000,light,reduced,anonymous static preview,deterministic/local or unavailable; never live,BLOCKED_BY_HARNESS_DEFECT,fixed-nav-overlap:32,0,0,0,0,Old five-route matrix only; final complete route/action/state matrix still required.
OLD-0389,30482255458,ff6a8ab2180527e3dc62e2cf4890338eef18aa96,formula-library,initial formula catalogue state,webkit,1440x1000,light,reduced,anonymous static preview,deterministic/local or unavailable; never live,PASS_RECORDED_LIMITED_SCOPE,,0,0,0,0,Old five-route matrix only; final complete route/action/state matrix still required.
OLD-0390,30482255458,ff6a8ab2180527e3dc62e2cf4890338eef18aa96,saved-calculations,initial/empty local-persistence state,webkit,1440x1000,light,reduced,anonymous static preview,deterministic/local or unavailable; never live,PASS_RECORDED_LIMITED_SCOPE,,0,0,0,0,Old five-route matrix only; final complete route/action/state matrix still required.
OLD-0391,30482255458,ff6a8ab2180527e3dc62e2cf4890338eef18aa96,calculator-center,valid calculation after route render,webkit,1440x1000,oled,reduced,anonymous static preview,deterministic/local or unavailable; never live,BLOCKED_BY_HARNESS_DEFECT,fixed-nav-overlap:39,0,0,0,0,Old five-route matrix only; final complete route/action/state matrix still required.
OLD-0392,30482255458,ff6a8ab2180527e3dc62e2cf4890338eef18aa96,india-finance,initial India finance truth/unavailable-rule state,webkit,1440x1000,oled,reduced,anonymous static preview,deterministic/local or unavailable; never live,PASS_RECORDED_LIMITED_SCOPE,,0,0,0,0,Old five-route matrix only; final complete route/action/state matrix still required.
OLD-0393,30482255458,ff6a8ab2180527e3dc62e2cf4890338eef18aa96,indicator-library,valid indicator calculation after route render,webkit,1440x1000,oled,reduced,anonymous static preview,deterministic/local or unavailable; never live,BLOCKED_BY_HARNESS_DEFECT,fixed-nav-overlap:32,0,0,0,0,Old five-route matrix only; final complete route/action/state matrix still required.
OLD-0394,30482255458,ff6a8ab2180527e3dc62e2cf4890338eef18aa96,formula-library,initial formula catalogue state,webkit,1440x1000,oled,reduced,anonymous static preview,deterministic/local or unavailable; never live,PASS_RECORDED_LIMITED_SCOPE,,0,0,0,0,Old five-route matrix only; final complete route/action/state matrix still required.
OLD-0395,30482255458,ff6a8ab2180527e3dc62e2cf4890338eef18aa96,saved-calculations,initial/empty local-persistence state,webkit,1440x1000,oled,reduced,anonymous static preview,deterministic/local or unavailable; never live,BLOCKED_BY_HARNESS_DEFECT,fixed-nav-overlap:5,0,0,0,0,Old five-route matrix only; final complete route/action/state matrix still required.
OLD-0396,30482255458,ff6a8ab2180527e3dc62e2cf4890338eef18aa96,calculator-center,valid calculation after route render,webkit,1440x1000,high-contrast,reduced,anonymous static preview,deterministic/local or unavailable; never live,BLOCKED_BY_HARNESS_DEFECT,fixed-nav-overlap:39,0,0,0,0,Old five-route matrix only; final complete route/action/state matrix still required.
OLD-0397,30482255458,ff6a8ab2180527e3dc62e2cf4890338eef18aa96,india-finance,initial India finance truth/unavailable-rule state,webkit,1440x1000,high-contrast,reduced,anonymous static preview,deterministic/local or unavailable; never live,PASS_RECORDED_LIMITED_SCOPE,,0,0,0,0,Old five-route matrix only; final complete route/action/state matrix still required.
OLD-0398,30482255458,ff6a8ab2180527e3dc62e2cf4890338eef18aa96,indicator-library,valid indicator calculation after route render,webkit,1440x1000,high-contrast,reduced,anonymous static preview,deterministic/local or unavailable; never live,BLOCKED_BY_HARNESS_DEFECT,fixed-nav-overlap:32,0,0,0,0,Old five-route matrix only; final complete route/action/state matrix still required.
OLD-0399,30482255458,ff6a8ab2180527e3dc62e2cf4890338eef18aa96,formula-library,initial formula catalogue state,webkit,1440x1000,high-contrast,reduced,anonymous static preview,deterministic/local or unavailable; never live,PASS_RECORDED_LIMITED_SCOPE,,0,0,0,0,Old five-route matrix only; final complete route/action/state matrix still required.
OLD-0400,30482255458,ff6a8ab2180527e3dc62e2cf4890338eef18aa96,saved-calculations,initial/empty local-persistence state,webkit,1440x1000,high-contrast,reduced,anonymous static preview,deterministic/local or unavailable; never live,PASS_RECORDED_LIMITED_SCOPE,,0,0,0,0,Old five-route matrix only; final complete route/action/state matrix still required.
OLD-0401,30482255458,ff6a8ab2180527e3dc62e2cf4890338eef18aa96,calculator-center,valid calculation after route render,webkit,1920x1080,dark,reduced,anonymous static preview,deterministic/local or unavailable; never live,BLOCKED_BY_HARNESS_DEFECT,fixed-nav-overlap:40,0,0,0,0,Old five-route matrix only; final complete route/action/state matrix still required.
OLD-0402,30482255458,ff6a8ab2180527e3dc62e2cf4890338eef18aa96,india-finance,initial India finance truth/unavailable-rule state,webkit,1920x1080,dark,reduced,anonymous static preview,deterministic/local or unavailable; never live,PASS_RECORDED_LIMITED_SCOPE,,0,0,0,0,Old five-route matrix only; final complete route/action/state matrix still required.
OLD-0403,30482255458,ff6a8ab2180527e3dc62e2cf4890338eef18aa96,indicator-library,valid indicator calculation after route render,webkit,1920x1080,dark,reduced,anonymous static preview,deterministic/local or unavailable; never live,BLOCKED_BY_HARNESS_DEFECT,fixed-nav-overlap:35,0,0,0,0,Old five-route matrix only; final complete route/action/state matrix still required.
OLD-0404,30482255458,ff6a8ab2180527e3dc62e2cf4890338eef18aa96,formula-library,initial formula catalogue state,webkit,1920x1080,dark,reduced,anonymous static preview,deterministic/local or unavailable; never live,PASS_RECORDED_LIMITED_SCOPE,,0,0,0,0,Old five-route matrix only; final complete route/action/state matrix still required.
OLD-0405,30482255458,ff6a8ab2180527e3dc62e2cf4890338eef18aa96,saved-calculations,initial/empty local-persistence state,webkit,1920x1080,dark,reduced,anonymous static preview,deterministic/local or unavailable; never live,PASS_RECORDED_LIMITED_SCOPE,,0,0,0,0,Old five-route matrix only; final complete route/action/state matrix still required.
OLD-0406,30482255458,ff6a8ab2180527e3dc62e2cf4890338eef18aa96,calculator-center,valid calculation after route render,webkit,1920x1080,light,reduced,anonymous static preview,deterministic/local or unavailable; never live,BLOCKED_BY_HARNESS_DEFECT,fixed-nav-overlap:40,0,0,0,0,Old five-route matrix only; final complete route/action/state matrix still required.
OLD-0407,30482255458,ff6a8ab2180527e3dc62e2cf4890338eef18aa96,india-finance,initial India finance truth/unavailable-rule state,webkit,1920x1080,light,reduced,anonymous static preview,deterministic/local or unavailable; never live,PASS_RECORDED_LIMITED_SCOPE,,0,0,0,0,Old five-route matrix only; final complete route/action/state matrix still required.
OLD-0408,30482255458,ff6a8ab2180527e3dc62e2cf4890338eef18aa96,indicator-library,valid indicator calculation after route render,webkit,1920x1080,light,reduced,anonymous static preview,deterministic/local or unavailable; never live,BLOCKED_BY_HARNESS_DEFECT,fixed-nav-overlap:35,0,0,0,0,Old five-route matrix only; final complete route/action/state matrix still required.
OLD-0409,30482255458,ff6a8ab2180527e3dc62e2cf4890338eef18aa96,formula-library,initial formula catalogue state,webkit,1920x1080,light,reduced,anonymous static preview,deterministic/local or unavailable; never live,PASS_RECORDED_LIMITED_SCOPE,,0,0,0,0,Old five-route matrix only; final complete route/action/state matrix still required.
OLD-0410,30482255458,ff6a8ab2180527e3dc62e2cf4890338eef18aa96,saved-calculations,initial/empty local-persistence state,webkit,1920x1080,light,reduced,anonymous static preview,deterministic/local or unavailable; never live,PASS_RECORDED_LIMITED_SCOPE,,0,0,0,0,Old five-route matrix only; final complete route/action/state matrix still required.
OLD-0411,30482255458,ff6a8ab2180527e3dc62e2cf4890338eef18aa96,calculator-center,valid calculation after route render,webkit,1920x1080,oled,reduced,anonymous static preview,deterministic/local or unavailable; never live,BLOCKED_BY_HARNESS_DEFECT,fixed-nav-overlap:40,0,0,0,0,Old five-route matrix only; final complete route/action/state matrix still required.
OLD-0412,30482255458,ff6a8ab2180527e3dc62e2cf4890338eef18aa96,india-finance,initial India finance truth/unavailable-rule state,webkit,1920x1080,oled,reduced,anonymous static preview,deterministic/local or unavailable; never live,PASS_RECORDED_LIMITED_SCOPE,,0,0,0,0,Old five-route matrix only; final complete route/action/state matrix still required.
OLD-0413,30482255458,ff6a8ab2180527e3dc62e2cf4890338eef18aa96,indicator-library,valid indicator calculation after route render,webkit,1920x1080,oled,reduced,anonymous static preview,deterministic/local or unavailable; never live,BLOCKED_BY_HARNESS_DEFECT,fixed-nav-overlap:35,0,0,0,0,Old five-route matrix only; final complete route/action/state matrix still required.
OLD-0414,30482255458,ff6a8ab2180527e3dc62e2cf4890338eef18aa96,formula-library,initial formula catalogue state,webkit,1920x1080,oled,reduced,anonymous static preview,deterministic/local or unavailable; never live,PASS_RECORDED_LIMITED_SCOPE,,0,0,0,0,Old five-route matrix only; final complete route/action/state matrix still required.
OLD-0415,30482255458,ff6a8ab2180527e3dc62e2cf4890338eef18aa96,saved-calculations,initial/empty local-persistence state,webkit,1920x1080,oled,reduced,anonymous static preview,deterministic/local or unavailable; never live,PASS_RECORDED_LIMITED_SCOPE,,0,0,0,0,Old five-route matrix only; final complete route/action/state matrix still required.
OLD-0416,30482255458,ff6a8ab2180527e3dc62e2cf4890338eef18aa96,calculator-center,valid calculation after route render,webkit,1920x1080,high-contrast,reduced,anonymous static preview,deterministic/local or unavailable; never live,BLOCKED_BY_HARNESS_DEFECT,fixed-nav-overlap:40,0,0,0,0,Old five-route matrix only; final complete route/action/state matrix still required.
OLD-0417,30482255458,ff6a8ab2180527e3dc62e2cf4890338eef18aa96,india-finance,initial India finance truth/unavailable-rule state,webkit,1920x1080,high-contrast,reduced,anonymous static preview,deterministic/local or unavailable; never live,PASS_RECORDED_LIMITED_SCOPE,,0,0,0,0,Old five-route matrix only; final complete route/action/state matrix still required.
OLD-0418,30482255458,ff6a8ab2180527e3dc62e2cf4890338eef18aa96,indicator-library,valid indicator calculation after route render,webkit,1920x1080,high-contrast,reduced,anonymous static preview,deterministic/local or unavailable; never live,BLOCKED_BY_HARNESS_DEFECT,fixed-nav-overlap:35,0,0,0,0,Old five-route matrix only; final complete route/action/state matrix still required.
OLD-0419,30482255458,ff6a8ab2180527e3dc62e2cf4890338eef18aa96,formula-library,initial formula catalogue state,webkit,1920x1080,high-contrast,reduced,anonymous static preview,deterministic/local or unavailable; never live,PASS_RECORDED_LIMITED_SCOPE,,0,0,0,0,Old five-route matrix only; final complete route/action/state matrix still required.
OLD-0420,30482255458,ff6a8ab2180527e3dc62e2cf4890338eef18aa96,saved-calculations,initial/empty local-persistence state,webkit,1920x1080,high-contrast,reduced,anonymous static preview,deterministic/local or unavailable; never live,BLOCKED_BY_HARNESS_DEFECT,fixed-nav-overlap:5,0,0,0,0,Old five-route matrix only; final complete route/action/state matrix still required.
