record_id,outcome,failure_id,run_id,exact_head,route,browser,viewport,theme_requested,theme_observed,motion_mode,authentication_state,persistence_state,action_state,first_failing_assertion,console_error,page_error,resource_failure,screenshot_path,likely_category,confirmed_root_cause,affected_source_path,severity,fix_commit,retest_result,waiver_status,waiver_rationale,fixed_nav_overlap_count,horizontal_overflow_px,unlabeled_controls,cls,truth_boundary_passed,font_status,load_ms
P2B-R30482255458-001,FAIL,BF-001,30482255458,ff6a8ab2180527e3dc62e2cf4890338eef18aa96,calculator-center,chromium,360x800,dark,dark,reduced,anonymous static visual preview,local storage reset before context; route-specific browser-local only,valid calculation after route render,fixed-nav-overlap:16,,,,,test harness defect,"The harness counted any visible interactive rectangle intersecting the fixed bottom-navigation rectangle, including navigation descendants and content temporarily behind it after Playwright auto-scroll. It did not test whether final focusable content can scroll fully above the navigation.",scripts/prompt2b-final-review.mjs,MEDIUM,PENDING,PENDING,NO,,16,0,0,0,True,loaded,568.89
P2B-R30482255458-002,FAIL,BF-002,30482255458,ff6a8ab2180527e3dc62e2cf4890338eef18aa96,india-finance,chromium,360x800,dark,dark,reduced,anonymous static visual preview,local storage reset before context; route-specific browser-local only,initial India finance truth/unavailable-rule state,fixed-nav-overlap:18,,,,,test harness defect,"The harness counted any visible interactive rectangle intersecting the fixed bottom-navigation rectangle, including navigation descendants and content temporarily behind it after Playwright auto-scroll. It did not test whether final focusable content can scroll fully above the navigation.",scripts/prompt2b-final-review.mjs,MEDIUM,PENDING,PENDING,NO,,18,0,0,0,True,loaded,289.96
P2B-R30482255458-003,FAIL,BF-003,30482255458,ff6a8ab2180527e3dc62e2cf4890338eef18aa96,indicator-library,chromium,360x800,dark,dark,reduced,anonymous static visual preview,local storage reset before context; route-specific browser-local only,valid indicator calculation after route render,fixed-nav-overlap:15,,,,,test harness defect,"The harness counted any visible interactive rectangle intersecting the fixed bottom-navigation rectangle, including navigation descendants and content temporarily behind it after Playwright auto-scroll. It did not test whether final focusable content can scroll fully above the navigation.",scripts/prompt2b-final-review.mjs,MEDIUM,PENDING,PENDING,NO,,15,0,0,0,True,loaded,482.48
P2B-R30482255458-004,FAIL,BF-004,30482255458,ff6a8ab2180527e3dc62e2cf4890338eef18aa96,formula-library,chromium,360x800,dark,dark,reduced,anonymous static visual preview,local storage reset before context; route-specific browser-local only,initial formula catalogue state,fixed-nav-overlap:19,,,,,test harness defect,"The harness counted any visible interactive rectangle intersecting the fixed bottom-navigation rectangle, including navigation descendants and content temporarily behind it after Playwright auto-scroll. It did not test whether final focusable content can scroll fully above the navigation.",scripts/prompt2b-final-review.mjs,MEDIUM,PENDING,PENDING,NO,,19,0,0,0,True,loaded,414.5
P2B-R30482255458-005,FAIL,BF-005,30482255458,ff6a8ab2180527e3dc62e2cf4890338eef18aa96,saved-calculations,chromium,360x800,dark,dark,reduced,anonymous static visual preview,local storage reset before context; route-specific browser-local only,initial/empty local-persistence state,fixed-nav-overlap:18,,,,,test harness defect,"The harness counted any visible interactive rectangle intersecting the fixed bottom-navigation rectangle, including navigation descendants and content temporarily behind it after Playwright auto-scroll. It did not test whether final focusable content can scroll fully above the navigation.",scripts/prompt2b-final-review.mjs,MEDIUM,PENDING,PENDING,NO,,18,0,0,0,True,loaded,302.18
P2B-R30482255458-006,FAIL,BF-006,30482255458,ff6a8ab2180527e3dc62e2cf4890338eef18aa96,calculator-center,chromium,360x800,light,dark,reduced,anonymous static visual preview,local storage reset before context; route-specific browser-local only,valid calculation after route render,fixed-nav-overlap:16,,,,,test harness defect,"The harness counted any visible interactive rectangle intersecting the fixed bottom-navigation rectangle, including navigation descendants and content temporarily behind it after Playwright auto-scroll. It did not test whether final focusable content can scroll fully above the navigation.",scripts/prompt2b-final-review.mjs,MEDIUM,PENDING,PENDING,NO,,16,0,0,0,True,loaded,535.88
P2B-R30482255458-007,FAIL,BF-007,30482255458,ff6a8ab2180527e3dc62e2cf4890338eef18aa96,india-finance,chromium,360x800,light,dark,reduced,anonymous static visual preview,local storage reset before context; route-specific browser-local only,initial India finance truth/unavailable-rule state,fixed-nav-overlap:18,,,,,test harness defect,"The harness counted any visible interactive rectangle intersecting the fixed bottom-navigation rectangle, including navigation descendants and content temporarily behind it after Playwright auto-scroll. It did not test whether final focusable content can scroll fully above the navigation.",scripts/prompt2b-final-review.mjs,MEDIUM,PENDING,PENDING,NO,,18,0,0,0,True,loaded,320.44
P2B-R30482255458-008,FAIL,BF-008,30482255458,ff6a8ab2180527e3dc62e2cf4890338eef18aa96,indicator-library,chromium,360x800,light,dark,reduced,anonymous static visual preview,local storage reset before context; route-specific browser-local only,valid indicator calculation after route render,fixed-nav-overlap:15,,,,,test harness defect,"The harness counted any visible interactive rectangle intersecting the fixed bottom-navigation rectangle, including navigation descendants and content temporarily behind it after Playwright auto-scroll. It did not test whether final focusable content can scroll fully above the navigation.",scripts/prompt2b-final-review.mjs,MEDIUM,PENDING,PENDING,NO,,15,0,0,0,True,loaded,476.37
P2B-R30482255458-009,FAIL,BF-009,30482255458,ff6a8ab2180527e3dc62e2cf4890338eef18aa96,formula-library,chromium,360x800,light,dark,reduced,anonymous static visual preview,local storage reset before context; route-specific browser-local only,initial formula catalogue state,fixed-nav-overlap:19,,,,,test harness defect,"The harness counted any visible interactive rectangle intersecting the fixed bottom-navigation rectangle, including navigation descendants and content temporarily behind it after Playwright auto-scroll. It did not test whether final focusable content can scroll fully above the navigation.",scripts/prompt2b-final-review.mjs,MEDIUM,PENDING,PENDING,NO,,19,0,0,0,True,loaded,311.02
P2B-R30482255458-010,FAIL,BF-010,30482255458,ff6a8ab2180527e3dc62e2cf4890338eef18aa96,saved-calculations,chromium,360x800,light,dark,reduced,anonymous static visual preview,local storage reset before context; route-specific browser-local only,initial/empty local-persistence state,fixed-nav-overlap:18,,,,,test harness defect,"The harness counted any visible interactive rectangle intersecting the fixed bottom-navigation rectangle, including navigation descendants and content temporarily behind it after Playwright auto-scroll. It did not test whether final focusable content can scroll fully above the navigation.",scripts/prompt2b-final-review.mjs,MEDIUM,PENDING,PENDING,NO,,18,0,0,0,True,loaded,274.33
P2B-R30482255458-011,FAIL,BF-011,30482255458,ff6a8ab2180527e3dc62e2cf4890338eef18aa96,calculator-center,chromium,360x800,oled,dark,reduced,anonymous static visual preview,local storage reset before context; route-specific browser-local only,valid calculation after route render,fixed-nav-overlap:16,,,,,test harness defect,"The harness counted any visible interactive rectangle intersecting the fixed bottom-navigation rectangle, including navigation descendants and content temporarily behind it after Playwright auto-scroll. It did not test whether final focusable content can scroll fully above the navigation.",scripts/prompt2b-final-review.mjs,MEDIUM,PENDING,PENDING,NO,,16,0,0,0,True,loaded,494.92
P2B-R30482255458-012,FAIL,BF-012,30482255458,ff6a8ab2180527e3dc62e2cf4890338eef18aa96,india-finance,chromium,360x800,oled,dark,reduced,anonymous static visual preview,local storage reset before context; route-specific browser-local only,initial India finance truth/unavailable-rule state,fixed-nav-overlap:18,,,,,test harness defect,"The harness counted any visible interactive rectangle intersecting the fixed bottom-navigation rectangle, including navigation descendants and content temporarily behind it after Playwright auto-scroll. It did not test whether final focusable content can scroll fully above the navigation.",scripts/prompt2b-final-review.mjs,MEDIUM,PENDING,PENDING,NO,,18,0,0,0,True,loaded,316.83
P2B-R30482255458-013,FAIL,BF-013,30482255458,ff6a8ab2180527e3dc62e2cf4890338eef18aa96,indicator-library,chromium,360x800,oled,dark,reduced,anonymous static visual preview,local storage reset before context; route-specific browser-local only,valid indicator calculation after route render,fixed-nav-overlap:15,,,,,test harness defect,"The harness counted any visible interactive rectangle intersecting the fixed bottom-navigation rectangle, including navigation descendants and content temporarily behind it after Playwright auto-scroll. It did not test whether final focusable content can scroll fully above the navigation.",scripts/prompt2b-final-review.mjs,MEDIUM,PENDING,PENDING,NO,,15,0,0,0,True,loaded,476.25
P2B-R30482255458-014,FAIL,BF-014,30482255458,ff6a8ab2180527e3dc62e2cf4890338eef18aa96,formula-library,chromium,360x800,oled,dark,reduced,anonymous static visual preview,local storage reset before context; route-specific browser-local only,initial formula catalogue state,fixed-nav-overlap:19,,,,,test harness defect,"The harness counted any visible interactive rectangle intersecting the fixed bottom-navigation rectangle, including navigation descendants and content temporarily behind it after Playwright auto-scroll. It did not test whether final focusable content can scroll fully above the navigation.",scripts/prompt2b-final-review.mjs,MEDIUM,PENDING,PENDING,NO,,19,0,0,0,True,loaded,416.84
P2B-R30482255458-015,FAIL,BF-015,30482255458,ff6a8ab2180527e3dc62e2cf4890338eef18aa96,saved-calculations,chromium,360x800,oled,dark,reduced,anonymous static visual preview,local storage reset before context; route-specific browser-local only,initial/empty local-persistence state,fixed-nav-overlap:18,,,,,test harness defect,"The harness counted any visible interactive rectangle intersecting the fixed bottom-navigation rectangle, including navigation descendants and content temporarily behind it after Playwright auto-scroll. It did not test whether final focusable content can scroll fully above the navigation.",scripts/prompt2b-final-review.mjs,MEDIUM,PENDING,PENDING,NO,,18,0,0,0,True,loaded,261.7
P2B-R30482255458-016,FAIL,BF-016,30482255458,ff6a8ab2180527e3dc62e2cf4890338eef18aa96,calculator-center,chromium,360x800,high-contrast,dark,reduced,anonymous static visual preview,local storage reset before context; route-specific browser-local only,valid calculation after route render,fixed-nav-overlap:16,,,,,test harness defect,"The harness counted any visible interactive rectangle intersecting the fixed bottom-navigation rectangle, including navigation descendants and content temporarily behind it after Playwright auto-scroll. It did not test whether final focusable content can scroll fully above the navigation.",scripts/prompt2b-final-review.mjs,MEDIUM,PENDING,PENDING,NO,,16,0,0,0,True,loaded,492.06
P2B-R30482255458-017,FAIL,BF-017,30482255458,ff6a8ab2180527e3dc62e2cf4890338eef18aa96,india-finance,chromium,360x800,high-contrast,dark,reduced,anonymous static visual preview,local storage reset before context; route-specific browser-local only,initial India finance truth/unavailable-rule state,fixed-nav-overlap:18,,,,,test harness defect,"The harness counted any visible interactive rectangle intersecting the fixed bottom-navigation rectangle, including navigation descendants and content temporarily behind it after Playwright auto-scroll. It did not test whether final focusable content can scroll fully above the navigation.",scripts/prompt2b-final-review.mjs,MEDIUM,PENDING,PENDING,NO,,18,0,0,0,True,loaded,269.1
P2B-R30482255458-018,FAIL,BF-018,30482255458,ff6a8ab2180527e3dc62e2cf4890338eef18aa96,indicator-library,chromium,360x800,high-contrast,dark,reduced,anonymous static visual preview,local storage reset before context; route-specific browser-local only,valid indicator calculation after route render,fixed-nav-overlap:15,,,,,test harness defect,"The harness counted any visible interactive rectangle intersecting the fixed bottom-navigation rectangle, including navigation descendants and content temporarily behind it after Playwright auto-scroll. It did not test whether final focusable content can scroll fully above the navigation.",scripts/prompt2b-final-review.mjs,MEDIUM,PENDING,PENDING,NO,,15,0,0,0,True,loaded,497.79
P2B-R30482255458-019,FAIL,BF-019,30482255458,ff6a8ab2180527e3dc62e2cf4890338eef18aa96,formula-library,chromium,360x800,high-contrast,dark,reduced,anonymous static visual preview,local storage reset before context; route-specific browser-local only,initial formula catalogue state,fixed-nav-overlap:19,,,,,test harness defect,"The harness counted any visible interactive rectangle intersecting the fixed bottom-navigation rectangle, including navigation descendants and content temporarily behind it after Playwright auto-scroll. It did not test whether final focusable content can scroll fully above the navigation.",scripts/prompt2b-final-review.mjs,MEDIUM,PENDING,PENDING,NO,,19,0,0,0,True,loaded,297.64
P2B-R30482255458-020,FAIL,BF-020,30482255458,ff6a8ab2180527e3dc62e2cf4890338eef18aa96,saved-calculations,chromium,360x800,high-contrast,dark,reduced,anonymous static visual preview,local storage reset before context; route-specific browser-local only,initial/empty local-persistence state,fixed-nav-overlap:18,,,,,test harness defect,"The harness counted any visible interactive rectangle intersecting the fixed bottom-navigation rectangle, including navigation descendants and content temporarily behind it after Playwright auto-scroll. It did not test whether final focusable content can scroll fully above the navigation.",scripts/prompt2b-final-review.mjs,MEDIUM,PENDING,PENDING,NO,,18,0,0,0,True,loaded,258.57
P2B-R30482255458-021,FAIL,BF-021,30482255458,ff6a8ab2180527e3dc62e2cf4890338eef18aa96,calculator-center,chromium,390x844,dark,dark,reduced,anonymous static visual preview,local storage reset before context; route-specific browser-local only,valid calculation after route render,fixed-nav-overlap:16,,,,,test harness defect,"The harness counted any visible interactive rectangle intersecting the fixed bottom-navigation rectangle, including navigation descendants and content temporarily behind it after Playwright auto-scroll. It did not test whether final focusable content can scroll fully above the navigation.",scripts/prompt2b-final-review.mjs,MEDIUM,PENDING,PENDING,NO,,16,0,0,0,True,loaded,523.36
P2B-R30482255458-022,FAIL,BF-022,30482255458,ff6a8ab2180527e3dc62e2cf4890338eef18aa96,india-finance,chromium,390x844,dark,dark,reduced,anonymous static visual preview,local storage reset before context; route-specific browser-local only,initial India finance truth/unavailable-rule state,fixed-nav-overlap:18,,,,,test harness defect,"The harness counted any visible interactive rectangle intersecting the fixed bottom-navigation rectangle, including navigation descendants and content temporarily behind it after Playwright auto-scroll. It did not test whether final focusable content can scroll fully above the navigation.",scripts/prompt2b-final-review.mjs,MEDIUM,PENDING,PENDING,NO,,18,0,0,0,True,loaded,281.06
P2B-R30482255458-023,FAIL,BF-023,30482255458,ff6a8ab2180527e3dc62e2cf4890338eef18aa96,indicator-library,chromium,390x844,dark,dark,reduced,anonymous static visual preview,local storage reset before context; route-specific browser-local only,valid indicator calculation after route render,fixed-nav-overlap:15,,,,,test harness defect,"The harness counted any visible interactive rectangle intersecting the fixed bottom-navigation rectangle, including navigation descendants and content temporarily behind it after Playwright auto-scroll. It did not test whether final focusable content can scroll fully above the navigation.",scripts/prompt2b-final-review.mjs,MEDIUM,PENDING,PENDING,NO,,15,0,0,0,True,loaded,504.47
P2B-R30482255458-024,FAIL,BF-024,30482255458,ff6a8ab2180527e3dc62e2cf4890338eef18aa96,formula-library,chromium,390x844,dark,dark,reduced,anonymous static visual preview,local storage reset before context; route-specific browser-local only,initial formula catalogue state,fixed-nav-overlap:19,,,,,test harness defect,"The harness counted any visible interactive rectangle intersecting the fixed bottom-navigation rectangle, including navigation descendants and content temporarily behind it after Playwright auto-scroll. It did not test whether final focusable content can scroll fully above the navigation.",scripts/prompt2b-final-review.mjs,MEDIUM,PENDING,PENDING,NO,,19,0,0,0,True,loaded,398.16
P2B-R30482255458-025,FAIL,BF-025,30482255458,ff6a8ab2180527e3dc62e2cf4890338eef18aa96,saved-calculations,chromium,390x844,dark,dark,reduced,anonymous static visual preview,local storage reset before context; route-specific browser-local only,initial/empty local-persistence state,fixed-nav-overlap:18,,,,,test harness defect,"The harness counted any visible interactive rectangle intersecting the fixed bottom-navigation rectangle, including navigation descendants and content temporarily behind it after Playwright auto-scroll. It did not test whether final focusable content can scroll fully above the navigation.",scripts/prompt2b-final-review.mjs,MEDIUM,PENDING,PENDING,NO,,18,0,0,0,True,loaded,275.89
P2B-R30482255458-026,FAIL,BF-026,30482255458,ff6a8ab2180527e3dc62e2cf4890338eef18aa96,calculator-center,chromium,390x844,light,dark,reduced,anonymous static visual preview,local storage reset before context; route-specific browser-local only,valid calculation after route render,fixed-nav-overlap:16,,,,,test harness defect,"The harness counted any visible interactive rectangle intersecting the fixed bottom-navigation rectangle, including navigation descendants and content temporarily behind it after Playwright auto-scroll. It did not test whether final focusable content can scroll fully above the navigation.",scripts/prompt2b-final-review.mjs,MEDIUM,PENDING,PENDING,NO,,16,0,0,0,True,loaded,507.4
P2B-R30482255458-027,FAIL,BF-027,30482255458,ff6a8ab2180527e3dc62e2cf4890338eef18aa96,india-finance,chromium,390x844,light,dark,reduced,anonymous static visual preview,local storage reset before context; route-specific browser-local only,initial India finance truth/unavailable-rule state,fixed-nav-overlap:18,,,,,test harness defect,"The harness counted any visible interactive rectangle intersecting the fixed bottom-navigation rectangle, including navigation descendants and content temporarily behind it after Playwright auto-scroll. It did not test whether final focusable content can scroll fully above the navigation.",scripts/prompt2b-final-review.mjs,MEDIUM,PENDING,PENDING,NO,,18,0,0,0,True,loaded,310.47
P2B-R30482255458-028,FAIL,BF-028,30482255458,ff6a8ab2180527e3dc62e2cf4890338eef18aa96,indicator-library,chromium,390x844,light,dark,reduced,anonymous static visual preview,local storage reset before context; route-specific browser-local only,valid indicator calculation after route render,fixed-nav-overlap:15,,,,,test harness defect,"The harness counted any visible interactive rectangle intersecting the fixed bottom-navigation rectangle, including navigation descendants and content temporarily behind it after Playwright auto-scroll. It did not test whether final focusable content can scroll fully above the navigation.",scripts/prompt2b-final-review.mjs,MEDIUM,PENDING,PENDING,NO,,15,0,0,0,True,loaded,490.42
P2B-R30482255458-029,FAIL,BF-029,30482255458,ff6a8ab2180527e3dc62e2cf4890338eef18aa96,formula-library,chromium,390x844,light,dark,reduced,anonymous static visual preview,local storage reset before context; route-specific browser-local only,initial formula catalogue state,fixed-nav-overlap:19,,,,,test harness defect,"The harness counted any visible interactive rectangle intersecting the fixed bottom-navigation rectangle, including navigation descendants and content temporarily behind it after Playwright auto-scroll. It did not test whether final focusable content can scroll fully above the navigation.",scripts/prompt2b-final-review.mjs,MEDIUM,PENDING,PENDING,NO,,19,0,0,0,True,loaded,378.8
P2B-R30482255458-030,FAIL,BF-030,30482255458,ff6a8ab2180527e3dc62e2cf4890338eef18aa96,saved-calculations,chromium,390x844,light,dark,reduced,anonymous static visual preview,local storage reset before context; route-specific browser-local only,initial/empty local-persistence state,fixed-nav-overlap:18,,,,,test harness defect,"The harness counted any visible interactive rectangle intersecting the fixed bottom-navigation rectangle, including navigation descendants and content temporarily behind it after Playwright auto-scroll. It did not test whether final focusable content can scroll fully above the navigation.",scripts/prompt2b-final-review.mjs,MEDIUM,PENDING,PENDING,NO,,18,0,0,0,True,loaded,284
P2B-R30482255458-031,FAIL,BF-031,30482255458,ff6a8ab2180527e3dc62e2cf4890338eef18aa96,calculator-center,chromium,390x844,oled,dark,reduced,anonymous static visual preview,local storage reset before context; route-specific browser-local only,valid calculation after route render,fixed-nav-overlap:16,,,,,test harness defect,"The harness counted any visible interactive rectangle intersecting the fixed bottom-navigation rectangle, including navigation descendants and content temporarily behind it after Playwright auto-scroll. It did not test whether final focusable content can scroll fully above the navigation.",scripts/prompt2b-final-review.mjs,MEDIUM,PENDING,PENDING,NO,,16,0,0,0,True,loaded,514.41
P2B-R30482255458-032,FAIL,BF-032,30482255458,ff6a8ab2180527e3dc62e2cf4890338eef18aa96,india-finance,chromium,390x844,oled,dark,reduced,anonymous static visual preview,local storage reset before context; route-specific browser-local only,initial India finance truth/unavailable-rule state,fixed-nav-overlap:18,,,,,test harness defect,"The harness counted any visible interactive rectangle intersecting the fixed bottom-navigation rectangle, including navigation descendants and content temporarily behind it after Playwright auto-scroll. It did not test whether final focusable content can scroll fully above the navigation.",scripts/prompt2b-final-review.mjs,MEDIUM,PENDING,PENDING,NO,,18,0,0,0,True,loaded,312.28
P2B-R30482255458-033,FAIL,BF-033,30482255458,ff6a8ab2180527e3dc62e2cf4890338eef18aa96,indicator-library,chromium,390x844,oled,dark,reduced,anonymous static visual preview,local storage reset before context; route-specific browser-local only,valid indicator calculation after route render,fixed-nav-overlap:15,,,,,test harness defect,"The harness counted any visible interactive rectangle intersecting the fixed bottom-navigation rectangle, including navigation descendants and content temporarily behind it after Playwright auto-scroll. It did not test whether final focusable content can scroll fully above the navigation.",scripts/prompt2b-final-review.mjs,MEDIUM,PENDING,PENDING,NO,,15,0,0,0,True,loaded,485.81
P2B-R30482255458-034,FAIL,BF-034,30482255458,ff6a8ab2180527e3dc62e2cf4890338eef18aa96,formula-library,chromium,390x844,oled,dark,reduced,anonymous static visual preview,local storage reset before context; route-specific browser-local only,initial formula catalogue state,fixed-nav-overlap:19,,,,,test harness defect,"The harness counted any visible interactive rectangle intersecting the fixed bottom-navigation rectangle, including navigation descendants and content temporarily behind it after Playwright auto-scroll. It did not test whether final focusable content can scroll fully above the navigation.",scripts/prompt2b-final-review.mjs,MEDIUM,PENDING,PENDING,NO,,19,0,0,0,True,loaded,267.13
P2B-R30482255458-035,FAIL,BF-035,30482255458,ff6a8ab2180527e3dc62e2cf4890338eef18aa96,saved-calculations,chromium,390x844,oled,dark,reduced,anonymous static visual preview,local storage reset before context; route-specific browser-local only,initial/empty local-persistence state,fixed-nav-overlap:18,,,,,test harness defect,"The harness counted any visible interactive rectangle intersecting the fixed bottom-navigation rectangle, including navigation descendants and content temporarily behind it after Playwright auto-scroll. It did not test whether final focusable content can scroll fully above the navigation.",scripts/prompt2b-final-review.mjs,MEDIUM,PENDING,PENDING,NO,,18,0,0,0,True,loaded,276.42
P2B-R30482255458-036,FAIL,BF-036,30482255458,ff6a8ab2180527e3dc62e2cf4890338eef18aa96,calculator-center,chromium,390x844,high-contrast,dark,reduced,anonymous static visual preview,local storage reset before context; route-specific browser-local only,valid calculation after route render,fixed-nav-overlap:16,,,,,test harness defect,"The harness counted any visible interactive rectangle intersecting the fixed bottom-navigation rectangle, including navigation descendants and content temporarily behind it after Playwright auto-scroll. It did not test whether final focusable content can scroll fully above the navigation.",scripts/prompt2b-final-review.mjs,MEDIUM,PENDING,PENDING,NO,,16,0,0,0,True,loaded,505.57
P2B-R30482255458-037,FAIL,BF-037,30482255458,ff6a8ab2180527e3dc62e2cf4890338eef18aa96,india-finance,chromium,390x844,high-contrast,dark,reduced,anonymous static visual preview,local storage reset before context; route-specific browser-local only,initial India finance truth/unavailable-rule state,fixed-nav-overlap:18,,,,,test harness defect,"The harness counted any visible interactive rectangle intersecting the fixed bottom-navigation rectangle, including navigation descendants and content temporarily behind it after Playwright auto-scroll. It did not test whether final focusable content can scroll fully above the navigation.",scripts/prompt2b-final-review.mjs,MEDIUM,PENDING,PENDING,NO,,18,0,0,0,True,loaded,265.24
P2B-R30482255458-038,FAIL,BF-038,30482255458,ff6a8ab2180527e3dc62e2cf4890338eef18aa96,indicator-library,chromium,390x844,high-contrast,dark,reduced,anonymous static visual preview,local storage reset before context; route-specific browser-local only,valid indicator calculation after route render,fixed-nav-overlap:15,,,,,test harness defect,"The harness counted any visible interactive rectangle intersecting the fixed bottom-navigation rectangle, including navigation descendants and content temporarily behind it after Playwright auto-scroll. It did not test whether final focusable content can scroll fully above the navigation.",scripts/prompt2b-final-review.mjs,MEDIUM,PENDING,PENDING,NO,,15,0,0,0,True,loaded,481.65
P2B-R30482255458-039,FAIL,BF-039,30482255458,ff6a8ab2180527e3dc62e2cf4890338eef18aa96,formula-library,chromium,390x844,high-contrast,dark,reduced,anonymous static visual preview,local storage reset before context; route-specific browser-local only,initial formula catalogue state,fixed-nav-overlap:19,,,,,test harness defect,"The harness counted any visible interactive rectangle intersecting the fixed bottom-navigation rectangle, including navigation descendants and content temporarily behind it after Playwright auto-scroll. It did not test whether final focusable content can scroll fully above the navigation.",scripts/prompt2b-final-review.mjs,MEDIUM,PENDING,PENDING,NO,,19,0,0,0,True,loaded,385.63
P2B-R30482255458-040,FAIL,BF-040,30482255458,ff6a8ab2180527e3dc62e2cf4890338eef18aa96,saved-calculations,chromium,390x844,high-contrast,dark,reduced,anonymous static visual preview,local storage reset before context; route-specific browser-local only,initial/empty local-persistence state,fixed-nav-overlap:18,,,,,test harness defect,"The harness counted any visible interactive rectangle intersecting the fixed bottom-navigation rectangle, including navigation descendants and content temporarily behind it after Playwright auto-scroll. It did not test whether final focusable content can scroll fully above the navigation.",scripts/prompt2b-final-review.mjs,MEDIUM,PENDING,PENDING,NO,,18,0,0,0,True,loaded,259.18
P2B-R30482255458-041,FAIL,BF-041,30482255458,ff6a8ab2180527e3dc62e2cf4890338eef18aa96,calculator-center,chromium,430x932,dark,dark,reduced,anonymous static visual preview,local storage reset before context; route-specific browser-local only,valid calculation after route render,fixed-nav-overlap:16,,,,,test harness defect,"The harness counted any visible interactive rectangle intersecting the fixed bottom-navigation rectangle, including navigation descendants and content temporarily behind it after Playwright auto-scroll. It did not test whether final focusable content can scroll fully above the navigation.",scripts/prompt2b-final-review.mjs,MEDIUM,PENDING,PENDING,NO,,16,0,0,0,True,loaded,522.81
P2B-R30482255458-042,FAIL,BF-042,30482255458,ff6a8ab2180527e3dc62e2cf4890338eef18aa96,india-finance,chromium,430x932,dark,dark,reduced,anonymous static visual preview,local storage reset before context; route-specific browser-local only,initial India finance truth/unavailable-rule state,fixed-nav-overlap:18,,,,,test harness defect,"The harness counted any visible interactive rectangle intersecting the fixed bottom-navigation rectangle, including navigation descendants and content temporarily behind it after Playwright auto-scroll. It did not test whether final focusable content can scroll fully above the navigation.",scripts/prompt2b-final-review.mjs,MEDIUM,PENDING,PENDING,NO,,18,0,0,0,True,loaded,264.95
P2B-R30482255458-043,FAIL,BF-043,30482255458,ff6a8ab2180527e3dc62e2cf4890338eef18aa96,indicator-library,chromium,430x932,dark,dark,reduced,anonymous static visual preview,local storage reset before context; route-specific browser-local only,valid indicator calculation after route render,fixed-nav-overlap:15,,,,,test harness defect,"The harness counted any visible interactive rectangle intersecting the fixed bottom-navigation rectangle, including navigation descendants and content temporarily behind it after Playwright auto-scroll. It did not test whether final focusable content can scroll fully above the navigation.",scripts/prompt2b-final-review.mjs,MEDIUM,PENDING,PENDING,NO,,15,0,0,0,True,loaded,518.74
P2B-R30482255458-044,FAIL,BF-044,30482255458,ff6a8ab2180527e3dc62e2cf4890338eef18aa96,formula-library,chromium,430x932,dark,dark,reduced,anonymous static visual preview,local storage reset before context; route-specific browser-local only,initial formula catalogue state,fixed-nav-overlap:19,,,,,test harness defect,"The harness counted any visible interactive rectangle intersecting the fixed bottom-navigation rectangle, including navigation descendants and content temporarily behind it after Playwright auto-scroll. It did not test whether final focusable content can scroll fully above the navigation.",scripts/prompt2b-final-review.mjs,MEDIUM,PENDING,PENDING,NO,,19,0,0,0,True,loaded,270.41
P2B-R30482255458-045,FAIL,BF-045,30482255458,ff6a8ab2180527e3dc62e2cf4890338eef18aa96,saved-calculations,chromium,430x932,dark,dark,reduced,anonymous static visual preview,local storage reset before context; route-specific browser-local only,initial/empty local-persistence state,fixed-nav-overlap:19,,,,,test harness defect,"The harness counted any visible interactive rectangle intersecting the fixed bottom-navigation rectangle, including navigation descendants and content temporarily behind it after Playwright auto-scroll. It did not test whether final focusable content can scroll fully above the navigation.",scripts/prompt2b-final-review.mjs,MEDIUM,PENDING,PENDING,NO,,19,0,0,0,True,loaded,280.29
P2B-R30482255458-046,FAIL,BF-046,30482255458,ff6a8ab2180527e3dc62e2cf4890338eef18aa96,calculator-center,chromium,430x932,light,dark,reduced,anonymous static visual preview,local storage reset before context; route-specific browser-local only,valid calculation after route render,fixed-nav-overlap:16,,,,,test harness defect,"The harness counted any visible interactive rectangle intersecting the fixed bottom-navigation rectangle, including navigation descendants and content temporarily behind it after Playwright auto-scroll. It did not test whether final focusable content can scroll fully above the navigation.",scripts/prompt2b-final-review.mjs,MEDIUM,PENDING,PENDING,NO,,16,0,0,0,True,loaded,512.84
P2B-R30482255458-047,FAIL,BF-047,30482255458,ff6a8ab2180527e3dc62e2cf4890338eef18aa96,india-finance,chromium,430x932,light,dark,reduced,anonymous static visual preview,local storage reset before context; route-specific browser-local only,initial India finance truth/unavailable-rule state,fixed-nav-overlap:18,,,,,test harness defect,"The harness counted any visible interactive rectangle intersecting the fixed bottom-navigation rectangle, including navigation descendants and content temporarily behind it after Playwright auto-scroll. It did not test whether final focusable content can scroll fully above the navigation.",scripts/prompt2b-final-review.mjs,MEDIUM,PENDING,PENDING,NO,,18,0,0,0,True,loaded,305.98
P2B-R30482255458-048,FAIL,BF-048,30482255458,ff6a8ab2180527e3dc62e2cf4890338eef18aa96,indicator-library,chromium,430x932,light,dark,reduced,anonymous static visual preview,local storage reset before context; route-specific browser-local only,valid indicator calculation after route render,fixed-nav-overlap:15,,,,,test harness defect,"The harness counted any visible interactive rectangle intersecting the fixed bottom-navigation rectangle, including navigation descendants and content temporarily behind it after Playwright auto-scroll. It did not test whether final focusable content can scroll fully above the navigation.",scripts/prompt2b-final-review.mjs,MEDIUM,PENDING,PENDING,NO,,15,0,0,0,True,loaded,507.84
P2B-R30482255458-049,FAIL,BF-049,30482255458,ff6a8ab2180527e3dc62e2cf4890338eef18aa96,formula-library,chromium,430x932,light,dark,reduced,anonymous static visual preview,local storage reset before context; route-specific browser-local only,initial formula catalogue state,fixed-nav-overlap:19,,,,,test harness defect,"The harness counted any visible interactive rectangle intersecting the fixed bottom-navigation rectangle, including navigation descendants and content temporarily behind it after Playwright auto-scroll. It did not test whether final focusable content can scroll fully above the navigation.",scripts/prompt2b-final-review.mjs,MEDIUM,PENDING,PENDING,NO,,19,0,0,0,True,loaded,356.99
P2B-R30482255458-050,FAIL,BF-050,30482255458,ff6a8ab2180527e3dc62e2cf4890338eef18aa96,saved-calculations,chromium,430x932,light,dark,reduced,anonymous static visual preview,local storage reset before context; route-specific browser-local only,initial/empty local-persistence state,fixed-nav-overlap:19,,,,,test harness defect,"The harness counted any visible interactive rectangle intersecting the fixed bottom-navigation rectangle, including navigation descendants and content temporarily behind it after Playwright auto-scroll. It did not test whether final focusable content can scroll fully above the navigation.",scripts/prompt2b-final-review.mjs,MEDIUM,PENDING,PENDING,NO,,19,0,0,0,True,loaded,292.43
P2B-R30482255458-051,FAIL,BF-051,30482255458,ff6a8ab2180527e3dc62e2cf4890338eef18aa96,calculator-center,chromium,430x932,oled,dark,reduced,anonymous static visual preview,local storage reset before context; route-specific browser-local only,valid calculation after route render,fixed-nav-overlap:16,,,,,test harness defect,"The harness counted any visible interactive rectangle intersecting the fixed bottom-navigation rectangle, including navigation descendants and content temporarily behind it after Playwright auto-scroll. It did not test whether final focusable content can scroll fully above the navigation.",scripts/prompt2b-final-review.mjs,MEDIUM,PENDING,PENDING,NO,,16,0,0,0,True,loaded,498.82
P2B-R30482255458-052,FAIL,BF-052,30482255458,ff6a8ab2180527e3dc62e2cf4890338eef18aa96,india-finance,chromium,430x932,oled,dark,reduced,anonymous static visual preview,local storage reset before context; route-specific browser-local only,initial India finance truth/unavailable-rule state,fixed-nav-overlap:18,,,,,test harness defect,"The harness counted any visible interactive rectangle intersecting the fixed bottom-navigation rectangle, including navigation descendants and content temporarily behind it after Playwright auto-scroll. It did not test whether final focusable content can scroll fully above the navigation.",scripts/prompt2b-final-review.mjs,MEDIUM,PENDING,PENDING,NO,,18,0,0,0,True,loaded,268.42
P2B-R30482255458-053,FAIL,BF-053,30482255458,ff6a8ab2180527e3dc62e2cf4890338eef18aa96,indicator-library,chromium,430x932,oled,dark,reduced,anonymous static visual preview,local storage reset before context; route-specific browser-local only,valid indicator calculation after route render,fixed-nav-overlap:15,,,,,test harness defect,"The harness counted any visible interactive rectangle intersecting the fixed bottom-navigation rectangle, including navigation descendants and content temporarily behind it after Playwright auto-scroll. It did not test whether final focusable content can scroll fully above the navigation.",scripts/prompt2b-final-review.mjs,MEDIUM,PENDING,PENDING,NO,,15,0,0,0,True,loaded,508.87
P2B-R30482255458-054,FAIL,BF-054,30482255458,ff6a8ab2180527e3dc62e2cf4890338eef18aa96,formula-library,chromium,430x932,oled,dark,reduced,anonymous static visual preview,local storage reset before context; route-specific browser-local only,initial formula catalogue state,fixed-nav-overlap:19,,,,,test harness defect,"The harness counted any visible interactive rectangle intersecting the fixed bottom-navigation rectangle, including navigation descendants and content temporarily behind it after Playwright auto-scroll. It did not test whether final focusable content can scroll fully above the navigation.",scripts/prompt2b-final-review.mjs,MEDIUM,PENDING,PENDING,NO,,19,0,0,0,True,loaded,405.57
P2B-R30482255458-055,FAIL,BF-055,30482255458,ff6a8ab2180527e3dc62e2cf4890338eef18aa96,saved-calculations,chromium,430x932,oled,dark,reduced,anonymous static visual preview,local storage reset before context; route-specific browser-local only,initial/empty local-persistence state,fixed-nav-overlap:19,,,,,test harness defect,"The harness counted any visible interactive rectangle intersecting the fixed bottom-navigation rectangle, including navigation descendants and content temporarily behind it after Playwright auto-scroll. It did not test whether final focusable content can scroll fully above the navigation.",scripts/prompt2b-final-review.mjs,MEDIUM,PENDING,PENDING,NO,,19,0,0,0,True,loaded,293.35
P2B-R30482255458-056,FAIL,BF-056,30482255458,ff6a8ab2180527e3dc62e2cf4890338eef18aa96,calculator-center,chromium,430x932,high-contrast,dark,reduced,anonymous static visual preview,local storage reset before context; route-specific browser-local only,valid calculation after route render,fixed-nav-overlap:16,,,,,test harness defect,"The harness counted any visible interactive rectangle intersecting the fixed bottom-navigation rectangle, including navigation descendants and content temporarily behind it after Playwright auto-scroll. It did not test whether final focusable content can scroll fully above the navigation.",scripts/prompt2b-final-review.mjs,MEDIUM,PENDING,PENDING,NO,,16,0,0,0,True,loaded,497.04
P2B-R30482255458-057,FAIL,BF-057,30482255458,ff6a8ab2180527e3dc62e2cf4890338eef18aa96,india-finance,chromium,430x932,high-contrast,dark,reduced,anonymous static visual preview,local storage reset before context; route-specific browser-local only,initial India finance truth/unavailable-rule state,fixed-nav-overlap:18,,,,,test harness defect,"The harness counted any visible interactive rectangle intersecting the fixed bottom-navigation rectangle, including navigation descendants and content temporarily behind it after Playwright auto-scroll. It did not test whether final focusable content can scroll fully above the navigation.",scripts/prompt2b-final-review.mjs,MEDIUM,PENDING,PENDING,NO,,18,0,0,0,True,loaded,321.64
P2B-R30482255458-058,FAIL,BF-058,30482255458,ff6a8ab2180527e3dc62e2cf4890338eef18aa96,indicator-library,chromium,430x932,high-contrast,dark,reduced,anonymous static visual preview,local storage reset before context; route-specific browser-local only,valid indicator calculation after route render,fixed-nav-overlap:15,,,,,test harness defect,"The harness counted any visible interactive rectangle intersecting the fixed bottom-navigation rectangle, including navigation descendants and content temporarily behind it after Playwright auto-scroll. It did not test whether final focusable content can scroll fully above the navigation.",scripts/prompt2b-final-review.mjs,MEDIUM,PENDING,PENDING,NO,,15,0,0,0,True,loaded,490.96
P2B-R30482255458-059,FAIL,BF-059,30482255458,ff6a8ab2180527e3dc62e2cf4890338eef18aa96,formula-library,chromium,430x932,high-contrast,dark,reduced,anonymous static visual preview,local storage reset before context; route-specific browser-local only,initial formula catalogue state,fixed-nav-overlap:19,,,,,test harness defect,"The harness counted any visible interactive rectangle intersecting the fixed bottom-navigation rectangle, including navigation descendants and content temporarily behind it after Playwright auto-scroll. It did not test whether final focusable content can scroll fully above the navigation.",scripts/prompt2b-final-review.mjs,MEDIUM,PENDING,PENDING,NO,,19,0,0,0,True,loaded,394.48
P2B-R30482255458-060,FAIL,BF-060,30482255458,ff6a8ab2180527e3dc62e2cf4890338eef18aa96,saved-calculations,chromium,430x932,high-contrast,dark,reduced,anonymous static visual preview,local storage reset before context; route-specific browser-local only,initial/empty local-persistence state,fixed-nav-overlap:19,,,,,test harness defect,"The harness counted any visible interactive rectangle intersecting the fixed bottom-navigation rectangle, including navigation descendants and content temporarily behind it after Playwright auto-scroll. It did not test whether final focusable content can scroll fully above the navigation.",scripts/prompt2b-final-review.mjs,MEDIUM,PENDING,PENDING,NO,,19,0,0,0,True,loaded,256.65
P2B-R30482255458-061,FAIL,BF-061,30482255458,ff6a8ab2180527e3dc62e2cf4890338eef18aa96,calculator-center,chromium,768x1024,dark,dark,reduced,anonymous static visual preview,local storage reset before context; route-specific browser-local only,valid calculation after route render,fixed-nav-overlap:16,,,,,test harness defect,"The harness counted any visible interactive rectangle intersecting the fixed bottom-navigation rectangle, including navigation descendants and content temporarily behind it after Playwright auto-scroll. It did not test whether final focusable content can scroll fully above the navigation.",scripts/prompt2b-final-review.mjs,MEDIUM,PENDING,PENDING,NO,,16,0,0,0,True,loaded,531.24
P2B-R30482255458-062,FAIL,BF-062,30482255458,ff6a8ab2180527e3dc62e2cf4890338eef18aa96,india-finance,chromium,768x1024,dark,dark,reduced,anonymous static visual preview,local storage reset before context; route-specific browser-local only,initial India finance truth/unavailable-rule state,fixed-nav-overlap:20,,,,,test harness defect,"The harness counted any visible interactive rectangle intersecting the fixed bottom-navigation rectangle, including navigation descendants and content temporarily behind it after Playwright auto-scroll. It did not test whether final focusable content can scroll fully above the navigation.",scripts/prompt2b-final-review.mjs,MEDIUM,PENDING,PENDING,NO,,20,0,0,0,True,loaded,306.71
P2B-R30482255458-063,FAIL,BF-063,30482255458,ff6a8ab2180527e3dc62e2cf4890338eef18aa96,indicator-library,chromium,768x1024,dark,dark,reduced,anonymous static visual preview,local storage reset before context; route-specific browser-local only,valid indicator calculation after route render,fixed-nav-overlap:15,,,,,test harness defect,"The harness counted any visible interactive rectangle intersecting the fixed bottom-navigation rectangle, including navigation descendants and content temporarily behind it after Playwright auto-scroll. It did not test whether final focusable content can scroll fully above the navigation.",scripts/prompt2b-final-review.mjs,MEDIUM,PENDING,PENDING,NO,,15,0,0,0,True,loaded,500.8
P2B-R30482255458-064,FAIL,BF-064,30482255458,ff6a8ab2180527e3dc62e2cf4890338eef18aa96,formula-library,chromium,768x1024,dark,dark,reduced,anonymous static visual preview,local storage reset before context; route-specific browser-local only,initial formula catalogue state,fixed-nav-overlap:19,,,,,test harness defect,"The harness counted any visible interactive rectangle intersecting the fixed bottom-navigation rectangle, including navigation descendants and content temporarily behind it after Playwright auto-scroll. It did not test whether final focusable content can scroll fully above the navigation.",scripts/prompt2b-final-review.mjs,MEDIUM,PENDING,PENDING,NO,,19,0,0,0,True,loaded,386.55
P2B-R30482255458-065,FAIL,BF-065,30482255458,ff6a8ab2180527e3dc62e2cf4890338eef18aa96,saved-calculations,chromium,768x1024,dark,dark,reduced,anonymous static visual preview,local storage reset before context; route-specific browser-local only,initial/empty local-persistence state,fixed-nav-overlap:19,,,,,test harness defect,"The harness counted any visible interactive rectangle intersecting the fixed bottom-navigation rectangle, including navigation descendants and content temporarily behind it after Playwright auto-scroll. It did not test whether final focusable content can scroll fully above the navigation.",scripts/prompt2b-final-review.mjs,MEDIUM,PENDING,PENDING,NO,,19,0,0,0,True,loaded,289.68
P2B-R30482255458-066,FAIL,BF-066,30482255458,ff6a8ab2180527e3dc62e2cf4890338eef18aa96,calculator-center,chromium,768x1024,light,dark,reduced,anonymous static visual preview,local storage reset before context; route-specific browser-local only,valid calculation after route render,fixed-nav-overlap:16,,,,,test harness defect,"The harness counted any visible interactive rectangle intersecting the fixed bottom-navigation rectangle, including navigation descendants and content temporarily behind it after Playwright auto-scroll. It did not test whether final focusable content can scroll fully above the navigation.",scripts/prompt2b-final-review.mjs,MEDIUM,PENDING,PENDING,NO,,16,0,0,0,True,loaded,528.34
P2B-R30482255458-067,FAIL,BF-067,30482255458,ff6a8ab2180527e3dc62e2cf4890338eef18aa96,india-finance,chromium,768x1024,light,dark,reduced,anonymous static visual preview,local storage reset before context; route-specific browser-local only,initial India finance truth/unavailable-rule state,fixed-nav-overlap:20,,,,,test harness defect,"The harness counted any visible interactive rectangle intersecting the fixed bottom-navigation rectangle, including navigation descendants and content temporarily behind it after Playwright auto-scroll. It did not test whether final focusable content can scroll fully above the navigation.",scripts/prompt2b-final-review.mjs,MEDIUM,PENDING,PENDING,NO,,20,0,0,0,True,loaded,307.91
P2B-R30482255458-068,FAIL,BF-068,30482255458,ff6a8ab2180527e3dc62e2cf4890338eef18aa96,indicator-library,chromium,768x1024,light,dark,reduced,anonymous static visual preview,local storage reset before context; route-specific browser-local only,valid indicator calculation after route render,fixed-nav-overlap:15,,,,,test harness defect,"The harness counted any visible interactive rectangle intersecting the fixed bottom-navigation rectangle, including navigation descendants and content temporarily behind it after Playwright auto-scroll. It did not test whether final focusable content can scroll fully above the navigation.",scripts/prompt2b-final-review.mjs,MEDIUM,PENDING,PENDING,NO,,15,0,0,0,True,loaded,486.18
P2B-R30482255458-069,FAIL,BF-069,30482255458,ff6a8ab2180527e3dc62e2cf4890338eef18aa96,formula-library,chromium,768x1024,light,dark,reduced,anonymous static visual preview,local storage reset before context; route-specific browser-local only,initial formula catalogue state,fixed-nav-overlap:19,,,,,test harness defect,"The harness counted any visible interactive rectangle intersecting the fixed bottom-navigation rectangle, including navigation descendants and content temporarily behind it after Playwright auto-scroll. It did not test whether final focusable content can scroll fully above the navigation.",scripts/prompt2b-final-review.mjs,MEDIUM,PENDING,PENDING,NO,,19,0,0,0,True,loaded,306.8
P2B-R30482255458-070,FAIL,BF-070,30482255458,ff6a8ab2180527e3dc62e2cf4890338eef18aa96,saved-calculations,chromium,768x1024,light,dark,reduced,anonymous static visual preview,local storage reset before context; route-specific browser-local only,initial/empty local-persistence state,fixed-nav-overlap:19,,,,,test harness defect,"The harness counted any visible interactive rectangle intersecting the fixed bottom-navigation rectangle, including navigation descendants and content temporarily behind it after Playwright auto-scroll. It did not test whether final focusable content can scroll fully above the navigation.",scripts/prompt2b-final-review.mjs,MEDIUM,PENDING,PENDING,NO,,19,0,0,0,True,loaded,311.83
P2B-R30482255458-071,FAIL,BF-071,30482255458,ff6a8ab2180527e3dc62e2cf4890338eef18aa96,calculator-center,chromium,768x1024,oled,dark,reduced,anonymous static visual preview,local storage reset before context; route-specific browser-local only,valid calculation after route render,fixed-nav-overlap:16,,,,,test harness defect,"The harness counted any visible interactive rectangle intersecting the fixed bottom-navigation rectangle, including navigation descendants and content temporarily behind it after Playwright auto-scroll. It did not test whether final focusable content can scroll fully above the navigation.",scripts/prompt2b-final-review.mjs,MEDIUM,PENDING,PENDING,NO,,16,0,0,0,True,loaded,509.13
P2B-R30482255458-072,FAIL,BF-072,30482255458,ff6a8ab2180527e3dc62e2cf4890338eef18aa96,india-finance,chromium,768x1024,oled,dark,reduced,anonymous static visual preview,local storage reset before context; route-specific browser-local only,initial India finance truth/unavailable-rule state,fixed-nav-overlap:20,,,,,test harness defect,"The harness counted any visible interactive rectangle intersecting the fixed bottom-navigation rectangle, including navigation descendants and content temporarily behind it after Playwright auto-scroll. It did not test whether final focusable content can scroll fully above the navigation.",scripts/prompt2b-final-review.mjs,MEDIUM,PENDING,PENDING,NO,,20,0,0,0,True,loaded,303.48
P2B-R30482255458-073,FAIL,BF-073,30482255458,ff6a8ab2180527e3dc62e2cf4890338eef18aa96,indicator-library,chromium,768x1024,oled,dark,reduced,anonymous static visual preview,local storage reset before context; route-specific browser-local only,valid indicator calculation after route render,fixed-nav-overlap:15,,,,,test harness defect,"The harness counted any visible interactive rectangle intersecting the fixed bottom-navigation rectangle, including navigation descendants and content temporarily behind it after Playwright auto-scroll. It did not test whether final focusable content can scroll fully above the navigation.",scripts/prompt2b-final-review.mjs,MEDIUM,PENDING,PENDING,NO,,15,0,0,0,True,loaded,507.71
P2B-R30482255458-074,FAIL,BF-074,30482255458,ff6a8ab2180527e3dc62e2cf4890338eef18aa96,formula-library,chromium,768x1024,oled,dark,reduced,anonymous static visual preview,local storage reset before context; route-specific browser-local only,initial formula catalogue state,fixed-nav-overlap:19,,,,,test harness defect,"The harness counted any visible interactive rectangle intersecting the fixed bottom-navigation rectangle, including navigation descendants and content temporarily behind it after Playwright auto-scroll. It did not test whether final focusable content can scroll fully above the navigation.",scripts/prompt2b-final-review.mjs,MEDIUM,PENDING,PENDING,NO,,19,0,0,0,True,loaded,397.14
P2B-R30482255458-075,FAIL,BF-075,30482255458,ff6a8ab2180527e3dc62e2cf4890338eef18aa96,saved-calculations,chromium,768x1024,oled,dark,reduced,anonymous static visual preview,local storage reset before context; route-specific browser-local only,initial/empty local-persistence state,fixed-nav-overlap:19,,,,,test harness defect,"The harness counted any visible interactive rectangle intersecting the fixed bottom-navigation rectangle, including navigation descendants and content temporarily behind it after Playwright auto-scroll. It did not test whether final focusable content can scroll fully above the navigation.",scripts/prompt2b-final-review.mjs,MEDIUM,PENDING,PENDING,NO,,19,0,0,0,True,loaded,291.02
P2B-R30482255458-076,FAIL,BF-076,30482255458,ff6a8ab2180527e3dc62e2cf4890338eef18aa96,calculator-center,chromium,768x1024,high-contrast,dark,reduced,anonymous static visual preview,local storage reset before context; route-specific browser-local only,valid calculation after route render,fixed-nav-overlap:16,,,,,test harness defect,"The harness counted any visible interactive rectangle intersecting the fixed bottom-navigation rectangle, including navigation descendants and content temporarily behind it after Playwright auto-scroll. It did not test whether final focusable content can scroll fully above the navigation.",scripts/prompt2b-final-review.mjs,MEDIUM,PENDING,PENDING,NO,,16,0,0,0,True,loaded,489.9
P2B-R30482255458-077,FAIL,BF-077,30482255458,ff6a8ab2180527e3dc62e2cf4890338eef18aa96,india-finance,chromium,768x1024,high-contrast,dark,reduced,anonymous static visual preview,local storage reset before context; route-specific browser-local only,initial India finance truth/unavailable-rule state,fixed-nav-overlap:20,,,,,test harness defect,"The harness counted any visible interactive rectangle intersecting the fixed bottom-navigation rectangle, including navigation descendants and content temporarily behind it after Playwright auto-scroll. It did not test whether final focusable content can scroll fully above the navigation.",scripts/prompt2b-final-review.mjs,MEDIUM,PENDING,PENDING,NO,,20,0,0,0,True,loaded,314.82
P2B-R30482255458-078,FAIL,BF-078,30482255458,ff6a8ab2180527e3dc62e2cf4890338eef18aa96,indicator-library,chromium,768x1024,high-contrast,dark,reduced,anonymous static visual preview,local storage reset before context; route-specific browser-local only,valid indicator calculation after route render,fixed-nav-overlap:15,,,,,test harness defect,"The harness counted any visible interactive rectangle intersecting the fixed bottom-navigation rectangle, including navigation descendants and content temporarily behind it after Playwright auto-scroll. It did not test whether final focusable content can scroll fully above the navigation.",scripts/prompt2b-final-review.mjs,MEDIUM,PENDING,PENDING,NO,,15,0,0,0,True,loaded,501.68
P2B-R30482255458-079,FAIL,BF-079,30482255458,ff6a8ab2180527e3dc62e2cf4890338eef18aa96,formula-library,chromium,768x1024,high-contrast,dark,reduced,anonymous static visual preview,local storage reset before context; route-specific browser-local only,initial formula catalogue state,fixed-nav-overlap:19,,,,,test harness defect,"The harness counted any visible interactive rectangle intersecting the fixed bottom-navigation rectangle, including navigation descendants and content temporarily behind it after Playwright auto-scroll. It did not test whether final focusable content can scroll fully above the navigation.",scripts/prompt2b-final-review.mjs,MEDIUM,PENDING,PENDING,NO,,19,0,0,0,True,loaded,396.34
P2B-R30482255458-080,FAIL,BF-080,30482255458,ff6a8ab2180527e3dc62e2cf4890338eef18aa96,saved-calculations,chromium,768x1024,high-contrast,dark,reduced,anonymous static visual preview,local storage reset before context; route-specific browser-local only,initial/empty local-persistence state,fixed-nav-overlap:19,,,,,test harness defect,"The harness counted any visible interactive rectangle intersecting the fixed bottom-navigation rectangle, including navigation descendants and content temporarily behind it after Playwright auto-scroll. It did not test whether final focusable content can scroll fully above the navigation.",scripts/prompt2b-final-review.mjs,MEDIUM,PENDING,PENDING,NO,,19,0,0,0,True,loaded,291.39
P2B-R30482255458-081,FAIL,BF-081,30482255458,ff6a8ab2180527e3dc62e2cf4890338eef18aa96,calculator-center,chromium,1024x768,dark,dark,reduced,anonymous static visual preview,local storage reset before context; route-specific browser-local only,valid calculation after route render,fixed-nav-overlap:26,,,,,test harness defect,"The harness counted any visible interactive rectangle intersecting the fixed bottom-navigation rectangle, including navigation descendants and content temporarily behind it after Playwright auto-scroll. It did not test whether final focusable content can scroll fully above the navigation.",scripts/prompt2b-final-review.mjs,MEDIUM,PENDING,PENDING,NO,,26,0,0,0,True,loaded,510.37
P2B-R30482255458-082,FAIL,BF-082,30482255458,ff6a8ab2180527e3dc62e2cf4890338eef18aa96,india-finance,chromium,1024x768,dark,dark,reduced,anonymous static visual preview,local storage reset before context; route-specific browser-local only,initial India finance truth/unavailable-rule state,fixed-nav-overlap:25,,,,,test harness defect,"The harness counted any visible interactive rectangle intersecting the fixed bottom-navigation rectangle, including navigation descendants and content temporarily behind it after Playwright auto-scroll. It did not test whether final focusable content can scroll fully above the navigation.",scripts/prompt2b-final-review.mjs,MEDIUM,PENDING,PENDING,NO,,25,0,0,0,True,loaded,293.04
P2B-R30482255458-083,FAIL,BF-083,30482255458,ff6a8ab2180527e3dc62e2cf4890338eef18aa96,indicator-library,chromium,1024x768,dark,dark,reduced,anonymous static visual preview,local storage reset before context; route-specific browser-local only,valid indicator calculation after route render,fixed-nav-overlap:21,,,,,test harness defect,"The harness counted any visible interactive rectangle intersecting the fixed bottom-navigation rectangle, including navigation descendants and content temporarily behind it after Playwright auto-scroll. It did not test whether final focusable content can scroll fully above the navigation.",scripts/prompt2b-final-review.mjs,MEDIUM,PENDING,PENDING,NO,,21,0,0,0,True,loaded,480.29
P2B-R30482255458-084,FAIL,BF-084,30482255458,ff6a8ab2180527e3dc62e2cf4890338eef18aa96,formula-library,chromium,1024x768,dark,dark,reduced,anonymous static visual preview,local storage reset before context; route-specific browser-local only,initial formula catalogue state,fixed-nav-overlap:26,,,,,test harness defect,"The harness counted any visible interactive rectangle intersecting the fixed bottom-navigation rectangle, including navigation descendants and content temporarily behind it after Playwright auto-scroll. It did not test whether final focusable content can scroll fully above the navigation.",scripts/prompt2b-final-review.mjs,MEDIUM,PENDING,PENDING,NO,,26,0,0,0,True,loaded,324.19
P2B-R30482255458-085,FAIL,BF-085,30482255458,ff6a8ab2180527e3dc62e2cf4890338eef18aa96,saved-calculations,chromium,1024x768,dark,dark,reduced,anonymous static visual preview,local storage reset before context; route-specific browser-local only,initial/empty local-persistence state,fixed-nav-overlap:25,,,,,test harness defect,"The harness counted any visible interactive rectangle intersecting the fixed bottom-navigation rectangle, including navigation descendants and content temporarily behind it after Playwright auto-scroll. It did not test whether final focusable content can scroll fully above the navigation.",scripts/prompt2b-final-review.mjs,MEDIUM,PENDING,PENDING,NO,,25,0,0,0,True,loaded,288.81
P2B-R30482255458-086,FAIL,BF-086,30482255458,ff6a8ab2180527e3dc62e2cf4890338eef18aa96,calculator-center,chromium,1024x768,light,dark,reduced,anonymous static visual preview,local storage reset before context; route-specific browser-local only,valid calculation after route render,fixed-nav-overlap:22,,,,,test harness defect,"The harness counted any visible interactive rectangle intersecting the fixed bottom-navigation rectangle, including navigation descendants and content temporarily behind it after Playwright auto-scroll. It did not test whether final focusable content can scroll fully above the navigation.",scripts/prompt2b-final-review.mjs,MEDIUM,PENDING,PENDING,NO,,22,0,0,0,True,loaded,538.8
P2B-R30482255458-087,FAIL,BF-087,30482255458,ff6a8ab2180527e3dc62e2cf4890338eef18aa96,india-finance,chromium,1024x768,light,dark,reduced,anonymous static visual preview,local storage reset before context; route-specific browser-local only,initial India finance truth/unavailable-rule state,fixed-nav-overlap:25,,,,,test harness defect,"The harness counted any visible interactive rectangle intersecting the fixed bottom-navigation rectangle, including navigation descendants and content temporarily behind it after Playwright auto-scroll. It did not test whether final focusable content can scroll fully above the navigation.",scripts/prompt2b-final-review.mjs,MEDIUM,PENDING,PENDING,NO,,25,0,0,0,True,loaded,328.54
P2B-R30482255458-088,FAIL,BF-088,30482255458,ff6a8ab2180527e3dc62e2cf4890338eef18aa96,indicator-library,chromium,1024x768,light,dark,reduced,anonymous static visual preview,local storage reset before context; route-specific browser-local only,valid indicator calculation after route render,fixed-nav-overlap:21,,,,,test harness defect,"The harness counted any visible interactive rectangle intersecting the fixed bottom-navigation rectangle, including navigation descendants and content temporarily behind it after Playwright auto-scroll. It did not test whether final focusable content can scroll fully above the navigation.",scripts/prompt2b-final-review.mjs,MEDIUM,PENDING,PENDING,NO,,21,0,0,0,True,loaded,522.58
P2B-R30482255458-089,FAIL,BF-089,30482255458,ff6a8ab2180527e3dc62e2cf4890338eef18aa96,formula-library,chromium,1024x768,light,dark,reduced,anonymous static visual preview,local storage reset before context; route-specific browser-local only,initial formula catalogue state,fixed-nav-overlap:26,,,,,test harness defect,"The harness counted any visible interactive rectangle intersecting the fixed bottom-navigation rectangle, including navigation descendants and content temporarily behind it after Playwright auto-scroll. It did not test whether final focusable content can scroll fully above the navigation.",scripts/prompt2b-final-review.mjs,MEDIUM,PENDING,PENDING,NO,,26,0,0,0,True,loaded,334.31
P2B-R30482255458-090,FAIL,BF-090,30482255458,ff6a8ab2180527e3dc62e2cf4890338eef18aa96,saved-calculations,chromium,1024x768,light,dark,reduced,anonymous static visual preview,local storage reset before context; route-specific browser-local only,initial/empty local-persistence state,fixed-nav-overlap:25,,,,,test harness defect,"The harness counted any visible interactive rectangle intersecting the fixed bottom-navigation rectangle, including navigation descendants and content temporarily behind it after Playwright auto-scroll. It did not test whether final focusable content can scroll fully above the navigation.",scripts/prompt2b-final-review.mjs,MEDIUM,PENDING,PENDING,NO,,25,0,0,0,True,loaded,294.38
P2B-R30482255458-091,FAIL,BF-091,30482255458,ff6a8ab2180527e3dc62e2cf4890338eef18aa96,calculator-center,chromium,1024x768,oled,dark,reduced,anonymous static visual preview,local storage reset before context; route-specific browser-local only,valid calculation after route render,fixed-nav-overlap:22,,,,,test harness defect,"The harness counted any visible interactive rectangle intersecting the fixed bottom-navigation rectangle, including navigation descendants and content temporarily behind it after Playwright auto-scroll. It did not test whether final focusable content can scroll fully above the navigation.",scripts/prompt2b-final-review.mjs,MEDIUM,PENDING,PENDING,NO,,22,0,0,0,True,loaded,515.87
P2B-R30482255458-092,FAIL,BF-092,30482255458,ff6a8ab2180527e3dc62e2cf4890338eef18aa96,india-finance,chromium,1024x768,oled,dark,reduced,anonymous static visual preview,local storage reset before context; route-specific browser-local only,initial India finance truth/unavailable-rule state,fixed-nav-overlap:25,,,,,test harness defect,"The harness counted any visible interactive rectangle intersecting the fixed bottom-navigation rectangle, including navigation descendants and content temporarily behind it after Playwright auto-scroll. It did not test whether final focusable content can scroll fully above the navigation.",scripts/prompt2b-final-review.mjs,MEDIUM,PENDING,PENDING,NO,,25,0,0,0,True,loaded,332.45
P2B-R30482255458-093,FAIL,BF-093,30482255458,ff6a8ab2180527e3dc62e2cf4890338eef18aa96,indicator-library,chromium,1024x768,oled,dark,reduced,anonymous static visual preview,local storage reset before context; route-specific browser-local only,valid indicator calculation after route render,fixed-nav-overlap:23,,,,,test harness defect,"The harness counted any visible interactive rectangle intersecting the fixed bottom-navigation rectangle, including navigation descendants and content temporarily behind it after Playwright auto-scroll. It did not test whether final focusable content can scroll fully above the navigation.",scripts/prompt2b-final-review.mjs,MEDIUM,PENDING,PENDING,NO,,23,0,0,0,True,loaded,525.4
P2B-R30482255458-094,FAIL,BF-094,30482255458,ff6a8ab2180527e3dc62e2cf4890338eef18aa96,formula-library,chromium,1024x768,oled,dark,reduced,anonymous static visual preview,local storage reset before context; route-specific browser-local only,initial formula catalogue state,fixed-nav-overlap:26,,,,,test harness defect,"The harness counted any visible interactive rectangle intersecting the fixed bottom-navigation rectangle, including navigation descendants and content temporarily behind it after Playwright auto-scroll. It did not test whether final focusable content can scroll fully above the navigation.",scripts/prompt2b-final-review.mjs,MEDIUM,PENDING,PENDING,NO,,26,0,0,0,True,loaded,427.19
P2B-R30482255458-095,FAIL,BF-095,30482255458,ff6a8ab2180527e3dc62e2cf4890338eef18aa96,saved-calculations,chromium,1024x768,oled,dark,reduced,anonymous static visual preview,local storage reset before context; route-specific browser-local only,initial/empty local-persistence state,fixed-nav-overlap:25,,,,,test harness defect,"The harness counted any visible interactive rectangle intersecting the fixed bottom-navigation rectangle, including navigation descendants and content temporarily behind it after Playwright auto-scroll. It did not test whether final focusable content can scroll fully above the navigation.",scripts/prompt2b-final-review.mjs,MEDIUM,PENDING,PENDING,NO,,25,0,0,0,True,loaded,302.73
P2B-R30482255458-096,FAIL,BF-096,30482255458,ff6a8ab2180527e3dc62e2cf4890338eef18aa96,calculator-center,chromium,1024x768,high-contrast,dark,reduced,anonymous static visual preview,local storage reset before context; route-specific browser-local only,valid calculation after route render,fixed-nav-overlap:26,,,,,test harness defect,"The harness counted any visible interactive rectangle intersecting the fixed bottom-navigation rectangle, including navigation descendants and content temporarily behind it after Playwright auto-scroll. It did not test whether final focusable content can scroll fully above the navigation.",scripts/prompt2b-final-review.mjs,MEDIUM,PENDING,PENDING,NO,,26,0,0,0,True,loaded,517.38
P2B-R30482255458-097,FAIL,BF-097,30482255458,ff6a8ab2180527e3dc62e2cf4890338eef18aa96,india-finance,chromium,1024x768,high-contrast,dark,reduced,anonymous static visual preview,local storage reset before context; route-specific browser-local only,initial India finance truth/unavailable-rule state,fixed-nav-overlap:25,,,,,test harness defect,"The harness counted any visible interactive rectangle intersecting the fixed bottom-navigation rectangle, including navigation descendants and content temporarily behind it after Playwright auto-scroll. It did not test whether final focusable content can scroll fully above the navigation.",scripts/prompt2b-final-review.mjs,MEDIUM,PENDING,PENDING,NO,,25,0,0,0,True,loaded,306.76
P2B-R30482255458-098,FAIL,BF-098,30482255458,ff6a8ab2180527e3dc62e2cf4890338eef18aa96,indicator-library,chromium,1024x768,high-contrast,dark,reduced,anonymous static visual preview,local storage reset before context; route-specific browser-local only,valid indicator calculation after route render,fixed-nav-overlap:21,,,,,test harness defect,"The harness counted any visible interactive rectangle intersecting the fixed bottom-navigation rectangle, including navigation descendants and content temporarily behind it after Playwright auto-scroll. It did not test whether final focusable content can scroll fully above the navigation.",scripts/prompt2b-final-review.mjs,MEDIUM,PENDING,PENDING,NO,,21,0,0,0,True,loaded,508.25
P2B-R30482255458-099,FAIL,BF-099,30482255458,ff6a8ab2180527e3dc62e2cf4890338eef18aa96,formula-library,chromium,1024x768,high-contrast,dark,reduced,anonymous static visual preview,local storage reset before context; route-specific browser-local only,initial formula catalogue state,fixed-nav-overlap:26,,,,,test harness defect,"The harness counted any visible interactive rectangle intersecting the fixed bottom-navigation rectangle, including navigation descendants and content temporarily behind it after Playwright auto-scroll. It did not test whether final focusable content can scroll fully above the navigation.",scripts/prompt2b-final-review.mjs,MEDIUM,PENDING,PENDING,NO,,26,0,0,0,True,loaded,425.35
P2B-R30482255458-100,FAIL,BF-100,30482255458,ff6a8ab2180527e3dc62e2cf4890338eef18aa96,saved-calculations,chromium,1024x768,high-contrast,dark,reduced,anonymous static visual preview,local storage reset before context; route-specific browser-local only,initial/empty local-persistence state,fixed-nav-overlap:25,,,,,test harness defect,"The harness counted any visible interactive rectangle intersecting the fixed bottom-navigation rectangle, including navigation descendants and content temporarily behind it after Playwright auto-scroll. It did not test whether final focusable content can scroll fully above the navigation.",scripts/prompt2b-final-review.mjs,MEDIUM,PENDING,PENDING,NO,,25,0,0,0,True,loaded,300.77
P2B-R30482255458-101,FAIL,BF-101,30482255458,ff6a8ab2180527e3dc62e2cf4890338eef18aa96,calculator-center,chromium,1440x1000,dark,dark,reduced,anonymous static visual preview,local storage reset before context; route-specific browser-local only,valid calculation after route render,fixed-nav-overlap:43,,,,,test harness defect,"The harness counted any visible interactive rectangle intersecting the fixed bottom-navigation rectangle, including navigation descendants and content temporarily behind it after Playwright auto-scroll. It did not test whether final focusable content can scroll fully above the navigation.",scripts/prompt2b-final-review.mjs,MEDIUM,PENDING,PENDING,NO,,43,0,0,0,True,loaded,471.83
P2B-R30482255458-102,FAIL,BF-102,30482255458,ff6a8ab2180527e3dc62e2cf4890338eef18aa96,india-finance,chromium,1440x1000,dark,dark,reduced,anonymous static visual preview,local storage reset before context; route-specific browser-local only,initial India finance truth/unavailable-rule state,fixed-nav-overlap:27,,,,,test harness defect,"The harness counted any visible interactive rectangle intersecting the fixed bottom-navigation rectangle, including navigation descendants and content temporarily behind it after Playwright auto-scroll. It did not test whether final focusable content can scroll fully above the navigation.",scripts/prompt2b-final-review.mjs,MEDIUM,PENDING,PENDING,NO,,27,0,0,0,True,loaded,352.03
P2B-R30482255458-103,FAIL,BF-103,30482255458,ff6a8ab2180527e3dc62e2cf4890338eef18aa96,indicator-library,chromium,1440x1000,dark,dark,reduced,anonymous static visual preview,local storage reset before context; route-specific browser-local only,valid indicator calculation after route render,fixed-nav-overlap:32,,,,,test harness defect,"The harness counted any visible interactive rectangle intersecting the fixed bottom-navigation rectangle, including navigation descendants and content temporarily behind it after Playwright auto-scroll. It did not test whether final focusable content can scroll fully above the navigation.",scripts/prompt2b-final-review.mjs,MEDIUM,PENDING,PENDING,NO,,32,0,0,0,True,loaded,483.19
P2B-R30482255458-104,FAIL,BF-104,30482255458,ff6a8ab2180527e3dc62e2cf4890338eef18aa96,formula-library,chromium,1440x1000,dark,dark,reduced,anonymous static visual preview,local storage reset before context; route-specific browser-local only,initial formula catalogue state,fixed-nav-overlap:26,,,,,test harness defect,"The harness counted any visible interactive rectangle intersecting the fixed bottom-navigation rectangle, including navigation descendants and content temporarily behind it after Playwright auto-scroll. It did not test whether final focusable content can scroll fully above the navigation.",scripts/prompt2b-final-review.mjs,MEDIUM,PENDING,PENDING,NO,,26,0,0,0,True,loaded,381.68
P2B-R30482255458-105,FAIL,BF-105,30482255458,ff6a8ab2180527e3dc62e2cf4890338eef18aa96,saved-calculations,chromium,1440x1000,dark,dark,reduced,anonymous static visual preview,local storage reset before context; route-specific browser-local only,initial/empty local-persistence state,fixed-nav-overlap:26,,,,,test harness defect,"The harness counted any visible interactive rectangle intersecting the fixed bottom-navigation rectangle, including navigation descendants and content temporarily behind it after Playwright auto-scroll. It did not test whether final focusable content can scroll fully above the navigation.",scripts/prompt2b-final-review.mjs,MEDIUM,PENDING,PENDING,NO,,26,0,0,0,True,loaded,324.88
P2B-R30482255458-106,FAIL,BF-106,30482255458,ff6a8ab2180527e3dc62e2cf4890338eef18aa96,calculator-center,chromium,1440x1000,light,dark,reduced,anonymous static visual preview,local storage reset before context; route-specific browser-local only,valid calculation after route render,fixed-nav-overlap:43,,,,,test harness defect,"The harness counted any visible interactive rectangle intersecting the fixed bottom-navigation rectangle, including navigation descendants and content temporarily behind it after Playwright auto-scroll. It did not test whether final focusable content can scroll fully above the navigation.",scripts/prompt2b-final-review.mjs,MEDIUM,PENDING,PENDING,NO,,43,0,0,0,True,loaded,487.8
P2B-R30482255458-107,FAIL,BF-107,30482255458,ff6a8ab2180527e3dc62e2cf4890338eef18aa96,india-finance,chromium,1440x1000,light,dark,reduced,anonymous static visual preview,local storage reset before context; route-specific browser-local only,initial India finance truth/unavailable-rule state,fixed-nav-overlap:27,,,,,test harness defect,"The harness counted any visible interactive rectangle intersecting the fixed bottom-navigation rectangle, including navigation descendants and content temporarily behind it after Playwright auto-scroll. It did not test whether final focusable content can scroll fully above the navigation.",scripts/prompt2b-final-review.mjs,MEDIUM,PENDING,PENDING,NO,,27,0,0,0,True,loaded,378.37
P2B-R30482255458-108,FAIL,BF-108,30482255458,ff6a8ab2180527e3dc62e2cf4890338eef18aa96,indicator-library,chromium,1440x1000,light,dark,reduced,anonymous static visual preview,local storage reset before context; route-specific browser-local only,valid indicator calculation after route render,fixed-nav-overlap:32,,,,,test harness defect,"The harness counted any visible interactive rectangle intersecting the fixed bottom-navigation rectangle, including navigation descendants and content temporarily behind it after Playwright auto-scroll. It did not test whether final focusable content can scroll fully above the navigation.",scripts/prompt2b-final-review.mjs,MEDIUM,PENDING,PENDING,NO,,32,0,0,0,True,loaded,489.93
P2B-R30482255458-109,FAIL,BF-109,30482255458,ff6a8ab2180527e3dc62e2cf4890338eef18aa96,formula-library,chromium,1440x1000,light,dark,reduced,anonymous static visual preview,local storage reset before context; route-specific browser-local only,initial formula catalogue state,fixed-nav-overlap:26,,,,,test harness defect,"The harness counted any visible interactive rectangle intersecting the fixed bottom-navigation rectangle, including navigation descendants and content temporarily behind it after Playwright auto-scroll. It did not test whether final focusable content can scroll fully above the navigation.",scripts/prompt2b-final-review.mjs,MEDIUM,PENDING,PENDING,NO,,26,0,0,0,True,loaded,332.95
P2B-R30482255458-110,FAIL,BF-110,30482255458,ff6a8ab2180527e3dc62e2cf4890338eef18aa96,saved-calculations,chromium,1440x1000,light,dark,reduced,anonymous static visual preview,local storage reset before context; route-specific browser-local only,initial/empty local-persistence state,fixed-nav-overlap:26,,,,,test harness defect,"The harness counted any visible interactive rectangle intersecting the fixed bottom-navigation rectangle, including navigation descendants and content temporarily behind it after Playwright auto-scroll. It did not test whether final focusable content can scroll fully above the navigation.",scripts/prompt2b-final-review.mjs,MEDIUM,PENDING,PENDING,NO,,26,0,0,0,True,loaded,343.94
P2B-R30482255458-111,FAIL,BF-111,30482255458,ff6a8ab2180527e3dc62e2cf4890338eef18aa96,calculator-center,chromium,1440x1000,oled,dark,reduced,anonymous static visual preview,local storage reset before context; route-specific browser-local only,valid calculation after route render,fixed-nav-overlap:43,,,,,test harness defect,"The harness counted any visible interactive rectangle intersecting the fixed bottom-navigation rectangle, including navigation descendants and content temporarily behind it after Playwright auto-scroll. It did not test whether final focusable content can scroll fully above the navigation.",scripts/prompt2b-final-review.mjs,MEDIUM,PENDING,PENDING,NO,,43,0,0,0,True,loaded,504.03
P2B-R30482255458-112,FAIL,BF-112,30482255458,ff6a8ab2180527e3dc62e2cf4890338eef18aa96,india-finance,chromium,1440x1000,oled,dark,reduced,anonymous static visual preview,local storage reset before context; route-specific browser-local only,initial India finance truth/unavailable-rule state,fixed-nav-overlap:27,,,,,test harness defect,"The harness counted any visible interactive rectangle intersecting the fixed bottom-navigation rectangle, including navigation descendants and content temporarily behind it after Playwright auto-scroll. It did not test whether final focusable content can scroll fully above the navigation.",scripts/prompt2b-final-review.mjs,MEDIUM,PENDING,PENDING,NO,,27,0,0,0,True,loaded,332.8
P2B-R30482255458-113,FAIL,BF-113,30482255458,ff6a8ab2180527e3dc62e2cf4890338eef18aa96,indicator-library,chromium,1440x1000,oled,dark,reduced,anonymous static visual preview,local storage reset before context; route-specific browser-local only,valid indicator calculation after route render,fixed-nav-overlap:32,,,,,test harness defect,"The harness counted any visible interactive rectangle intersecting the fixed bottom-navigation rectangle, including navigation descendants and content temporarily behind it after Playwright auto-scroll. It did not test whether final focusable content can scroll fully above the navigation.",scripts/prompt2b-final-review.mjs,MEDIUM,PENDING,PENDING,NO,,32,0,0,0,True,loaded,488.42
P2B-R30482255458-114,FAIL,BF-114,30482255458,ff6a8ab2180527e3dc62e2cf4890338eef18aa96,formula-library,chromium,1440x1000,oled,dark,reduced,anonymous static visual preview,local storage reset before context; route-specific browser-local only,initial formula catalogue state,fixed-nav-overlap:26,,,,,test harness defect,"The harness counted any visible interactive rectangle intersecting the fixed bottom-navigation rectangle, including navigation descendants and content temporarily behind it after Playwright auto-scroll. It did not test whether final focusable content can scroll fully above the navigation.",scripts/prompt2b-final-review.mjs,MEDIUM,PENDING,PENDING,NO,,26,0,0,0,True,loaded,389.72
P2B-R30482255458-115,FAIL,BF-115,30482255458,ff6a8ab2180527e3dc62e2cf4890338eef18aa96,saved-calculations,chromium,1440x1000,oled,dark,reduced,anonymous static visual preview,local storage reset before context; route-specific browser-local only,initial/empty local-persistence state,fixed-nav-overlap:26,,,,,test harness defect,"The harness counted any visible interactive rectangle intersecting the fixed bottom-navigation rectangle, including navigation descendants and content temporarily behind it after Playwright auto-scroll. It did not test whether final focusable content can scroll fully above the navigation.",scripts/prompt2b-final-review.mjs,MEDIUM,PENDING,PENDING,NO,,26,0,0,0,True,loaded,324.34
P2B-R30482255458-116,FAIL,BF-116,30482255458,ff6a8ab2180527e3dc62e2cf4890338eef18aa96,calculator-center,chromium,1440x1000,high-contrast,dark,reduced,anonymous static visual preview,local storage reset before context; route-specific browser-local only,valid calculation after route render,fixed-nav-overlap:43,,,,,test harness defect,"The harness counted any visible interactive rectangle intersecting the fixed bottom-navigation rectangle, including navigation descendants and content temporarily behind it after Playwright auto-scroll. It did not test whether final focusable content can scroll fully above the navigation.",scripts/prompt2b-final-review.mjs,MEDIUM,PENDING,PENDING,NO,,43,0,0,0,True,loaded,526.59
P2B-R30482255458-117,FAIL,BF-117,30482255458,ff6a8ab2180527e3dc62e2cf4890338eef18aa96,india-finance,chromium,1440x1000,high-contrast,dark,reduced,anonymous static visual preview,local storage reset before context; route-specific browser-local only,initial India finance truth/unavailable-rule state,fixed-nav-overlap:27,,,,,test harness defect,"The harness counted any visible interactive rectangle intersecting the fixed bottom-navigation rectangle, including navigation descendants and content temporarily behind it after Playwright auto-scroll. It did not test whether final focusable content can scroll fully above the navigation.",scripts/prompt2b-final-review.mjs,MEDIUM,PENDING,PENDING,NO,,27,0,0,0,True,loaded,333.94
P2B-R30482255458-118,FAIL,BF-118,30482255458,ff6a8ab2180527e3dc62e2cf4890338eef18aa96,indicator-library,chromium,1440x1000,high-contrast,dark,reduced,anonymous static visual preview,local storage reset before context; route-specific browser-local only,valid indicator calculation after route render,fixed-nav-overlap:32,,,,,test harness defect,"The harness counted any visible interactive rectangle intersecting the fixed bottom-navigation rectangle, including navigation descendants and content temporarily behind it after Playwright auto-scroll. It did not test whether final focusable content can scroll fully above the navigation.",scripts/prompt2b-final-review.mjs,MEDIUM,PENDING,PENDING,NO,,32,0,0,0,True,loaded,531.15
P2B-R30482255458-119,FAIL,BF-119,30482255458,ff6a8ab2180527e3dc62e2cf4890338eef18aa96,formula-library,chromium,1440x1000,high-contrast,dark,reduced,anonymous static visual preview,local storage reset before context; route-specific browser-local only,initial formula catalogue state,fixed-nav-overlap:26,,,,,test harness defect,"The harness counted any visible interactive rectangle intersecting the fixed bottom-navigation rectangle, including navigation descendants and content temporarily behind it after Playwright auto-scroll. It did not test whether final focusable content can scroll fully above the navigation.",scripts/prompt2b-final-review.mjs,MEDIUM,PENDING,PENDING,NO,,26,0,0,0,True,loaded,450.88
P2B-R30482255458-120,FAIL,BF-120,30482255458,ff6a8ab2180527e3dc62e2cf4890338eef18aa96,saved-calculations,chromium,1440x1000,high-contrast,dark,reduced,anonymous static visual preview,local storage reset before context; route-specific browser-local only,initial/empty local-persistence state,fixed-nav-overlap:26,,,,,test harness defect,"The harness counted any visible interactive rectangle intersecting the fixed bottom-navigation rectangle, including navigation descendants and content temporarily behind it after Playwright auto-scroll. It did not test whether final focusable content can scroll fully above the navigation.",scripts/prompt2b-final-review.mjs,MEDIUM,PENDING,PENDING,NO,,26,0,0,0,True,loaded,354.49
P2B-R30482255458-121,FAIL,BF-121,30482255458,ff6a8ab2180527e3dc62e2cf4890338eef18aa96,calculator-center,chromium,1920x1080,dark,dark,reduced,anonymous static visual preview,local storage reset before context; route-specific browser-local only,valid calculation after route render,fixed-nav-overlap:44,,,,,test harness defect,"The harness counted any visible interactive rectangle intersecting the fixed bottom-navigation rectangle, including navigation descendants and content temporarily behind it after Playwright auto-scroll. It did not test whether final focusable content can scroll fully above the navigation.",scripts/prompt2b-final-review.mjs,MEDIUM,PENDING,PENDING,NO,,44,0,0,0,True,loaded,523.56
P2B-R30482255458-122,FAIL,BF-122,30482255458,ff6a8ab2180527e3dc62e2cf4890338eef18aa96,india-finance,chromium,1920x1080,dark,dark,reduced,anonymous static visual preview,local storage reset before context; route-specific browser-local only,initial India finance truth/unavailable-rule state,fixed-nav-overlap:29,,,,,test harness defect,"The harness counted any visible interactive rectangle intersecting the fixed bottom-navigation rectangle, including navigation descendants and content temporarily behind it after Playwright auto-scroll. It did not test whether final focusable content can scroll fully above the navigation.",scripts/prompt2b-final-review.mjs,MEDIUM,PENDING,PENDING,NO,,29,0,0,0,True,loaded,343.5
P2B-R30482255458-123,FAIL,BF-123,30482255458,ff6a8ab2180527e3dc62e2cf4890338eef18aa96,indicator-library,chromium,1920x1080,dark,dark,reduced,anonymous static visual preview,local storage reset before context; route-specific browser-local only,valid indicator calculation after route render,fixed-nav-overlap:36,,,,,test harness defect,"The harness counted any visible interactive rectangle intersecting the fixed bottom-navigation rectangle, including navigation descendants and content temporarily behind it after Playwright auto-scroll. It did not test whether final focusable content can scroll fully above the navigation.",scripts/prompt2b-final-review.mjs,MEDIUM,PENDING,PENDING,NO,,36,0,0,0,True,loaded,525.08
P2B-R30482255458-124,FAIL,BF-124,30482255458,ff6a8ab2180527e3dc62e2cf4890338eef18aa96,formula-library,chromium,1920x1080,dark,dark,reduced,anonymous static visual preview,local storage reset before context; route-specific browser-local only,initial formula catalogue state,fixed-nav-overlap:26,,,,,test harness defect,"The harness counted any visible interactive rectangle intersecting the fixed bottom-navigation rectangle, including navigation descendants and content temporarily behind it after Playwright auto-scroll. It did not test whether final focusable content can scroll fully above the navigation.",scripts/prompt2b-final-review.mjs,MEDIUM,PENDING,PENDING,NO,,26,0,0,0,True,loaded,398.67
P2B-R30482255458-125,FAIL,BF-125,30482255458,ff6a8ab2180527e3dc62e2cf4890338eef18aa96,saved-calculations,chromium,1920x1080,dark,dark,reduced,anonymous static visual preview,local storage reset before context; route-specific browser-local only,initial/empty local-persistence state,fixed-nav-overlap:26,,,,,test harness defect,"The harness counted any visible interactive rectangle intersecting the fixed bottom-navigation rectangle, including navigation descendants and content temporarily behind it after Playwright auto-scroll. It did not test whether final focusable content can scroll fully above the navigation.",scripts/prompt2b-final-review.mjs,MEDIUM,PENDING,PENDING,NO,,26,0,0,0,True,loaded,382.35
P2B-R30482255458-126,FAIL,BF-126,30482255458,ff6a8ab2180527e3dc62e2cf4890338eef18aa96,calculator-center,chromium,1920x1080,light,dark,reduced,anonymous static visual preview,local storage reset before context; route-specific browser-local only,valid calculation after route render,fixed-nav-overlap:44,,,,,test harness defect,"The harness counted any visible interactive rectangle intersecting the fixed bottom-navigation rectangle, including navigation descendants and content temporarily behind it after Playwright auto-scroll. It did not test whether final focusable content can scroll fully above the navigation.",scripts/prompt2b-final-review.mjs,MEDIUM,PENDING,PENDING,NO,,44,0,0,0,True,loaded,556.84
P2B-R30482255458-127,FAIL,BF-127,30482255458,ff6a8ab2180527e3dc62e2cf4890338eef18aa96,india-finance,chromium,1920x1080,light,dark,reduced,anonymous static visual preview,local storage reset before context; route-specific browser-local only,initial India finance truth/unavailable-rule state,fixed-nav-overlap:29,,,,,test harness defect,"The harness counted any visible interactive rectangle intersecting the fixed bottom-navigation rectangle, including navigation descendants and content temporarily behind it after Playwright auto-scroll. It did not test whether final focusable content can scroll fully above the navigation.",scripts/prompt2b-final-review.mjs,MEDIUM,PENDING,PENDING,NO,,29,0,0,0,True,loaded,351.62
P2B-R30482255458-128,FAIL,BF-128,30482255458,ff6a8ab2180527e3dc62e2cf4890338eef18aa96,indicator-library,chromium,1920x1080,light,dark,reduced,anonymous static visual preview,local storage reset before context; route-specific browser-local only,valid indicator calculation after route render,fixed-nav-overlap:36,,,,,test harness defect,"The harness counted any visible interactive rectangle intersecting the fixed bottom-navigation rectangle, including navigation descendants and content temporarily behind it after Playwright auto-scroll. It did not test whether final focusable content can scroll fully above the navigation.",scripts/prompt2b-final-review.mjs,MEDIUM,PENDING,PENDING,NO,,36,0,0,0,True,loaded,478.69
P2B-R30482255458-129,FAIL,BF-129,30482255458,ff6a8ab2180527e3dc62e2cf4890338eef18aa96,formula-library,chromium,1920x1080,light,dark,reduced,anonymous static visual preview,local storage reset before context; route-specific browser-local only,initial formula catalogue state,fixed-nav-overlap:26,,,,,test harness defect,"The harness counted any visible interactive rectangle intersecting the fixed bottom-navigation rectangle, including navigation descendants and content temporarily behind it after Playwright auto-scroll. It did not test whether final focusable content can scroll fully above the navigation.",scripts/prompt2b-final-review.mjs,MEDIUM,PENDING,PENDING,NO,,26,0,0,0,True,loaded,389.88
P2B-R30482255458-130,FAIL,BF-130,30482255458,ff6a8ab2180527e3dc62e2cf4890338eef18aa96,saved-calculations,chromium,1920x1080,light,dark,reduced,anonymous static visual preview,local storage reset before context; route-specific browser-local only,initial/empty local-persistence state,fixed-nav-overlap:26,,,,,test harness defect,"The harness counted any visible interactive rectangle intersecting the fixed bottom-navigation rectangle, including navigation descendants and content temporarily behind it after Playwright auto-scroll. It did not test whether final focusable content can scroll fully above the navigation.",scripts/prompt2b-final-review.mjs,MEDIUM,PENDING,PENDING,NO,,26,0,0,0,True,loaded,360.28
P2B-R30482255458-131,FAIL,BF-131,30482255458,ff6a8ab2180527e3dc62e2cf4890338eef18aa96,calculator-center,chromium,1920x1080,oled,dark,reduced,anonymous static visual preview,local storage reset before context; route-specific browser-local only,valid calculation after route render,fixed-nav-overlap:44,,,,,test harness defect,"The harness counted any visible interactive rectangle intersecting the fixed bottom-navigation rectangle, including navigation descendants and content temporarily behind it after Playwright auto-scroll. It did not test whether final focusable content can scroll fully above the navigation.",scripts/prompt2b-final-review.mjs,MEDIUM,PENDING,PENDING,NO,,44,0,0,0,True,loaded,497.44
P2B-R30482255458-132,FAIL,BF-132,30482255458,ff6a8ab2180527e3dc62e2cf4890338eef18aa96,india-finance,chromium,1920x1080,oled,dark,reduced,anonymous static visual preview,local storage reset before context; route-specific browser-local only,initial India finance truth/unavailable-rule state,fixed-nav-overlap:29,,,,,test harness defect,"The harness counted any visible interactive rectangle intersecting the fixed bottom-navigation rectangle, including navigation descendants and content temporarily behind it after Playwright auto-scroll. It did not test whether final focusable content can scroll fully above the navigation.",scripts/prompt2b-final-review.mjs,MEDIUM,PENDING,PENDING,NO,,29,0,0,0,True,loaded,353.69
P2B-R30482255458-133,FAIL,BF-133,30482255458,ff6a8ab2180527e3dc62e2cf4890338eef18aa96,indicator-library,chromium,1920x1080,oled,dark,reduced,anonymous static visual preview,local storage reset before context; route-specific browser-local only,valid indicator calculation after route render,fixed-nav-overlap:36,,,,,test harness defect,"The harness counted any visible interactive rectangle intersecting the fixed bottom-navigation rectangle, including navigation descendants and content temporarily behind it after Playwright auto-scroll. It did not test whether final focusable content can scroll fully above the navigation.",scripts/prompt2b-final-review.mjs,MEDIUM,PENDING,PENDING,NO,,36,0,0,0,True,loaded,507.08
P2B-R30482255458-134,FAIL,BF-134,30482255458,ff6a8ab2180527e3dc62e2cf4890338eef18aa96,formula-library,chromium,1920x1080,oled,dark,reduced,anonymous static visual preview,local storage reset before context; route-specific browser-local only,initial formula catalogue state,fixed-nav-overlap:26,,,,,test harness defect,"The harness counted any visible interactive rectangle intersecting the fixed bottom-navigation rectangle, including navigation descendants and content temporarily behind it after Playwright auto-scroll. It did not test whether final focusable content can scroll fully above the navigation.",scripts/prompt2b-final-review.mjs,MEDIUM,PENDING,PENDING,NO,,26,0,0,0,True,loaded,386.01
P2B-R30482255458-135,FAIL,BF-135,30482255458,ff6a8ab2180527e3dc62e2cf4890338eef18aa96,saved-calculations,chromium,1920x1080,oled,dark,reduced,anonymous static visual preview,local storage reset before context; route-specific browser-local only,initial/empty local-persistence state,fixed-nav-overlap:26,,,,,test harness defect,"The harness counted any visible interactive rectangle intersecting the fixed bottom-navigation rectangle, including navigation descendants and content temporarily behind it after Playwright auto-scroll. It did not test whether final focusable content can scroll fully above the navigation.",scripts/prompt2b-final-review.mjs,MEDIUM,PENDING,PENDING,NO,,26,0,0,0,True,loaded,351.5
P2B-R30482255458-136,FAIL,BF-136,30482255458,ff6a8ab2180527e3dc62e2cf4890338eef18aa96,calculator-center,chromium,1920x1080,high-contrast,dark,reduced,anonymous static visual preview,local storage reset before context; route-specific browser-local only,valid calculation after route render,fixed-nav-overlap:44,,,,,test harness defect,"The harness counted any visible interactive rectangle intersecting the fixed bottom-navigation rectangle, including navigation descendants and content temporarily behind it after Playwright auto-scroll. It did not test whether final focusable content can scroll fully above the navigation.",scripts/prompt2b-final-review.mjs,MEDIUM,PENDING,PENDING,NO,,44,0,0,0,True,loaded,536.84
P2B-R30482255458-137,FAIL,BF-137,30482255458,ff6a8ab2180527e3dc62e2cf4890338eef18aa96,india-finance,chromium,1920x1080,high-contrast,dark,reduced,anonymous static visual preview,local storage reset before context; route-specific browser-local only,initial India finance truth/unavailable-rule state,fixed-nav-overlap:29,,,,,test harness defect,"The harness counted any visible interactive rectangle intersecting the fixed bottom-navigation rectangle, including navigation descendants and content temporarily behind it after Playwright auto-scroll. It did not test whether final focusable content can scroll fully above the navigation.",scripts/prompt2b-final-review.mjs,MEDIUM,PENDING,PENDING,NO,,29,0,0,0,True,loaded,391.18
P2B-R30482255458-138,FAIL,BF-138,30482255458,ff6a8ab2180527e3dc62e2cf4890338eef18aa96,indicator-library,chromium,1920x1080,high-contrast,dark,reduced,anonymous static visual preview,local storage reset before context; route-specific browser-local only,valid indicator calculation after route render,fixed-nav-overlap:36,,,,,test harness defect,"The harness counted any visible interactive rectangle intersecting the fixed bottom-navigation rectangle, including navigation descendants and content temporarily behind it after Playwright auto-scroll. It did not test whether final focusable content can scroll fully above the navigation.",scripts/prompt2b-final-review.mjs,MEDIUM,PENDING,PENDING,NO,,36,0,0,0,True,loaded,478.9
P2B-R30482255458-139,FAIL,BF-139,30482255458,ff6a8ab2180527e3dc62e2cf4890338eef18aa96,formula-library,chromium,1920x1080,high-contrast,dark,reduced,anonymous static visual preview,local storage reset before context; route-specific browser-local only,initial formula catalogue state,fixed-nav-overlap:26,,,,,test harness defect,"The harness counted any visible interactive rectangle intersecting the fixed bottom-navigation rectangle, including navigation descendants and content temporarily behind it after Playwright auto-scroll. It did not test whether final focusable content can scroll fully above the navigation.",scripts/prompt2b-final-review.mjs,MEDIUM,PENDING,PENDING,NO,,26,0,0,0,True,loaded,382.76
P2B-R30482255458-140,FAIL,BF-140,30482255458,ff6a8ab2180527e3dc62e2cf4890338eef18aa96,saved-calculations,chromium,1920x1080,high-contrast,dark,reduced,anonymous static visual preview,local storage reset before context; route-specific browser-local only,initial/empty local-persistence state,fixed-nav-overlap:26,,,,,test harness defect,"The harness counted any visible interactive rectangle intersecting the fixed bottom-navigation rectangle, including navigation descendants and content temporarily behind it after Playwright auto-scroll. It did not test whether final focusable content can scroll fully above the navigation.",scripts/prompt2b-final-review.mjs,MEDIUM,PENDING,PENDING,NO,,26,0,0,0,True,loaded,334.07
P2B-R30482255458-141,FAIL,BF-141,30482255458,ff6a8ab2180527e3dc62e2cf4890338eef18aa96,calculator-center,firefox,360x800,dark,dark,reduced,anonymous static visual preview,local storage reset before context; route-specific browser-local only,valid calculation after route render,fixed-nav-overlap:16,,,,,test harness defect,"The harness counted any visible interactive rectangle intersecting the fixed bottom-navigation rectangle, including navigation descendants and content temporarily behind it after Playwright auto-scroll. It did not test whether final focusable content can scroll fully above the navigation.",scripts/prompt2b-final-review.mjs,MEDIUM,PENDING,PENDING,NO,,16,0,0,0,True,loaded,1050.43
P2B-R30482255458-142,FAIL,BF-142,30482255458,ff6a8ab2180527e3dc62e2cf4890338eef18aa96,india-finance,firefox,360x800,dark,dark,reduced,anonymous static visual preview,local storage reset before context; route-specific browser-local only,initial India finance truth/unavailable-rule state,fixed-nav-overlap:18,,,,,test harness defect,"The harness counted any visible interactive rectangle intersecting the fixed bottom-navigation rectangle, including navigation descendants and content temporarily behind it after Playwright auto-scroll. It did not test whether final focusable content can scroll fully above the navigation.",scripts/prompt2b-final-review.mjs,MEDIUM,PENDING,PENDING,NO,,18,0,0,0,True,loaded,375.78
P2B-R30482255458-143,FAIL,BF-143,30482255458,ff6a8ab2180527e3dc62e2cf4890338eef18aa96,indicator-library,firefox,360x800,dark,dark,reduced,anonymous static visual preview,local storage reset before context; route-specific browser-local only,valid indicator calculation after route render,fixed-nav-overlap:15,,,,,test harness defect,"The harness counted any visible interactive rectangle intersecting the fixed bottom-navigation rectangle, including navigation descendants and content temporarily behind it after Playwright auto-scroll. It did not test whether final focusable content can scroll fully above the navigation.",scripts/prompt2b-final-review.mjs,MEDIUM,PENDING,PENDING,NO,,15,0,0,0,True,loaded,687.37
P2B-R30482255458-144,FAIL,BF-144,30482255458,ff6a8ab2180527e3dc62e2cf4890338eef18aa96,formula-library,firefox,360x800,dark,dark,reduced,anonymous static visual preview,local storage reset before context; route-specific browser-local only,initial formula catalogue state,fixed-nav-overlap:19,,,,,test harness defect,"The harness counted any visible interactive rectangle intersecting the fixed bottom-navigation rectangle, including navigation descendants and content temporarily behind it after Playwright auto-scroll. It did not test whether final focusable content can scroll fully above the navigation.",scripts/prompt2b-final-review.mjs,MEDIUM,PENDING,PENDING,NO,,19,0,0,0,True,loaded,386.45
P2B-R30482255458-145,FAIL,BF-145,30482255458,ff6a8ab2180527e3dc62e2cf4890338eef18aa96,saved-calculations,firefox,360x800,dark,dark,reduced,anonymous static visual preview,local storage reset before context; route-specific browser-local only,initial/empty local-persistence state,fixed-nav-overlap:18,,,,,test harness defect,"The harness counted any visible interactive rectangle intersecting the fixed bottom-navigation rectangle, including navigation descendants and content temporarily behind it after Playwright auto-scroll. It did not test whether final focusable content can scroll fully above the navigation.",scripts/prompt2b-final-review.mjs,MEDIUM,PENDING,PENDING,NO,,18,0,0,0,True,loaded,378.09
P2B-R30482255458-146,FAIL,BF-146,30482255458,ff6a8ab2180527e3dc62e2cf4890338eef18aa96,calculator-center,firefox,360x800,light,dark,reduced,anonymous static visual preview,local storage reset before context; route-specific browser-local only,valid calculation after route render,fixed-nav-overlap:16,,,,,test harness defect,"The harness counted any visible interactive rectangle intersecting the fixed bottom-navigation rectangle, including navigation descendants and content temporarily behind it after Playwright auto-scroll. It did not test whether final focusable content can scroll fully above the navigation.",scripts/prompt2b-final-review.mjs,MEDIUM,PENDING,PENDING,NO,,16,0,0,0,True,loaded,793.71
P2B-R30482255458-147,FAIL,BF-147,30482255458,ff6a8ab2180527e3dc62e2cf4890338eef18aa96,india-finance,firefox,360x800,light,dark,reduced,anonymous static visual preview,local storage reset before context; route-specific browser-local only,initial India finance truth/unavailable-rule state,fixed-nav-overlap:18,,,,,test harness defect,"The harness counted any visible interactive rectangle intersecting the fixed bottom-navigation rectangle, including navigation descendants and content temporarily behind it after Playwright auto-scroll. It did not test whether final focusable content can scroll fully above the navigation.",scripts/prompt2b-final-review.mjs,MEDIUM,PENDING,PENDING,NO,,18,0,0,0,True,loaded,410.26
P2B-R30482255458-148,FAIL,BF-148,30482255458,ff6a8ab2180527e3dc62e2cf4890338eef18aa96,indicator-library,firefox,360x800,light,dark,reduced,anonymous static visual preview,local storage reset before context; route-specific browser-local only,valid indicator calculation after route render,fixed-nav-overlap:15,,,,,test harness defect,"The harness counted any visible interactive rectangle intersecting the fixed bottom-navigation rectangle, including navigation descendants and content temporarily behind it after Playwright auto-scroll. It did not test whether final focusable content can scroll fully above the navigation.",scripts/prompt2b-final-review.mjs,MEDIUM,PENDING,PENDING,NO,,15,0,0,0,True,loaded,738.93
P2B-R30482255458-149,FAIL,BF-149,30482255458,ff6a8ab2180527e3dc62e2cf4890338eef18aa96,formula-library,firefox,360x800,light,dark,reduced,anonymous static visual preview,local storage reset before context; route-specific browser-local only,initial formula catalogue state,fixed-nav-overlap:19,,,,,test harness defect,"The harness counted any visible interactive rectangle intersecting the fixed bottom-navigation rectangle, including navigation descendants and content temporarily behind it after Playwright auto-scroll. It did not test whether final focusable content can scroll fully above the navigation.",scripts/prompt2b-final-review.mjs,MEDIUM,PENDING,PENDING,NO,,19,0,0,0,True,loaded,448.12
P2B-R30482255458-150,FAIL,BF-150,30482255458,ff6a8ab2180527e3dc62e2cf4890338eef18aa96,saved-calculations,firefox,360x800,light,dark,reduced,anonymous static visual preview,local storage reset before context; route-specific browser-local only,initial/empty local-persistence state,fixed-nav-overlap:18,,,,,test harness defect,"The harness counted any visible interactive rectangle intersecting the fixed bottom-navigation rectangle, including navigation descendants and content temporarily behind it after Playwright auto-scroll. It did not test whether final focusable content can scroll fully above the navigation.",scripts/prompt2b-final-review.mjs,MEDIUM,PENDING,PENDING,NO,,18,0,0,0,True,loaded,373.5
P2B-R30482255458-151,FAIL,BF-151,30482255458,ff6a8ab2180527e3dc62e2cf4890338eef18aa96,calculator-center,firefox,360x800,oled,dark,reduced,anonymous static visual preview,local storage reset before context; route-specific browser-local only,valid calculation after route render,fixed-nav-overlap:16,,,,,test harness defect,"The harness counted any visible interactive rectangle intersecting the fixed bottom-navigation rectangle, including navigation descendants and content temporarily behind it after Playwright auto-scroll. It did not test whether final focusable content can scroll fully above the navigation.",scripts/prompt2b-final-review.mjs,MEDIUM,PENDING,PENDING,NO,,16,0,0,0,True,loaded,707.21
P2B-R30482255458-152,FAIL,BF-152,30482255458,ff6a8ab2180527e3dc62e2cf4890338eef18aa96,india-finance,firefox,360x800,oled,dark,reduced,anonymous static visual preview,local storage reset before context; route-specific browser-local only,initial India finance truth/unavailable-rule state,fixed-nav-overlap:18,,,,,test harness defect,"The harness counted any visible interactive rectangle intersecting the fixed bottom-navigation rectangle, including navigation descendants and content temporarily behind it after Playwright auto-scroll. It did not test whether final focusable content can scroll fully above the navigation.",scripts/prompt2b-final-review.mjs,MEDIUM,PENDING,PENDING,NO,,18,0,0,0,True,loaded,365.1
P2B-R30482255458-153,FAIL,BF-153,30482255458,ff6a8ab2180527e3dc62e2cf4890338eef18aa96,indicator-library,firefox,360x800,oled,dark,reduced,anonymous static visual preview,local storage reset before context; route-specific browser-local only,valid indicator calculation after route render,fixed-nav-overlap:15,,,,,test harness defect,"The harness counted any visible interactive rectangle intersecting the fixed bottom-navigation rectangle, including navigation descendants and content temporarily behind it after Playwright auto-scroll. It did not test whether final focusable content can scroll fully above the navigation.",scripts/prompt2b-final-review.mjs,MEDIUM,PENDING,PENDING,NO,,15,0,0,0,True,loaded,697.67
P2B-R30482255458-154,FAIL,BF-154,30482255458,ff6a8ab2180527e3dc62e2cf4890338eef18aa96,formula-library,firefox,360x800,oled,dark,reduced,anonymous static visual preview,local storage reset before context; route-specific browser-local only,initial formula catalogue state,fixed-nav-overlap:19,,,,,test harness defect,"The harness counted any visible interactive rectangle intersecting the fixed bottom-navigation rectangle, including navigation descendants and content temporarily behind it after Playwright auto-scroll. It did not test whether final focusable content can scroll fully above the navigation.",scripts/prompt2b-final-review.mjs,MEDIUM,PENDING,PENDING,NO,,19,0,0,0,True,loaded,403.69
P2B-R30482255458-155,FAIL,BF-155,30482255458,ff6a8ab2180527e3dc62e2cf4890338eef18aa96,saved-calculations,firefox,360x800,oled,dark,reduced,anonymous static visual preview,local storage reset before context; route-specific browser-local only,initial/empty local-persistence state,fixed-nav-overlap:18,,,,,test harness defect,"The harness counted any visible interactive rectangle intersecting the fixed bottom-navigation rectangle, including navigation descendants and content temporarily behind it after Playwright auto-scroll. It did not test whether final focusable content can scroll fully above the navigation.",scripts/prompt2b-final-review.mjs,MEDIUM,PENDING,PENDING,NO,,18,0,0,0,True,loaded,373.27
P2B-R30482255458-156,FAIL,BF-156,30482255458,ff6a8ab2180527e3dc62e2cf4890338eef18aa96,calculator-center,firefox,360x800,high-contrast,dark,reduced,anonymous static visual preview,local storage reset before context; route-specific browser-local only,valid calculation after route render,fixed-nav-overlap:16,,,,,test harness defect,"The harness counted any visible interactive rectangle intersecting the fixed bottom-navigation rectangle, including navigation descendants and content temporarily behind it after Playwright auto-scroll. It did not test whether final focusable content can scroll fully above the navigation.",scripts/prompt2b-final-review.mjs,MEDIUM,PENDING,PENDING,NO,,16,0,0,0,True,loaded,747.2
P2B-R30482255458-157,FAIL,BF-157,30482255458,ff6a8ab2180527e3dc62e2cf4890338eef18aa96,india-finance,firefox,360x800,high-contrast,dark,reduced,anonymous static visual preview,local storage reset before context; route-specific browser-local only,initial India finance truth/unavailable-rule state,fixed-nav-overlap:18,,,,,test harness defect,"The harness counted any visible interactive rectangle intersecting the fixed bottom-navigation rectangle, including navigation descendants and content temporarily behind it after Playwright auto-scroll. It did not test whether final focusable content can scroll fully above the navigation.",scripts/prompt2b-final-review.mjs,MEDIUM,PENDING,PENDING,NO,,18,0,0,0,True,loaded,374.42
P2B-R30482255458-158,FAIL,BF-158,30482255458,ff6a8ab2180527e3dc62e2cf4890338eef18aa96,indicator-library,firefox,360x800,high-contrast,dark,reduced,anonymous static visual preview,local storage reset before context; route-specific browser-local only,valid indicator calculation after route render,fixed-nav-overlap:15,,,,,test harness defect,"The harness counted any visible interactive rectangle intersecting the fixed bottom-navigation rectangle, including navigation descendants and content temporarily behind it after Playwright auto-scroll. It did not test whether final focusable content can scroll fully above the navigation.",scripts/prompt2b-final-review.mjs,MEDIUM,PENDING,PENDING,NO,,15,0,0,0,True,loaded,681.52
P2B-R30482255458-159,FAIL,BF-159,30482255458,ff6a8ab2180527e3dc62e2cf4890338eef18aa96,formula-library,firefox,360x800,high-contrast,dark,reduced,anonymous static visual preview,local storage reset before context; route-specific browser-local only,initial formula catalogue state,fixed-nav-overlap:19,,,,,test harness defect,"The harness counted any visible interactive rectangle intersecting the fixed bottom-navigation rectangle, including navigation descendants and content temporarily behind it after Playwright auto-scroll. It did not test whether final focusable content can scroll fully above the navigation.",scripts/prompt2b-final-review.mjs,MEDIUM,PENDING,PENDING,NO,,19,0,0,0,True,loaded,357
P2B-R30482255458-160,FAIL,BF-160,30482255458,ff6a8ab2180527e3dc62e2cf4890338eef18aa96,saved-calculations,firefox,360x800,high-contrast,dark,reduced,anonymous static visual preview,local storage reset before context; route-specific browser-local only,initial/empty local-persistence state,fixed-nav-overlap:18,,,,,test harness defect,"The harness counted any visible interactive rectangle intersecting the fixed bottom-navigation rectangle, including navigation descendants and content temporarily behind it after Playwright auto-scroll. It did not test whether final focusable content can scroll fully above the navigation.",scripts/prompt2b-final-review.mjs,MEDIUM,PENDING,PENDING,NO,,18,0,0,0,True,loaded,357.62
P2B-R30482255458-161,FAIL,BF-161,30482255458,ff6a8ab2180527e3dc62e2cf4890338eef18aa96,calculator-center,firefox,390x844,dark,dark,reduced,anonymous static visual preview,local storage reset before context; route-specific browser-local only,valid calculation after route render,fixed-nav-overlap:16,,,,,test harness defect,"The harness counted any visible interactive rectangle intersecting the fixed bottom-navigation rectangle, including navigation descendants and content temporarily behind it after Playwright auto-scroll. It did not test whether final focusable content can scroll fully above the navigation.",scripts/prompt2b-final-review.mjs,MEDIUM,PENDING,PENDING,NO,,16,0,0,0,True,loaded,556.07
P2B-R30482255458-162,FAIL,BF-162,30482255458,ff6a8ab2180527e3dc62e2cf4890338eef18aa96,india-finance,firefox,390x844,dark,dark,reduced,anonymous static visual preview,local storage reset before context; route-specific browser-local only,initial India finance truth/unavailable-rule state,fixed-nav-overlap:18,,,,,test harness defect,"The harness counted any visible interactive rectangle intersecting the fixed bottom-navigation rectangle, including navigation descendants and content temporarily behind it after Playwright auto-scroll. It did not test whether final focusable content can scroll fully above the navigation.",scripts/prompt2b-final-review.mjs,MEDIUM,PENDING,PENDING,NO,,18,0,0,0,True,loaded,422.22
P2B-R30482255458-163,FAIL,BF-163,30482255458,ff6a8ab2180527e3dc62e2cf4890338eef18aa96,indicator-library,firefox,390x844,dark,dark,reduced,anonymous static visual preview,local storage reset before context; route-specific browser-local only,valid indicator calculation after route render,fixed-nav-overlap:15,,,,,test harness defect,"The harness counted any visible interactive rectangle intersecting the fixed bottom-navigation rectangle, including navigation descendants and content temporarily behind it after Playwright auto-scroll. It did not test whether final focusable content can scroll fully above the navigation.",scripts/prompt2b-final-review.mjs,MEDIUM,PENDING,PENDING,NO,,15,0,0,0,True,loaded,743.42
P2B-R30482255458-164,FAIL,BF-164,30482255458,ff6a8ab2180527e3dc62e2cf4890338eef18aa96,formula-library,firefox,390x844,dark,dark,reduced,anonymous static visual preview,local storage reset before context; route-specific browser-local only,initial formula catalogue state,fixed-nav-overlap:19,,,,,test harness defect,"The harness counted any visible interactive rectangle intersecting the fixed bottom-navigation rectangle, including navigation descendants and content temporarily behind it after Playwright auto-scroll. It did not test whether final focusable content can scroll fully above the navigation.",scripts/prompt2b-final-review.mjs,MEDIUM,PENDING,PENDING,NO,,19,0,0,0,True,loaded,384.92
P2B-R30482255458-165,FAIL,BF-165,30482255458,ff6a8ab2180527e3dc62e2cf4890338eef18aa96,saved-calculations,firefox,390x844,dark,dark,reduced,anonymous static visual preview,local storage reset before context; route-specific browser-local only,initial/empty local-persistence state,fixed-nav-overlap:18,,,,,test harness defect,"The harness counted any visible interactive rectangle intersecting the fixed bottom-navigation rectangle, including navigation descendants and content temporarily behind it after Playwright auto-scroll. It did not test whether final focusable content can scroll fully above the navigation.",scripts/prompt2b-final-review.mjs,MEDIUM,PENDING,PENDING,NO,,18,0,0,0,True,loaded,368.13
P2B-R30482255458-166,FAIL,BF-166,30482255458,ff6a8ab2180527e3dc62e2cf4890338eef18aa96,calculator-center,firefox,390x844,light,dark,reduced,anonymous static visual preview,local storage reset before context; route-specific browser-local only,valid calculation after route render,fixed-nav-overlap:16,,,,,test harness defect,"The harness counted any visible interactive rectangle intersecting the fixed bottom-navigation rectangle, including navigation descendants and content temporarily behind it after Playwright auto-scroll. It did not test whether final focusable content can scroll fully above the navigation.",scripts/prompt2b-final-review.mjs,MEDIUM,PENDING,PENDING,NO,,16,0,0,0,True,loaded,560.09
P2B-R30482255458-167,FAIL,BF-167,30482255458,ff6a8ab2180527e3dc62e2cf4890338eef18aa96,india-finance,firefox,390x844,light,dark,reduced,anonymous static visual preview,local storage reset before context; route-specific browser-local only,initial India finance truth/unavailable-rule state,fixed-nav-overlap:18,,,,,test harness defect,"The harness counted any visible interactive rectangle intersecting the fixed bottom-navigation rectangle, including navigation descendants and content temporarily behind it after Playwright auto-scroll. It did not test whether final focusable content can scroll fully above the navigation.",scripts/prompt2b-final-review.mjs,MEDIUM,PENDING,PENDING,NO,,18,0,0,0,True,loaded,357.06
P2B-R30482255458-168,FAIL,BF-168,30482255458,ff6a8ab2180527e3dc62e2cf4890338eef18aa96,indicator-library,firefox,390x844,light,dark,reduced,anonymous static visual preview,local storage reset before context; route-specific browser-local only,valid indicator calculation after route render,fixed-nav-overlap:15,,,,,test harness defect,"The harness counted any visible interactive rectangle intersecting the fixed bottom-navigation rectangle, including navigation descendants and content temporarily behind it after Playwright auto-scroll. It did not test whether final focusable content can scroll fully above the navigation.",scripts/prompt2b-final-review.mjs,MEDIUM,PENDING,PENDING,NO,,15,0,0,0,True,loaded,681.48
P2B-R30482255458-169,FAIL,BF-169,30482255458,ff6a8ab2180527e3dc62e2cf4890338eef18aa96,formula-library,firefox,390x844,light,dark,reduced,anonymous static visual preview,local storage reset before context; route-specific browser-local only,initial formula catalogue state,fixed-nav-overlap:19,,,,,test harness defect,"The harness counted any visible interactive rectangle intersecting the fixed bottom-navigation rectangle, including navigation descendants and content temporarily behind it after Playwright auto-scroll. It did not test whether final focusable content can scroll fully above the navigation.",scripts/prompt2b-final-review.mjs,MEDIUM,PENDING,PENDING,NO,,19,0,0,0,True,loaded,488.33
P2B-R30482255458-170,FAIL,BF-170,30482255458,ff6a8ab2180527e3dc62e2cf4890338eef18aa96,saved-calculations,firefox,390x844,light,dark,reduced,anonymous static visual preview,local storage reset before context; route-specific browser-local only,initial/empty local-persistence state,fixed-nav-overlap:18,,,,,test harness defect,"The harness counted any visible interactive rectangle intersecting the fixed bottom-navigation rectangle, including navigation descendants and content temporarily behind it after Playwright auto-scroll. It did not test whether final focusable content can scroll fully above the navigation.",scripts/prompt2b-final-review.mjs,MEDIUM,PENDING,PENDING,NO,,18,0,0,0,True,loaded,371.71
P2B-R30482255458-171,FAIL,BF-171,30482255458,ff6a8ab2180527e3dc62e2cf4890338eef18aa96,calculator-center,firefox,390x844,oled,dark,reduced,anonymous static visual preview,local storage reset before context; route-specific browser-local only,valid calculation after route render,fixed-nav-overlap:16,,,,,test harness defect,"The harness counted any visible interactive rectangle intersecting the fixed bottom-navigation rectangle, including navigation descendants and content temporarily behind it after Playwright auto-scroll. It did not test whether final focusable content can scroll fully above the navigation.",scripts/prompt2b-final-review.mjs,MEDIUM,PENDING,PENDING,NO,,16,0,0,0,True,loaded,612.73
P2B-R30482255458-172,FAIL,BF-172,30482255458,ff6a8ab2180527e3dc62e2cf4890338eef18aa96,india-finance,firefox,390x844,oled,dark,reduced,anonymous static visual preview,local storage reset before context; route-specific browser-local only,initial India finance truth/unavailable-rule state,fixed-nav-overlap:18,,,,,test harness defect,"The harness counted any visible interactive rectangle intersecting the fixed bottom-navigation rectangle, including navigation descendants and content temporarily behind it after Playwright auto-scroll. It did not test whether final focusable content can scroll fully above the navigation.",scripts/prompt2b-final-review.mjs,MEDIUM,PENDING,PENDING,NO,,18,0,0,0,True,loaded,378.59
P2B-R30482255458-173,FAIL,BF-173,30482255458,ff6a8ab2180527e3dc62e2cf4890338eef18aa96,indicator-library,firefox,390x844,oled,dark,reduced,anonymous static visual preview,local storage reset before context; route-specific browser-local only,valid indicator calculation after route render,fixed-nav-overlap:15,,,,,test harness defect,"The harness counted any visible interactive rectangle intersecting the fixed bottom-navigation rectangle, including navigation descendants and content temporarily behind it after Playwright auto-scroll. It did not test whether final focusable content can scroll fully above the navigation.",scripts/prompt2b-final-review.mjs,MEDIUM,PENDING,PENDING,NO,,15,0,0,0,True,loaded,696.62
P2B-R30482255458-174,FAIL,BF-174,30482255458,ff6a8ab2180527e3dc62e2cf4890338eef18aa96,formula-library,firefox,390x844,oled,dark,reduced,anonymous static visual preview,local storage reset before context; route-specific browser-local only,initial formula catalogue state,fixed-nav-overlap:19,,,,,test harness defect,"The harness counted any visible interactive rectangle intersecting the fixed bottom-navigation rectangle, including navigation descendants and content temporarily behind it after Playwright auto-scroll. It did not test whether final focusable content can scroll fully above the navigation.",scripts/prompt2b-final-review.mjs,MEDIUM,PENDING,PENDING,NO,,19,0,0,0,True,loaded,434.16
P2B-R30482255458-175,FAIL,BF-175,30482255458,ff6a8ab2180527e3dc62e2cf4890338eef18aa96,saved-calculations,firefox,390x844,oled,dark,reduced,anonymous static visual preview,local storage reset before context; route-specific browser-local only,initial/empty local-persistence state,fixed-nav-overlap:18,,,,,test harness defect,"The harness counted any visible interactive rectangle intersecting the fixed bottom-navigation rectangle, including navigation descendants and content temporarily behind it after Playwright auto-scroll. It did not test whether final focusable content can scroll fully above the navigation.",scripts/prompt2b-final-review.mjs,MEDIUM,PENDING,PENDING,NO,,18,0,0,0,True,loaded,360.29
P2B-R30482255458-176,FAIL,BF-176,30482255458,ff6a8ab2180527e3dc62e2cf4890338eef18aa96,calculator-center,firefox,390x844,high-contrast,dark,reduced,anonymous static visual preview,local storage reset before context; route-specific browser-local only,valid calculation after route render,fixed-nav-overlap:16,,,,,test harness defect,"The harness counted any visible interactive rectangle intersecting the fixed bottom-navigation rectangle, including navigation descendants and content temporarily behind it after Playwright auto-scroll. It did not test whether final focusable content can scroll fully above the navigation.",scripts/prompt2b-final-review.mjs,MEDIUM,PENDING,PENDING,NO,,16,0,0,0,True,loaded,564.57
P2B-R30482255458-177,FAIL,BF-177,30482255458,ff6a8ab2180527e3dc62e2cf4890338eef18aa96,india-finance,firefox,390x844,high-contrast,dark,reduced,anonymous static visual preview,local storage reset before context; route-specific browser-local only,initial India finance truth/unavailable-rule state,fixed-nav-overlap:18,,,,,test harness defect,"The harness counted any visible interactive rectangle intersecting the fixed bottom-navigation rectangle, including navigation descendants and content temporarily behind it after Playwright auto-scroll. It did not test whether final focusable content can scroll fully above the navigation.",scripts/prompt2b-final-review.mjs,MEDIUM,PENDING,PENDING,NO,,18,0,0,0,True,loaded,412.1
P2B-R30482255458-178,FAIL,BF-178,30482255458,ff6a8ab2180527e3dc62e2cf4890338eef18aa96,indicator-library,firefox,390x844,high-contrast,dark,reduced,anonymous static visual preview,local storage reset before context; route-specific browser-local only,valid indicator calculation after route render,fixed-nav-overlap:15,,,,,test harness defect,"The harness counted any visible interactive rectangle intersecting the fixed bottom-navigation rectangle, including navigation descendants and content temporarily behind it after Playwright auto-scroll. It did not test whether final focusable content can scroll fully above the navigation.",scripts/prompt2b-final-review.mjs,MEDIUM,PENDING,PENDING,NO,,15,0,0,0,True,loaded,738.83
P2B-R30482255458-179,FAIL,BF-179,30482255458,ff6a8ab2180527e3dc62e2cf4890338eef18aa96,formula-library,firefox,390x844,high-contrast,dark,reduced,anonymous static visual preview,local storage reset before context; route-specific browser-local only,initial formula catalogue state,fixed-nav-overlap:19,,,,,test harness defect,"The harness counted any visible interactive rectangle intersecting the fixed bottom-navigation rectangle, including navigation descendants and content temporarily behind it after Playwright auto-scroll. It did not test whether final focusable content can scroll fully above the navigation.",scripts/prompt2b-final-review.mjs,MEDIUM,PENDING,PENDING,NO,,19,0,0,0,True,loaded,392.11
P2B-R30482255458-180,FAIL,BF-180,30482255458,ff6a8ab2180527e3dc62e2cf4890338eef18aa96,saved-calculations,firefox,390x844,high-contrast,dark,reduced,anonymous static visual preview,local storage reset before context; route-specific browser-local only,initial/empty local-persistence state,fixed-nav-overlap:18,,,,,test harness defect,"The harness counted any visible interactive rectangle intersecting the fixed bottom-navigation rectangle, including navigation descendants and content temporarily behind it after Playwright auto-scroll. It did not test whether final focusable content can scroll fully above the navigation.",scripts/prompt2b-final-review.mjs,MEDIUM,PENDING,PENDING,NO,,18,0,0,0,True,loaded,363.16
P2B-R30482255458-181,FAIL,BF-181,30482255458,ff6a8ab2180527e3dc62e2cf4890338eef18aa96,calculator-center,firefox,430x932,dark,dark,reduced,anonymous static visual preview,local storage reset before context; route-specific browser-local only,valid calculation after route render,fixed-nav-overlap:19,,,,,test harness defect,"The harness counted any visible interactive rectangle intersecting the fixed bottom-navigation rectangle, including navigation descendants and content temporarily behind it after Playwright auto-scroll. It did not test whether final focusable content can scroll fully above the navigation.",scripts/prompt2b-final-review.mjs,MEDIUM,PENDING,PENDING,NO,,19,0,0,0,True,loaded,572.16
P2B-R30482255458-182,FAIL,BF-182,30482255458,ff6a8ab2180527e3dc62e2cf4890338eef18aa96,india-finance,firefox,430x932,dark,dark,reduced,anonymous static visual preview,local storage reset before context; route-specific browser-local only,initial India finance truth/unavailable-rule state,fixed-nav-overlap:18,,,,,test harness defect,"The harness counted any visible interactive rectangle intersecting the fixed bottom-navigation rectangle, including navigation descendants and content temporarily behind it after Playwright auto-scroll. It did not test whether final focusable content can scroll fully above the navigation.",scripts/prompt2b-final-review.mjs,MEDIUM,PENDING,PENDING,NO,,18,0,0,0,True,loaded,391.87
P2B-R30482255458-183,FAIL,BF-183,30482255458,ff6a8ab2180527e3dc62e2cf4890338eef18aa96,indicator-library,firefox,430x932,dark,dark,reduced,anonymous static visual preview,local storage reset before context; route-specific browser-local only,valid indicator calculation after route render,fixed-nav-overlap:15,,,,,test harness defect,"The harness counted any visible interactive rectangle intersecting the fixed bottom-navigation rectangle, including navigation descendants and content temporarily behind it after Playwright auto-scroll. It did not test whether final focusable content can scroll fully above the navigation.",scripts/prompt2b-final-review.mjs,MEDIUM,PENDING,PENDING,NO,,15,0,0,0,True,loaded,710.51
P2B-R30482255458-184,FAIL,BF-184,30482255458,ff6a8ab2180527e3dc62e2cf4890338eef18aa96,formula-library,firefox,430x932,dark,dark,reduced,anonymous static visual preview,local storage reset before context; route-specific browser-local only,initial formula catalogue state,fixed-nav-overlap:19,,,,,test harness defect,"The harness counted any visible interactive rectangle intersecting the fixed bottom-navigation rectangle, including navigation descendants and content temporarily behind it after Playwright auto-scroll. It did not test whether final focusable content can scroll fully above the navigation.",scripts/prompt2b-final-review.mjs,MEDIUM,PENDING,PENDING,NO,,19,0,0,0,True,loaded,428.53
P2B-R30482255458-185,FAIL,BF-185,30482255458,ff6a8ab2180527e3dc62e2cf4890338eef18aa96,saved-calculations,firefox,430x932,dark,dark,reduced,anonymous static visual preview,local storage reset before context; route-specific browser-local only,initial/empty local-persistence state,fixed-nav-overlap:19,,,,,test harness defect,"The harness counted any visible interactive rectangle intersecting the fixed bottom-navigation rectangle, including navigation descendants and content temporarily behind it after Playwright auto-scroll. It did not test whether final focusable content can scroll fully above the navigation.",scripts/prompt2b-final-review.mjs,MEDIUM,PENDING,PENDING,NO,,19,0,0,0,True,loaded,375.26
P2B-R30482255458-186,FAIL,BF-186,30482255458,ff6a8ab2180527e3dc62e2cf4890338eef18aa96,calculator-center,firefox,430x932,light,dark,reduced,anonymous static visual preview,local storage reset before context; route-specific browser-local only,valid calculation after route render,fixed-nav-overlap:19,,,,,test harness defect,"The harness counted any visible interactive rectangle intersecting the fixed bottom-navigation rectangle, including navigation descendants and content temporarily behind it after Playwright auto-scroll. It did not test whether final focusable content can scroll fully above the navigation.",scripts/prompt2b-final-review.mjs,MEDIUM,PENDING,PENDING,NO,,19,0,0,0,True,loaded,580.6
P2B-R30482255458-187,FAIL,BF-187,30482255458,ff6a8ab2180527e3dc62e2cf4890338eef18aa96,india-finance,firefox,430x932,light,dark,reduced,anonymous static visual preview,local storage reset before context; route-specific browser-local only,initial India finance truth/unavailable-rule state,fixed-nav-overlap:18,,,,,test harness defect,"The harness counted any visible interactive rectangle intersecting the fixed bottom-navigation rectangle, including navigation descendants and content temporarily behind it after Playwright auto-scroll. It did not test whether final focusable content can scroll fully above the navigation.",scripts/prompt2b-final-review.mjs,MEDIUM,PENDING,PENDING,NO,,18,0,0,0,True,loaded,443.15
P2B-R30482255458-188,FAIL,BF-188,30482255458,ff6a8ab2180527e3dc62e2cf4890338eef18aa96,indicator-library,firefox,430x932,light,dark,reduced,anonymous static visual preview,local storage reset before context; route-specific browser-local only,valid indicator calculation after route render,fixed-nav-overlap:15,,,,,test harness defect,"The harness counted any visible interactive rectangle intersecting the fixed bottom-navigation rectangle, including navigation descendants and content temporarily behind it after Playwright auto-scroll. It did not test whether final focusable content can scroll fully above the navigation.",scripts/prompt2b-final-review.mjs,MEDIUM,PENDING,PENDING,NO,,15,0,0,0,True,loaded,700.45
P2B-R30482255458-189,FAIL,BF-189,30482255458,ff6a8ab2180527e3dc62e2cf4890338eef18aa96,formula-library,firefox,430x932,light,dark,reduced,anonymous static visual preview,local storage reset before context; route-specific browser-local only,initial formula catalogue state,fixed-nav-overlap:19,,,,,test harness defect,"The harness counted any visible interactive rectangle intersecting the fixed bottom-navigation rectangle, including navigation descendants and content temporarily behind it after Playwright auto-scroll. It did not test whether final focusable content can scroll fully above the navigation.",scripts/prompt2b-final-review.mjs,MEDIUM,PENDING,PENDING,NO,,19,0,0,0,True,loaded,445.76
P2B-R30482255458-190,FAIL,BF-190,30482255458,ff6a8ab2180527e3dc62e2cf4890338eef18aa96,saved-calculations,firefox,430x932,light,dark,reduced,anonymous static visual preview,local storage reset before context; route-specific browser-local only,initial/empty local-persistence state,fixed-nav-overlap:19,,,,,test harness defect,"The harness counted any visible interactive rectangle intersecting the fixed bottom-navigation rectangle, including navigation descendants and content temporarily behind it after Playwright auto-scroll. It did not test whether final focusable content can scroll fully above the navigation.",scripts/prompt2b-final-review.mjs,MEDIUM,PENDING,PENDING,NO,,19,0,0,0,True,loaded,388.36
P2B-R30482255458-191,FAIL,BF-191,30482255458,ff6a8ab2180527e3dc62e2cf4890338eef18aa96,calculator-center,firefox,430x932,oled,dark,reduced,anonymous static visual preview,local storage reset before context; route-specific browser-local only,valid calculation after route render,fixed-nav-overlap:19,,,,,test harness defect,"The harness counted any visible interactive rectangle intersecting the fixed bottom-navigation rectangle, including navigation descendants and content temporarily behind it after Playwright auto-scroll. It did not test whether final focusable content can scroll fully above the navigation.",scripts/prompt2b-final-review.mjs,MEDIUM,PENDING,PENDING,NO,,19,0,0,0,True,loaded,554.99
P2B-R30482255458-192,FAIL,BF-192,30482255458,ff6a8ab2180527e3dc62e2cf4890338eef18aa96,india-finance,firefox,430x932,oled,dark,reduced,anonymous static visual preview,local storage reset before context; route-specific browser-local only,initial India finance truth/unavailable-rule state,fixed-nav-overlap:18,,,,,test harness defect,"The harness counted any visible interactive rectangle intersecting the fixed bottom-navigation rectangle, including navigation descendants and content temporarily behind it after Playwright auto-scroll. It did not test whether final focusable content can scroll fully above the navigation.",scripts/prompt2b-final-review.mjs,MEDIUM,PENDING,PENDING,NO,,18,0,0,0,True,loaded,393.71
P2B-R30482255458-193,FAIL,BF-193,30482255458,ff6a8ab2180527e3dc62e2cf4890338eef18aa96,indicator-library,firefox,430x932,oled,dark,reduced,anonymous static visual preview,local storage reset before context; route-specific browser-local only,valid indicator calculation after route render,fixed-nav-overlap:15,,,,,test harness defect,"The harness counted any visible interactive rectangle intersecting the fixed bottom-navigation rectangle, including navigation descendants and content temporarily behind it after Playwright auto-scroll. It did not test whether final focusable content can scroll fully above the navigation.",scripts/prompt2b-final-review.mjs,MEDIUM,PENDING,PENDING,NO,,15,0,0,0,True,loaded,688.35
P2B-R30482255458-194,FAIL,BF-194,30482255458,ff6a8ab2180527e3dc62e2cf4890338eef18aa96,formula-library,firefox,430x932,oled,dark,reduced,anonymous static visual preview,local storage reset before context; route-specific browser-local only,initial formula catalogue state,fixed-nav-overlap:19,,,,,test harness defect,"The harness counted any visible interactive rectangle intersecting the fixed bottom-navigation rectangle, including navigation descendants and content temporarily behind it after Playwright auto-scroll. It did not test whether final focusable content can scroll fully above the navigation.",scripts/prompt2b-final-review.mjs,MEDIUM,PENDING,PENDING,NO,,19,0,0,0,True,loaded,448.12
P2B-R30482255458-195,FAIL,BF-195,30482255458,ff6a8ab2180527e3dc62e2cf4890338eef18aa96,saved-calculations,firefox,430x932,oled,dark,reduced,anonymous static visual preview,local storage reset before context; route-specific browser-local only,initial/empty local-persistence state,fixed-nav-overlap:19,,,,,test harness defect,"The harness counted any visible interactive rectangle intersecting the fixed bottom-navigation rectangle, including navigation descendants and content temporarily behind it after Playwright auto-scroll. It did not test whether final focusable content can scroll fully above the navigation.",scripts/prompt2b-final-review.mjs,MEDIUM,PENDING,PENDING,NO,,19,0,0,0,True,loaded,376.75
P2B-R30482255458-196,FAIL,BF-196,30482255458,ff6a8ab2180527e3dc62e2cf4890338eef18aa96,calculator-center,firefox,430x932,high-contrast,dark,reduced,anonymous static visual preview,local storage reset before context; route-specific browser-local only,valid calculation after route render,fixed-nav-overlap:19,,,,,test harness defect,"The harness counted any visible interactive rectangle intersecting the fixed bottom-navigation rectangle, including navigation descendants and content temporarily behind it after Playwright auto-scroll. It did not test whether final focusable content can scroll fully above the navigation.",scripts/prompt2b-final-review.mjs,MEDIUM,PENDING,PENDING,NO,,19,0,0,0,True,loaded,543.24
P2B-R30482255458-197,FAIL,BF-197,30482255458,ff6a8ab2180527e3dc62e2cf4890338eef18aa96,india-finance,firefox,430x932,high-contrast,dark,reduced,anonymous static visual preview,local storage reset before context; route-specific browser-local only,initial India finance truth/unavailable-rule state,fixed-nav-overlap:18,,,,,test harness defect,"The harness counted any visible interactive rectangle intersecting the fixed bottom-navigation rectangle, including navigation descendants and content temporarily behind it after Playwright auto-scroll. It did not test whether final focusable content can scroll fully above the navigation.",scripts/prompt2b-final-review.mjs,MEDIUM,PENDING,PENDING,NO,,18,0,0,0,True,loaded,430.93
P2B-R30482255458-198,FAIL,BF-198,30482255458,ff6a8ab2180527e3dc62e2cf4890338eef18aa96,indicator-library,firefox,430x932,high-contrast,dark,reduced,anonymous static visual preview,local storage reset before context; route-specific browser-local only,valid indicator calculation after route render,fixed-nav-overlap:15,,,,,test harness defect,"The harness counted any visible interactive rectangle intersecting the fixed bottom-navigation rectangle, including navigation descendants and content temporarily behind it after Playwright auto-scroll. It did not test whether final focusable content can scroll fully above the navigation.",scripts/prompt2b-final-review.mjs,MEDIUM,PENDING,PENDING,NO,,15,0,0,0,True,loaded,705.8
P2B-R30482255458-199,FAIL,BF-199,30482255458,ff6a8ab2180527e3dc62e2cf4890338eef18aa96,formula-library,firefox,430x932,high-contrast,dark,reduced,anonymous static visual preview,local storage reset before context; route-specific browser-local only,initial formula catalogue state,fixed-nav-overlap:19,,,,,test harness defect,"The harness counted any visible interactive rectangle intersecting the fixed bottom-navigation rectangle, including navigation descendants and content temporarily behind it after Playwright auto-scroll. It did not test whether final focusable content can scroll fully above the navigation.",scripts/prompt2b-final-review.mjs,MEDIUM,PENDING,PENDING,NO,,19,0,0,0,True,loaded,486.63
P2B-R30482255458-200,FAIL,BF-200,30482255458,ff6a8ab2180527e3dc62e2cf4890338eef18aa96,saved-calculations,firefox,430x932,high-contrast,dark,reduced,anonymous static visual preview,local storage reset before context; route-specific browser-local only,initial/empty local-persistence state,fixed-nav-overlap:19,,,,,test harness defect,"The harness counted any visible interactive rectangle intersecting the fixed bottom-navigation rectangle, including navigation descendants and content temporarily behind it after Playwright auto-scroll. It did not test whether final focusable content can scroll fully above the navigation.",scripts/prompt2b-final-review.mjs,MEDIUM,PENDING,PENDING,NO,,19,0,0,0,True,loaded,409.86
P2B-R30482255458-201,FAIL,BF-201,30482255458,ff6a8ab2180527e3dc62e2cf4890338eef18aa96,calculator-center,firefox,768x1024,dark,dark,reduced,anonymous static visual preview,local storage reset before context; route-specific browser-local only,valid calculation after route render,fixed-nav-overlap:16,,,,,test harness defect,"The harness counted any visible interactive rectangle intersecting the fixed bottom-navigation rectangle, including navigation descendants and content temporarily behind it after Playwright auto-scroll. It did not test whether final focusable content can scroll fully above the navigation.",scripts/prompt2b-final-review.mjs,MEDIUM,PENDING,PENDING,NO,,16,0,0,0,True,loaded,855.15
P2B-R30482255458-202,FAIL,BF-202,30482255458,ff6a8ab2180527e3dc62e2cf4890338eef18aa96,india-finance,firefox,768x1024,dark,dark,reduced,anonymous static visual preview,local storage reset before context; route-specific browser-local only,initial India finance truth/unavailable-rule state,fixed-nav-overlap:20,,,,,test harness defect,"The harness counted any visible interactive rectangle intersecting the fixed bottom-navigation rectangle, including navigation descendants and content temporarily behind it after Playwright auto-scroll. It did not test whether final focusable content can scroll fully above the navigation.",scripts/prompt2b-final-review.mjs,MEDIUM,PENDING,PENDING,NO,,20,0,0,0,True,loaded,405.11
P2B-R30482255458-203,FAIL,BF-203,30482255458,ff6a8ab2180527e3dc62e2cf4890338eef18aa96,indicator-library,firefox,768x1024,dark,dark,reduced,anonymous static visual preview,local storage reset before context; route-specific browser-local only,valid indicator calculation after route render,fixed-nav-overlap:15,,,,,test harness defect,"The harness counted any visible interactive rectangle intersecting the fixed bottom-navigation rectangle, including navigation descendants and content temporarily behind it after Playwright auto-scroll. It did not test whether final focusable content can scroll fully above the navigation.",scripts/prompt2b-final-review.mjs,MEDIUM,PENDING,PENDING,NO,,15,0,0,0,True,loaded,839.4
P2B-R30482255458-204,FAIL,BF-204,30482255458,ff6a8ab2180527e3dc62e2cf4890338eef18aa96,formula-library,firefox,768x1024,dark,dark,reduced,anonymous static visual preview,local storage reset before context; route-specific browser-local only,initial formula catalogue state,fixed-nav-overlap:19,,,,,test harness defect,"The harness counted any visible interactive rectangle intersecting the fixed bottom-navigation rectangle, including navigation descendants and content temporarily behind it after Playwright auto-scroll. It did not test whether final focusable content can scroll fully above the navigation.",scripts/prompt2b-final-review.mjs,MEDIUM,PENDING,PENDING,NO,,19,0,0,0,True,loaded,373.8
P2B-R30482255458-205,FAIL,BF-205,30482255458,ff6a8ab2180527e3dc62e2cf4890338eef18aa96,saved-calculations,firefox,768x1024,dark,dark,reduced,anonymous static visual preview,local storage reset before context; route-specific browser-local only,initial/empty local-persistence state,fixed-nav-overlap:19,,,,,test harness defect,"The harness counted any visible interactive rectangle intersecting the fixed bottom-navigation rectangle, including navigation descendants and content temporarily behind it after Playwright auto-scroll. It did not test whether final focusable content can scroll fully above the navigation.",scripts/prompt2b-final-review.mjs,MEDIUM,PENDING,PENDING,NO,,19,0,0,0,True,loaded,397.28
P2B-R30482255458-206,FAIL,BF-206,30482255458,ff6a8ab2180527e3dc62e2cf4890338eef18aa96,calculator-center,firefox,768x1024,light,dark,reduced,anonymous static visual preview,local storage reset before context; route-specific browser-local only,valid calculation after route render,fixed-nav-overlap:16,,,,,test harness defect,"The harness counted any visible interactive rectangle intersecting the fixed bottom-navigation rectangle, including navigation descendants and content temporarily behind it after Playwright auto-scroll. It did not test whether final focusable content can scroll fully above the navigation.",scripts/prompt2b-final-review.mjs,MEDIUM,PENDING,PENDING,NO,,16,0,0,0,True,loaded,892.97
P2B-R30482255458-207,FAIL,BF-207,30482255458,ff6a8ab2180527e3dc62e2cf4890338eef18aa96,india-finance,firefox,768x1024,light,dark,reduced,anonymous static visual preview,local storage reset before context; route-specific browser-local only,initial India finance truth/unavailable-rule state,fixed-nav-overlap:20,,,,,test harness defect,"The harness counted any visible interactive rectangle intersecting the fixed bottom-navigation rectangle, including navigation descendants and content temporarily behind it after Playwright auto-scroll. It did not test whether final focusable content can scroll fully above the navigation.",scripts/prompt2b-final-review.mjs,MEDIUM,PENDING,PENDING,NO,,20,0,0,0,True,loaded,390.45
P2B-R30482255458-208,FAIL,BF-208,30482255458,ff6a8ab2180527e3dc62e2cf4890338eef18aa96,indicator-library,firefox,768x1024,light,dark,reduced,anonymous static visual preview,local storage reset before context; route-specific browser-local only,valid indicator calculation after route render,fixed-nav-overlap:15,,,,,test harness defect,"The harness counted any visible interactive rectangle intersecting the fixed bottom-navigation rectangle, including navigation descendants and content temporarily behind it after Playwright auto-scroll. It did not test whether final focusable content can scroll fully above the navigation.",scripts/prompt2b-final-review.mjs,MEDIUM,PENDING,PENDING,NO,,15,0,0,0,True,loaded,834.43
P2B-R30482255458-209,FAIL,BF-209,30482255458,ff6a8ab2180527e3dc62e2cf4890338eef18aa96,formula-library,firefox,768x1024,light,dark,reduced,anonymous static visual preview,local storage reset before context; route-specific browser-local only,initial formula catalogue state,fixed-nav-overlap:19,,,,,test harness defect,"The harness counted any visible interactive rectangle intersecting the fixed bottom-navigation rectangle, including navigation descendants and content temporarily behind it after Playwright auto-scroll. It did not test whether final focusable content can scroll fully above the navigation.",scripts/prompt2b-final-review.mjs,MEDIUM,PENDING,PENDING,NO,,19,0,0,0,True,loaded,410.71
P2B-R30482255458-210,FAIL,BF-210,30482255458,ff6a8ab2180527e3dc62e2cf4890338eef18aa96,saved-calculations,firefox,768x1024,light,dark,reduced,anonymous static visual preview,local storage reset before context; route-specific browser-local only,initial/empty local-persistence state,fixed-nav-overlap:19,,,,,test harness defect,"The harness counted any visible interactive rectangle intersecting the fixed bottom-navigation rectangle, including navigation descendants and content temporarily behind it after Playwright auto-scroll. It did not test whether final focusable content can scroll fully above the navigation.",scripts/prompt2b-final-review.mjs,MEDIUM,PENDING,PENDING,NO,,19,0,0,0,True,loaded,379.08
P2B-R30482255458-211,FAIL,BF-211,30482255458,ff6a8ab2180527e3dc62e2cf4890338eef18aa96,calculator-center,firefox,768x1024,oled,dark,reduced,anonymous static visual preview,local storage reset before context; route-specific browser-local only,valid calculation after route render,fixed-nav-overlap:16,,,,,test harness defect,"The harness counted any visible interactive rectangle intersecting the fixed bottom-navigation rectangle, including navigation descendants and content temporarily behind it after Playwright auto-scroll. It did not test whether final focusable content can scroll fully above the navigation.",scripts/prompt2b-final-review.mjs,MEDIUM,PENDING,PENDING,NO,,16,0,0,0,True,loaded,1093.97
P2B-R30482255458-212,FAIL,BF-212,30482255458,ff6a8ab2180527e3dc62e2cf4890338eef18aa96,india-finance,firefox,768x1024,oled,dark,reduced,anonymous static visual preview,local storage reset before context; route-specific browser-local only,initial India finance truth/unavailable-rule state,fixed-nav-overlap:20,,,,,test harness defect,"The harness counted any visible interactive rectangle intersecting the fixed bottom-navigation rectangle, including navigation descendants and content temporarily behind it after Playwright auto-scroll. It did not test whether final focusable content can scroll fully above the navigation.",scripts/prompt2b-final-review.mjs,MEDIUM,PENDING,PENDING,NO,,20,0,0,0,True,loaded,389.87
P2B-R30482255458-213,FAIL,BF-213,30482255458,ff6a8ab2180527e3dc62e2cf4890338eef18aa96,indicator-library,firefox,768x1024,oled,dark,reduced,anonymous static visual preview,local storage reset before context; route-specific browser-local only,valid indicator calculation after route render,fixed-nav-overlap:15,,,,,test harness defect,"The harness counted any visible interactive rectangle intersecting the fixed bottom-navigation rectangle, including navigation descendants and content temporarily behind it after Playwright auto-scroll. It did not test whether final focusable content can scroll fully above the navigation.",scripts/prompt2b-final-review.mjs,MEDIUM,PENDING,PENDING,NO,,15,0,0,0,True,loaded,802.08
P2B-R30482255458-214,FAIL,BF-214,30482255458,ff6a8ab2180527e3dc62e2cf4890338eef18aa96,formula-library,firefox,768x1024,oled,dark,reduced,anonymous static visual preview,local storage reset before context; route-specific browser-local only,initial formula catalogue state,fixed-nav-overlap:19,,,,,test harness defect,"The harness counted any visible interactive rectangle intersecting the fixed bottom-navigation rectangle, including navigation descendants and content temporarily behind it after Playwright auto-scroll. It did not test whether final focusable content can scroll fully above the navigation.",scripts/prompt2b-final-review.mjs,MEDIUM,PENDING,PENDING,NO,,19,0,0,0,True,loaded,398.25
P2B-R30482255458-215,FAIL,BF-215,30482255458,ff6a8ab2180527e3dc62e2cf4890338eef18aa96,saved-calculations,firefox,768x1024,oled,dark,reduced,anonymous static visual preview,local storage reset before context; route-specific browser-local only,initial/empty local-persistence state,fixed-nav-overlap:19,,,,,test harness defect,"The harness counted any visible interactive rectangle intersecting the fixed bottom-navigation rectangle, including navigation descendants and content temporarily behind it after Playwright auto-scroll. It did not test whether final focusable content can scroll fully above the navigation.",scripts/prompt2b-final-review.mjs,MEDIUM,PENDING,PENDING,NO,,19,0,0,0,True,loaded,370.3
P2B-R30482255458-216,FAIL,BF-216,30482255458,ff6a8ab2180527e3dc62e2cf4890338eef18aa96,calculator-center,firefox,768x1024,high-contrast,dark,reduced,anonymous static visual preview,local storage reset before context; route-specific browser-local only,valid calculation after route render,fixed-nav-overlap:16,,,,,test harness defect,"The harness counted any visible interactive rectangle intersecting the fixed bottom-navigation rectangle, including navigation descendants and content temporarily behind it after Playwright auto-scroll. It did not test whether final focusable content can scroll fully above the navigation.",scripts/prompt2b-final-review.mjs,MEDIUM,PENDING,PENDING,NO,,16,0,0,0,True,loaded,939.8
P2B-R30482255458-217,FAIL,BF-217,30482255458,ff6a8ab2180527e3dc62e2cf4890338eef18aa96,india-finance,firefox,768x1024,high-contrast,dark,reduced,anonymous static visual preview,local storage reset before context; route-specific browser-local only,initial India finance truth/unavailable-rule state,fixed-nav-overlap:20,,,,,test harness defect,"The harness counted any visible interactive rectangle intersecting the fixed bottom-navigation rectangle, including navigation descendants and content temporarily behind it after Playwright auto-scroll. It did not test whether final focusable content can scroll fully above the navigation.",scripts/prompt2b-final-review.mjs,MEDIUM,PENDING,PENDING,NO,,20,0,0,0,True,loaded,398.5
P2B-R30482255458-218,FAIL,BF-218,30482255458,ff6a8ab2180527e3dc62e2cf4890338eef18aa96,indicator-library,firefox,768x1024,high-contrast,dark,reduced,anonymous static visual preview,local storage reset before context; route-specific browser-local only,valid indicator calculation after route render,fixed-nav-overlap:15,,,,,test harness defect,"The harness counted any visible interactive rectangle intersecting the fixed bottom-navigation rectangle, including navigation descendants and content temporarily behind it after Playwright auto-scroll. It did not test whether final focusable content can scroll fully above the navigation.",scripts/prompt2b-final-review.mjs,MEDIUM,PENDING,PENDING,NO,,15,0,0,0,True,loaded,860.82
P2B-R30482255458-219,FAIL,BF-219,30482255458,ff6a8ab2180527e3dc62e2cf4890338eef18aa96,formula-library,firefox,768x1024,high-contrast,dark,reduced,anonymous static visual preview,local storage reset before context; route-specific browser-local only,initial formula catalogue state,fixed-nav-overlap:19,,,,,test harness defect,"The harness counted any visible interactive rectangle intersecting the fixed bottom-navigation rectangle, including navigation descendants and content temporarily behind it after Playwright auto-scroll. It did not test whether final focusable content can scroll fully above the navigation.",scripts/prompt2b-final-review.mjs,MEDIUM,PENDING,PENDING,NO,,19,0,0,0,True,loaded,397.17
P2B-R30482255458-220,FAIL,BF-220,30482255458,ff6a8ab2180527e3dc62e2cf4890338eef18aa96,saved-calculations,firefox,768x1024,high-contrast,dark,reduced,anonymous static visual preview,local storage reset before context; route-specific browser-local only,initial/empty local-persistence state,fixed-nav-overlap:19,,,,,test harness defect,"The harness counted any visible interactive rectangle intersecting the fixed bottom-navigation rectangle, including navigation descendants and content temporarily behind it after Playwright auto-scroll. It did not test whether final focusable content can scroll fully above the navigation.",scripts/prompt2b-final-review.mjs,MEDIUM,PENDING,PENDING,NO,,19,0,0,0,True,loaded,358.83
P2B-R30482255458-221,FAIL,BF-221,30482255458,ff6a8ab2180527e3dc62e2cf4890338eef18aa96,calculator-center,firefox,1024x768,dark,dark,reduced,anonymous static visual preview,local storage reset before context; route-specific browser-local only,valid calculation after route render,fixed-nav-overlap:26,,,,,test harness defect,"The harness counted any visible interactive rectangle intersecting the fixed bottom-navigation rectangle, including navigation descendants and content temporarily behind it after Playwright auto-scroll. It did not test whether final focusable content can scroll fully above the navigation.",scripts/prompt2b-final-review.mjs,MEDIUM,PENDING,PENDING,NO,,26,0,0,0,True,loaded,630.6
P2B-R30482255458-222,FAIL,BF-222,30482255458,ff6a8ab2180527e3dc62e2cf4890338eef18aa96,india-finance,firefox,1024x768,dark,dark,reduced,anonymous static visual preview,local storage reset before context; route-specific browser-local only,initial India finance truth/unavailable-rule state,fixed-nav-overlap:25,,,,,test harness defect,"The harness counted any visible interactive rectangle intersecting the fixed bottom-navigation rectangle, including navigation descendants and content temporarily behind it after Playwright auto-scroll. It did not test whether final focusable content can scroll fully above the navigation.",scripts/prompt2b-final-review.mjs,MEDIUM,PENDING,PENDING,NO,,25,0,0,0,True,loaded,437.34
P2B-R30482255458-223,FAIL,BF-223,30482255458,ff6a8ab2180527e3dc62e2cf4890338eef18aa96,indicator-library,firefox,1024x768,dark,dark,reduced,anonymous static visual preview,local storage reset before context; route-specific browser-local only,valid indicator calculation after route render,fixed-nav-overlap:21,,,,,test harness defect,"The harness counted any visible interactive rectangle intersecting the fixed bottom-navigation rectangle, including navigation descendants and content temporarily behind it after Playwright auto-scroll. It did not test whether final focusable content can scroll fully above the navigation.",scripts/prompt2b-final-review.mjs,MEDIUM,PENDING,PENDING,NO,,21,0,0,0,True,loaded,641.71
P2B-R30482255458-224,FAIL,BF-224,30482255458,ff6a8ab2180527e3dc62e2cf4890338eef18aa96,formula-library,firefox,1024x768,dark,dark,reduced,anonymous static visual preview,local storage reset before context; route-specific browser-local only,initial formula catalogue state,fixed-nav-overlap:26,,,,,test harness defect,"The harness counted any visible interactive rectangle intersecting the fixed bottom-navigation rectangle, including navigation descendants and content temporarily behind it after Playwright auto-scroll. It did not test whether final focusable content can scroll fully above the navigation.",scripts/prompt2b-final-review.mjs,MEDIUM,PENDING,PENDING,NO,,26,0,0,0,True,loaded,418.5
P2B-R30482255458-225,FAIL,BF-225,30482255458,ff6a8ab2180527e3dc62e2cf4890338eef18aa96,saved-calculations,firefox,1024x768,dark,dark,reduced,anonymous static visual preview,local storage reset before context; route-specific browser-local only,initial/empty local-persistence state,fixed-nav-overlap:25,,,,,test harness defect,"The harness counted any visible interactive rectangle intersecting the fixed bottom-navigation rectangle, including navigation descendants and content temporarily behind it after Playwright auto-scroll. It did not test whether final focusable content can scroll fully above the navigation.",scripts/prompt2b-final-review.mjs,MEDIUM,PENDING,PENDING,NO,,25,0,0,0,True,loaded,399.94
P2B-R30482255458-226,FAIL,BF-226,30482255458,ff6a8ab2180527e3dc62e2cf4890338eef18aa96,calculator-center,firefox,1024x768,light,dark,reduced,anonymous static visual preview,local storage reset before context; route-specific browser-local only,valid calculation after route render,fixed-nav-overlap:26,,,,,test harness defect,"The harness counted any visible interactive rectangle intersecting the fixed bottom-navigation rectangle, including navigation descendants and content temporarily behind it after Playwright auto-scroll. It did not test whether final focusable content can scroll fully above the navigation.",scripts/prompt2b-final-review.mjs,MEDIUM,PENDING,PENDING,NO,,26,0,0,0,True,loaded,688
P2B-R30482255458-227,FAIL,BF-227,30482255458,ff6a8ab2180527e3dc62e2cf4890338eef18aa96,india-finance,firefox,1024x768,light,dark,reduced,anonymous static visual preview,local storage reset before context; route-specific browser-local only,initial India finance truth/unavailable-rule state,fixed-nav-overlap:25,,,,,test harness defect,"The harness counted any visible interactive rectangle intersecting the fixed bottom-navigation rectangle, including navigation descendants and content temporarily behind it after Playwright auto-scroll. It did not test whether final focusable content can scroll fully above the navigation.",scripts/prompt2b-final-review.mjs,MEDIUM,PENDING,PENDING,NO,,25,0,0,0,True,loaded,406.58
P2B-R30482255458-228,FAIL,BF-228,30482255458,ff6a8ab2180527e3dc62e2cf4890338eef18aa96,indicator-library,firefox,1024x768,light,dark,reduced,anonymous static visual preview,local storage reset before context; route-specific browser-local only,valid indicator calculation after route render,fixed-nav-overlap:23,,,,,test harness defect,"The harness counted any visible interactive rectangle intersecting the fixed bottom-navigation rectangle, including navigation descendants and content temporarily behind it after Playwright auto-scroll. It did not test whether final focusable content can scroll fully above the navigation.",scripts/prompt2b-final-review.mjs,MEDIUM,PENDING,PENDING,NO,,23,0,0,0,True,loaded,665.45
P2B-R30482255458-229,FAIL,BF-229,30482255458,ff6a8ab2180527e3dc62e2cf4890338eef18aa96,formula-library,firefox,1024x768,light,dark,reduced,anonymous static visual preview,local storage reset before context; route-specific browser-local only,initial formula catalogue state,fixed-nav-overlap:26,,,,,test harness defect,"The harness counted any visible interactive rectangle intersecting the fixed bottom-navigation rectangle, including navigation descendants and content temporarily behind it after Playwright auto-scroll. It did not test whether final focusable content can scroll fully above the navigation.",scripts/prompt2b-final-review.mjs,MEDIUM,PENDING,PENDING,NO,,26,0,0,0,True,loaded,517.06
P2B-R30482255458-230,FAIL,BF-230,30482255458,ff6a8ab2180527e3dc62e2cf4890338eef18aa96,saved-calculations,firefox,1024x768,light,dark,reduced,anonymous static visual preview,local storage reset before context; route-specific browser-local only,initial/empty local-persistence state,fixed-nav-overlap:25,,,,,test harness defect,"The harness counted any visible interactive rectangle intersecting the fixed bottom-navigation rectangle, including navigation descendants and content temporarily behind it after Playwright auto-scroll. It did not test whether final focusable content can scroll fully above the navigation.",scripts/prompt2b-final-review.mjs,MEDIUM,PENDING,PENDING,NO,,25,0,0,0,True,loaded,416.26
P2B-R30482255458-231,FAIL,BF-231,30482255458,ff6a8ab2180527e3dc62e2cf4890338eef18aa96,calculator-center,firefox,1024x768,oled,dark,reduced,anonymous static visual preview,local storage reset before context; route-specific browser-local only,valid calculation after route render,fixed-nav-overlap:26,,,,,test harness defect,"The harness counted any visible interactive rectangle intersecting the fixed bottom-navigation rectangle, including navigation descendants and content temporarily behind it after Playwright auto-scroll. It did not test whether final focusable content can scroll fully above the navigation.",scripts/prompt2b-final-review.mjs,MEDIUM,PENDING,PENDING,NO,,26,0,0,0,True,loaded,881.88
P2B-R30482255458-232,FAIL,BF-232,30482255458,ff6a8ab2180527e3dc62e2cf4890338eef18aa96,india-finance,firefox,1024x768,oled,dark,reduced,anonymous static visual preview,local storage reset before context; route-specific browser-local only,initial India finance truth/unavailable-rule state,fixed-nav-overlap:25,,,,,test harness defect,"The harness counted any visible interactive rectangle intersecting the fixed bottom-navigation rectangle, including navigation descendants and content temporarily behind it after Playwright auto-scroll. It did not test whether final focusable content can scroll fully above the navigation.",scripts/prompt2b-final-review.mjs,MEDIUM,PENDING,PENDING,NO,,25,0,0,0,True,loaded,460.38
P2B-R30482255458-233,FAIL,BF-233,30482255458,ff6a8ab2180527e3dc62e2cf4890338eef18aa96,indicator-library,firefox,1024x768,oled,dark,reduced,anonymous static visual preview,local storage reset before context; route-specific browser-local only,valid indicator calculation after route render,fixed-nav-overlap:23,,,,,test harness defect,"The harness counted any visible interactive rectangle intersecting the fixed bottom-navigation rectangle, including navigation descendants and content temporarily behind it after Playwright auto-scroll. It did not test whether final focusable content can scroll fully above the navigation.",scripts/prompt2b-final-review.mjs,MEDIUM,PENDING,PENDING,NO,,23,0,0,0,True,loaded,661.26
P2B-R30482255458-234,FAIL,BF-234,30482255458,ff6a8ab2180527e3dc62e2cf4890338eef18aa96,formula-library,firefox,1024x768,oled,dark,reduced,anonymous static visual preview,local storage reset before context; route-specific browser-local only,initial formula catalogue state,fixed-nav-overlap:26,,,,,test harness defect,"The harness counted any visible interactive rectangle intersecting the fixed bottom-navigation rectangle, including navigation descendants and content temporarily behind it after Playwright auto-scroll. It did not test whether final focusable content can scroll fully above the navigation.",scripts/prompt2b-final-review.mjs,MEDIUM,PENDING,PENDING,NO,,26,0,0,0,True,loaded,412.42
P2B-R30482255458-235,FAIL,BF-235,30482255458,ff6a8ab2180527e3dc62e2cf4890338eef18aa96,saved-calculations,firefox,1024x768,oled,dark,reduced,anonymous static visual preview,local storage reset before context; route-specific browser-local only,initial/empty local-persistence state,fixed-nav-overlap:25,,,,,test harness defect,"The harness counted any visible interactive rectangle intersecting the fixed bottom-navigation rectangle, including navigation descendants and content temporarily behind it after Playwright auto-scroll. It did not test whether final focusable content can scroll fully above the navigation.",scripts/prompt2b-final-review.mjs,MEDIUM,PENDING,PENDING,NO,,25,0,0,0,True,loaded,372.87
P2B-R30482255458-236,FAIL,BF-236,30482255458,ff6a8ab2180527e3dc62e2cf4890338eef18aa96,calculator-center,firefox,1024x768,high-contrast,dark,reduced,anonymous static visual preview,local storage reset before context; route-specific browser-local only,valid calculation after route render,fixed-nav-overlap:26,,,,,test harness defect,"The harness counted any visible interactive rectangle intersecting the fixed bottom-navigation rectangle, including navigation descendants and content temporarily behind it after Playwright auto-scroll. It did not test whether final focusable content can scroll fully above the navigation.",scripts/prompt2b-final-review.mjs,MEDIUM,PENDING,PENDING,NO,,26,0,0,0,True,loaded,628.04
P2B-R30482255458-237,FAIL,BF-237,30482255458,ff6a8ab2180527e3dc62e2cf4890338eef18aa96,india-finance,firefox,1024x768,high-contrast,dark,reduced,anonymous static visual preview,local storage reset before context; route-specific browser-local only,initial India finance truth/unavailable-rule state,fixed-nav-overlap:25,,,,,test harness defect,"The harness counted any visible interactive rectangle intersecting the fixed bottom-navigation rectangle, including navigation descendants and content temporarily behind it after Playwright auto-scroll. It did not test whether final focusable content can scroll fully above the navigation.",scripts/prompt2b-final-review.mjs,MEDIUM,PENDING,PENDING,NO,,25,0,0,0,True,loaded,400.94
P2B-R30482255458-238,FAIL,BF-238,30482255458,ff6a8ab2180527e3dc62e2cf4890338eef18aa96,indicator-library,firefox,1024x768,high-contrast,dark,reduced,anonymous static visual preview,local storage reset before context; route-specific browser-local only,valid indicator calculation after route render,fixed-nav-overlap:23,,,,,test harness defect,"The harness counted any visible interactive rectangle intersecting the fixed bottom-navigation rectangle, including navigation descendants and content temporarily behind it after Playwright auto-scroll. It did not test whether final focusable content can scroll fully above the navigation.",scripts/prompt2b-final-review.mjs,MEDIUM,PENDING,PENDING,NO,,23,0,0,0,True,loaded,689.1
P2B-R30482255458-239,FAIL,BF-239,30482255458,ff6a8ab2180527e3dc62e2cf4890338eef18aa96,formula-library,firefox,1024x768,high-contrast,dark,reduced,anonymous static visual preview,local storage reset before context; route-specific browser-local only,initial formula catalogue state,fixed-nav-overlap:26,,,,,test harness defect,"The harness counted any visible interactive rectangle intersecting the fixed bottom-navigation rectangle, including navigation descendants and content temporarily behind it after Playwright auto-scroll. It did not test whether final focusable content can scroll fully above the navigation.",scripts/prompt2b-final-review.mjs,MEDIUM,PENDING,PENDING,NO,,26,0,0,0,True,loaded,493.95
P2B-R30482255458-240,FAIL,BF-240,30482255458,ff6a8ab2180527e3dc62e2cf4890338eef18aa96,saved-calculations,firefox,1024x768,high-contrast,dark,reduced,anonymous static visual preview,local storage reset before context; route-specific browser-local only,initial/empty local-persistence state,fixed-nav-overlap:25,,,,,test harness defect,"The harness counted any visible interactive rectangle intersecting the fixed bottom-navigation rectangle, including navigation descendants and content temporarily behind it after Playwright auto-scroll. It did not test whether final focusable content can scroll fully above the navigation.",scripts/prompt2b-final-review.mjs,MEDIUM,PENDING,PENDING,NO,,25,0,0,0,True,loaded,393.38
P2B-R30482255458-241,FAIL,BF-241,30482255458,ff6a8ab2180527e3dc62e2cf4890338eef18aa96,calculator-center,firefox,1440x1000,dark,dark,reduced,anonymous static visual preview,local storage reset before context; route-specific browser-local only,valid calculation after route render,fixed-nav-overlap:38,,,,,test harness defect,"The harness counted any visible interactive rectangle intersecting the fixed bottom-navigation rectangle, including navigation descendants and content temporarily behind it after Playwright auto-scroll. It did not test whether final focusable content can scroll fully above the navigation.",scripts/prompt2b-final-review.mjs,MEDIUM,PENDING,PENDING,NO,,38,0,0,0,True,loaded,590.3
P2B-R30482255458-242,FAIL,BF-242,30482255458,ff6a8ab2180527e3dc62e2cf4890338eef18aa96,india-finance,firefox,1440x1000,dark,dark,reduced,anonymous static visual preview,local storage reset before context; route-specific browser-local only,initial India finance truth/unavailable-rule state,fixed-nav-overlap:27,,,,,test harness defect,"The harness counted any visible interactive rectangle intersecting the fixed bottom-navigation rectangle, including navigation descendants and content temporarily behind it after Playwright auto-scroll. It did not test whether final focusable content can scroll fully above the navigation.",scripts/prompt2b-final-review.mjs,MEDIUM,PENDING,PENDING,NO,,27,0,0,0,True,loaded,443.89
P2B-R30482255458-243,FAIL,BF-243,30482255458,ff6a8ab2180527e3dc62e2cf4890338eef18aa96,indicator-library,firefox,1440x1000,dark,dark,reduced,anonymous static visual preview,local storage reset before context; route-specific browser-local only,valid indicator calculation after route render,fixed-nav-overlap:32,,,,,test harness defect,"The harness counted any visible interactive rectangle intersecting the fixed bottom-navigation rectangle, including navigation descendants and content temporarily behind it after Playwright auto-scroll. It did not test whether final focusable content can scroll fully above the navigation.",scripts/prompt2b-final-review.mjs,MEDIUM,PENDING,PENDING,NO,,32,0,0,0,True,loaded,556.46
P2B-R30482255458-244,FAIL,BF-244,30482255458,ff6a8ab2180527e3dc62e2cf4890338eef18aa96,formula-library,firefox,1440x1000,dark,dark,reduced,anonymous static visual preview,local storage reset before context; route-specific browser-local only,initial formula catalogue state,fixed-nav-overlap:26,,,,,test harness defect,"The harness counted any visible interactive rectangle intersecting the fixed bottom-navigation rectangle, including navigation descendants and content temporarily behind it after Playwright auto-scroll. It did not test whether final focusable content can scroll fully above the navigation.",scripts/prompt2b-final-review.mjs,MEDIUM,PENDING,PENDING,NO,,26,0,0,0,True,loaded,418.77
P2B-R30482255458-245,FAIL,BF-245,30482255458,ff6a8ab2180527e3dc62e2cf4890338eef18aa96,saved-calculations,firefox,1440x1000,dark,dark,reduced,anonymous static visual preview,local storage reset before context; route-specific browser-local only,initial/empty local-persistence state,fixed-nav-overlap:26,,,,,test harness defect,"The harness counted any visible interactive rectangle intersecting the fixed bottom-navigation rectangle, including navigation descendants and content temporarily behind it after Playwright auto-scroll. It did not test whether final focusable content can scroll fully above the navigation.",scripts/prompt2b-final-review.mjs,MEDIUM,PENDING,PENDING,NO,,26,0,0,0,True,loaded,389.48
P2B-R30482255458-246,FAIL,BF-246,30482255458,ff6a8ab2180527e3dc62e2cf4890338eef18aa96,calculator-center,firefox,1440x1000,light,dark,reduced,anonymous static visual preview,local storage reset before context; route-specific browser-local only,valid calculation after route render,fixed-nav-overlap:38,,,,,test harness defect,"The harness counted any visible interactive rectangle intersecting the fixed bottom-navigation rectangle, including navigation descendants and content temporarily behind it after Playwright auto-scroll. It did not test whether final focusable content can scroll fully above the navigation.",scripts/prompt2b-final-review.mjs,MEDIUM,PENDING,PENDING,NO,,38,0,0,0,True,loaded,670.87
P2B-R30482255458-247,FAIL,BF-247,30482255458,ff6a8ab2180527e3dc62e2cf4890338eef18aa96,india-finance,firefox,1440x1000,light,dark,reduced,anonymous static visual preview,local storage reset before context; route-specific browser-local only,initial India finance truth/unavailable-rule state,fixed-nav-overlap:27,,,,,test harness defect,"The harness counted any visible interactive rectangle intersecting the fixed bottom-navigation rectangle, including navigation descendants and content temporarily behind it after Playwright auto-scroll. It did not test whether final focusable content can scroll fully above the navigation.",scripts/prompt2b-final-review.mjs,MEDIUM,PENDING,PENDING,NO,,27,0,0,0,True,loaded,429.2
P2B-R30482255458-248,FAIL,BF-248,30482255458,ff6a8ab2180527e3dc62e2cf4890338eef18aa96,indicator-library,firefox,1440x1000,light,dark,reduced,anonymous static visual preview,local storage reset before context; route-specific browser-local only,valid indicator calculation after route render,fixed-nav-overlap:32,,,,,test harness defect,"The harness counted any visible interactive rectangle intersecting the fixed bottom-navigation rectangle, including navigation descendants and content temporarily behind it after Playwright auto-scroll. It did not test whether final focusable content can scroll fully above the navigation.",scripts/prompt2b-final-review.mjs,MEDIUM,PENDING,PENDING,NO,,32,0,0,0,True,loaded,619.74
P2B-R30482255458-249,FAIL,BF-249,30482255458,ff6a8ab2180527e3dc62e2cf4890338eef18aa96,formula-library,firefox,1440x1000,light,dark,reduced,anonymous static visual preview,local storage reset before context; route-specific browser-local only,initial formula catalogue state,fixed-nav-overlap:26,,,,,test harness defect,"The harness counted any visible interactive rectangle intersecting the fixed bottom-navigation rectangle, including navigation descendants and content temporarily behind it after Playwright auto-scroll. It did not test whether final focusable content can scroll fully above the navigation.",scripts/prompt2b-final-review.mjs,MEDIUM,PENDING,PENDING,NO,,26,0,0,0,True,loaded,474.59
P2B-R30482255458-250,FAIL,BF-250,30482255458,ff6a8ab2180527e3dc62e2cf4890338eef18aa96,saved-calculations,firefox,1440x1000,light,dark,reduced,anonymous static visual preview,local storage reset before context; route-specific browser-local only,initial/empty local-persistence state,fixed-nav-overlap:26,,,,,test harness defect,"The harness counted any visible interactive rectangle intersecting the fixed bottom-navigation rectangle, including navigation descendants and content temporarily behind it after Playwright auto-scroll. It did not test whether final focusable content can scroll fully above the navigation.",scripts/prompt2b-final-review.mjs,MEDIUM,PENDING,PENDING,NO,,26,0,0,0,True,loaded,434.53
P2B-R30482255458-251,FAIL,BF-251,30482255458,ff6a8ab2180527e3dc62e2cf4890338eef18aa96,calculator-center,firefox,1440x1000,oled,dark,reduced,anonymous static visual preview,local storage reset before context; route-specific browser-local only,valid calculation after route render,fixed-nav-overlap:38,,,,,test harness defect,"The harness counted any visible interactive rectangle intersecting the fixed bottom-navigation rectangle, including navigation descendants and content temporarily behind it after Playwright auto-scroll. It did not test whether final focusable content can scroll fully above the navigation.",scripts/prompt2b-final-review.mjs,MEDIUM,PENDING,PENDING,NO,,38,0,0,0,True,loaded,597.43
P2B-R30482255458-252,FAIL,BF-252,30482255458,ff6a8ab2180527e3dc62e2cf4890338eef18aa96,india-finance,firefox,1440x1000,oled,dark,reduced,anonymous static visual preview,local storage reset before context; route-specific browser-local only,initial India finance truth/unavailable-rule state,fixed-nav-overlap:27,,,,,test harness defect,"The harness counted any visible interactive rectangle intersecting the fixed bottom-navigation rectangle, including navigation descendants and content temporarily behind it after Playwright auto-scroll. It did not test whether final focusable content can scroll fully above the navigation.",scripts/prompt2b-final-review.mjs,MEDIUM,PENDING,PENDING,NO,,27,0,0,0,True,loaded,415.8
P2B-R30482255458-253,FAIL,BF-253,30482255458,ff6a8ab2180527e3dc62e2cf4890338eef18aa96,indicator-library,firefox,1440x1000,oled,dark,reduced,anonymous static visual preview,local storage reset before context; route-specific browser-local only,valid indicator calculation after route render,fixed-nav-overlap:32,,,,,test harness defect,"The harness counted any visible interactive rectangle intersecting the fixed bottom-navigation rectangle, including navigation descendants and content temporarily behind it after Playwright auto-scroll. It did not test whether final focusable content can scroll fully above the navigation.",scripts/prompt2b-final-review.mjs,MEDIUM,PENDING,PENDING,NO,,32,0,0,0,True,loaded,628.75
P2B-R30482255458-254,FAIL,BF-254,30482255458,ff6a8ab2180527e3dc62e2cf4890338eef18aa96,formula-library,firefox,1440x1000,oled,dark,reduced,anonymous static visual preview,local storage reset before context; route-specific browser-local only,initial formula catalogue state,fixed-nav-overlap:26,,,,,test harness defect,"The harness counted any visible interactive rectangle intersecting the fixed bottom-navigation rectangle, including navigation descendants and content temporarily behind it after Playwright auto-scroll. It did not test whether final focusable content can scroll fully above the navigation.",scripts/prompt2b-final-review.mjs,MEDIUM,PENDING,PENDING,NO,,26,0,0,0,True,loaded,438.56
P2B-R30482255458-255,FAIL,BF-255,30482255458,ff6a8ab2180527e3dc62e2cf4890338eef18aa96,saved-calculations,firefox,1440x1000,oled,dark,reduced,anonymous static visual preview,local storage reset before context; route-specific browser-local only,initial/empty local-persistence state,fixed-nav-overlap:26,,,,,test harness defect,"The harness counted any visible interactive rectangle intersecting the fixed bottom-navigation rectangle, including navigation descendants and content temporarily behind it after Playwright auto-scroll. It did not test whether final focusable content can scroll fully above the navigation.",scripts/prompt2b-final-review.mjs,MEDIUM,PENDING,PENDING,NO,,26,0,0,0,True,loaded,404.89
P2B-R30482255458-256,FAIL,BF-256,30482255458,ff6a8ab2180527e3dc62e2cf4890338eef18aa96,calculator-center,firefox,1440x1000,high-contrast,dark,reduced,anonymous static visual preview,local storage reset before context; route-specific browser-local only,valid calculation after route render,fixed-nav-overlap:38,,,,,test harness defect,"The harness counted any visible interactive rectangle intersecting the fixed bottom-navigation rectangle, including navigation descendants and content temporarily behind it after Playwright auto-scroll. It did not test whether final focusable content can scroll fully above the navigation.",scripts/prompt2b-final-review.mjs,MEDIUM,PENDING,PENDING,NO,,38,0,0,0,True,loaded,724.63
P2B-R30482255458-257,FAIL,BF-257,30482255458,ff6a8ab2180527e3dc62e2cf4890338eef18aa96,india-finance,firefox,1440x1000,high-contrast,dark,reduced,anonymous static visual preview,local storage reset before context; route-specific browser-local only,initial India finance truth/unavailable-rule state,fixed-nav-overlap:27,,,,,test harness defect,"The harness counted any visible interactive rectangle intersecting the fixed bottom-navigation rectangle, including navigation descendants and content temporarily behind it after Playwright auto-scroll. It did not test whether final focusable content can scroll fully above the navigation.",scripts/prompt2b-final-review.mjs,MEDIUM,PENDING,PENDING,NO,,27,0,0,0,True,loaded,427.45
P2B-R30482255458-258,FAIL,BF-258,30482255458,ff6a8ab2180527e3dc62e2cf4890338eef18aa96,indicator-library,firefox,1440x1000,high-contrast,dark,reduced,anonymous static visual preview,local storage reset before context; route-specific browser-local only,valid indicator calculation after route render,fixed-nav-overlap:32,,,,,test harness defect,"The harness counted any visible interactive rectangle intersecting the fixed bottom-navigation rectangle, including navigation descendants and content temporarily behind it after Playwright auto-scroll. It did not test whether final focusable content can scroll fully above the navigation.",scripts/prompt2b-final-review.mjs,MEDIUM,PENDING,PENDING,NO,,32,0,0,0,True,loaded,639.26
P2B-R30482255458-259,FAIL,BF-259,30482255458,ff6a8ab2180527e3dc62e2cf4890338eef18aa96,formula-library,firefox,1440x1000,high-contrast,dark,reduced,anonymous static visual preview,local storage reset before context; route-specific browser-local only,initial formula catalogue state,fixed-nav-overlap:26,,,,,test harness defect,"The harness counted any visible interactive rectangle intersecting the fixed bottom-navigation rectangle, including navigation descendants and content temporarily behind it after Playwright auto-scroll. It did not test whether final focusable content can scroll fully above the navigation.",scripts/prompt2b-final-review.mjs,MEDIUM,PENDING,PENDING,NO,,26,0,0,0,True,loaded,475.32
P2B-R30482255458-260,FAIL,BF-260,30482255458,ff6a8ab2180527e3dc62e2cf4890338eef18aa96,saved-calculations,firefox,1440x1000,high-contrast,dark,reduced,anonymous static visual preview,local storage reset before context; route-specific browser-local only,initial/empty local-persistence state,fixed-nav-overlap:26,,,,,test harness defect,"The harness counted any visible interactive rectangle intersecting the fixed bottom-navigation rectangle, including navigation descendants and content temporarily behind it after Playwright auto-scroll. It did not test whether final focusable content can scroll fully above the navigation.",scripts/prompt2b-final-review.mjs,MEDIUM,PENDING,PENDING,NO,,26,0,0,0,True,loaded,405.65
P2B-R30482255458-261,FAIL,BF-261,30482255458,ff6a8ab2180527e3dc62e2cf4890338eef18aa96,calculator-center,firefox,1920x1080,dark,dark,reduced,anonymous static visual preview,local storage reset before context; route-specific browser-local only,valid calculation after route render,fixed-nav-overlap:44,,,,,test harness defect,"The harness counted any visible interactive rectangle intersecting the fixed bottom-navigation rectangle, including navigation descendants and content temporarily behind it after Playwright auto-scroll. It did not test whether final focusable content can scroll fully above the navigation.",scripts/prompt2b-final-review.mjs,MEDIUM,PENDING,PENDING,NO,,44,0,0,0,True,loaded,727.54
P2B-R30482255458-262,FAIL,BF-262,30482255458,ff6a8ab2180527e3dc62e2cf4890338eef18aa96,india-finance,firefox,1920x1080,dark,dark,reduced,anonymous static visual preview,local storage reset before context; route-specific browser-local only,initial India finance truth/unavailable-rule state,fixed-nav-overlap:29,,,,,test harness defect,"The harness counted any visible interactive rectangle intersecting the fixed bottom-navigation rectangle, including navigation descendants and content temporarily behind it after Playwright auto-scroll. It did not test whether final focusable content can scroll fully above the navigation.",scripts/prompt2b-final-review.mjs,MEDIUM,PENDING,PENDING,NO,,29,0,0,0,True,loaded,469.09
P2B-R30482255458-263,FAIL,BF-263,30482255458,ff6a8ab2180527e3dc62e2cf4890338eef18aa96,indicator-library,firefox,1920x1080,dark,dark,reduced,anonymous static visual preview,local storage reset before context; route-specific browser-local only,valid indicator calculation after route render,fixed-nav-overlap:35,,,,,test harness defect,"The harness counted any visible interactive rectangle intersecting the fixed bottom-navigation rectangle, including navigation descendants and content temporarily behind it after Playwright auto-scroll. It did not test whether final focusable content can scroll fully above the navigation.",scripts/prompt2b-final-review.mjs,MEDIUM,PENDING,PENDING,NO,,35,0,0,0,True,loaded,644.28
P2B-R30482255458-264,FAIL,BF-264,30482255458,ff6a8ab2180527e3dc62e2cf4890338eef18aa96,formula-library,firefox,1920x1080,dark,dark,reduced,anonymous static visual preview,local storage reset before context; route-specific browser-local only,initial formula catalogue state,fixed-nav-overlap:26,,,,,test harness defect,"The harness counted any visible interactive rectangle intersecting the fixed bottom-navigation rectangle, including navigation descendants and content temporarily behind it after Playwright auto-scroll. It did not test whether final focusable content can scroll fully above the navigation.",scripts/prompt2b-final-review.mjs,MEDIUM,PENDING,PENDING,NO,,26,0,0,0,True,loaded,425.57
P2B-R30482255458-265,FAIL,BF-265,30482255458,ff6a8ab2180527e3dc62e2cf4890338eef18aa96,saved-calculations,firefox,1920x1080,dark,dark,reduced,anonymous static visual preview,local storage reset before context; route-specific browser-local only,initial/empty local-persistence state,fixed-nav-overlap:26,,,,,test harness defect,"The harness counted any visible interactive rectangle intersecting the fixed bottom-navigation rectangle, including navigation descendants and content temporarily behind it after Playwright auto-scroll. It did not test whether final focusable content can scroll fully above the navigation.",scripts/prompt2b-final-review.mjs,MEDIUM,PENDING,PENDING,NO,,26,0,0,0,True,loaded,406.65
P2B-R30482255458-266,FAIL,BF-266,30482255458,ff6a8ab2180527e3dc62e2cf4890338eef18aa96,calculator-center,firefox,1920x1080,light,dark,reduced,anonymous static visual preview,local storage reset before context; route-specific browser-local only,valid calculation after route render,fixed-nav-overlap:44,,,,,test harness defect,"The harness counted any visible interactive rectangle intersecting the fixed bottom-navigation rectangle, including navigation descendants and content temporarily behind it after Playwright auto-scroll. It did not test whether final focusable content can scroll fully above the navigation.",scripts/prompt2b-final-review.mjs,MEDIUM,PENDING,PENDING,NO,,44,0,0,0,True,loaded,665.68
P2B-R30482255458-267,FAIL,BF-267,30482255458,ff6a8ab2180527e3dc62e2cf4890338eef18aa96,india-finance,firefox,1920x1080,light,dark,reduced,anonymous static visual preview,local storage reset before context; route-specific browser-local only,initial India finance truth/unavailable-rule state,fixed-nav-overlap:29,,,,,test harness defect,"The harness counted any visible interactive rectangle intersecting the fixed bottom-navigation rectangle, including navigation descendants and content temporarily behind it after Playwright auto-scroll. It did not test whether final focusable content can scroll fully above the navigation.",scripts/prompt2b-final-review.mjs,MEDIUM,PENDING,PENDING,NO,,29,0,0,0,True,loaded,394.98
P2B-R30482255458-268,FAIL,BF-268,30482255458,ff6a8ab2180527e3dc62e2cf4890338eef18aa96,indicator-library,firefox,1920x1080,light,dark,reduced,anonymous static visual preview,local storage reset before context; route-specific browser-local only,valid indicator calculation after route render,fixed-nav-overlap:35,,,,,test harness defect,"The harness counted any visible interactive rectangle intersecting the fixed bottom-navigation rectangle, including navigation descendants and content temporarily behind it after Playwright auto-scroll. It did not test whether final focusable content can scroll fully above the navigation.",scripts/prompt2b-final-review.mjs,MEDIUM,PENDING,PENDING,NO,,35,0,0,0,True,loaded,661.64
P2B-R30482255458-269,FAIL,BF-269,30482255458,ff6a8ab2180527e3dc62e2cf4890338eef18aa96,formula-library,firefox,1920x1080,light,dark,reduced,anonymous static visual preview,local storage reset before context; route-specific browser-local only,initial formula catalogue state,fixed-nav-overlap:26,,,,,test harness defect,"The harness counted any visible interactive rectangle intersecting the fixed bottom-navigation rectangle, including navigation descendants and content temporarily behind it after Playwright auto-scroll. It did not test whether final focusable content can scroll fully above the navigation.",scripts/prompt2b-final-review.mjs,MEDIUM,PENDING,PENDING,NO,,26,0,0,0,True,loaded,528.06
P2B-R30482255458-270,FAIL,BF-270,30482255458,ff6a8ab2180527e3dc62e2cf4890338eef18aa96,saved-calculations,firefox,1920x1080,light,dark,reduced,anonymous static visual preview,local storage reset before context; route-specific browser-local only,initial/empty local-persistence state,fixed-nav-overlap:26,,,,,test harness defect,"The harness counted any visible interactive rectangle intersecting the fixed bottom-navigation rectangle, including navigation descendants and content temporarily behind it after Playwright auto-scroll. It did not test whether final focusable content can scroll fully above the navigation.",scripts/prompt2b-final-review.mjs,MEDIUM,PENDING,PENDING,NO,,26,0,0,0,True,loaded,429.48
P2B-R30482255458-271,FAIL,BF-271,30482255458,ff6a8ab2180527e3dc62e2cf4890338eef18aa96,calculator-center,firefox,1920x1080,oled,dark,reduced,anonymous static visual preview,local storage reset before context; route-specific browser-local only,valid calculation after route render,fixed-nav-overlap:44,,,,,test harness defect,"The harness counted any visible interactive rectangle intersecting the fixed bottom-navigation rectangle, including navigation descendants and content temporarily behind it after Playwright auto-scroll. It did not test whether final focusable content can scroll fully above the navigation.",scripts/prompt2b-final-review.mjs,MEDIUM,PENDING,PENDING,NO,,44,0,0,0,True,loaded,660.3
P2B-R30482255458-272,FAIL,BF-272,30482255458,ff6a8ab2180527e3dc62e2cf4890338eef18aa96,india-finance,firefox,1920x1080,oled,dark,reduced,anonymous static visual preview,local storage reset before context; route-specific browser-local only,initial India finance truth/unavailable-rule state,fixed-nav-overlap:29,,,,,test harness defect,"The harness counted any visible interactive rectangle intersecting the fixed bottom-navigation rectangle, including navigation descendants and content temporarily behind it after Playwright auto-scroll. It did not test whether final focusable content can scroll fully above the navigation.",scripts/prompt2b-final-review.mjs,MEDIUM,PENDING,PENDING,NO,,29,0,0,0,True,loaded,418.67
P2B-R30482255458-273,FAIL,BF-273,30482255458,ff6a8ab2180527e3dc62e2cf4890338eef18aa96,indicator-library,firefox,1920x1080,oled,dark,reduced,anonymous static visual preview,local storage reset before context; route-specific browser-local only,valid indicator calculation after route render,fixed-nav-overlap:35,,,,,test harness defect,"The harness counted any visible interactive rectangle intersecting the fixed bottom-navigation rectangle, including navigation descendants and content temporarily behind it after Playwright auto-scroll. It did not test whether final focusable content can scroll fully above the navigation.",scripts/prompt2b-final-review.mjs,MEDIUM,PENDING,PENDING,NO,,35,0,0,0,True,loaded,662.84
P2B-R30482255458-274,FAIL,BF-274,30482255458,ff6a8ab2180527e3dc62e2cf4890338eef18aa96,formula-library,firefox,1920x1080,oled,dark,reduced,anonymous static visual preview,local storage reset before context; route-specific browser-local only,initial formula catalogue state,fixed-nav-overlap:26,,,,,test harness defect,"The harness counted any visible interactive rectangle intersecting the fixed bottom-navigation rectangle, including navigation descendants and content temporarily behind it after Playwright auto-scroll. It did not test whether final focusable content can scroll fully above the navigation.",scripts/prompt2b-final-review.mjs,MEDIUM,PENDING,PENDING,NO,,26,0,0,0,True,loaded,430.08
P2B-R30482255458-275,FAIL,BF-275,30482255458,ff6a8ab2180527e3dc62e2cf4890338eef18aa96,saved-calculations,firefox,1920x1080,oled,dark,reduced,anonymous static visual preview,local storage reset before context; route-specific browser-local only,initial/empty local-persistence state,fixed-nav-overlap:26,,,,,test harness defect,"The harness counted any visible interactive rectangle intersecting the fixed bottom-navigation rectangle, including navigation descendants and content temporarily behind it after Playwright auto-scroll. It did not test whether final focusable content can scroll fully above the navigation.",scripts/prompt2b-final-review.mjs,MEDIUM,PENDING,PENDING,NO,,26,0,0,0,True,loaded,442.18
P2B-R30482255458-276,FAIL,BF-276,30482255458,ff6a8ab2180527e3dc62e2cf4890338eef18aa96,calculator-center,firefox,1920x1080,high-contrast,dark,reduced,anonymous static visual preview,local storage reset before context; route-specific browser-local only,valid calculation after route render,fixed-nav-overlap:44,,,,,test harness defect,"The harness counted any visible interactive rectangle intersecting the fixed bottom-navigation rectangle, including navigation descendants and content temporarily behind it after Playwright auto-scroll. It did not test whether final focusable content can scroll fully above the navigation.",scripts/prompt2b-final-review.mjs,MEDIUM,PENDING,PENDING,NO,,44,0,0,0,True,loaded,605.94
P2B-R30482255458-277,FAIL,BF-277,30482255458,ff6a8ab2180527e3dc62e2cf4890338eef18aa96,india-finance,firefox,1920x1080,high-contrast,dark,reduced,anonymous static visual preview,local storage reset before context; route-specific browser-local only,initial India finance truth/unavailable-rule state,fixed-nav-overlap:29,,,,,test harness defect,"The harness counted any visible interactive rectangle intersecting the fixed bottom-navigation rectangle, including navigation descendants and content temporarily behind it after Playwright auto-scroll. It did not test whether final focusable content can scroll fully above the navigation.",scripts/prompt2b-final-review.mjs,MEDIUM,PENDING,PENDING,NO,,29,0,0,0,True,loaded,421.02
P2B-R30482255458-278,FAIL,BF-278,30482255458,ff6a8ab2180527e3dc62e2cf4890338eef18aa96,indicator-library,firefox,1920x1080,high-contrast,dark,reduced,anonymous static visual preview,local storage reset before context; route-specific browser-local only,valid indicator calculation after route render,fixed-nav-overlap:35,,,,,test harness defect,"The harness counted any visible interactive rectangle intersecting the fixed bottom-navigation rectangle, including navigation descendants and content temporarily behind it after Playwright auto-scroll. It did not test whether final focusable content can scroll fully above the navigation.",scripts/prompt2b-final-review.mjs,MEDIUM,PENDING,PENDING,NO,,35,0,0,0,True,loaded,623.53
P2B-R30482255458-279,FAIL,BF-279,30482255458,ff6a8ab2180527e3dc62e2cf4890338eef18aa96,formula-library,firefox,1920x1080,high-contrast,dark,reduced,anonymous static visual preview,local storage reset before context; route-specific browser-local only,initial formula catalogue state,fixed-nav-overlap:26,,,,,test harness defect,"The harness counted any visible interactive rectangle intersecting the fixed bottom-navigation rectangle, including navigation descendants and content temporarily behind it after Playwright auto-scroll. It did not test whether final focusable content can scroll fully above the navigation.",scripts/prompt2b-final-review.mjs,MEDIUM,PENDING,PENDING,NO,,26,0,0,0,True,loaded,401.62
P2B-R30482255458-280,FAIL,BF-280,30482255458,ff6a8ab2180527e3dc62e2cf4890338eef18aa96,saved-calculations,firefox,1920x1080,high-contrast,dark,reduced,anonymous static visual preview,local storage reset before context; route-specific browser-local only,initial/empty local-persistence state,fixed-nav-overlap:26,,,,,test harness defect,"The harness counted any visible interactive rectangle intersecting the fixed bottom-navigation rectangle, including navigation descendants and content temporarily behind it after Playwright auto-scroll. It did not test whether final focusable content can scroll fully above the navigation.",scripts/prompt2b-final-review.mjs,MEDIUM,PENDING,PENDING,NO,,26,0,0,0,True,loaded,421.65
P2B-R30482255458-281,FAIL,BF-281,30482255458,ff6a8ab2180527e3dc62e2cf4890338eef18aa96,calculator-center,webkit,360x800,dark,dark,reduced,anonymous static visual preview,local storage reset before context; route-specific browser-local only,valid calculation after route render,fixed-nav-overlap:21,,,,,test harness defect,"The harness counted any visible interactive rectangle intersecting the fixed bottom-navigation rectangle, including navigation descendants and content temporarily behind it after Playwright auto-scroll. It did not test whether final focusable content can scroll fully above the navigation.",scripts/prompt2b-final-review.mjs,MEDIUM,PENDING,PENDING,NO,,21,0,0,0,True,loaded,8502.25
P2B-R30482255458-282,PASS,,30482255458,ff6a8ab2180527e3dc62e2cf4890338eef18aa96,india-finance,webkit,360x800,dark,dark,reduced,anonymous static visual preview,local storage reset before context; route-specific browser-local only,initial India finance truth/unavailable-rule state,,,,,,none,,,NONE,PENDING,PASS_ON_RECORDED_RUN,NO,,0,0,0,0,True,loaded,575.46
P2B-R30482255458-283,FAIL,BF-283,30482255458,ff6a8ab2180527e3dc62e2cf4890338eef18aa96,indicator-library,webkit,360x800,dark,dark,reduced,anonymous static visual preview,local storage reset before context; route-specific browser-local only,valid indicator calculation after route render,fixed-nav-overlap:15,,,,,test harness defect,"The harness counted any visible interactive rectangle intersecting the fixed bottom-navigation rectangle, including navigation descendants and content temporarily behind it after Playwright auto-scroll. It did not test whether final focusable content can scroll fully above the navigation.",scripts/prompt2b-final-review.mjs,MEDIUM,PENDING,PENDING,NO,,15,0,0,0,True,loaded,2368.18
P2B-R30482255458-284,PASS,,30482255458,ff6a8ab2180527e3dc62e2cf4890338eef18aa96,formula-library,webkit,360x800,dark,dark,reduced,anonymous static visual preview,local storage reset before context; route-specific browser-local only,initial formula catalogue state,,,,,,none,,,NONE,PENDING,PASS_ON_RECORDED_RUN,NO,,0,0,0,0,True,loaded,496.46
P2B-R30482255458-285,FAIL,BF-285,30482255458,ff6a8ab2180527e3dc62e2cf4890338eef18aa96,saved-calculations,webkit,360x800,dark,dark,reduced,anonymous static visual preview,local storage reset before context; route-specific browser-local only,initial/empty local-persistence state,fixed-nav-overlap:5,,,,,test harness defect,"The harness counted any visible interactive rectangle intersecting the fixed bottom-navigation rectangle, including navigation descendants and content temporarily behind it after Playwright auto-scroll. It did not test whether final focusable content can scroll fully above the navigation.",scripts/prompt2b-final-review.mjs,MEDIUM,PENDING,PENDING,NO,,5,0,0,0,True,loaded,485.92
P2B-R30482255458-286,FAIL,BF-286,30482255458,ff6a8ab2180527e3dc62e2cf4890338eef18aa96,calculator-center,webkit,360x800,light,dark,reduced,anonymous static visual preview,local storage reset before context; route-specific browser-local only,valid calculation after route render,fixed-nav-overlap:16,,,,,test harness defect,"The harness counted any visible interactive rectangle intersecting the fixed bottom-navigation rectangle, including navigation descendants and content temporarily behind it after Playwright auto-scroll. It did not test whether final focusable content can scroll fully above the navigation.",scripts/prompt2b-final-review.mjs,MEDIUM,PENDING,PENDING,NO,,16,0,0,0,True,loaded,1242.78
P2B-R30482255458-287,FAIL,BF-287,30482255458,ff6a8ab2180527e3dc62e2cf4890338eef18aa96,india-finance,webkit,360x800,light,dark,reduced,anonymous static visual preview,local storage reset before context; route-specific browser-local only,initial India finance truth/unavailable-rule state,fixed-nav-overlap:5,,,,,test harness defect,"The harness counted any visible interactive rectangle intersecting the fixed bottom-navigation rectangle, including navigation descendants and content temporarily behind it after Playwright auto-scroll. It did not test whether final focusable content can scroll fully above the navigation.",scripts/prompt2b-final-review.mjs,MEDIUM,PENDING,PENDING,NO,,5,0,0,0,True,loaded,563.47
P2B-R30482255458-288,FAIL,BF-288,30482255458,ff6a8ab2180527e3dc62e2cf4890338eef18aa96,indicator-library,webkit,360x800,light,dark,reduced,anonymous static visual preview,local storage reset before context; route-specific browser-local only,valid indicator calculation after route render,fixed-nav-overlap:15,,,,,test harness defect,"The harness counted any visible interactive rectangle intersecting the fixed bottom-navigation rectangle, including navigation descendants and content temporarily behind it after Playwright auto-scroll. It did not test whether final focusable content can scroll fully above the navigation.",scripts/prompt2b-final-review.mjs,MEDIUM,PENDING,PENDING,NO,,15,0,0,0,True,loaded,1137.35
P2B-R30482255458-289,FAIL,BF-289,30482255458,ff6a8ab2180527e3dc62e2cf4890338eef18aa96,formula-library,webkit,360x800,light,dark,reduced,anonymous static visual preview,local storage reset before context; route-specific browser-local only,initial formula catalogue state,fixed-nav-overlap:5,,,,,test harness defect,"The harness counted any visible interactive rectangle intersecting the fixed bottom-navigation rectangle, including navigation descendants and content temporarily behind it after Playwright auto-scroll. It did not test whether final focusable content can scroll fully above the navigation.",scripts/prompt2b-final-review.mjs,MEDIUM,PENDING,PENDING,NO,,5,0,0,0,True,loaded,528.43
P2B-R30482255458-290,FAIL,BF-290,30482255458,ff6a8ab2180527e3dc62e2cf4890338eef18aa96,saved-calculations,webkit,360x800,light,dark,reduced,anonymous static visual preview,local storage reset before context; route-specific browser-local only,initial/empty local-persistence state,fixed-nav-overlap:5,,,,,test harness defect,"The harness counted any visible interactive rectangle intersecting the fixed bottom-navigation rectangle, including navigation descendants and content temporarily behind it after Playwright auto-scroll. It did not test whether final focusable content can scroll fully above the navigation.",scripts/prompt2b-final-review.mjs,MEDIUM,PENDING,PENDING,NO,,5,0,0,0,True,loaded,460.74
P2B-R30482255458-291,FAIL,BF-291,30482255458,ff6a8ab2180527e3dc62e2cf4890338eef18aa96,calculator-center,webkit,360x800,oled,dark,reduced,anonymous static visual preview,local storage reset before context; route-specific browser-local only,valid calculation after route render,fixed-nav-overlap:16,,,,,test harness defect,"The harness counted any visible interactive rectangle intersecting the fixed bottom-navigation rectangle, including navigation descendants and content temporarily behind it after Playwright auto-scroll. It did not test whether final focusable content can scroll fully above the navigation.",scripts/prompt2b-final-review.mjs,MEDIUM,PENDING,PENDING,NO,,16,0,0,0,True,loaded,1152.7
P2B-R30482255458-292,FAIL,BF-292,30482255458,ff6a8ab2180527e3dc62e2cf4890338eef18aa96,india-finance,webkit,360x800,oled,dark,reduced,anonymous static visual preview,local storage reset before context; route-specific browser-local only,initial India finance truth/unavailable-rule state,fixed-nav-overlap:5,,,,,test harness defect,"The harness counted any visible interactive rectangle intersecting the fixed bottom-navigation rectangle, including navigation descendants and content temporarily behind it after Playwright auto-scroll. It did not test whether final focusable content can scroll fully above the navigation.",scripts/prompt2b-final-review.mjs,MEDIUM,PENDING,PENDING,NO,,5,0,0,0,True,loaded,525.31
P2B-R30482255458-293,FAIL,BF-293,30482255458,ff6a8ab2180527e3dc62e2cf4890338eef18aa96,indicator-library,webkit,360x800,oled,dark,reduced,anonymous static visual preview,local storage reset before context; route-specific browser-local only,valid indicator calculation after route render,fixed-nav-overlap:15,,,,,test harness defect,"The harness counted any visible interactive rectangle intersecting the fixed bottom-navigation rectangle, including navigation descendants and content temporarily behind it after Playwright auto-scroll. It did not test whether final focusable content can scroll fully above the navigation.",scripts/prompt2b-final-review.mjs,MEDIUM,PENDING,PENDING,NO,,15,0,0,0,True,loaded,1114.5
P2B-R30482255458-294,FAIL,BF-294,30482255458,ff6a8ab2180527e3dc62e2cf4890338eef18aa96,formula-library,webkit,360x800,oled,dark,reduced,anonymous static visual preview,local storage reset before context; route-specific browser-local only,initial formula catalogue state,fixed-nav-overlap:5,,,,,test harness defect,"The harness counted any visible interactive rectangle intersecting the fixed bottom-navigation rectangle, including navigation descendants and content temporarily behind it after Playwright auto-scroll. It did not test whether final focusable content can scroll fully above the navigation.",scripts/prompt2b-final-review.mjs,MEDIUM,PENDING,PENDING,NO,,5,0,0,0,True,loaded,489.94
P2B-R30482255458-295,FAIL,BF-295,30482255458,ff6a8ab2180527e3dc62e2cf4890338eef18aa96,saved-calculations,webkit,360x800,oled,dark,reduced,anonymous static visual preview,local storage reset before context; route-specific browser-local only,initial/empty local-persistence state,fixed-nav-overlap:5,,,,,test harness defect,"The harness counted any visible interactive rectangle intersecting the fixed bottom-navigation rectangle, including navigation descendants and content temporarily behind it after Playwright auto-scroll. It did not test whether final focusable content can scroll fully above the navigation.",scripts/prompt2b-final-review.mjs,MEDIUM,PENDING,PENDING,NO,,5,0,0,0,True,loaded,464.84
P2B-R30482255458-296,FAIL,BF-296,30482255458,ff6a8ab2180527e3dc62e2cf4890338eef18aa96,calculator-center,webkit,360x800,high-contrast,dark,reduced,anonymous static visual preview,local storage reset before context; route-specific browser-local only,valid calculation after route render,fixed-nav-overlap:16,,,,,test harness defect,"The harness counted any visible interactive rectangle intersecting the fixed bottom-navigation rectangle, including navigation descendants and content temporarily behind it after Playwright auto-scroll. It did not test whether final focusable content can scroll fully above the navigation.",scripts/prompt2b-final-review.mjs,MEDIUM,PENDING,PENDING,NO,,16,0,0,0,True,loaded,1136.8
P2B-R30482255458-297,FAIL,BF-297,30482255458,ff6a8ab2180527e3dc62e2cf4890338eef18aa96,india-finance,webkit,360x800,high-contrast,dark,reduced,anonymous static visual preview,local storage reset before context; route-specific browser-local only,initial India finance truth/unavailable-rule state,fixed-nav-overlap:5,,,,,test harness defect,"The harness counted any visible interactive rectangle intersecting the fixed bottom-navigation rectangle, including navigation descendants and content temporarily behind it after Playwright auto-scroll. It did not test whether final focusable content can scroll fully above the navigation.",scripts/prompt2b-final-review.mjs,MEDIUM,PENDING,PENDING,NO,,5,0,0,0,True,loaded,482.41
P2B-R30482255458-298,FAIL,BF-298,30482255458,ff6a8ab2180527e3dc62e2cf4890338eef18aa96,indicator-library,webkit,360x800,high-contrast,dark,reduced,anonymous static visual preview,local storage reset before context; route-specific browser-local only,valid indicator calculation after route render,fixed-nav-overlap:15,,,,,test harness defect,"The harness counted any visible interactive rectangle intersecting the fixed bottom-navigation rectangle, including navigation descendants and content temporarily behind it after Playwright auto-scroll. It did not test whether final focusable content can scroll fully above the navigation.",scripts/prompt2b-final-review.mjs,MEDIUM,PENDING,PENDING,NO,,15,0,0,0,True,loaded,1111.92
P2B-R30482255458-299,FAIL,BF-299,30482255458,ff6a8ab2180527e3dc62e2cf4890338eef18aa96,formula-library,webkit,360x800,high-contrast,dark,reduced,anonymous static visual preview,local storage reset before context; route-specific browser-local only,initial formula catalogue state,fixed-nav-overlap:5,,,,,test harness defect,"The harness counted any visible interactive rectangle intersecting the fixed bottom-navigation rectangle, including navigation descendants and content temporarily behind it after Playwright auto-scroll. It did not test whether final focusable content can scroll fully above the navigation.",scripts/prompt2b-final-review.mjs,MEDIUM,PENDING,PENDING,NO,,5,0,0,0,True,loaded,506.6
P2B-R30482255458-300,FAIL,BF-300,30482255458,ff6a8ab2180527e3dc62e2cf4890338eef18aa96,saved-calculations,webkit,360x800,high-contrast,dark,reduced,anonymous static visual preview,local storage reset before context; route-specific browser-local only,initial/empty local-persistence state,fixed-nav-overlap:5,,,,,test harness defect,"The harness counted any visible interactive rectangle intersecting the fixed bottom-navigation rectangle, including navigation descendants and content temporarily behind it after Playwright auto-scroll. It did not test whether final focusable content can scroll fully above the navigation.",scripts/prompt2b-final-review.mjs,MEDIUM,PENDING,PENDING,NO,,5,0,0,0,True,loaded,480.01
P2B-R30482255458-301,FAIL,BF-301,30482255458,ff6a8ab2180527e3dc62e2cf4890338eef18aa96,calculator-center,webkit,390x844,dark,dark,reduced,anonymous static visual preview,local storage reset before context; route-specific browser-local only,valid calculation after route render,fixed-nav-overlap:16,,,,,test harness defect,"The harness counted any visible interactive rectangle intersecting the fixed bottom-navigation rectangle, including navigation descendants and content temporarily behind it after Playwright auto-scroll. It did not test whether final focusable content can scroll fully above the navigation.",scripts/prompt2b-final-review.mjs,MEDIUM,PENDING,PENDING,NO,,16,0,0,0,True,loaded,1518.13
P2B-R30482255458-302,FAIL,BF-302,30482255458,ff6a8ab2180527e3dc62e2cf4890338eef18aa96,india-finance,webkit,390x844,dark,dark,reduced,anonymous static visual preview,local storage reset before context; route-specific browser-local only,initial India finance truth/unavailable-rule state,fixed-nav-overlap:5,,,,,test harness defect,"The harness counted any visible interactive rectangle intersecting the fixed bottom-navigation rectangle, including navigation descendants and content temporarily behind it after Playwright auto-scroll. It did not test whether final focusable content can scroll fully above the navigation.",scripts/prompt2b-final-review.mjs,MEDIUM,PENDING,PENDING,NO,,5,0,0,0,True,loaded,566.84
P2B-R30482255458-303,FAIL,BF-303,30482255458,ff6a8ab2180527e3dc62e2cf4890338eef18aa96,indicator-library,webkit,390x844,dark,dark,reduced,anonymous static visual preview,local storage reset before context; route-specific browser-local only,valid indicator calculation after route render,fixed-nav-overlap:15,,,,,test harness defect,"The harness counted any visible interactive rectangle intersecting the fixed bottom-navigation rectangle, including navigation descendants and content temporarily behind it after Playwright auto-scroll. It did not test whether final focusable content can scroll fully above the navigation.",scripts/prompt2b-final-review.mjs,MEDIUM,PENDING,PENDING,NO,,15,0,0,0,True,loaded,1134.8
P2B-R30482255458-304,FAIL,BF-304,30482255458,ff6a8ab2180527e3dc62e2cf4890338eef18aa96,formula-library,webkit,390x844,dark,dark,reduced,anonymous static visual preview,local storage reset before context; route-specific browser-local only,initial formula catalogue state,fixed-nav-overlap:5,,,,,test harness defect,"The harness counted any visible interactive rectangle intersecting the fixed bottom-navigation rectangle, including navigation descendants and content temporarily behind it after Playwright auto-scroll. It did not test whether final focusable content can scroll fully above the navigation.",scripts/prompt2b-final-review.mjs,MEDIUM,PENDING,PENDING,NO,,5,0,0,0,True,loaded,506.7
P2B-R30482255458-305,FAIL,BF-305,30482255458,ff6a8ab2180527e3dc62e2cf4890338eef18aa96,saved-calculations,webkit,390x844,dark,dark,reduced,anonymous static visual preview,local storage reset before context; route-specific browser-local only,initial/empty local-persistence state,fixed-nav-overlap:5,,,,,test harness defect,"The harness counted any visible interactive rectangle intersecting the fixed bottom-navigation rectangle, including navigation descendants and content temporarily behind it after Playwright auto-scroll. It did not test whether final focusable content can scroll fully above the navigation.",scripts/prompt2b-final-review.mjs,MEDIUM,PENDING,PENDING,NO,,5,0,0,0,True,loaded,454.5
P2B-R30482255458-306,FAIL,BF-306,30482255458,ff6a8ab2180527e3dc62e2cf4890338eef18aa96,calculator-center,webkit,390x844,light,dark,reduced,anonymous static visual preview,local storage reset before context; route-specific browser-local only,valid calculation after route render,fixed-nav-overlap:16,,,,,test harness defect,"The harness counted any visible interactive rectangle intersecting the fixed bottom-navigation rectangle, including navigation descendants and content temporarily behind it after Playwright auto-scroll. It did not test whether final focusable content can scroll fully above the navigation.",scripts/prompt2b-final-review.mjs,MEDIUM,PENDING,PENDING,NO,,16,0,0,0,True,loaded,1222.94
P2B-R30482255458-307,FAIL,BF-307,30482255458,ff6a8ab2180527e3dc62e2cf4890338eef18aa96,india-finance,webkit,390x844,light,dark,reduced,anonymous static visual preview,local storage reset before context; route-specific browser-local only,initial India finance truth/unavailable-rule state,fixed-nav-overlap:5,,,,,test harness defect,"The harness counted any visible interactive rectangle intersecting the fixed bottom-navigation rectangle, including navigation descendants and content temporarily behind it after Playwright auto-scroll. It did not test whether final focusable content can scroll fully above the navigation.",scripts/prompt2b-final-review.mjs,MEDIUM,PENDING,PENDING,NO,,5,0,0,0,True,loaded,493.37
P2B-R30482255458-308,FAIL,BF-308,30482255458,ff6a8ab2180527e3dc62e2cf4890338eef18aa96,indicator-library,webkit,390x844,light,dark,reduced,anonymous static visual preview,local storage reset before context; route-specific browser-local only,valid indicator calculation after route render,fixed-nav-overlap:15,,,,,test harness defect,"The harness counted any visible interactive rectangle intersecting the fixed bottom-navigation rectangle, including navigation descendants and content temporarily behind it after Playwright auto-scroll. It did not test whether final focusable content can scroll fully above the navigation.",scripts/prompt2b-final-review.mjs,MEDIUM,PENDING,PENDING,NO,,15,0,0,0,True,loaded,1183.88
P2B-R30482255458-309,FAIL,BF-309,30482255458,ff6a8ab2180527e3dc62e2cf4890338eef18aa96,formula-library,webkit,390x844,light,dark,reduced,anonymous static visual preview,local storage reset before context; route-specific browser-local only,initial formula catalogue state,fixed-nav-overlap:5,,,,,test harness defect,"The harness counted any visible interactive rectangle intersecting the fixed bottom-navigation rectangle, including navigation descendants and content temporarily behind it after Playwright auto-scroll. It did not test whether final focusable content can scroll fully above the navigation.",scripts/prompt2b-final-review.mjs,MEDIUM,PENDING,PENDING,NO,,5,0,0,0,True,loaded,515.72
P2B-R30482255458-310,FAIL,BF-310,30482255458,ff6a8ab2180527e3dc62e2cf4890338eef18aa96,saved-calculations,webkit,390x844,light,dark,reduced,anonymous static visual preview,local storage reset before context; route-specific browser-local only,initial/empty local-persistence state,fixed-nav-overlap:5,,,,,test harness defect,"The harness counted any visible interactive rectangle intersecting the fixed bottom-navigation rectangle, including navigation descendants and content temporarily behind it after Playwright auto-scroll. It did not test whether final focusable content can scroll fully above the navigation.",scripts/prompt2b-final-review.mjs,MEDIUM,PENDING,PENDING,NO,,5,0,0,0,True,loaded,493.42
P2B-R30482255458-311,FAIL,BF-311,30482255458,ff6a8ab2180527e3dc62e2cf4890338eef18aa96,calculator-center,webkit,390x844,oled,dark,reduced,anonymous static visual preview,local storage reset before context; route-specific browser-local only,valid calculation after route render,fixed-nav-overlap:16,,,,,test harness defect,"The harness counted any visible interactive rectangle intersecting the fixed bottom-navigation rectangle, including navigation descendants and content temporarily behind it after Playwright auto-scroll. It did not test whether final focusable content can scroll fully above the navigation.",scripts/prompt2b-final-review.mjs,MEDIUM,PENDING,PENDING,NO,,16,0,0,0,True,loaded,1209.96
P2B-R30482255458-312,FAIL,BF-312,30482255458,ff6a8ab2180527e3dc62e2cf4890338eef18aa96,india-finance,webkit,390x844,oled,dark,reduced,anonymous static visual preview,local storage reset before context; route-specific browser-local only,initial India finance truth/unavailable-rule state,fixed-nav-overlap:5,,,,,test harness defect,"The harness counted any visible interactive rectangle intersecting the fixed bottom-navigation rectangle, including navigation descendants and content temporarily behind it after Playwright auto-scroll. It did not test whether final focusable content can scroll fully above the navigation.",scripts/prompt2b-final-review.mjs,MEDIUM,PENDING,PENDING,NO,,5,0,0,0,True,loaded,508.79
P2B-R30482255458-313,FAIL,BF-313,30482255458,ff6a8ab2180527e3dc62e2cf4890338eef18aa96,indicator-library,webkit,390x844,oled,dark,reduced,anonymous static visual preview,local storage reset before context; route-specific browser-local only,valid indicator calculation after route render,fixed-nav-overlap:15,,,,,test harness defect,"The harness counted any visible interactive rectangle intersecting the fixed bottom-navigation rectangle, including navigation descendants and content temporarily behind it after Playwright auto-scroll. It did not test whether final focusable content can scroll fully above the navigation.",scripts/prompt2b-final-review.mjs,MEDIUM,PENDING,PENDING,NO,,15,0,0,0,True,loaded,1139.85
P2B-R30482255458-314,FAIL,BF-314,30482255458,ff6a8ab2180527e3dc62e2cf4890338eef18aa96,formula-library,webkit,390x844,oled,dark,reduced,anonymous static visual preview,local storage reset before context; route-specific browser-local only,initial formula catalogue state,fixed-nav-overlap:5,,,,,test harness defect,"The harness counted any visible interactive rectangle intersecting the fixed bottom-navigation rectangle, including navigation descendants and content temporarily behind it after Playwright auto-scroll. It did not test whether final focusable content can scroll fully above the navigation.",scripts/prompt2b-final-review.mjs,MEDIUM,PENDING,PENDING,NO,,5,0,0,0,True,loaded,496.52
P2B-R30482255458-315,FAIL,BF-315,30482255458,ff6a8ab2180527e3dc62e2cf4890338eef18aa96,saved-calculations,webkit,390x844,oled,dark,reduced,anonymous static visual preview,local storage reset before context; route-specific browser-local only,initial/empty local-persistence state,fixed-nav-overlap:5,,,,,test harness defect,"The harness counted any visible interactive rectangle intersecting the fixed bottom-navigation rectangle, including navigation descendants and content temporarily behind it after Playwright auto-scroll. It did not test whether final focusable content can scroll fully above the navigation.",scripts/prompt2b-final-review.mjs,MEDIUM,PENDING,PENDING,NO,,5,0,0,0,True,loaded,475.38
P2B-R30482255458-316,FAIL,BF-316,30482255458,ff6a8ab2180527e3dc62e2cf4890338eef18aa96,calculator-center,webkit,390x844,high-contrast,dark,reduced,anonymous static visual preview,local storage reset before context; route-specific browser-local only,valid calculation after route render,fixed-nav-overlap:16,,,,,test harness defect,"The harness counted any visible interactive rectangle intersecting the fixed bottom-navigation rectangle, including navigation descendants and content temporarily behind it after Playwright auto-scroll. It did not test whether final focusable content can scroll fully above the navigation.",scripts/prompt2b-final-review.mjs,MEDIUM,PENDING,PENDING,NO,,16,0,0,0,True,loaded,1200.43
P2B-R30482255458-317,FAIL,BF-317,30482255458,ff6a8ab2180527e3dc62e2cf4890338eef18aa96,india-finance,webkit,390x844,high-contrast,dark,reduced,anonymous static visual preview,local storage reset before context; route-specific browser-local only,initial India finance truth/unavailable-rule state,fixed-nav-overlap:5,,,,,test harness defect,"The harness counted any visible interactive rectangle intersecting the fixed bottom-navigation rectangle, including navigation descendants and content temporarily behind it after Playwright auto-scroll. It did not test whether final focusable content can scroll fully above the navigation.",scripts/prompt2b-final-review.mjs,MEDIUM,PENDING,PENDING,NO,,5,0,0,0,True,loaded,498.42
P2B-R30482255458-318,FAIL,BF-318,30482255458,ff6a8ab2180527e3dc62e2cf4890338eef18aa96,indicator-library,webkit,390x844,high-contrast,dark,reduced,anonymous static visual preview,local storage reset before context; route-specific browser-local only,valid indicator calculation after route render,fixed-nav-overlap:15,,,,,test harness defect,"The harness counted any visible interactive rectangle intersecting the fixed bottom-navigation rectangle, including navigation descendants and content temporarily behind it after Playwright auto-scroll. It did not test whether final focusable content can scroll fully above the navigation.",scripts/prompt2b-final-review.mjs,MEDIUM,PENDING,PENDING,NO,,15,0,0,0,True,loaded,1138.9
P2B-R30482255458-319,FAIL,BF-319,30482255458,ff6a8ab2180527e3dc62e2cf4890338eef18aa96,formula-library,webkit,390x844,high-contrast,dark,reduced,anonymous static visual preview,local storage reset before context; route-specific browser-local only,initial formula catalogue state,fixed-nav-overlap:5,,,,,test harness defect,"The harness counted any visible interactive rectangle intersecting the fixed bottom-navigation rectangle, including navigation descendants and content temporarily behind it after Playwright auto-scroll. It did not test whether final focusable content can scroll fully above the navigation.",scripts/prompt2b-final-review.mjs,MEDIUM,PENDING,PENDING,NO,,5,0,0,0,True,loaded,512.33
P2B-R30482255458-320,FAIL,BF-320,30482255458,ff6a8ab2180527e3dc62e2cf4890338eef18aa96,saved-calculations,webkit,390x844,high-contrast,dark,reduced,anonymous static visual preview,local storage reset before context; route-specific browser-local only,initial/empty local-persistence state,fixed-nav-overlap:5,,,,,test harness defect,"The harness counted any visible interactive rectangle intersecting the fixed bottom-navigation rectangle, including navigation descendants and content temporarily behind it after Playwright auto-scroll. It did not test whether final focusable content can scroll fully above the navigation.",scripts/prompt2b-final-review.mjs,MEDIUM,PENDING,PENDING,NO,,5,0,0,0,True,loaded,468.04
P2B-R30482255458-321,FAIL,BF-321,30482255458,ff6a8ab2180527e3dc62e2cf4890338eef18aa96,calculator-center,webkit,430x932,dark,dark,reduced,anonymous static visual preview,local storage reset before context; route-specific browser-local only,valid calculation after route render,fixed-nav-overlap:19,,,,,test harness defect,"The harness counted any visible interactive rectangle intersecting the fixed bottom-navigation rectangle, including navigation descendants and content temporarily behind it after Playwright auto-scroll. It did not test whether final focusable content can scroll fully above the navigation.",scripts/prompt2b-final-review.mjs,MEDIUM,PENDING,PENDING,NO,,19,0,0,0,True,loaded,1467.27
P2B-R30482255458-322,FAIL,BF-322,30482255458,ff6a8ab2180527e3dc62e2cf4890338eef18aa96,india-finance,webkit,430x932,dark,dark,reduced,anonymous static visual preview,local storage reset before context; route-specific browser-local only,initial India finance truth/unavailable-rule state,fixed-nav-overlap:5,,,,,test harness defect,"The harness counted any visible interactive rectangle intersecting the fixed bottom-navigation rectangle, including navigation descendants and content temporarily behind it after Playwright auto-scroll. It did not test whether final focusable content can scroll fully above the navigation.",scripts/prompt2b-final-review.mjs,MEDIUM,PENDING,PENDING,NO,,5,0,0,0,True,loaded,505.12
P2B-R30482255458-323,FAIL,BF-323,30482255458,ff6a8ab2180527e3dc62e2cf4890338eef18aa96,indicator-library,webkit,430x932,dark,dark,reduced,anonymous static visual preview,local storage reset before context; route-specific browser-local only,valid indicator calculation after route render,fixed-nav-overlap:15,,,,,test harness defect,"The harness counted any visible interactive rectangle intersecting the fixed bottom-navigation rectangle, including navigation descendants and content temporarily behind it after Playwright auto-scroll. It did not test whether final focusable content can scroll fully above the navigation.",scripts/prompt2b-final-review.mjs,MEDIUM,PENDING,PENDING,NO,,15,0,0,0,True,loaded,1201.24
P2B-R30482255458-324,FAIL,BF-324,30482255458,ff6a8ab2180527e3dc62e2cf4890338eef18aa96,formula-library,webkit,430x932,dark,dark,reduced,anonymous static visual preview,local storage reset before context; route-specific browser-local only,initial formula catalogue state,fixed-nav-overlap:5,,,,,test harness defect,"The harness counted any visible interactive rectangle intersecting the fixed bottom-navigation rectangle, including navigation descendants and content temporarily behind it after Playwright auto-scroll. It did not test whether final focusable content can scroll fully above the navigation.",scripts/prompt2b-final-review.mjs,MEDIUM,PENDING,PENDING,NO,,5,0,0,0,True,loaded,551.78
P2B-R30482255458-325,FAIL,BF-325,30482255458,ff6a8ab2180527e3dc62e2cf4890338eef18aa96,saved-calculations,webkit,430x932,dark,dark,reduced,anonymous static visual preview,local storage reset before context; route-specific browser-local only,initial/empty local-persistence state,fixed-nav-overlap:5,,,,,test harness defect,"The harness counted any visible interactive rectangle intersecting the fixed bottom-navigation rectangle, including navigation descendants and content temporarily behind it after Playwright auto-scroll. It did not test whether final focusable content can scroll fully above the navigation.",scripts/prompt2b-final-review.mjs,MEDIUM,PENDING,PENDING,NO,,5,0,0,0,True,loaded,485.77
P2B-R30482255458-326,FAIL,BF-326,30482255458,ff6a8ab2180527e3dc62e2cf4890338eef18aa96,calculator-center,webkit,430x932,light,dark,reduced,anonymous static visual preview,local storage reset before context; route-specific browser-local only,valid calculation after route render,fixed-nav-overlap:19,,,,,test harness defect,"The harness counted any visible interactive rectangle intersecting the fixed bottom-navigation rectangle, including navigation descendants and content temporarily behind it after Playwright auto-scroll. It did not test whether final focusable content can scroll fully above the navigation.",scripts/prompt2b-final-review.mjs,MEDIUM,PENDING,PENDING,NO,,19,0,0,0,True,loaded,1257.66
P2B-R30482255458-327,PASS,,30482255458,ff6a8ab2180527e3dc62e2cf4890338eef18aa96,india-finance,webkit,430x932,light,dark,reduced,anonymous static visual preview,local storage reset before context; route-specific browser-local only,initial India finance truth/unavailable-rule state,,,,,,none,,,NONE,PENDING,PASS_ON_RECORDED_RUN,NO,,0,0,0,0,True,loaded,507.71
P2B-R30482255458-328,FAIL,BF-328,30482255458,ff6a8ab2180527e3dc62e2cf4890338eef18aa96,indicator-library,webkit,430x932,light,dark,reduced,anonymous static visual preview,local storage reset before context; route-specific browser-local only,valid indicator calculation after route render,fixed-nav-overlap:15,,,,,test harness defect,"The harness counted any visible interactive rectangle intersecting the fixed bottom-navigation rectangle, including navigation descendants and content temporarily behind it after Playwright auto-scroll. It did not test whether final focusable content can scroll fully above the navigation.",scripts/prompt2b-final-review.mjs,MEDIUM,PENDING,PENDING,NO,,15,0,0,0,True,loaded,1170.81
P2B-R30482255458-329,FAIL,BF-329,30482255458,ff6a8ab2180527e3dc62e2cf4890338eef18aa96,formula-library,webkit,430x932,light,dark,reduced,anonymous static visual preview,local storage reset before context; route-specific browser-local only,initial formula catalogue state,fixed-nav-overlap:5,,,,,test harness defect,"The harness counted any visible interactive rectangle intersecting the fixed bottom-navigation rectangle, including navigation descendants and content temporarily behind it after Playwright auto-scroll. It did not test whether final focusable content can scroll fully above the navigation.",scripts/prompt2b-final-review.mjs,MEDIUM,PENDING,PENDING,NO,,5,0,0,0,True,loaded,527.51
P2B-R30482255458-330,FAIL,BF-330,30482255458,ff6a8ab2180527e3dc62e2cf4890338eef18aa96,saved-calculations,webkit,430x932,light,dark,reduced,anonymous static visual preview,local storage reset before context; route-specific browser-local only,initial/empty local-persistence state,fixed-nav-overlap:5,,,,,test harness defect,"The harness counted any visible interactive rectangle intersecting the fixed bottom-navigation rectangle, including navigation descendants and content temporarily behind it after Playwright auto-scroll. It did not test whether final focusable content can scroll fully above the navigation.",scripts/prompt2b-final-review.mjs,MEDIUM,PENDING,PENDING,NO,,5,0,0,0,True,loaded,482.01
P2B-R30482255458-331,FAIL,BF-331,30482255458,ff6a8ab2180527e3dc62e2cf4890338eef18aa96,calculator-center,webkit,430x932,oled,dark,reduced,anonymous static visual preview,local storage reset before context; route-specific browser-local only,valid calculation after route render,fixed-nav-overlap:19,,,,,test harness defect,"The harness counted any visible interactive rectangle intersecting the fixed bottom-navigation rectangle, including navigation descendants and content temporarily behind it after Playwright auto-scroll. It did not test whether final focusable content can scroll fully above the navigation.",scripts/prompt2b-final-review.mjs,MEDIUM,PENDING,PENDING,NO,,19,0,0,0,True,loaded,1280.81
P2B-R30482255458-332,PASS,,30482255458,ff6a8ab2180527e3dc62e2cf4890338eef18aa96,india-finance,webkit,430x932,oled,dark,reduced,anonymous static visual preview,local storage reset before context; route-specific browser-local only,initial India finance truth/unavailable-rule state,,,,,,none,,,NONE,PENDING,PASS_ON_RECORDED_RUN,NO,,0,0,0,0,True,loaded,482.7
P2B-R30482255458-333,FAIL,BF-333,30482255458,ff6a8ab2180527e3dc62e2cf4890338eef18aa96,indicator-library,webkit,430x932,oled,dark,reduced,anonymous static visual preview,local storage reset before context; route-specific browser-local only,valid indicator calculation after route render,fixed-nav-overlap:15,,,,,test harness defect,"The harness counted any visible interactive rectangle intersecting the fixed bottom-navigation rectangle, including navigation descendants and content temporarily behind it after Playwright auto-scroll. It did not test whether final focusable content can scroll fully above the navigation.",scripts/prompt2b-final-review.mjs,MEDIUM,PENDING,PENDING,NO,,15,0,0,0,True,loaded,1221.48
P2B-R30482255458-334,FAIL,BF-334,30482255458,ff6a8ab2180527e3dc62e2cf4890338eef18aa96,formula-library,webkit,430x932,oled,dark,reduced,anonymous static visual preview,local storage reset before context; route-specific browser-local only,initial formula catalogue state,fixed-nav-overlap:5,,,,,test harness defect,"The harness counted any visible interactive rectangle intersecting the fixed bottom-navigation rectangle, including navigation descendants and content temporarily behind it after Playwright auto-scroll. It did not test whether final focusable content can scroll fully above the navigation.",scripts/prompt2b-final-review.mjs,MEDIUM,PENDING,PENDING,NO,,5,0,0,0,True,loaded,528.36
P2B-R30482255458-335,PASS,,30482255458,ff6a8ab2180527e3dc62e2cf4890338eef18aa96,saved-calculations,webkit,430x932,oled,dark,reduced,anonymous static visual preview,local storage reset before context; route-specific browser-local only,initial/empty local-persistence state,,,,,,none,,,NONE,PENDING,PASS_ON_RECORDED_RUN,NO,,0,0,0,0,True,loaded,481.1
P2B-R30482255458-336,FAIL,BF-336,30482255458,ff6a8ab2180527e3dc62e2cf4890338eef18aa96,calculator-center,webkit,430x932,high-contrast,dark,reduced,anonymous static visual preview,local storage reset before context; route-specific browser-local only,valid calculation after route render,fixed-nav-overlap:19,,,,,test harness defect,"The harness counted any visible interactive rectangle intersecting the fixed bottom-navigation rectangle, including navigation descendants and content temporarily behind it after Playwright auto-scroll. It did not test whether final focusable content can scroll fully above the navigation.",scripts/prompt2b-final-review.mjs,MEDIUM,PENDING,PENDING,NO,,19,0,0,0,True,loaded,1281.46
P2B-R30482255458-337,FAIL,BF-337,30482255458,ff6a8ab2180527e3dc62e2cf4890338eef18aa96,india-finance,webkit,430x932,high-contrast,dark,reduced,anonymous static visual preview,local storage reset before context; route-specific browser-local only,initial India finance truth/unavailable-rule state,fixed-nav-overlap:5,,,,,test harness defect,"The harness counted any visible interactive rectangle intersecting the fixed bottom-navigation rectangle, including navigation descendants and content temporarily behind it after Playwright auto-scroll. It did not test whether final focusable content can scroll fully above the navigation.",scripts/prompt2b-final-review.mjs,MEDIUM,PENDING,PENDING,NO,,5,0,0,0,True,loaded,531.01
P2B-R30482255458-338,FAIL,BF-338,30482255458,ff6a8ab2180527e3dc62e2cf4890338eef18aa96,indicator-library,webkit,430x932,high-contrast,dark,reduced,anonymous static visual preview,local storage reset before context; route-specific browser-local only,valid indicator calculation after route render,fixed-nav-overlap:15,,,,,test harness defect,"The harness counted any visible interactive rectangle intersecting the fixed bottom-navigation rectangle, including navigation descendants and content temporarily behind it after Playwright auto-scroll. It did not test whether final focusable content can scroll fully above the navigation.",scripts/prompt2b-final-review.mjs,MEDIUM,PENDING,PENDING,NO,,15,0,0,0,True,loaded,1194.59
P2B-R30482255458-339,FAIL,BF-339,30482255458,ff6a8ab2180527e3dc62e2cf4890338eef18aa96,formula-library,webkit,430x932,high-contrast,dark,reduced,anonymous static visual preview,local storage reset before context; route-specific browser-local only,initial formula catalogue state,fixed-nav-overlap:5,,,,,test harness defect,"The harness counted any visible interactive rectangle intersecting the fixed bottom-navigation rectangle, including navigation descendants and content temporarily behind it after Playwright auto-scroll. It did not test whether final focusable content can scroll fully above the navigation.",scripts/prompt2b-final-review.mjs,MEDIUM,PENDING,PENDING,NO,,5,0,0,0,True,loaded,520.02
P2B-R30482255458-340,PASS,,30482255458,ff6a8ab2180527e3dc62e2cf4890338eef18aa96,saved-calculations,webkit,430x932,high-contrast,dark,reduced,anonymous static visual preview,local storage reset before context; route-specific browser-local only,initial/empty local-persistence state,,,,,,none,,,NONE,PENDING,PASS_ON_RECORDED_RUN,NO,,0,0,0,0,True,loaded,475.48
P2B-R30482255458-341,FAIL,BF-341,30482255458,ff6a8ab2180527e3dc62e2cf4890338eef18aa96,calculator-center,webkit,768x1024,dark,dark,reduced,anonymous static visual preview,local storage reset before context; route-specific browser-local only,valid calculation after route render,fixed-nav-overlap:16,,,,,test harness defect,"The harness counted any visible interactive rectangle intersecting the fixed bottom-navigation rectangle, including navigation descendants and content temporarily behind it after Playwright auto-scroll. It did not test whether final focusable content can scroll fully above the navigation.",scripts/prompt2b-final-review.mjs,MEDIUM,PENDING,PENDING,NO,,16,0,0,0,True,loaded,1854.76
P2B-R30482255458-342,PASS,,30482255458,ff6a8ab2180527e3dc62e2cf4890338eef18aa96,india-finance,webkit,768x1024,dark,dark,reduced,anonymous static visual preview,local storage reset before context; route-specific browser-local only,initial India finance truth/unavailable-rule state,,,,,,none,,,NONE,PENDING,PASS_ON_RECORDED_RUN,NO,,0,0,0,0,True,loaded,616.06
P2B-R30482255458-343,FAIL,BF-343,30482255458,ff6a8ab2180527e3dc62e2cf4890338eef18aa96,indicator-library,webkit,768x1024,dark,dark,reduced,anonymous static visual preview,local storage reset before context; route-specific browser-local only,valid indicator calculation after route render,fixed-nav-overlap:15,,,,,test harness defect,"The harness counted any visible interactive rectangle intersecting the fixed bottom-navigation rectangle, including navigation descendants and content temporarily behind it after Playwright auto-scroll. It did not test whether final focusable content can scroll fully above the navigation.",scripts/prompt2b-final-review.mjs,MEDIUM,PENDING,PENDING,NO,,15,0,0,0,True,loaded,1472.29
P2B-R30482255458-344,PASS,,30482255458,ff6a8ab2180527e3dc62e2cf4890338eef18aa96,formula-library,webkit,768x1024,dark,dark,reduced,anonymous static visual preview,local storage reset before context; route-specific browser-local only,initial formula catalogue state,,,,,,none,,,NONE,PENDING,PASS_ON_RECORDED_RUN,NO,,0,0,0,0,True,loaded,604.75
P2B-R30482255458-345,FAIL,BF-345,30482255458,ff6a8ab2180527e3dc62e2cf4890338eef18aa96,saved-calculations,webkit,768x1024,dark,dark,reduced,anonymous static visual preview,local storage reset before context; route-specific browser-local only,initial/empty local-persistence state,fixed-nav-overlap:5,,,,,test harness defect,"The harness counted any visible interactive rectangle intersecting the fixed bottom-navigation rectangle, including navigation descendants and content temporarily behind it after Playwright auto-scroll. It did not test whether final focusable content can scroll fully above the navigation.",scripts/prompt2b-final-review.mjs,MEDIUM,PENDING,PENDING,NO,,5,0,0,0,True,loaded,603.25
P2B-R30482255458-346,FAIL,BF-346,30482255458,ff6a8ab2180527e3dc62e2cf4890338eef18aa96,calculator-center,webkit,768x1024,light,dark,reduced,anonymous static visual preview,local storage reset before context; route-specific browser-local only,valid calculation after route render,fixed-nav-overlap:16,,,,,test harness defect,"The harness counted any visible interactive rectangle intersecting the fixed bottom-navigation rectangle, including navigation descendants and content temporarily behind it after Playwright auto-scroll. It did not test whether final focusable content can scroll fully above the navigation.",scripts/prompt2b-final-review.mjs,MEDIUM,PENDING,PENDING,NO,,16,0,0,0,True,loaded,1495.78
P2B-R30482255458-347,PASS,,30482255458,ff6a8ab2180527e3dc62e2cf4890338eef18aa96,india-finance,webkit,768x1024,light,dark,reduced,anonymous static visual preview,local storage reset before context; route-specific browser-local only,initial India finance truth/unavailable-rule state,,,,,,none,,,NONE,PENDING,PASS_ON_RECORDED_RUN,NO,,0,0,0,0,True,loaded,634.73
P2B-R30482255458-348,FAIL,BF-348,30482255458,ff6a8ab2180527e3dc62e2cf4890338eef18aa96,indicator-library,webkit,768x1024,light,dark,reduced,anonymous static visual preview,local storage reset before context; route-specific browser-local only,valid indicator calculation after route render,fixed-nav-overlap:15,,,,,test harness defect,"The harness counted any visible interactive rectangle intersecting the fixed bottom-navigation rectangle, including navigation descendants and content temporarily behind it after Playwright auto-scroll. It did not test whether final focusable content can scroll fully above the navigation.",scripts/prompt2b-final-review.mjs,MEDIUM,PENDING,PENDING,NO,,15,0,0,0,True,loaded,1478.91
P2B-R30482255458-349,PASS,,30482255458,ff6a8ab2180527e3dc62e2cf4890338eef18aa96,formula-library,webkit,768x1024,light,dark,reduced,anonymous static visual preview,local storage reset before context; route-specific browser-local only,initial formula catalogue state,,,,,,none,,,NONE,PENDING,PASS_ON_RECORDED_RUN,NO,,0,0,0,0,True,loaded,673.88
P2B-R30482255458-350,FAIL,BF-350,30482255458,ff6a8ab2180527e3dc62e2cf4890338eef18aa96,saved-calculations,webkit,768x1024,light,dark,reduced,anonymous static visual preview,local storage reset before context; route-specific browser-local only,initial/empty local-persistence state,fixed-nav-overlap:5,,,,,test harness defect,"The harness counted any visible interactive rectangle intersecting the fixed bottom-navigation rectangle, including navigation descendants and content temporarily behind it after Playwright auto-scroll. It did not test whether final focusable content can scroll fully above the navigation.",scripts/prompt2b-final-review.mjs,MEDIUM,PENDING,PENDING,NO,,5,0,0,0,True,loaded,586.87
P2B-R30482255458-351,FAIL,BF-351,30482255458,ff6a8ab2180527e3dc62e2cf4890338eef18aa96,calculator-center,webkit,768x1024,oled,dark,reduced,anonymous static visual preview,local storage reset before context; route-specific browser-local only,valid calculation after route render,fixed-nav-overlap:16,,,,,test harness defect,"The harness counted any visible interactive rectangle intersecting the fixed bottom-navigation rectangle, including navigation descendants and content temporarily behind it after Playwright auto-scroll. It did not test whether final focusable content can scroll fully above the navigation.",scripts/prompt2b-final-review.mjs,MEDIUM,PENDING,PENDING,NO,,16,0,0,0,True,loaded,1485.97
P2B-R30482255458-352,PASS,,30482255458,ff6a8ab2180527e3dc62e2cf4890338eef18aa96,india-finance,webkit,768x1024,oled,dark,reduced,anonymous static visual preview,local storage reset before context; route-specific browser-local only,initial India finance truth/unavailable-rule state,,,,,,none,,,NONE,PENDING,PASS_ON_RECORDED_RUN,NO,,0,0,0,0,True,loaded,623.77
P2B-R30482255458-353,FAIL,BF-353,30482255458,ff6a8ab2180527e3dc62e2cf4890338eef18aa96,indicator-library,webkit,768x1024,oled,dark,reduced,anonymous static visual preview,local storage reset before context; route-specific browser-local only,valid indicator calculation after route render,fixed-nav-overlap:15,,,,,test harness defect,"The harness counted any visible interactive rectangle intersecting the fixed bottom-navigation rectangle, including navigation descendants and content temporarily behind it after Playwright auto-scroll. It did not test whether final focusable content can scroll fully above the navigation.",scripts/prompt2b-final-review.mjs,MEDIUM,PENDING,PENDING,NO,,15,0,0,0,True,loaded,1404.71
P2B-R30482255458-354,PASS,,30482255458,ff6a8ab2180527e3dc62e2cf4890338eef18aa96,formula-library,webkit,768x1024,oled,dark,reduced,anonymous static visual preview,local storage reset before context; route-specific browser-local only,initial formula catalogue state,,,,,,none,,,NONE,PENDING,PASS_ON_RECORDED_RUN,NO,,0,0,0,0,True,loaded,603.45
P2B-R30482255458-355,PASS,,30482255458,ff6a8ab2180527e3dc62e2cf4890338eef18aa96,saved-calculations,webkit,768x1024,oled,dark,reduced,anonymous static visual preview,local storage reset before context; route-specific browser-local only,initial/empty local-persistence state,,,,,,none,,,NONE,PENDING,PASS_ON_RECORDED_RUN,NO,,0,0,0,0,True,loaded,584.22
P2B-R30482255458-356,FAIL,BF-356,30482255458,ff6a8ab2180527e3dc62e2cf4890338eef18aa96,calculator-center,webkit,768x1024,high-contrast,dark,reduced,anonymous static visual preview,local storage reset before context; route-specific browser-local only,valid calculation after route render,fixed-nav-overlap:16,,,,,test harness defect,"The harness counted any visible interactive rectangle intersecting the fixed bottom-navigation rectangle, including navigation descendants and content temporarily behind it after Playwright auto-scroll. It did not test whether final focusable content can scroll fully above the navigation.",scripts/prompt2b-final-review.mjs,MEDIUM,PENDING,PENDING,NO,,16,0,0,0,True,loaded,1468.62
P2B-R30482255458-357,PASS,,30482255458,ff6a8ab2180527e3dc62e2cf4890338eef18aa96,india-finance,webkit,768x1024,high-contrast,dark,reduced,anonymous static visual preview,local storage reset before context; route-specific browser-local only,initial India finance truth/unavailable-rule state,,,,,,none,,,NONE,PENDING,PASS_ON_RECORDED_RUN,NO,,0,0,0,0,True,loaded,627.99
P2B-R30482255458-358,FAIL,BF-358,30482255458,ff6a8ab2180527e3dc62e2cf4890338eef18aa96,indicator-library,webkit,768x1024,high-contrast,dark,reduced,anonymous static visual preview,local storage reset before context; route-specific browser-local only,valid indicator calculation after route render,fixed-nav-overlap:15,,,,,test harness defect,"The harness counted any visible interactive rectangle intersecting the fixed bottom-navigation rectangle, including navigation descendants and content temporarily behind it after Playwright auto-scroll. It did not test whether final focusable content can scroll fully above the navigation.",scripts/prompt2b-final-review.mjs,MEDIUM,PENDING,PENDING,NO,,15,0,0,0,True,loaded,1452.14
P2B-R30482255458-359,PASS,,30482255458,ff6a8ab2180527e3dc62e2cf4890338eef18aa96,formula-library,webkit,768x1024,high-contrast,dark,reduced,anonymous static visual preview,local storage reset before context; route-specific browser-local only,initial formula catalogue state,,,,,,none,,,NONE,PENDING,PASS_ON_RECORDED_RUN,NO,,0,0,0,0,True,loaded,644.04
P2B-R30482255458-360,PASS,,30482255458,ff6a8ab2180527e3dc62e2cf4890338eef18aa96,saved-calculations,webkit,768x1024,high-contrast,dark,reduced,anonymous static visual preview,local storage reset before context; route-specific browser-local only,initial/empty local-persistence state,,,,,,none,,,NONE,PENDING,PASS_ON_RECORDED_RUN,NO,,0,0,0,0,True,loaded,589.78
P2B-R30482255458-361,FAIL,BF-361,30482255458,ff6a8ab2180527e3dc62e2cf4890338eef18aa96,calculator-center,webkit,1024x768,dark,dark,reduced,anonymous static visual preview,local storage reset before context; route-specific browser-local only,valid calculation after route render,fixed-nav-overlap:22,,,,,test harness defect,"The harness counted any visible interactive rectangle intersecting the fixed bottom-navigation rectangle, including navigation descendants and content temporarily behind it after Playwright auto-scroll. It did not test whether final focusable content can scroll fully above the navigation.",scripts/prompt2b-final-review.mjs,MEDIUM,PENDING,PENDING,NO,,22,0,0,0,True,loaded,1641.76
P2B-R30482255458-362,PASS,,30482255458,ff6a8ab2180527e3dc62e2cf4890338eef18aa96,india-finance,webkit,1024x768,dark,dark,reduced,anonymous static visual preview,local storage reset before context; route-specific browser-local only,initial India finance truth/unavailable-rule state,,,,,,none,,,NONE,PENDING,PASS_ON_RECORDED_RUN,NO,,0,0,0,0,True,loaded,633.33
P2B-R30482255458-363,FAIL,BF-363,30482255458,ff6a8ab2180527e3dc62e2cf4890338eef18aa96,indicator-library,webkit,1024x768,dark,dark,reduced,anonymous static visual preview,local storage reset before context; route-specific browser-local only,valid indicator calculation after route render,fixed-nav-overlap:21,,,,,test harness defect,"The harness counted any visible interactive rectangle intersecting the fixed bottom-navigation rectangle, including navigation descendants and content temporarily behind it after Playwright auto-scroll. It did not test whether final focusable content can scroll fully above the navigation.",scripts/prompt2b-final-review.mjs,MEDIUM,PENDING,PENDING,NO,,21,0,0,0,True,loaded,1559.16
P2B-R30482255458-364,PASS,,30482255458,ff6a8ab2180527e3dc62e2cf4890338eef18aa96,formula-library,webkit,1024x768,dark,dark,reduced,anonymous static visual preview,local storage reset before context; route-specific browser-local only,initial formula catalogue state,,,,,,none,,,NONE,PENDING,PASS_ON_RECORDED_RUN,NO,,0,0,0,0,True,loaded,638.37
P2B-R30482255458-365,PASS,,30482255458,ff6a8ab2180527e3dc62e2cf4890338eef18aa96,saved-calculations,webkit,1024x768,dark,dark,reduced,anonymous static visual preview,local storage reset before context; route-specific browser-local only,initial/empty local-persistence state,,,,,,none,,,NONE,PENDING,PASS_ON_RECORDED_RUN,NO,,0,0,0,0,True,loaded,614.9
P2B-R30482255458-366,FAIL,BF-366,30482255458,ff6a8ab2180527e3dc62e2cf4890338eef18aa96,calculator-center,webkit,1024x768,light,dark,reduced,anonymous static visual preview,local storage reset before context; route-specific browser-local only,valid calculation after route render,fixed-nav-overlap:22,,,,,test harness defect,"The harness counted any visible interactive rectangle intersecting the fixed bottom-navigation rectangle, including navigation descendants and content temporarily behind it after Playwright auto-scroll. It did not test whether final focusable content can scroll fully above the navigation.",scripts/prompt2b-final-review.mjs,MEDIUM,PENDING,PENDING,NO,,22,0,0,0,True,loaded,1443.94
P2B-R30482255458-367,FAIL,BF-367,30482255458,ff6a8ab2180527e3dc62e2cf4890338eef18aa96,india-finance,webkit,1024x768,light,dark,reduced,anonymous static visual preview,local storage reset before context; route-specific browser-local only,initial India finance truth/unavailable-rule state,fixed-nav-overlap:5,,,,,test harness defect,"The harness counted any visible interactive rectangle intersecting the fixed bottom-navigation rectangle, including navigation descendants and content temporarily behind it after Playwright auto-scroll. It did not test whether final focusable content can scroll fully above the navigation.",scripts/prompt2b-final-review.mjs,MEDIUM,PENDING,PENDING,NO,,5,0,0,0,True,loaded,651.22
P2B-R30482255458-368,FAIL,BF-368,30482255458,ff6a8ab2180527e3dc62e2cf4890338eef18aa96,indicator-library,webkit,1024x768,light,dark,reduced,anonymous static visual preview,local storage reset before context; route-specific browser-local only,valid indicator calculation after route render,fixed-nav-overlap:21,,,,,test harness defect,"The harness counted any visible interactive rectangle intersecting the fixed bottom-navigation rectangle, including navigation descendants and content temporarily behind it after Playwright auto-scroll. It did not test whether final focusable content can scroll fully above the navigation.",scripts/prompt2b-final-review.mjs,MEDIUM,PENDING,PENDING,NO,,21,0,0,0,True,loaded,1457.35
P2B-R30482255458-369,FAIL,BF-369,30482255458,ff6a8ab2180527e3dc62e2cf4890338eef18aa96,formula-library,webkit,1024x768,light,dark,reduced,anonymous static visual preview,local storage reset before context; route-specific browser-local only,initial formula catalogue state,fixed-nav-overlap:5,,,,,test harness defect,"The harness counted any visible interactive rectangle intersecting the fixed bottom-navigation rectangle, including navigation descendants and content temporarily behind it after Playwright auto-scroll. It did not test whether final focusable content can scroll fully above the navigation.",scripts/prompt2b-final-review.mjs,MEDIUM,PENDING,PENDING,NO,,5,0,0,0,True,loaded,647.35
P2B-R30482255458-370,FAIL,BF-370,30482255458,ff6a8ab2180527e3dc62e2cf4890338eef18aa96,saved-calculations,webkit,1024x768,light,dark,reduced,anonymous static visual preview,local storage reset before context; route-specific browser-local only,initial/empty local-persistence state,fixed-nav-overlap:5,,,,,test harness defect,"The harness counted any visible interactive rectangle intersecting the fixed bottom-navigation rectangle, including navigation descendants and content temporarily behind it after Playwright auto-scroll. It did not test whether final focusable content can scroll fully above the navigation.",scripts/prompt2b-final-review.mjs,MEDIUM,PENDING,PENDING,NO,,5,0,0,0,True,loaded,625.37
P2B-R30482255458-371,FAIL,BF-371,30482255458,ff6a8ab2180527e3dc62e2cf4890338eef18aa96,calculator-center,webkit,1024x768,oled,dark,reduced,anonymous static visual preview,local storage reset before context; route-specific browser-local only,valid calculation after route render,fixed-nav-overlap:22,,,,,test harness defect,"The harness counted any visible interactive rectangle intersecting the fixed bottom-navigation rectangle, including navigation descendants and content temporarily behind it after Playwright auto-scroll. It did not test whether final focusable content can scroll fully above the navigation.",scripts/prompt2b-final-review.mjs,MEDIUM,PENDING,PENDING,NO,,22,0,0,0,True,loaded,1486.63
P2B-R30482255458-372,FAIL,BF-372,30482255458,ff6a8ab2180527e3dc62e2cf4890338eef18aa96,india-finance,webkit,1024x768,oled,dark,reduced,anonymous static visual preview,local storage reset before context; route-specific browser-local only,initial India finance truth/unavailable-rule state,fixed-nav-overlap:5,,,,,test harness defect,"The harness counted any visible interactive rectangle intersecting the fixed bottom-navigation rectangle, including navigation descendants and content temporarily behind it after Playwright auto-scroll. It did not test whether final focusable content can scroll fully above the navigation.",scripts/prompt2b-final-review.mjs,MEDIUM,PENDING,PENDING,NO,,5,0,0,0,True,loaded,648.85
P2B-R30482255458-373,FAIL,BF-373,30482255458,ff6a8ab2180527e3dc62e2cf4890338eef18aa96,indicator-library,webkit,1024x768,oled,dark,reduced,anonymous static visual preview,local storage reset before context; route-specific browser-local only,valid indicator calculation after route render,fixed-nav-overlap:21,,,,,test harness defect,"The harness counted any visible interactive rectangle intersecting the fixed bottom-navigation rectangle, including navigation descendants and content temporarily behind it after Playwright auto-scroll. It did not test whether final focusable content can scroll fully above the navigation.",scripts/prompt2b-final-review.mjs,MEDIUM,PENDING,PENDING,NO,,21,0,0,0,True,loaded,1443.42
P2B-R30482255458-374,FAIL,BF-374,30482255458,ff6a8ab2180527e3dc62e2cf4890338eef18aa96,formula-library,webkit,1024x768,oled,dark,reduced,anonymous static visual preview,local storage reset before context; route-specific browser-local only,initial formula catalogue state,fixed-nav-overlap:5,,,,,test harness defect,"The harness counted any visible interactive rectangle intersecting the fixed bottom-navigation rectangle, including navigation descendants and content temporarily behind it after Playwright auto-scroll. It did not test whether final focusable content can scroll fully above the navigation.",scripts/prompt2b-final-review.mjs,MEDIUM,PENDING,PENDING,NO,,5,0,0,0,True,loaded,689.04
P2B-R30482255458-375,PASS,,30482255458,ff6a8ab2180527e3dc62e2cf4890338eef18aa96,saved-calculations,webkit,1024x768,oled,dark,reduced,anonymous static visual preview,local storage reset before context; route-specific browser-local only,initial/empty local-persistence state,,,,,,none,,,NONE,PENDING,PASS_ON_RECORDED_RUN,NO,,0,0,0,0,True,loaded,619.65
P2B-R30482255458-376,FAIL,BF-376,30482255458,ff6a8ab2180527e3dc62e2cf4890338eef18aa96,calculator-center,webkit,1024x768,high-contrast,dark,reduced,anonymous static visual preview,local storage reset before context; route-specific browser-local only,valid calculation after route render,fixed-nav-overlap:22,,,,,test harness defect,"The harness counted any visible interactive rectangle intersecting the fixed bottom-navigation rectangle, including navigation descendants and content temporarily behind it after Playwright auto-scroll. It did not test whether final focusable content can scroll fully above the navigation.",scripts/prompt2b-final-review.mjs,MEDIUM,PENDING,PENDING,NO,,22,0,0,0,True,loaded,1450.39
P2B-R30482255458-377,FAIL,BF-377,30482255458,ff6a8ab2180527e3dc62e2cf4890338eef18aa96,india-finance,webkit,1024x768,high-contrast,dark,reduced,anonymous static visual preview,local storage reset before context; route-specific browser-local only,initial India finance truth/unavailable-rule state,fixed-nav-overlap:5,,,,,test harness defect,"The harness counted any visible interactive rectangle intersecting the fixed bottom-navigation rectangle, including navigation descendants and content temporarily behind it after Playwright auto-scroll. It did not test whether final focusable content can scroll fully above the navigation.",scripts/prompt2b-final-review.mjs,MEDIUM,PENDING,PENDING,NO,,5,0,0,0,True,loaded,655.95
P2B-R30482255458-378,FAIL,BF-378,30482255458,ff6a8ab2180527e3dc62e2cf4890338eef18aa96,indicator-library,webkit,1024x768,high-contrast,dark,reduced,anonymous static visual preview,local storage reset before context; route-specific browser-local only,valid indicator calculation after route render,fixed-nav-overlap:21,,,,,test harness defect,"The harness counted any visible interactive rectangle intersecting the fixed bottom-navigation rectangle, including navigation descendants and content temporarily behind it after Playwright auto-scroll. It did not test whether final focusable content can scroll fully above the navigation.",scripts/prompt2b-final-review.mjs,MEDIUM,PENDING,PENDING,NO,,21,0,0,0,True,loaded,1415.56
P2B-R30482255458-379,FAIL,BF-379,30482255458,ff6a8ab2180527e3dc62e2cf4890338eef18aa96,formula-library,webkit,1024x768,high-contrast,dark,reduced,anonymous static visual preview,local storage reset before context; route-specific browser-local only,initial formula catalogue state,fixed-nav-overlap:5,,,,,test harness defect,"The harness counted any visible interactive rectangle intersecting the fixed bottom-navigation rectangle, including navigation descendants and content temporarily behind it after Playwright auto-scroll. It did not test whether final focusable content can scroll fully above the navigation.",scripts/prompt2b-final-review.mjs,MEDIUM,PENDING,PENDING,NO,,5,0,0,0,True,loaded,659.12
P2B-R30482255458-380,FAIL,BF-380,30482255458,ff6a8ab2180527e3dc62e2cf4890338eef18aa96,saved-calculations,webkit,1024x768,high-contrast,dark,reduced,anonymous static visual preview,local storage reset before context; route-specific browser-local only,initial/empty local-persistence state,fixed-nav-overlap:5,,,,,test harness defect,"The harness counted any visible interactive rectangle intersecting the fixed bottom-navigation rectangle, including navigation descendants and content temporarily behind it after Playwright auto-scroll. It did not test whether final focusable content can scroll fully above the navigation.",scripts/prompt2b-final-review.mjs,MEDIUM,PENDING,PENDING,NO,,5,0,0,0,True,loaded,635.24
P2B-R30482255458-381,FAIL,BF-381,30482255458,ff6a8ab2180527e3dc62e2cf4890338eef18aa96,calculator-center,webkit,1440x1000,dark,dark,reduced,anonymous static visual preview,local storage reset before context; route-specific browser-local only,valid calculation after route render,fixed-nav-overlap:39,,,,,test harness defect,"The harness counted any visible interactive rectangle intersecting the fixed bottom-navigation rectangle, including navigation descendants and content temporarily behind it after Playwright auto-scroll. It did not test whether final focusable content can scroll fully above the navigation.",scripts/prompt2b-final-review.mjs,MEDIUM,PENDING,PENDING,NO,,39,0,0,0,True,loaded,3014.34
P2B-R30482255458-382,PASS,,30482255458,ff6a8ab2180527e3dc62e2cf4890338eef18aa96,india-finance,webkit,1440x1000,dark,dark,reduced,anonymous static visual preview,local storage reset before context; route-specific browser-local only,initial India finance truth/unavailable-rule state,,,,,,none,,,NONE,PENDING,PASS_ON_RECORDED_RUN,NO,,0,0,0,0,True,loaded,783.32
P2B-R30482255458-383,FAIL,BF-383,30482255458,ff6a8ab2180527e3dc62e2cf4890338eef18aa96,indicator-library,webkit,1440x1000,dark,dark,reduced,anonymous static visual preview,local storage reset before context; route-specific browser-local only,valid indicator calculation after route render,fixed-nav-overlap:32,,,,,test harness defect,"The harness counted any visible interactive rectangle intersecting the fixed bottom-navigation rectangle, including navigation descendants and content temporarily behind it after Playwright auto-scroll. It did not test whether final focusable content can scroll fully above the navigation.",scripts/prompt2b-final-review.mjs,MEDIUM,PENDING,PENDING,NO,,32,0,0,0,True,loaded,2012.49
P2B-R30482255458-384,FAIL,BF-384,30482255458,ff6a8ab2180527e3dc62e2cf4890338eef18aa96,formula-library,webkit,1440x1000,dark,dark,reduced,anonymous static visual preview,local storage reset before context; route-specific browser-local only,initial formula catalogue state,fixed-nav-overlap:5,,,,,test harness defect,"The harness counted any visible interactive rectangle intersecting the fixed bottom-navigation rectangle, including navigation descendants and content temporarily behind it after Playwright auto-scroll. It did not test whether final focusable content can scroll fully above the navigation.",scripts/prompt2b-final-review.mjs,MEDIUM,PENDING,PENDING,NO,,5,0,0,0,True,loaded,829.86
P2B-R30482255458-385,PASS,,30482255458,ff6a8ab2180527e3dc62e2cf4890338eef18aa96,saved-calculations,webkit,1440x1000,dark,dark,reduced,anonymous static visual preview,local storage reset before context; route-specific browser-local only,initial/empty local-persistence state,,,,,,none,,,NONE,PENDING,PASS_ON_RECORDED_RUN,NO,,0,0,0,0,True,loaded,746.54
P2B-R30482255458-386,FAIL,BF-386,30482255458,ff6a8ab2180527e3dc62e2cf4890338eef18aa96,calculator-center,webkit,1440x1000,light,dark,reduced,anonymous static visual preview,local storage reset before context; route-specific browser-local only,valid calculation after route render,fixed-nav-overlap:39,,,,,test harness defect,"The harness counted any visible interactive rectangle intersecting the fixed bottom-navigation rectangle, including navigation descendants and content temporarily behind it after Playwright auto-scroll. It did not test whether final focusable content can scroll fully above the navigation.",scripts/prompt2b-final-review.mjs,MEDIUM,PENDING,PENDING,NO,,39,0,0,0,True,loaded,1992.57
P2B-R30482255458-387,PASS,,30482255458,ff6a8ab2180527e3dc62e2cf4890338eef18aa96,india-finance,webkit,1440x1000,light,dark,reduced,anonymous static visual preview,local storage reset before context; route-specific browser-local only,initial India finance truth/unavailable-rule state,,,,,,none,,,NONE,PENDING,PASS_ON_RECORDED_RUN,NO,,0,0,0,0,True,loaded,811.28
P2B-R30482255458-388,FAIL,BF-388,30482255458,ff6a8ab2180527e3dc62e2cf4890338eef18aa96,indicator-library,webkit,1440x1000,light,dark,reduced,anonymous static visual preview,local storage reset before context; route-specific browser-local only,valid indicator calculation after route render,fixed-nav-overlap:32,,,,,test harness defect,"The harness counted any visible interactive rectangle intersecting the fixed bottom-navigation rectangle, including navigation descendants and content temporarily behind it after Playwright auto-scroll. It did not test whether final focusable content can scroll fully above the navigation.",scripts/prompt2b-final-review.mjs,MEDIUM,PENDING,PENDING,NO,,32,0,0,0,True,loaded,1968.95
P2B-R30482255458-389,PASS,,30482255458,ff6a8ab2180527e3dc62e2cf4890338eef18aa96,formula-library,webkit,1440x1000,light,dark,reduced,anonymous static visual preview,local storage reset before context; route-specific browser-local only,initial formula catalogue state,,,,,,none,,,NONE,PENDING,PASS_ON_RECORDED_RUN,NO,,0,0,0,0,True,loaded,830.33
P2B-R30482255458-390,PASS,,30482255458,ff6a8ab2180527e3dc62e2cf4890338eef18aa96,saved-calculations,webkit,1440x1000,light,dark,reduced,anonymous static visual preview,local storage reset before context; route-specific browser-local only,initial/empty local-persistence state,,,,,,none,,,NONE,PENDING,PASS_ON_RECORDED_RUN,NO,,0,0,0,0,True,loaded,729.6
P2B-R30482255458-391,FAIL,BF-391,30482255458,ff6a8ab2180527e3dc62e2cf4890338eef18aa96,calculator-center,webkit,1440x1000,oled,dark,reduced,anonymous static visual preview,local storage reset before context; route-specific browser-local only,valid calculation after route render,fixed-nav-overlap:39,,,,,test harness defect,"The harness counted any visible interactive rectangle intersecting the fixed bottom-navigation rectangle, including navigation descendants and content temporarily behind it after Playwright auto-scroll. It did not test whether final focusable content can scroll fully above the navigation.",scripts/prompt2b-final-review.mjs,MEDIUM,PENDING,PENDING,NO,,39,0,0,0,True,loaded,1992.77
P2B-R30482255458-392,PASS,,30482255458,ff6a8ab2180527e3dc62e2cf4890338eef18aa96,india-finance,webkit,1440x1000,oled,dark,reduced,anonymous static visual preview,local storage reset before context; route-specific browser-local only,initial India finance truth/unavailable-rule state,,,,,,none,,,NONE,PENDING,PASS_ON_RECORDED_RUN,NO,,0,0,0,0,True,loaded,766.79
P2B-R30482255458-393,FAIL,BF-393,30482255458,ff6a8ab2180527e3dc62e2cf4890338eef18aa96,indicator-library,webkit,1440x1000,oled,dark,reduced,anonymous static visual preview,local storage reset before context; route-specific browser-local only,valid indicator calculation after route render,fixed-nav-overlap:32,,,,,test harness defect,"The harness counted any visible interactive rectangle intersecting the fixed bottom-navigation rectangle, including navigation descendants and content temporarily behind it after Playwright auto-scroll. It did not test whether final focusable content can scroll fully above the navigation.",scripts/prompt2b-final-review.mjs,MEDIUM,PENDING,PENDING,NO,,32,0,0,0,True,loaded,1907.62
P2B-R30482255458-394,PASS,,30482255458,ff6a8ab2180527e3dc62e2cf4890338eef18aa96,formula-library,webkit,1440x1000,oled,dark,reduced,anonymous static visual preview,local storage reset before context; route-specific browser-local only,initial formula catalogue state,,,,,,none,,,NONE,PENDING,PASS_ON_RECORDED_RUN,NO,,0,0,0,0,True,loaded,838
P2B-R30482255458-395,FAIL,BF-395,30482255458,ff6a8ab2180527e3dc62e2cf4890338eef18aa96,saved-calculations,webkit,1440x1000,oled,dark,reduced,anonymous static visual preview,local storage reset before context; route-specific browser-local only,initial/empty local-persistence state,fixed-nav-overlap:5,,,,,test harness defect,"The harness counted any visible interactive rectangle intersecting the fixed bottom-navigation rectangle, including navigation descendants and content temporarily behind it after Playwright auto-scroll. It did not test whether final focusable content can scroll fully above the navigation.",scripts/prompt2b-final-review.mjs,MEDIUM,PENDING,PENDING,NO,,5,0,0,0,True,loaded,752.42
P2B-R30482255458-396,FAIL,BF-396,30482255458,ff6a8ab2180527e3dc62e2cf4890338eef18aa96,calculator-center,webkit,1440x1000,high-contrast,dark,reduced,anonymous static visual preview,local storage reset before context; route-specific browser-local only,valid calculation after route render,fixed-nav-overlap:39,,,,,test harness defect,"The harness counted any visible interactive rectangle intersecting the fixed bottom-navigation rectangle, including navigation descendants and content temporarily behind it after Playwright auto-scroll. It did not test whether final focusable content can scroll fully above the navigation.",scripts/prompt2b-final-review.mjs,MEDIUM,PENDING,PENDING,NO,,39,0,0,0,True,loaded,1987.82
P2B-R30482255458-397,PASS,,30482255458,ff6a8ab2180527e3dc62e2cf4890338eef18aa96,india-finance,webkit,1440x1000,high-contrast,dark,reduced,anonymous static visual preview,local storage reset before context; route-specific browser-local only,initial India finance truth/unavailable-rule state,,,,,,none,,,NONE,PENDING,PASS_ON_RECORDED_RUN,NO,,0,0,0,0,True,loaded,782.88
P2B-R30482255458-398,FAIL,BF-398,30482255458,ff6a8ab2180527e3dc62e2cf4890338eef18aa96,indicator-library,webkit,1440x1000,high-contrast,dark,reduced,anonymous static visual preview,local storage reset before context; route-specific browser-local only,valid indicator calculation after route render,fixed-nav-overlap:32,,,,,test harness defect,"The harness counted any visible interactive rectangle intersecting the fixed bottom-navigation rectangle, including navigation descendants and content temporarily behind it after Playwright auto-scroll. It did not test whether final focusable content can scroll fully above the navigation.",scripts/prompt2b-final-review.mjs,MEDIUM,PENDING,PENDING,NO,,32,0,0,0,True,loaded,1926.76
P2B-R30482255458-399,PASS,,30482255458,ff6a8ab2180527e3dc62e2cf4890338eef18aa96,formula-library,webkit,1440x1000,high-contrast,dark,reduced,anonymous static visual preview,local storage reset before context; route-specific browser-local only,initial formula catalogue state,,,,,,none,,,NONE,PENDING,PASS_ON_RECORDED_RUN,NO,,0,0,0,0,True,loaded,804.53
P2B-R30482255458-400,PASS,,30482255458,ff6a8ab2180527e3dc62e2cf4890338eef18aa96,saved-calculations,webkit,1440x1000,high-contrast,dark,reduced,anonymous static visual preview,local storage reset before context; route-specific browser-local only,initial/empty local-persistence state,,,,,,none,,,NONE,PENDING,PASS_ON_RECORDED_RUN,NO,,0,0,0,0,True,loaded,736.54
P2B-R30482255458-401,FAIL,BF-401,30482255458,ff6a8ab2180527e3dc62e2cf4890338eef18aa96,calculator-center,webkit,1920x1080,dark,dark,reduced,anonymous static visual preview,local storage reset before context; route-specific browser-local only,valid calculation after route render,fixed-nav-overlap:40,,,,,test harness defect,"The harness counted any visible interactive rectangle intersecting the fixed bottom-navigation rectangle, including navigation descendants and content temporarily behind it after Playwright auto-scroll. It did not test whether final focusable content can scroll fully above the navigation.",scripts/prompt2b-final-review.mjs,MEDIUM,PENDING,PENDING,NO,,40,0,0,0,True,loaded,1954.87
P2B-R30482255458-402,PASS,,30482255458,ff6a8ab2180527e3dc62e2cf4890338eef18aa96,india-finance,webkit,1920x1080,dark,dark,reduced,anonymous static visual preview,local storage reset before context; route-specific browser-local only,initial India finance truth/unavailable-rule state,,,,,,none,,,NONE,PENDING,PASS_ON_RECORDED_RUN,NO,,0,0,0,0,True,loaded,801.25
P2B-R30482255458-403,FAIL,BF-403,30482255458,ff6a8ab2180527e3dc62e2cf4890338eef18aa96,indicator-library,webkit,1920x1080,dark,dark,reduced,anonymous static visual preview,local storage reset before context; route-specific browser-local only,valid indicator calculation after route render,fixed-nav-overlap:35,,,,,test harness defect,"The harness counted any visible interactive rectangle intersecting the fixed bottom-navigation rectangle, including navigation descendants and content temporarily behind it after Playwright auto-scroll. It did not test whether final focusable content can scroll fully above the navigation.",scripts/prompt2b-final-review.mjs,MEDIUM,PENDING,PENDING,NO,,35,0,0,0,True,loaded,1866.38
P2B-R30482255458-404,PASS,,30482255458,ff6a8ab2180527e3dc62e2cf4890338eef18aa96,formula-library,webkit,1920x1080,dark,dark,reduced,anonymous static visual preview,local storage reset before context; route-specific browser-local only,initial formula catalogue state,,,,,,none,,,NONE,PENDING,PASS_ON_RECORDED_RUN,NO,,0,0,0,0,True,loaded,841.45
P2B-R30482255458-405,PASS,,30482255458,ff6a8ab2180527e3dc62e2cf4890338eef18aa96,saved-calculations,webkit,1920x1080,dark,dark,reduced,anonymous static visual preview,local storage reset before context; route-specific browser-local only,initial/empty local-persistence state,,,,,,none,,,NONE,PENDING,PASS_ON_RECORDED_RUN,NO,,0,0,0,0,True,loaded,793.18
P2B-R30482255458-406,FAIL,BF-406,30482255458,ff6a8ab2180527e3dc62e2cf4890338eef18aa96,calculator-center,webkit,1920x1080,light,dark,reduced,anonymous static visual preview,local storage reset before context; route-specific browser-local only,valid calculation after route render,fixed-nav-overlap:40,,,,,test harness defect,"The harness counted any visible interactive rectangle intersecting the fixed bottom-navigation rectangle, including navigation descendants and content temporarily behind it after Playwright auto-scroll. It did not test whether final focusable content can scroll fully above the navigation.",scripts/prompt2b-final-review.mjs,MEDIUM,PENDING,PENDING,NO,,40,0,0,0,True,loaded,2015.8
P2B-R30482255458-407,PASS,,30482255458,ff6a8ab2180527e3dc62e2cf4890338eef18aa96,india-finance,webkit,1920x1080,light,dark,reduced,anonymous static visual preview,local storage reset before context; route-specific browser-local only,initial India finance truth/unavailable-rule state,,,,,,none,,,NONE,PENDING,PASS_ON_RECORDED_RUN,NO,,0,0,0,0,True,loaded,838.91
P2B-R30482255458-408,FAIL,BF-408,30482255458,ff6a8ab2180527e3dc62e2cf4890338eef18aa96,indicator-library,webkit,1920x1080,light,dark,reduced,anonymous static visual preview,local storage reset before context; route-specific browser-local only,valid indicator calculation after route render,fixed-nav-overlap:35,,,,,test harness defect,"The harness counted any visible interactive rectangle intersecting the fixed bottom-navigation rectangle, including navigation descendants and content temporarily behind it after Playwright auto-scroll. It did not test whether final focusable content can scroll fully above the navigation.",scripts/prompt2b-final-review.mjs,MEDIUM,PENDING,PENDING,NO,,35,0,0,0,True,loaded,1879.96
P2B-R30482255458-409,PASS,,30482255458,ff6a8ab2180527e3dc62e2cf4890338eef18aa96,formula-library,webkit,1920x1080,light,dark,reduced,anonymous static visual preview,local storage reset before context; route-specific browser-local only,initial formula catalogue state,,,,,,none,,,NONE,PENDING,PASS_ON_RECORDED_RUN,NO,,0,0,0,0,True,loaded,823.51
P2B-R30482255458-410,PASS,,30482255458,ff6a8ab2180527e3dc62e2cf4890338eef18aa96,saved-calculations,webkit,1920x1080,light,dark,reduced,anonymous static visual preview,local storage reset before context; route-specific browser-local only,initial/empty local-persistence state,,,,,,none,,,NONE,PENDING,PASS_ON_RECORDED_RUN,NO,,0,0,0,0,True,loaded,798.14
P2B-R30482255458-411,FAIL,BF-411,30482255458,ff6a8ab2180527e3dc62e2cf4890338eef18aa96,calculator-center,webkit,1920x1080,oled,dark,reduced,anonymous static visual preview,local storage reset before context; route-specific browser-local only,valid calculation after route render,fixed-nav-overlap:40,,,,,test harness defect,"The harness counted any visible interactive rectangle intersecting the fixed bottom-navigation rectangle, including navigation descendants and content temporarily behind it after Playwright auto-scroll. It did not test whether final focusable content can scroll fully above the navigation.",scripts/prompt2b-final-review.mjs,MEDIUM,PENDING,PENDING,NO,,40,0,0,0,True,loaded,1968.1
P2B-R30482255458-412,PASS,,30482255458,ff6a8ab2180527e3dc62e2cf4890338eef18aa96,india-finance,webkit,1920x1080,oled,dark,reduced,anonymous static visual preview,local storage reset before context; route-specific browser-local only,initial India finance truth/unavailable-rule state,,,,,,none,,,NONE,PENDING,PASS_ON_RECORDED_RUN,NO,,0,0,0,0,True,loaded,819.45
P2B-R30482255458-413,FAIL,BF-413,30482255458,ff6a8ab2180527e3dc62e2cf4890338eef18aa96,indicator-library,webkit,1920x1080,oled,dark,reduced,anonymous static visual preview,local storage reset before context; route-specific browser-local only,valid indicator calculation after route render,fixed-nav-overlap:35,,,,,test harness defect,"The harness counted any visible interactive rectangle intersecting the fixed bottom-navigation rectangle, including navigation descendants and content temporarily behind it after Playwright auto-scroll. It did not test whether final focusable content can scroll fully above the navigation.",scripts/prompt2b-final-review.mjs,MEDIUM,PENDING,PENDING,NO,,35,0,0,0,True,loaded,2119.94
P2B-R30482255458-414,PASS,,30482255458,ff6a8ab2180527e3dc62e2cf4890338eef18aa96,formula-library,webkit,1920x1080,oled,dark,reduced,anonymous static visual preview,local storage reset before context; route-specific browser-local only,initial formula catalogue state,,,,,,none,,,NONE,PENDING,PASS_ON_RECORDED_RUN,NO,,0,0,0,0,True,loaded,854.5
P2B-R30482255458-415,PASS,,30482255458,ff6a8ab2180527e3dc62e2cf4890338eef18aa96,saved-calculations,webkit,1920x1080,oled,dark,reduced,anonymous static visual preview,local storage reset before context; route-specific browser-local only,initial/empty local-persistence state,,,,,,none,,,NONE,PENDING,PASS_ON_RECORDED_RUN,NO,,0,0,0,0,True,loaded,803.14
P2B-R30482255458-416,FAIL,BF-416,30482255458,ff6a8ab2180527e3dc62e2cf4890338eef18aa96,calculator-center,webkit,1920x1080,high-contrast,dark,reduced,anonymous static visual preview,local storage reset before context; route-specific browser-local only,valid calculation after route render,fixed-nav-overlap:40,,,,,test harness defect,"The harness counted any visible interactive rectangle intersecting the fixed bottom-navigation rectangle, including navigation descendants and content temporarily behind it after Playwright auto-scroll. It did not test whether final focusable content can scroll fully above the navigation.",scripts/prompt2b-final-review.mjs,MEDIUM,PENDING,PENDING,NO,,40,0,0,0,True,loaded,1945.8
P2B-R30482255458-417,PASS,,30482255458,ff6a8ab2180527e3dc62e2cf4890338eef18aa96,india-finance,webkit,1920x1080,high-contrast,dark,reduced,anonymous static visual preview,local storage reset before context; route-specific browser-local only,initial India finance truth/unavailable-rule state,,,,,,none,,,NONE,PENDING,PASS_ON_RECORDED_RUN,NO,,0,0,0,0,True,loaded,832.35
P2B-R30482255458-418,FAIL,BF-418,30482255458,ff6a8ab2180527e3dc62e2cf4890338eef18aa96,indicator-library,webkit,1920x1080,high-contrast,dark,reduced,anonymous static visual preview,local storage reset before context; route-specific browser-local only,valid indicator calculation after route render,fixed-nav-overlap:35,,,,,test harness defect,"The harness counted any visible interactive rectangle intersecting the fixed bottom-navigation rectangle, including navigation descendants and content temporarily behind it after Playwright auto-scroll. It did not test whether final focusable content can scroll fully above the navigation.",scripts/prompt2b-final-review.mjs,MEDIUM,PENDING,PENDING,NO,,35,0,0,0,True,loaded,1932.51
P2B-R30482255458-419,PASS,,30482255458,ff6a8ab2180527e3dc62e2cf4890338eef18aa96,formula-library,webkit,1920x1080,high-contrast,dark,reduced,anonymous static visual preview,local storage reset before context; route-specific browser-local only,initial formula catalogue state,,,,,,none,,,NONE,PENDING,PASS_ON_RECORDED_RUN,NO,,0,0,0,0,True,loaded,830.87
P2B-R30482255458-420,FAIL,BF-420,30482255458,ff6a8ab2180527e3dc62e2cf4890338eef18aa96,saved-calculations,webkit,1920x1080,high-contrast,dark,reduced,anonymous static visual preview,local storage reset before context; route-specific browser-local only,initial/empty local-persistence state,fixed-nav-overlap:5,,,,,test harness defect,"The harness counted any visible interactive rectangle intersecting the fixed bottom-navigation rectangle, including navigation descendants and content temporarily behind it after Playwright auto-scroll. It did not test whether final focusable content can scroll fully above the navigation.",scripts/prompt2b-final-review.mjs,MEDIUM,PENDING,PENDING,NO,,5,0,0,0,True,loaded,808.24
